사고번호,사고일시,요일,시군구,사고내용,사망자수,중상자수,경상자수,부상신고자수,사고유형,법규위반,노면상태,기상상태,도로형태,가해운전자 차종,가해운전자 성별,가해운전자 연령,가해운전자 상해정도,피해운전자 차종,피해운전자 성별,피해운전자 연령,피해운전자 상해정도
2023010600100192,2023년 1월 6일 11시,금요일,대구광역시 달서구 본리동,중상사고,0,1,0,0,차대차 - 측면충돌,안전운전불이행,건조,맑음,단일로 - 기타,승용,여,62세,상해없음,자전거,남,69세,중상
2023010600100193,2023년 1월 6일 11시,금요일,대구광역시 달서구 송현동,경상사고,0,0,1,0,차대차 - 측면충돌,교차로운행방법위반,건조,맑음,교차로 - 교차로안,승용,남,44세,상해없음,이륜,남,38세,경상
2023010600100194,2023년 1월 6일 11시,금요일,대구광역시 달성군 구지면,경상사고,0,0,1,0,차대차 - 측면충돌,안전운전불이행,건조,맑음,기타 - 기타,화물,남,59세,상해없음,승용,남,49세,경상
2023010600100195,2023년 1월 6일 11시,금요일,대구광역시 달성군 현풍읍,경상사고,0,0,1,0,차대차 - 후진중충돌,안전운전불이행,건조,맑음,단일로 - 기타,승용,남,54세,상해없음,승용,여,31세,상해없음
2023010600100248,2023년 1월 6일 13시,금요일,대구광역시 남구 봉덕동,경상사고,0,0,1,0,차대차 - 기타,안전운전불이행,건조,맑음,단일로 - 기타,화물,남,56세,상해없음,승용,남,30세,경상
2023010600100281,2023년 1월 6일 14시,금요일,대구광역시 남구 봉덕동,중상사고,0,1,0,0,차대사람 - 기타,안전운전불이행,건조,맑음,교차로 - 교차로부근,화물,남,69세,상해없음,보행자,여,76세,중상
2023010600100282,2023년 1월 6일 14시,금요일,대구광역시 달서구 진천동,중상사고,0,1,2,0,차대차 - 측면충돌,안전거리미확보,건조,맑음,단일로 - 기타,승용,여,48세,경상,승용,남,35세,경상
2023010600100315,2023년 1월 6일 15시,금요일,대구광역시 북구 구암동,경상사고,0,0,2,0,차대차 - 측면충돌,안전거리미확보,건조,맑음,교차로 - 교차로안,승용,남,60세,상해없음,승용,여,62세,경상
2023010600100395,2023년 1월 6일 17시,금요일,대구광역시 수성구 황금동,경상사고,0,0,1,0,차대사람 - 기타,안전운전불이행,건조,맑음,단일로 - 기타,승용,여,30세,상해없음,보행자,여,41세,경상
2023010600100396,2023년 1월 6일 17시,금요일,대구광역시 달성군 하빈면,경상사고,0,0,2,0,차대차 - 측면충돌,안전운전불이행,건조,맑음,교차로 - 교차로안,화물,남,47세,상해없음,승용,남,56세,경상
2023010600100397,2023년 1월 6일 17시,금요일,대구광역시 중구 동산동,중상사고,0,1,2,0,차대차 - 기타,기타,건조,맑음,교차로 - 교차로안,승용,남,63세,기타불명,승용,남,36세,중상
2023010600100450,2023년 1월 6일 18시,금요일,대구광역시 달성군 현풍읍,중상사고,0,1,0,0,차대사람 - 횡단중,보행자보호의무위반,건조,맑음,교차로 - 교차로안,승용,여,75세,상해없음,보행자,여,31세,중상
2023010600100451,2023년 1월 6일 18시,금요일,대구광역시 달서구 신당동,중상사고,0,1,0,0,차대사람 - 기타,안전운전불이행,건조,맑음,단일로 - 기타,승용,남,60세,상해없음,보행자,남,69세,중상
2023010600100492,2023년 1월 6일 19시,금요일,대구광역시 동구 율암동,경상사고,0,0,1,0,차대차 - 측면충돌,안전운전불이행,건조,맑음,기타 - 기타,승용,남,53세,상해없음,승용,남,22세,경상
2023010600100493,2023년 1월 6일 19시,금요일,대구광역시 동구 신암동,경상사고,0,0,1,0,차대차 - 정면충돌,기타,건조,맑음,교차로 - 교차로안,이륜,남,37세,경상,승용,남,31세,상해없음
2023010600100494,2023년 1월 6일 19시,금요일,대구광역시 수성구 범어동,경상사고,0,0,2,0,차대차 - 측면충돌,안전거리미확보,건조,맑음,단일로 - 기타,승용,여,62세,상해없음,승용,남,63세,경상
2023010600100495,2023년 1월 6일 19시,금요일,대구광역시 수성구 지산동,중상사고,0,2,0,0,차대차 - 기타,신호위반,건조,맑음,교차로 - 교차로안,이륜,남,51세,중상,이륜,남,46세,중상
2023010600100496,2023년 1월 6일 19시,금요일,대구광역시 수성구 만촌동,경상사고,0,0,1,0,차대차 - 측면충돌,안전거리미확보,건조,맑음,단일로 - 기타,승용,남,60세,상해없음,승용,여,58세,경상
2023010600100548,2023년 1월 6일 21시,금요일,대구광역시 수성구 범어동,경상사고,0,0,1,0,차대차 - 기타,안전운전불이행,건조,맑음,단일로 - 기타,승용,남,39세,경상,승합,남,63세,상해없음
2023010600100602,2023년 1월 6일 23시,금요일,대구광역시 수성구 범어동,경상사고,0,0,1,0,차대차 - 기타,안전운전불이행,건조,맑음,단일로 - 기타,화물,남,41세,상해없음,승용,남,41세,경상
2023010600100603,2023년 1월 6일 23시,금요일,대구광역시 달서구 월성동,경상사고,0,0,1,0,차대차 - 측면충돌,안전운전불이행,건조,맑음,교차로 - 교차로부근,승용,남,27세,상해없음,자전거,여,34세,경상
2023010700100016,2023년 1월 7일 00시,토요일,대구광역시 동구 효목동,경상사고,0,0,6,0,차대차 - 추돌,중앙선침범,젖음/습기,흐림,교차로 - 교차로부근,화물,남,25세,상해없음,승용,남,30세,경상
2023010700100049,2023년 1월 7일 02시,토요일,대구광역시 북구 고성동3가,경상사고,0,0,1,0,차대사람 - 기타,안전운전불이행,젖음/습기,비,단일로 - 기타,기타불명,기타불명,미분류,기타불명,보행자,여,29세,경상
2023010700100071,2023년 1월 7일 05시,토요일,대구광역시 중구 남산동,경상사고,0,0,3,0,차대차 - 측면충돌,신호위반,건조,맑음,교차로 - 교차로안,승용,여,49세,상해없음,승용,남,25세,경상
2023010700100130,2023년 1월 7일 09시,토요일,대구광역시 북구 태전동,경상사고,0,0,1,0,차대차 - 추돌,안전운전불이행,젖음/습기,흐림,교차로 - 교차로부근,승용,남,60세,상해없음,승용,남,31세,경상
2023010700100143,2023년 1월 7일 10시,토요일,대구광역시 달서구 도원동,부상신고사고,0,0,0,1,차대차 - 측면충돌,안전운전불이행,건조,맑음,단일로 - 기타,승용,여,47세,상해없음,승용,여,48세,부상신고
2023010700100144,2023년 1월 7일 10시,토요일,대구광역시 서구 원대동1가,중상사고,0,1,2,0,차대차 - 측면충돌,신호위반,건조,맑음,교차로 - 교차로안,승용,남,62세,경상,화물,남,47세,중상
2023010700100145,2023년 1월 7일 10시,토요일,대구광역시 달서구 신당동,경상사고,0,0,1,0,차대사람 - 횡단중,보행자보호의무위반,건조,맑음,교차로 - 교차로안,승용,여,56세,상해없음,보행자,여,27세,경상
2023010700100165,2023년 1월 7일 11시,토요일,대구광역시 수성구 시지동,경상사고,0,0,2,0,차대차 - 기타,안전거리미확보,건조,맑음,단일로 - 기타,승용,여,31세,상해없음,승용,여,54세,경상
2023010700100192,2023년 1월 7일 12시,토요일,대구광역시 북구 산격동,경상사고,0,0,1,0,차대차 - 추돌,안전거리미확보,건조,맑음,교차로 - 교차로횡단보도내,화물,남,48세,상해없음,승용,여,65세,경상
2023010700100193,2023년 1월 7일 12시,토요일,대구광역시 서구 중리동,중상사고,0,1,0,0,차대차 - 측면충돌,안전운전불이행,건조,맑음,교차로 - 교차로안,화물,남,49세,상해없음,자전거,남,80세,중상
2023010700100194,2023년 1월 7일 12시,토요일,대구광역시 서구 비산동,경상사고,0,0,1,0,차대차 - 측면충돌,직진우회전진행방해,건조,맑음,교차로 - 교차로안,승용,여,51세,상해없음,이륜,남,31세,경상
2023010700100214,2023년 1월 7일 13시,토요일,대구광역시 달성군 유가읍,경상사고,0,0,1,0,차대차 - 측면충돌,안전운전불이행,건조,맑음,교차로 - 교차로횡단보도내,승용,남,55세,상해없음,이륜,남,39세,경상
2023010700100234,2023년 1월 7일 14시,토요일,대구광역시 달서구 월성동,경상사고,0,0,1,0,차대차 - 측면충돌,안전운전불이행,건조,맑음,단일로 - 기타,이륜,남,59세,상해없음,이륜,남,42세,경상
2023010700100235,2023년 1월 7일 14시,토요일,대구광역시 달서구 용산동,경상사고,0,0,3,0,차대차 - 측면충돌,안전거리미확보,건조,맑음,단일로 - 기타,승합,남,75세,상해없음,승용,여,32세,경상
2023010700100254,2023년 1월 7일 15시,토요일,대구광역시 동구 효목동,경상사고,0,0,1,0,차대차 - 기타,안전운전불이행,건조,맑음,교차로 - 교차로부근,이륜,남,47세,경상,승용,여,43세,상해없음
2023010700100255,2023년 1월 7일 15시,토요일,대구광역시 달서구 진천동,중상사고,0,1,0,0,차대차 - 측면충돌,차로위반,건조,맑음,단일로 - 기타,승용,여,28세,상해없음,승용,남,65세,중상
2023010700100256,2023년 1월 7일 15시,토요일,대구광역시 북구 칠성동2가,경상사고,0,0,1,0,차대차 - 측면충돌,교차로운행방법위반,건조,맑음,교차로 - 교차로횡단보도내,승용,여,37세,상해없음,자전거,남,22세,경상
2023010700100270,2023년 1월 7일 16시,토요일,대구광역시 북구 태전동,중상사고,0,1,0,0,차대사람 - 기타,안전운전불이행,건조,맑음,단일로 - 기타,승용,남,51세,상해없음,보행자,여,49세,중상
2023010700100314,2023년 1월 7일 18시,토요일,대구광역시 수성구 매호동,부상신고사고,0,0,0,1,차대차 - 기타,안전운전불이행,건조,맑음,단일로 - 기타,승용,남,42세,상해없음,이륜,남,51세,부상신고
2023010700100315,2023년 1월 7일 18시,토요일,대구광역시 북구 복현동,중상사고,0,1,0,0,차대차 - 정면충돌,신호위반,건조,맑음,교차로 - 교차로부근,이륜,남,37세,상해없음,이륜,남,46세,중상
2023010700100352,2023년 1월 7일 19시,토요일,대구광역시 수성구 황금동,경상사고,0,0,1,0,차대차 - 측면충돌,차로위반,건조,맑음,교차로 - 교차로부근,승용,여,41세,상해없음,승용,남,63세,경상
2023010700100373,2023년 1월 7일 20시,토요일,대구광역시 서구 내당동,중상사고,0,1,0,0,차대차 - 기타,안전운전불이행,건조,맑음,교차로 - 교차로부근,승합,남,67세,상해없음,이륜,남,38세,중상
2023010800100011,2023년 1월 8일 00시,일요일,대구광역시 남구 대명동,중상사고,0,1,0,0,차대차 - 측면충돌,안전운전불이행,건조,맑음,교차로 - 교차로안,승용,여,23세,상해없음,이륜,남,54세,중상
2023010800100012,2023년 1월 8일 00시,일요일,대구광역시 달성군 화원읍,경상사고,0,0,1,0,차대차 - 추돌,안전운전불이행,건조,맑음,단일로 - 기타,승용,남,36세,상해없음,이륜,남,36세,경상
2023010800100024,2023년 1월 8일 01시,일요일,대구광역시 달성군 옥포읍,경상사고,0,0,3,0,차대차 - 측면충돌,안전운전불이행,건조,맑음,단일로 - 기타,승용,남,45세,상해없음,승용,남,40세,경상
2023010800100025,2023년 1월 8일 01시,일요일,대구광역시 남구 대명동,중상사고,0,1,0,0,차대사람 - 차도통행중,안전운전불이행,건조,맑음,단일로 - 기타,승용,남,71세,상해없음,보행자,남,34세,중상
2023010800100089,2023년 1월 8일 10시,일요일,대구광역시 달성군 가창면,중상사고,0,1,0,0,차대사람 - 기타,안전운전불이행,건조,맑음,단일로 - 기타,승용,여,65세,상해없음,보행자,남,65세,중상
2023010800100111,2023년 1월 8일 11시,일요일,대구광역시 수성구 범물동,경상사고,0,0,2,0,차대차 - 측면충돌,안전운전불이행,건조,맑음,단일로 - 기타,승용,여,41세,상해없음,승용,남,39세,경상
2023010800100112,2023년 1월 8일 11시,일요일,대구광역시 달서구 상인동,경상사고,0,0,2,0,차대차 - 기타,안전운전불이행,건조,맑음,교차로 - 교차로안,화물,남,64세,경상,승용,여,41세,경상
2023010800100133,2023년 1월 8일 12시,일요일,대구광역시 남구 봉덕동,중상사고,0,1,0,0,차대차 - 기타,교차로운행방법위반,건조,맑음,교차로 - 교차로안,이륜,남,33세,중상,승용,여,35세,상해없음
2023010800100134,2023년 1월 8일 12시,일요일,대구광역시 수성구 수성동2가,경상사고,0,0,4,0,차대차 - 추돌,안전운전불이행,건조,맑음,단일로 - 기타,승용,남,22세,상해없음,승용,남,27세,경상
2023010800100135,2023년 1월 8일 12시,일요일,대구광역시 북구 구암동,경상사고,0,0,1,0,차대차 - 기타,안전운전불이행,건조,맑음,교차로 - 교차로부근,승용,여,52세,상해없음,이륜,남,40세,경상
2023010800100156,2023년 1월 8일 13시,일요일,대구광역시 동구 방촌동,중상사고,0,1,0,0,차대차 - 측면충돌,직진우회전진행방해,건조,맑음,교차로 - 교차로안,승용,남,38세,상해없음,이륜,남,64세,중상
2023010800100157,2023년 1월 8일 13시,일요일,대구광역시 수성구 두산동,경상사고,0,0,1,0,차대차 - 추돌,안전운전불이행,건조,맑음,단일로 - 기타,승용,남,43세,상해없음,이륜,남,52세,경상
2023010800100199,2023년 1월 8일 15시,일요일,대구광역시 북구 금호동,경상사고,0,0,1,0,차대차 - 측면충돌,중앙선침범,건조,맑음,단일로 - 기타,승용,남,53세,상해없음,승용,남,68세,경상
2023010800100220,2023년 1월 8일 16시,일요일,대구광역시 서구 평리동,경상사고,0,0,3,0,차대차 - 측면충돌,안전운전불이행,건조,맑음,단일로 - 기타,승용,남,46세,상해없음,승용,남,61세,경상
2023010800100241,2023년 1월 8일 17시,일요일,대구광역시 수성구 만촌동,중상사고,0,1,1,0,차대차 - 기타,안전운전불이행,건조,맑음,교차로 - 교차로부근,승용,남,70세,상해없음,승용,남,63세,경상
2023010800100289,2023년 1월 8일 19시,일요일,대구광역시 수성구 범어동,경상사고,0,0,4,0,차대차 - 측면충돌,교차로운행방법위반,건조,맑음,교차로 - 교차로부근,승합,남,67세,상해없음,승용,남,42세,경상
2023010800100290,2023년 1월 8일 19시,일요일,대구광역시 달서구 월성동,경상사고,0,0,2,0,차대차 - 추돌,안전운전불이행,건조,맑음,교차로 - 교차로안,승용,남,66세,상해없음,승용,남,60세,경상
2023010800100331,2023년 1월 8일 21시,일요일,대구광역시 달성군 현풍읍,경상사고,0,0,1,0,차대차 - 추돌,안전운전불이행,건조,맑음,교차로 - 교차로부근,승용,여,42세,상해없음,승용,남,27세,경상
2023010900100016,2023년 1월 9일 04시,월요일,대구광역시 중구 삼덕동1가,경상사고,0,0,1,0,차대사람 - 기타,안전운전불이행,건조,맑음,단일로 - 기타,승용,남,29세,상해없음,보행자,여,21세,경상
2023010900100026,2023년 1월 9일 05시,월요일,대구광역시 달성군 하빈면,중상사고,0,1,1,2,차대차 - 측면충돌,안전운전불이행,건조,맑음,단일로 - 기타,승용,남,57세,중상,특수,남,61세,경상
2023010900100062,2023년 1월 9일 07시,월요일,대구광역시 달서구 월성동,부상신고사고,0,0,0,1,차대차 - 측면충돌,안전운전불이행,건조,맑음,교차로 - 교차로횡단보도내,화물,남,59세,상해없음,자전거,남,61세,부상신고
2023010900100090,2023년 1월 9일 08시,월요일,대구광역시 달성군 현풍읍,경상사고,0,0,1,0,차대차 - 기타,안전운전불이행,건조,맑음,교차로 - 교차로안,승용,여,25세,상해없음,화물,남,50세,경상
2023010900100120,2023년 1월 9일 09시,월요일,대구광역시 동구 신암동,경상사고,0,0,1,0,차대차 - 측면충돌,교차로운행방법위반,건조,맑음,교차로 - 교차로안,승용,여,34세,상해없음,이륜,남,73세,경상
2023010900100121,2023년 1월 9일 09시,월요일,대구광역시 북구 서변동,경상사고,0,0,2,0,차대차 - 측면충돌,차로위반,건조,맑음,단일로 - 지하차도(도로)내,화물,남,50세,상해없음,승용,남,28세,경상
2023010900100151,2023년 1월 9일 10시,월요일,대구광역시 수성구 범어동,중상사고,0,1,5,0,차대차 - 측면충돌,안전거리미확보,건조,맑음,교차로 - 교차로부근,승용,여,58세,경상,승용,남,71세,경상
2023010900100152,2023년 1월 9일 10시,월요일,대구광역시 달서구 본리동,경상사고,0,0,1,0,차대차 - 기타,안전운전불이행,건조,맑음,교차로 - 교차로부근,승용,남,43세,상해없음,승용,남,63세,경상
2023010900100174,2023년 1월 9일 11시,월요일,대구광역시 동구 신암동,경상사고,0,0,1,0,차대차 - 추돌,안전거리미확보,건조,맑음,단일로 - 기타,화물,남,54세,상해없음,승용,남,81세,경상
2023010900100176,2023년 1월 9일 11시,월요일,대구광역시 달서구 상인동,경상사고,0,0,1,0,차대차 - 측면충돌,안전운전불이행,건조,맑음,단일로 - 기타,승용,남,78세,상해없음,화물,남,58세,경상
2023010900100199,2023년 1월 9일 12시,월요일,대구광역시 남구 대명동,부상신고사고,0,0,0,1,차대사람 - 차도통행중,안전운전불이행,건조,맑음,단일로 - 기타,승용,여,42세,상해없음,보행자,남,10세,부상신고
2023010900100200,2023년 1월 9일 12시,월요일,대구광역시 동구 불로동,경상사고,0,0,1,0,차대차 - 정면충돌,안전운전불이행,건조,맑음,단일로 - 지하차도(도로)내,승용,여,56세,상해없음,이륜,남,75세,경상
2023010900100201,2023년 1월 9일 12시,월요일,대구광역시 동구 신암동,경상사고,0,0,1,0,차대차 - 측면충돌,안전거리미확보,건조,맑음,교차로 - 교차로횡단보도내,승용,남,76세,상해없음,승용,여,42세,경상
2023010900100202,2023년 1월 9일 12시,월요일,대구광역시 달서구 진천동,경상사고,0,0,1,0,차대사람 - 기타,안전운전불이행,건조,맑음,기타 - 기타,승용,여,54세,상해없음,보행자,여,49세,경상
2023010900100203,2023년 1월 9일 12시,월요일,대구광역시 북구 태전동,중상사고,0,1,0,0,차대차 - 추돌,안전운전불이행,건조,맑음,단일로 - 교량,승용,여,62세,상해없음,승용,남,41세,중상
2023010900100225,2023년 1월 9일 13시,월요일,대구광역시 수성구 만촌동,경상사고,0,0,1,0,차대사람 - 기타,안전운전불이행,건조,맑음,교차로 - 교차로안,승용,여,51세,상해없음,보행자,여,61세,경상
2023010900100226,2023년 1월 9일 13시,월요일,대구광역시 서구 내당동,중상사고,0,1,0,0,차대차 - 측면충돌,신호위반,건조,맑음,단일로 - 기타,승용,남,62세,상해없음,이륜,남,69세,중상
2023010900100227,2023년 1월 9일 13시,월요일,대구광역시 북구 팔달동,경상사고,0,0,1,0,차대차 - 측면충돌,안전운전불이행,건조,맑음,교차로 - 교차로부근,이륜,남,75세,경상,승합,남,61세,상해없음
2023010900100254,2023년 1월 9일 14시,월요일,대구광역시 동구 신암동,경상사고,0,0,1,0,차대차 - 기타,교차로운행방법위반,건조,맑음,교차로 - 교차로부근,승용,남,48세,상해없음,승용,남,42세,경상
2023010900100255,2023년 1월 9일 14시,월요일,대구광역시 수성구 범어동,경상사고,0,0,1,0,차대사람 - 길가장자리구역통행중,안전운전불이행,건조,맑음,단일로 - 기타,승용,여,62세,상해없음,보행자,남,33세,경상
2023010900100256,2023년 1월 9일 14시,월요일,대구광역시 서구 평리동,중상사고,0,1,0,0,차대차 - 기타,안전거리미확보,건조,맑음,단일로 - 기타,자전거,남,68세,중상,승합,남,37세,상해없음
2023010900100257,2023년 1월 9일 14시,월요일,대구광역시 중구 동산동,경상사고,0,0,1,0,차대차 - 측면충돌,교차로운행방법위반,건조,맑음,교차로 - 교차로안,승용,여,63세,상해없음,승용,남,41세,경상
2023010900100258,2023년 1월 9일 14시,월요일,대구광역시 북구 팔달동,경상사고,0,0,1,0,차대차 - 추돌,안전운전불이행,건조,맑음,단일로 - 기타,승용,여,59세,상해없음,승용,여,33세,상해없음
2023010900100259,2023년 1월 9일 14시,월요일,대구광역시 북구 태전동,사망사고,1,0,0,0,차대차 - 측면충돌,신호위반,건조,맑음,교차로 - 교차로안,이륜,남,62세,사망,승용,남,34세,상해없음
2023010900100289,2023년 1월 9일 15시,월요일,대구광역시 달성군 화원읍,중상사고,0,1,0,0,차대사람 - 차도통행중,안전운전불이행,건조,맑음,교차로 - 교차로안,승용,여,56세,상해없음,보행자,여,79세,중상
2023010900100306,2023년 1월 9일 16시,월요일,대구광역시 동구 용계동,경상사고,0,0,1,0,차대차 - 측면충돌,안전운전불이행,건조,맑음,교차로 - 교차로부근,화물,남,65세,상해없음,승용,여,54세,경상
2023010900100334,2023년 1월 9일 17시,월요일,대구광역시 동구 신서동,중상사고,0,1,0,0,차대차 - 측면충돌,교차로운행방법위반,건조,맑음,교차로 - 교차로부근,이륜,남,54세,중상,승합,남,53세,상해없음
2023010900100335,2023년 1월 9일 17시,월요일,대구광역시 달서구 호산동,부상신고사고,0,0,0,1,차대차 - 기타,안전운전불이행,건조,맑음,교차로 - 교차로안,승용,남,56세,상해없음,이륜,여,20세,부상신고
2023010900100376,2023년 1월 9일 18시,월요일,대구광역시 수성구 매호동,경상사고,0,0,1,0,차대사람 - 횡단중,보행자보호의무위반,건조,맑음,교차로 - 교차로안,승용,여,23세,상해없음,보행자,여,16세,경상
2023010900100377,2023년 1월 9일 18시,월요일,대구광역시 수성구 범물동,경상사고,0,0,2,0,차대차 - 기타,안전운전불이행,건조,맑음,기타 - 기타,승용,여,67세,상해없음,승용,여,65세,경상
2023010900100378,2023년 1월 9일 18시,월요일,대구광역시 수성구 매호동,부상신고사고,0,0,0,1,차대차 - 기타,안전운전불이행,건조,맑음,기타 - 기타,승용,남,47세,상해없음,자전거,남,12세,부상신고
2023010900100379,2023년 1월 9일 18시,월요일,대구광역시 달서구 호산동,부상신고사고,0,0,0,1,차대차 - 측면충돌,안전운전불이행,건조,맑음,교차로 - 교차로안,자전거,남,22세,부상신고,승용,여,46세,상해없음
2023010900100438,2023년 1월 9일 20시,월요일,대구광역시 동구 방촌동,중상사고,0,1,1,0,차대차 - 측면충돌,기타,건조,맑음,교차로 - 교차로안,승용,남,27세,중상,승용,남,48세,경상
2023010900100485,2023년 1월 9일 23시,월요일,대구광역시 달서구 본동,중상사고,0,2,0,0,차대사람 - 횡단중,신호위반,건조,맑음,단일로 - 기타,이륜,남,30세,상해없음,보행자,남,31세,중상
2023011000100007,2023년 1월 10일 00시,화요일,대구광역시 동구 신암동,경상사고,0,0,1,0,차대차 - 추돌,안전거리미확보,건조,맑음,단일로 - 기타,승용,남,27세,상해없음,이륜,남,35세,경상
2023011000100008,2023년 1월 10일 00시,화요일,대구광역시 수성구 황금동,경상사고,0,0,1,0,차대사람 - 차도통행중,안전운전불이행,건조,맑음,단일로 - 기타,승용,남,21세,상해없음,보행자,남,52세,경상
2023011000100015,2023년 1월 10일 01시,화요일,대구광역시 달서구 본리동,경상사고,0,0,1,0,차대차 - 추돌,기타,건조,맑음,단일로 - 기타,승용,남,19세,상해없음,화물,남,70세,상해없음
2023011000100043,2023년 1월 10일 06시,화요일,대구광역시 동구 동호동,중상사고,0,1,0,0,차대차 - 측면충돌,신호위반,건조,맑음,교차로 - 교차로안,승용,남,44세,상해없음,이륜,남,64세,중상
2023011000100055,2023년 1월 10일 07시,화요일,대구광역시 동구 입석동,부상신고사고,0,0,0,1,차대차 - 측면충돌,안전운전불이행,건조,맑음,교차로 - 교차로안,화물,남,69세,상해없음,승용,남,54세,부상신고
2023011000100056,2023년 1월 10일 07시,화요일,대구광역시 북구 산격동,경상사고,0,0,1,0,차대차 - 측면충돌,교차로운행방법위반,건조,맑음,교차로 - 교차로안,화물,남,45세,기타불명,승용,남,35세,경상
2023011000100088,2023년 1월 10일 08시,화요일,대구광역시 수성구 만촌동,중상사고,0,1,3,0,차대차 - 측면충돌,기타,건조,맑음,단일로 - 기타,승용,남,39세,상해없음,승용,남,67세,경상
2023011000100121,2023년 1월 10일 09시,화요일,대구광역시 북구 서변동,경상사고,0,0,1,0,차대차 - 측면충돌,안전운전불이행,건조,맑음,기타 - 기타,건설기계,남,55세,상해없음,승용,여,57세,경상
2023011000100146,2023년 1월 10일 10시,화요일,대구광역시 달서구 감삼동,경상사고,0,0,1,0,차대차 - 기타,안전거리미확보,건조,맑음,단일로 - 기타,승용,남,59세,상해없음,승용,남,71세,경상
2023011000100175,2023년 1월 10일 11시,화요일,대구광역시 남구 대명동,경상사고,0,0,1,0,차대사람 - 기타,기타,건조,맑음,단일로 - 기타,승용,여,56세,상해없음,보행자,남,42세,경상
2023011000100176,2023년 1월 10일 11시,화요일,대구광역시 동구 신암동,중상사고,0,1,0,0,차대사람 - 기타,안전운전불이행,건조,맑음,단일로 - 기타,승합,남,55세,상해없음,보행자,여,66세,중상
2023011000100177,2023년 1월 10일 11시,화요일,대구광역시 수성구 수성동1가,경상사고,0,0,1,0,차대차 - 기타,안전운전불이행,건조,맑음,기타 - 기타,승용,남,61세,상해없음,자전거,여,50세,경상
2023011000100178,2023년 1월 10일 11시,화요일,대구광역시 달서구 성당동,경상사고,0,0,2,0,차대차 - 측면충돌,안전거리미확보,건조,맑음,교차로 - 교차로횡단보도내,승용,남,81세,상해없음,승용,남,53세,경상
2023011000100201,2023년 1월 10일 12시,화요일,대구광역시 동구 효목동,부상신고사고,0,0,0,1,차대사람 - 길가장자리구역통행중,안전운전불이행,건조,맑음,단일로 - 지하차도(도로)내,화물,여,57세,기타불명,보행자,여,74세,부상신고
2023011000100202,2023년 1월 10일 12시,화요일,대구광역시 수성구 황금동,경상사고,0,0,1,0,차대차 - 후진중충돌,안전운전불이행,건조,맑음,교차로 - 교차로부근,승용,여,37세,상해없음,승용,남,34세,경상
2023011000100203,2023년 1월 10일 12시,화요일,대구광역시 수성구 시지동,경상사고,0,0,1,0,차대차 - 측면충돌,안전거리미확보,건조,맑음,단일로 - 기타,승용,남,75세,상해없음,승용,여,31세,경상
2023011000100226,2023년 1월 10일 13시,화요일,대구광역시 달서구 송현동,경상사고,0,0,1,0,차대차 - 측면충돌,안전거리미확보,건조,맑음,기타 - 기타,승용,남,66세,상해없음,승용,남,23세,경상
2023011000100254,2023년 1월 10일 14시,화요일,대구광역시 동구 신서동,중상사고,0,1,0,0,차대차 - 측면충돌,안전운전불이행,건조,맑음,교차로 - 교차로부근,승용,여,29세,상해없음,자전거,남,82세,중상
2023011000100292,2023년 1월 10일 15시,화요일,대구광역시 동구 방촌동,중상사고,0,1,2,0,차대차 - 측면충돌,기타,건조,맑음,단일로 - 기타,승용,여,65세,상해없음,승합,남,70세,경상
2023011000100293,2023년 1월 10일 15시,화요일,대구광역시 서구 중리동,경상사고,0,0,4,0,차대차 - 기타,안전거리미확보,건조,맑음,단일로 - 기타,승용,여,28세,경상,승합,여,51세,경상
2023011000100315,2023년 1월 10일 16시,화요일,대구광역시 동구 방촌동,경상사고,0,0,1,0,차대차 - 측면충돌,안전운전불이행,건조,맑음,단일로 - 기타,승용,여,51세,상해없음,승용,여,37세,경상
2023011000100350,2023년 1월 10일 17시,화요일,대구광역시 동구 불로동,경상사고,0,0,2,0,차대차 - 추돌,교차로운행방법위반,건조,맑음,교차로 - 교차로부근,승용,남,71세,기타불명,이륜,남,26세,경상
2023011000100351,2023년 1월 10일 17시,화요일,대구광역시 수성구 신매동,경상사고,0,0,2,0,차대차 - 측면충돌,신호위반,건조,맑음,교차로 - 교차로안,이륜,남,31세,경상,이륜,남,63세,경상
2023011000100393,2023년 1월 10일 18시,화요일,대구광역시 수성구 가천동,중상사고,0,1,0,0,차대차 - 추돌,안전운전불이행,건조,맑음,단일로 - 기타,승용,남,49세,상해없음,승용,남,36세,중상
2023011000100400,2023년 1월 10일 18시,화요일,대구광역시 동구 신천동,중상사고,0,1,0,0,차대차 - 정면충돌,교차로운행방법위반,건조,맑음,교차로 - 교차로안,승용,남,56세,상해없음,자전거,남,47세,중상
2023011000100401,2023년 1월 10일 18시,화요일,대구광역시 수성구 만촌동,경상사고,0,0,2,0,차대차 - 측면충돌,기타,건조,맑음,단일로 - 기타,화물,남,34세,경상,승용,여,34세,경상
2023011000100402,2023년 1월 10일 18시,화요일,대구광역시 달서구 유천동,경상사고,0,0,1,0,차대차 - 기타,신호위반,건조,맑음,교차로 - 교차로안,이륜,남,37세,경상,승용,남,64세,상해없음
2023011000100403,2023년 1월 10일 18시,화요일,대구광역시 달서구 대곡동,경상사고,0,0,1,0,차대차 - 측면충돌,교차로운행방법위반,건조,맑음,교차로 - 교차로안,승용,남,77세,상해없음,승용,남,49세,경상
2023011000100404,2023년 1월 10일 18시,화요일,대구광역시 중구 봉산동,경상사고,0,0,1,1,차대차 - 측면충돌,안전거리미확보,건조,흐림,기타 - 기타,승용,여,56세,부상신고,승용,여,31세,경상