사고번호,사고일시,요일,시군구,사고내용,사망자수,중상자수,경상자수,부상신고자수,사고유형,법규위반,노면상태,기상상태,도로형태,가해운전자 차종,가해운전자 성별,가해운전자 연령,가해운전자 상해정도,피해운전자 차종,피해운전자 성별,피해운전자 연령,피해운전자 상해정도
2023011000100405,2023년 1월 10일 18시,화요일,대구광역시 북구 태전동,경상사고,0,0,1,0,차대차 - 측면충돌,안전거리미확보,건조,맑음,기타 - 기타,승용,여,43세,상해없음,승용,남,43세,경상
2023011000100406,2023년 1월 10일 18시,화요일,대구광역시 북구 태전동,경상사고,0,0,1,0,차대차 - 추돌,안전운전불이행,건조,맑음,단일로 - 기타,승용,여,41세,기타불명,승용,남,57세,경상
2023011000100448,2023년 1월 10일 19시,화요일,대구광역시 수성구 범어동,경상사고,0,0,1,0,차대차 - 기타,안전운전불이행,건조,맑음,교차로 - 교차로안,승용,남,64세,상해없음,개인형이동수단(PM),남,18세,경상
2023011000100470,2023년 1월 10일 20시,화요일,대구광역시 동구 신암동,중상사고,0,1,0,0,차대차 - 측면충돌,안전운전불이행,건조,맑음,단일로 - 기타,승용,남,28세,상해없음,이륜,남,47세,중상
2023011000100471,2023년 1월 10일 20시,화요일,대구광역시 북구 태전동,경상사고,0,0,1,0,차대차 - 측면충돌,중앙선침범,건조,맑음,교차로 - 교차로안,이륜,남,50세,상해없음,이륜,남,21세,경상
2023011000100487,2023년 1월 10일 21시,화요일,대구광역시 남구 대명동,경상사고,0,0,1,0,차대차 - 측면충돌,안전거리미확보,건조,맑음,단일로 - 기타,승용,남,44세,상해없음,승용,남,65세,경상
2023011000100488,2023년 1월 10일 21시,화요일,대구광역시 북구 산격동,경상사고,0,0,1,0,차대차 - 측면충돌,안전운전불이행,건조,맑음,단일로 - 기타,승용,남,66세,상해없음,이륜,남,29세,경상
2023011000100489,2023년 1월 10일 21시,화요일,대구광역시 서구 평리동,경상사고,0,0,2,0,차대사람 - 횡단중,신호위반,건조,맑음,교차로 - 교차로부근,승용,남,32세,상해없음,보행자,여,55세,경상
2023011100100018,2023년 1월 11일 01시,수요일,대구광역시 수성구 두산동,부상신고사고,0,0,0,1,차대사람 - 기타,안전운전불이행,기타,기타,기타 - 기타,기타불명,기타불명,미분류,기타불명,보행자,남,62세,부상신고
2023011100100048,2023년 1월 11일 05시,수요일,대구광역시 중구 교동,경상사고,0,0,1,1,차대차 - 기타,신호위반,건조,맑음,단일로 - 기타,원동기,남,68세,부상신고,승용,남,42세,경상
2023011100100085,2023년 1월 11일 07시,수요일,대구광역시 달성군 다사읍,경상사고,0,0,2,0,차대차 - 추돌,안전운전불이행,건조,맑음,교차로 - 교차로부근,승용,남,61세,상해없음,승용,여,32세,경상
2023011100100118,2023년 1월 11일 08시,수요일,대구광역시 동구 신기동,경상사고,0,0,1,0,차대사람 - 차도통행중,안전운전불이행,건조,맑음,교차로 - 교차로부근,승용,남,35세,상해없음,보행자,남,89세,경상
2023011100100119,2023년 1월 11일 08시,수요일,대구광역시 북구 침산동,경상사고,0,0,3,0,차대차 - 추돌,안전운전불이행,건조,맑음,교차로 - 교차로부근,승용,여,56세,상해없음,승용,남,35세,경상
2023011100100147,2023년 1월 11일 09시,수요일,대구광역시 중구 삼덕동2가,경상사고,0,0,1,0,차대사람 - 기타,안전운전불이행,건조,맑음,단일로 - 기타,승용,남,58세,상해없음,보행자,여,53세,경상
2023011100100148,2023년 1월 11일 09시,수요일,대구광역시 북구 태전동,경상사고,0,0,3,0,차대차 - 측면충돌,교차로운행방법위반,건조,맑음,교차로 - 교차로안,승합,남,39세,경상,승용,여,61세,경상
2023011100100219,2023년 1월 11일 11시,수요일,대구광역시 북구 태전동,경상사고,0,0,2,0,차대차 - 측면충돌,안전거리미확보,건조,맑음,단일로 - 교량,이륜,남,61세,경상,승용,남,22세,경상
2023011100100241,2023년 1월 11일 12시,수요일,대구광역시 달서구 죽전동,경상사고,0,0,2,0,차대차 - 측면충돌,교차로운행방법위반,건조,맑음,교차로 - 교차로안,승용,여,61세,상해없음,화물,남,46세,경상
2023011100100271,2023년 1월 11일 13시,수요일,대구광역시 수성구 범어동,중상사고,0,1,0,0,차대사람 - 기타,안전운전불이행,건조,맑음,기타 - 기타,이륜,남,27세,상해없음,보행자,남,78세,중상
2023011100100272,2023년 1월 11일 13시,수요일,대구광역시 달성군 옥포읍,부상신고사고,0,0,0,1,차대사람 - 기타,기타,건조,맑음,단일로 - 기타,승합,남,54세,상해없음,보행자,여,72세,부상신고
2023011100100273,2023년 1월 11일 13시,수요일,대구광역시 달성군 현풍읍,경상사고,0,0,1,0,차대차 - 기타,안전운전불이행,건조,맑음,단일로 - 기타,승용,여,50세,상해없음,승용,남,50세,경상
2023011100100338,2023년 1월 11일 15시,수요일,대구광역시 동구 지묘동,경상사고,0,0,1,0,차대사람 - 기타,안전운전불이행,건조,맑음,단일로 - 기타,승용,여,74세,상해없음,보행자,여,66세,경상
2023011100100339,2023년 1월 11일 15시,수요일,대구광역시 수성구 범어동,경상사고,0,0,1,0,차대차 - 기타,안전거리미확보,건조,맑음,교차로 - 교차로부근,승용,여,58세,상해없음,화물,남,51세,경상
2023011100100340,2023년 1월 11일 15시,수요일,대구광역시 북구 산격동,중상사고,0,1,0,0,차대차 - 기타,직진우회전진행방해,건조,맑음,교차로 - 교차로부근,승용,남,63세,상해없음,승합,남,37세,상해없음
2023011100100341,2023년 1월 11일 15시,수요일,대구광역시 달서구 장기동,경상사고,0,0,1,0,차대차 - 측면충돌,안전거리미확보,건조,맑음,단일로 - 기타,건설기계,남,59세,상해없음,승용,남,29세,경상
2023011100100397,2023년 1월 11일 17시,수요일,대구광역시 남구 대명동,경상사고,0,0,1,0,차대차 - 추돌,안전운전불이행,건조,맑음,단일로 - 기타,승용,남,51세,상해없음,승용,여,53세,경상
2023011100100398,2023년 1월 11일 17시,수요일,대구광역시 달서구 송현동,부상신고사고,0,0,0,1,차대사람 - 횡단중,보행자보호의무위반,건조,맑음,단일로 - 기타,기타불명,기타불명,미분류,기타불명,보행자,여,61세,부상신고
2023011100100399,2023년 1월 11일 17시,수요일,대구광역시 중구 태평로1가,경상사고,0,0,1,0,차대사람 - 횡단중,보행자보호의무위반,건조,맑음,교차로 - 교차로횡단보도내,이륜,남,69세,상해없음,보행자,남,43세,경상
2023011100100400,2023년 1월 11일 17시,수요일,대구광역시 북구 태전동,경상사고,0,0,6,0,차대차 - 측면충돌,안전거리미확보,건조,맑음,단일로 - 기타,승용,여,61세,경상,승합,남,57세,경상
2023011100100436,2023년 1월 11일 18시,수요일,대구광역시 동구 봉무동,경상사고,0,0,2,0,차대차 - 기타,안전운전불이행,건조,맑음,단일로 - 기타,승용,남,39세,기타불명,승용,남,63세,경상
2023011100100437,2023년 1월 11일 18시,수요일,대구광역시 달서구 본동,경상사고,0,0,2,0,차대차 - 추돌,안전운전불이행,건조,맑음,단일로 - 기타,승용,남,43세,상해없음,승용,남,66세,경상
2023011100100438,2023년 1월 11일 18시,수요일,대구광역시 달서구 용산동,경상사고,0,0,2,0,차대차 - 추돌,안전운전불이행,건조,맑음,단일로 - 기타,승용,여,24세,경상,승용,남,25세,경상
2023011100100474,2023년 1월 11일 19시,수요일,대구광역시 수성구 범어동,중상사고,0,1,0,0,차대차 - 측면충돌,안전운전불이행,건조,맑음,교차로 - 교차로부근,승용,남,31세,상해없음,이륜,남,32세,중상
2023011100100475,2023년 1월 11일 19시,수요일,대구광역시 북구 동천동,경상사고,0,0,1,0,차대차 - 측면충돌,안전운전불이행,건조,맑음,단일로 - 기타,승용,여,42세,상해없음,자전거,남,12세,경상
2023011100100505,2023년 1월 11일 20시,수요일,대구광역시 수성구 만촌동,경상사고,0,0,1,0,차대차 - 기타,안전운전불이행,건조,맑음,단일로 - 기타,승용,남,50세,상해없음,이륜,남,40세,경상
2023011100100530,2023년 1월 11일 21시,수요일,대구광역시 달서구 송현동,경상사고,0,0,1,0,차대차 - 추돌,안전운전불이행,건조,맑음,교차로 - 교차로부근,승용,남,26세,상해없음,이륜,남,22세,경상
2023011100100531,2023년 1월 11일 21시,수요일,대구광역시 북구 구암동,경상사고,0,0,4,0,차대차 - 측면충돌,차로위반,건조,맑음,교차로 - 교차로부근,승용,여,48세,경상,승용,남,23세,경상
2023011100100532,2023년 1월 11일 21시,수요일,대구광역시 북구 학정동,경상사고,0,0,2,0,차대차 - 측면충돌,교차로운행방법위반,건조,맑음,교차로 - 교차로안,화물,여,61세,경상,승용,여,27세,경상
2023011200100008,2023년 1월 12일 00시,목요일,대구광역시 달서구 신당동,경상사고,0,0,2,0,차대차 - 측면충돌,안전운전불이행,건조,흐림,교차로 - 교차로부근,승용,남,50세,상해없음,승용,남,37세,경상
2023011200100036,2023년 1월 12일 03시,목요일,대구광역시 달서구 감삼동,사망사고,1,0,0,0,차대차 - 측면충돌,기타,건조,맑음,단일로 - 기타,승용,남,66세,상해없음,자전거,남,67세,사망
2023011200100041,2023년 1월 12일 04시,목요일,대구광역시 북구 매천동,중상사고,0,1,0,0,차대차 - 정면충돌,신호위반,건조,맑음,교차로 - 교차로안,승용,남,59세,상해없음,자전거,남,21세,중상
2023011200100070,2023년 1월 12일 06시,목요일,대구광역시 달성군 현풍읍,경상사고,0,0,1,0,차대사람 - 보도통행중,안전운전불이행,건조,맑음,단일로 - 기타,승합,남,67세,상해없음,보행자,남,38세,경상
2023011200100102,2023년 1월 12일 07시,목요일,대구광역시 중구 남산동,경상사고,0,0,1,2,차대차 - 측면충돌,안전거리미확보,건조,맑음,단일로 - 기타,승용,남,26세,부상신고,이륜,남,37세,경상
2023011200100124,2023년 1월 12일 08시,목요일,대구광역시 동구 효목동,경상사고,0,0,1,0,차대차 - 측면충돌,기타,건조,맑음,교차로 - 교차로안,이륜,남,30세,경상,화물,남,52세,상해없음
2023011200100125,2023년 1월 12일 08시,목요일,대구광역시 달서구 진천동,경상사고,0,0,2,0,차대차 - 측면충돌,안전거리미확보,건조,맑음,단일로 - 기타,승용,남,34세,상해없음,승용,여,26세,경상
2023011200100126,2023년 1월 12일 08시,목요일,대구광역시 달성군 구지면,중상사고,0,1,0,0,차대차 - 기타,안전운전불이행,건조,맑음,교차로 - 교차로안,승합,남,57세,상해없음,화물,남,57세,중상
2023011200100127,2023년 1월 12일 08시,목요일,대구광역시 북구 산격동,경상사고,0,0,1,0,차대사람 - 횡단중,보행자보호의무위반,건조,맑음,교차로 - 교차로횡단보도내,승용,남,42세,상해없음,보행자,여,75세,경상
2023011200100151,2023년 1월 12일 09시,목요일,대구광역시 동구 신암동,중상사고,0,1,0,0,차대차 - 기타,안전운전불이행,건조,맑음,단일로 - 기타,화물,남,35세,상해없음,특수,남,52세,중상
2023011200100152,2023년 1월 12일 09시,목요일,대구광역시 달서구 호산동,경상사고,0,0,1,0,차대차 - 기타,안전운전불이행,건조,맑음,단일로 - 기타,승용,여,67세,상해없음,개인형이동수단(PM),여,25세,경상
2023011200100153,2023년 1월 12일 09시,목요일,대구광역시 달서구 본리동,경상사고,0,0,2,0,차대차 - 추돌,안전운전불이행,건조,맑음,교차로 - 교차로안,승용,남,54세,기타불명,승용,남,65세,경상
2023011200100186,2023년 1월 12일 10시,목요일,대구광역시 서구 비산동,경상사고,0,0,1,0,차대사람 - 횡단중,안전운전불이행,건조,맑음,교차로 - 교차로부근,승용,여,52세,상해없음,보행자,남,76세,경상
2023011200100249,2023년 1월 12일 12시,목요일,대구광역시 중구 대신동,경상사고,0,0,1,0,차대차 - 측면충돌,안전거리미확보,건조,흐림,기타 - 기타,승용,남,62세,상해없음,이륜,남,36세,경상
2023011200100277,2023년 1월 12일 13시,목요일,대구광역시 동구 동호동,중상사고,0,1,0,0,차대사람 - 횡단중,안전운전불이행,건조,맑음,교차로 - 교차로횡단보도내,승합,남,50세,상해없음,보행자,남,10세,중상
2023011200100278,2023년 1월 12일 13시,목요일,대구광역시 수성구 범어동,경상사고,0,0,1,0,차대차 - 측면충돌,안전운전불이행,건조,맑음,단일로 - 기타,자전거,여,26세,경상,승용,여,48세,상해없음
2023011200100279,2023년 1월 12일 13시,목요일,대구광역시 달서구 진천동,경상사고,0,0,1,0,차대차 - 측면충돌,교차로운행방법위반,건조,맑음,교차로 - 교차로안,원동기,남,69세,상해없음,승용,남,39세,경상
2023011200100280,2023년 1월 12일 13시,목요일,대구광역시 중구 수창동,경상사고,0,0,1,0,차대차 - 측면충돌,안전운전불이행,건조,맑음,단일로 - 기타,이륜,남,62세,상해없음,이륜,남,32세,경상
2023011200100363,2023년 1월 12일 16시,목요일,대구광역시 북구 서변동,경상사고,0,0,2,0,차대차 - 측면충돌,교차로운행방법위반,건조,맑음,교차로 - 교차로안,이륜,남,67세,경상,화물,남,56세,경상
2023011200100364,2023년 1월 12일 16시,목요일,대구광역시 북구 읍내동,중상사고,0,1,0,0,차대차 - 측면충돌,불법유턴,건조,맑음,교차로 - 교차로부근,화물,남,48세,상해없음,이륜,남,23세,중상
2023011200100400,2023년 1월 12일 17시,목요일,대구광역시 수성구 범물동,부상신고사고,0,0,0,1,차대사람 - 횡단중,안전운전불이행,건조,맑음,단일로 - 기타,개인형이동수단(PM),남,15세,기타불명,보행자,남,51세,부상신고
2023011200100401,2023년 1월 12일 17시,목요일,대구광역시 달서구 이곡동,경상사고,0,0,1,0,차대차 - 기타,신호위반,건조,맑음,교차로 - 교차로안,승용,남,53세,상해없음,승용,남,38세,경상
2023011200100448,2023년 1월 12일 18시,목요일,대구광역시 남구 대명동,경상사고,0,0,3,0,차대차 - 측면충돌,안전운전불이행,건조,맑음,교차로 - 교차로안,승용,남,30세,경상,승용,남,33세,경상
2023011200100449,2023년 1월 12일 18시,목요일,대구광역시 동구 지저동,경상사고,0,0,15,1,차대차 - 측면충돌,신호위반,건조,맑음,단일로 - 기타,승용,남,57세,상해없음,승합,남,57세,경상
2023011200100450,2023년 1월 12일 18시,목요일,대구광역시 수성구 노변동,경상사고,0,0,1,0,차대차 - 측면충돌,안전운전불이행,건조,맑음,단일로 - 기타,화물,남,43세,상해없음,승용,여,36세,경상
2023011200100451,2023년 1월 12일 18시,목요일,대구광역시 달성군 다사읍,경상사고,0,0,1,0,차대차 - 기타,직진우회전진행방해,건조,맑음,교차로 - 교차로안,승용,남,64세,상해없음,이륜,남,25세,경상
2023011200100452,2023년 1월 12일 18시,목요일,대구광역시 달서구 이곡동,부상신고사고,0,0,0,1,차대차 - 정면충돌,안전운전불이행,건조,맑음,교차로 - 교차로부근,이륜,남,23세,부상신고,승용,여,62세,상해없음
2023011200100495,2023년 1월 12일 19시,목요일,대구광역시 북구 칠성동2가,중상사고,0,1,0,0,차대사람 - 횡단중,안전운전불이행,건조,맑음,교차로 - 교차로안,이륜,남,29세,상해없음,보행자,여,67세,중상
2023011200100520,2023년 1월 12일 20시,목요일,대구광역시 서구 내당동,경상사고,0,0,1,0,차대사람 - 보도통행중,기타,건조,맑음,단일로 - 기타,개인형이동수단(PM),남,15세,상해없음,보행자,남,69세,경상
2023011200100547,2023년 1월 12일 21시,목요일,대구광역시 달성군 현풍읍,중상사고,0,2,0,0,차대차 - 기타,안전운전불이행,건조,맑음,교차로 - 교차로부근,승용,남,47세,상해없음,승용,남,40세,중상
2023011200100570,2023년 1월 12일 22시,목요일,대구광역시 남구 대명동,경상사고,0,0,2,0,차대차 - 측면충돌,직진우회전진행방해,건조,맑음,교차로 - 교차로안,승용,여,65세,상해없음,승용,남,35세,경상
2023011200100571,2023년 1월 12일 22시,목요일,대구광역시 동구 신암동,경상사고,0,0,4,0,차대차 - 추돌,안전운전불이행,건조,맑음,교차로 - 교차로부근,승용,남,40세,상해없음,승용,남,71세,상해없음
2023011200100572,2023년 1월 12일 22시,목요일,대구광역시 동구 용계동,경상사고,0,0,3,0,차대차 - 기타,안전거리미확보,건조,맑음,단일로 - 기타,승용,여,30세,경상,승용,남,23세,경상
2023011200100573,2023년 1월 12일 22시,목요일,대구광역시 수성구 두산동,경상사고,0,0,2,0,차대차 - 추돌,안전운전불이행,건조,맑음,단일로 - 기타,승용,남,41세,상해없음,승용,남,55세,경상
2023011200100574,2023년 1월 12일 22시,목요일,대구광역시 중구 동인동4가,중상사고,0,1,0,0,차대사람 - 차도통행중,기타,건조,흐림,교차로 - 교차로안,승용,남,37세,상해없음,보행자,남,31세,중상
2023011300100023,2023년 1월 13일 01시,금요일,대구광역시 수성구 범어동,부상신고사고,0,0,0,1,차대차 - 기타,안전운전불이행,젖음/습기,비,교차로 - 교차로안,개인형이동수단(PM),여,13세,부상신고,승용,여,42세,상해없음
2023011300100024,2023년 1월 13일 01시,금요일,대구광역시 수성구 황금동,부상신고사고,0,0,0,1,차량단독 - 공작물충돌,안전운전불이행,건조,맑음,교차로 - 교차로부근,승용,남,34세,부상신고,,,,
2023011300100110,2023년 1월 13일 07시,금요일,대구광역시 북구 산격동,경상사고,0,0,1,0,차대사람 - 기타,기타,건조,흐림,기타 - 기타,화물,남,56세,상해없음,보행자,여,63세,경상
2023011300100194,2023년 1월 13일 10시,금요일,대구광역시 달성군 화원읍,중상사고,0,1,0,0,차대사람 - 횡단중,안전운전불이행,젖음/습기,흐림,기타 - 기타,승용,여,54세,상해없음,보행자,여,77세,중상
2023011300100195,2023년 1월 13일 10시,금요일,대구광역시 북구 산격동,경상사고,0,0,1,0,차대차 - 측면충돌,안전거리미확보,젖음/습기,비,단일로 - 기타,승용,여,56세,상해없음,승용,남,30세,경상
2023011300100196,2023년 1월 13일 10시,금요일,대구광역시 중구 삼덕동1가,경상사고,0,0,1,0,차대차 - 측면충돌,신호위반,젖음/습기,맑음,교차로 - 교차로안,화물,남,33세,상해없음,원동기,남,29세,경상
2023011300100221,2023년 1월 13일 11시,금요일,대구광역시 동구 방촌동,부상신고사고,0,0,0,1,차대차 - 기타,안전거리미확보,젖음/습기,비,단일로 - 기타,화물,남,68세,상해없음,이륜,남,54세,부상신고
2023011300100222,2023년 1월 13일 11시,금요일,대구광역시 동구 검사동,중상사고,0,1,0,0,차대사람 - 기타,안전운전불이행,젖음/습기,비,교차로 - 교차로안,이륜,남,24세,상해없음,보행자,여,72세,중상
2023011300100223,2023년 1월 13일 11시,금요일,대구광역시 서구 중리동,부상신고사고,0,0,0,1,차대차 - 측면충돌,직진우회전진행방해,건조,맑음,교차로 - 교차로안,이륜,남,53세,부상신고,승용,여,54세,상해없음
2023011300100244,2023년 1월 13일 12시,금요일,대구광역시 달성군 화원읍,경상사고,0,0,2,0,차대차 - 기타,신호위반,건조,맑음,기타 - 기타,승용,남,53세,상해없음,승합,남,36세,경상
2023011300100288,2023년 1월 13일 14시,금요일,대구광역시 남구 봉덕동,경상사고,0,0,1,0,차대차 - 기타,안전운전불이행,건조,맑음,기타 - 기타,승용,남,90세,상해없음,이륜,남,65세,경상
2023011300100289,2023년 1월 13일 14시,금요일,대구광역시 북구 노원동3가,경상사고,0,0,1,0,차대차 - 기타,안전운전불이행,젖음/습기,비,교차로 - 교차로안,화물,남,39세,상해없음,이륜,남,68세,경상
2023011300100356,2023년 1월 13일 16시,금요일,대구광역시 동구 입석동,부상신고사고,0,0,0,1,차대차 - 측면충돌,안전운전불이행,건조,맑음,단일로 - 기타,원동기,여,65세,부상신고,승용,여,45세,상해없음
2023011300100357,2023년 1월 13일 16시,금요일,대구광역시 동구 신천동,경상사고,0,0,3,0,차대차 - 측면충돌,안전거리미확보,건조,맑음,교차로 - 교차로부근,승용,여,34세,경상,승용,남,54세,경상
2023011300100384,2023년 1월 13일 17시,금요일,대구광역시 달서구 신당동,경상사고,0,0,1,0,차대차 - 추돌,안전운전불이행,건조,맑음,단일로 - 기타,승용,남,78세,상해없음,승용,여,35세,경상
2023011300100440,2023년 1월 13일 18시,금요일,대구광역시 남구 이천동,경상사고,0,0,1,0,차대사람 - 횡단중,신호위반,건조,맑음,교차로 - 교차로횡단보도내,이륜,남,38세,상해없음,보행자,남,32세,경상
2023011300100441,2023년 1월 13일 18시,금요일,대구광역시 달서구 송현동,경상사고,0,0,2,0,차대차 - 측면충돌,교차로운행방법위반,건조,맑음,교차로 - 교차로안,화물,남,56세,경상,이륜,남,45세,경상
2023011300100442,2023년 1월 13일 18시,금요일,대구광역시 달서구 장동,경상사고,0,0,1,0,차대차 - 측면충돌,안전거리미확보,건조,맑음,단일로 - 기타,승용,남,24세,상해없음,승용,여,59세,경상
2023011300100443,2023년 1월 13일 18시,금요일,대구광역시 북구 복현동,경상사고,0,0,1,0,차대차 - 후진중충돌,안전운전불이행,젖음/습기,흐림,단일로 - 기타,승용,남,77세,상해없음,이륜,남,20세,경상
2023011300100486,2023년 1월 13일 19시,금요일,대구광역시 수성구 지산동,경상사고,0,0,1,0,차대차 - 기타,안전운전불이행,건조,맑음,기타 - 기타,승용,남,64세,상해없음,화물,남,45세,경상
2023011300100487,2023년 1월 13일 19시,금요일,대구광역시 북구 고성동2가,경상사고,0,0,1,0,차대차 - 기타,차로위반,건조,맑음,교차로 - 교차로부근,이륜,남,24세,상해없음,이륜,남,65세,경상
2023011300100488,2023년 1월 13일 19시,금요일,대구광역시 중구 삼덕동1가,경상사고,0,0,1,0,차대사람 - 길가장자리구역통행중,안전운전불이행,건조,맑음,단일로 - 기타,승용,남,43세,상해없음,보행자,여,34세,경상
2023011300100489,2023년 1월 13일 19시,금요일,대구광역시 달서구 감삼동,경상사고,0,0,1,0,차대차 - 기타,안전운전불이행,건조,맑음,단일로 - 기타,자전거,남,59세,경상,승용,남,53세,상해없음
2023011300100515,2023년 1월 13일 20시,금요일,대구광역시 동구 신기동,중상사고,0,1,0,0,차대사람 - 횡단중,안전운전불이행,젖음/습기,흐림,단일로 - 기타,이륜,남,59세,상해없음,보행자,남,40세,중상
2023011300100516,2023년 1월 13일 20시,금요일,대구광역시 수성구 만촌동,경상사고,0,0,1,0,차대차 - 기타,신호위반,건조,맑음,기타 - 기타,승용,여,71세,상해없음,승용,남,51세,경상
2023011300100562,2023년 1월 13일 22시,금요일,대구광역시 서구 중리동,경상사고,0,0,2,0,차대차 - 추돌,안전운전불이행,건조,맑음,단일로 - 기타,승용,남,52세,상해없음,승용,여,26세,경상
2023011300100584,2023년 1월 13일 23시,금요일,대구광역시 수성구 시지동,경상사고,0,0,1,0,차대차 - 추돌,안전운전불이행,건조,맑음,단일로 - 기타,승합,남,33세,기타불명,승용,남,38세,경상
2023011400100019,2023년 1월 14일 01시,토요일,대구광역시 수성구 두산동,경상사고,0,0,1,0,차대차 - 측면충돌,안전운전불이행,젖음/습기,비,교차로 - 교차로안,승용,남,44세,상해없음,승용,남,62세,경상
2023011400100020,2023년 1월 14일 01시,토요일,대구광역시 서구 이현동,경상사고,0,0,2,0,차대차 - 추돌,안전운전불이행,젖음/습기,흐림,교차로 - 교차로부근,승용,남,48세,상해없음,승용,남,60세,경상
2023011400100048,2023년 1월 14일 05시,토요일,대구광역시 달서구 월성동,중상사고,0,1,0,0,차대사람 - 횡단중,안전운전불이행,건조,맑음,교차로 - 교차로부근,화물,남,34세,상해없음,보행자,남,65세,중상
2023011400100061,2023년 1월 14일 06시,토요일,대구광역시 북구 동천동,경상사고,0,0,1,0,차대사람 - 횡단중,보행자보호의무위반,건조,맑음,교차로 - 교차로횡단보도내,승용,남,70세,상해없음,보행자,남,19세,경상
2023011400100062,2023년 1월 14일 06시,토요일,대구광역시 북구 매천동,경상사고,0,0,1,0,차대차 - 측면충돌,안전운전불이행,건조,맑음,기타 - 기타,화물,남,45세,상해없음,화물,남,34세,경상
2023011400100089,2023년 1월 14일 08시,토요일,대구광역시 수성구 연호동,경상사고,0,0,3,0,차대차 - 측면충돌,안전운전불이행,건조,맑음,교차로 - 교차로안,승용,남,75세,상해없음,승용,남,34세,경상
2023011400100103,2023년 1월 14일 09시,토요일,대구광역시 달서구 월성동,경상사고,0,0,1,0,차량단독 - 기타,안전운전불이행,건조,맑음,단일로 - 기타,승용,남,63세,상해없음,,,,
2023011400100120,2023년 1월 14일 10시,토요일,대구광역시 수성구 범어동,중상사고,0,1,0,0,차대사람 - 길가장자리구역통행중,기타,젖음/습기,맑음,단일로 - 기타,승용,남,66세,상해없음,보행자,여,69세,중상
2023011400100121,2023년 1월 14일 10시,토요일,대구광역시 서구 비산동,경상사고,0,0,1,0,차대차 - 기타,안전운전불이행,건조,맑음,단일로 - 기타,기타불명,기타불명,미분류,기타불명,이륜,여,62세,경상
2023011400100144,2023년 1월 14일 11시,토요일,대구광역시 중구 삼덕동1가,중상사고,0,1,1,0,차대사람 - 횡단중,보행자보호의무위반,젖음/습기,비,단일로 - 기타,승용,남,62세,기타불명,보행자,남,36세,중상
2023011400100176,2023년 1월 14일 12시,토요일,대구광역시 수성구 두산동,경상사고,0,0,2,0,차대차 - 기타,직진우회전진행방해,젖음/습기,흐림,교차로 - 교차로안,승용,남,66세,상해없음,이륜,남,26세,경상
2023011400100177,2023년 1월 14일 12시,토요일,대구광역시 달서구 월성동,경상사고,0,0,1,0,차대차 - 측면충돌,안전운전불이행,건조,맑음,단일로 - 기타,승용,여,31세,상해없음,이륜,남,39세,경상
2023011400100178,2023년 1월 14일 12시,토요일,대구광역시 북구 읍내동,중상사고,0,1,0,0,차대차 - 측면충돌,안전운전불이행,건조,맑음,단일로 - 기타,승용,남,29세,상해없음,승용,남,49세,중상
2023011400100203,2023년 1월 14일 13시,토요일,대구광역시 달서구 이곡동,경상사고,0,0,1,0,차대차 - 측면충돌,안전운전불이행,건조,맑음,기타 - 기타,이륜,남,30세,상해없음,승용,여,29세,경상
2023011400100229,2023년 1월 14일 14시,토요일,대구광역시 남구 대명동,중상사고,0,1,0,0,차대차 - 추돌,중앙선침범,건조,맑음,단일로 - 기타,승용,남,80세,상해없음,승용,여,29세,중상
2023011400100230,2023년 1월 14일 14시,토요일,대구광역시 달서구 월성동,경상사고,0,0,3,0,차대차 - 측면충돌,교차로운행방법위반,건조,맑음,교차로 - 교차로안,승용,여,54세,경상,승용,남,36세,경상
2023011400100367,2023년 1월 14일 18시,토요일,대구광역시 동구 신천동,중상사고,0,1,1,0,차대사람 - 차도통행중,보행자보호의무위반,건조,맑음,교차로 - 교차로횡단보도내,승용,여,61세,상해없음,보행자,여,26세,경상
2023011400100368,2023년 1월 14일 18시,토요일,대구광역시 동구 신암동,중상사고,0,2,0,0,차대차 - 측면충돌,교차로운행방법위반,건조,맑음,교차로 - 교차로안,승용,남,43세,상해없음,이륜,남,74세,중상
2023011400100369,2023년 1월 14일 18시,토요일,대구광역시 수성구 두산동,경상사고,0,0,1,0,차대차 - 기타,안전운전불이행,젖음/습기,비,교차로 - 교차로안,승용,남,72세,상해없음,이륜,남,50세,경상
2023011400100370,2023년 1월 14일 18시,토요일,대구광역시 수성구 지산동,경상사고,0,0,1,0,차대차 - 기타,중앙선침범,젖음/습기,흐림,단일로 - 기타,승용,여,57세,상해없음,이륜,남,50세,경상
2023011400100371,2023년 1월 14일 18시,토요일,대구광역시 서구 평리동,경상사고,0,0,1,0,차대차 - 기타,기타,건조,맑음,교차로 - 교차로안,이륜,남,17세,경상,승용,남,59세,상해없음
2023011400100372,2023년 1월 14일 18시,토요일,대구광역시 달서구 감삼동,경상사고,0,0,2,0,차대차 - 측면충돌,직진우회전진행방해,건조,맑음,교차로 - 교차로안,이륜,남,47세,상해없음,승용,남,46세,경상
2023011400100462,2023년 1월 14일 21시,토요일,대구광역시 동구 신암동,중상사고,0,1,0,0,차대사람 - 횡단중,안전운전불이행,건조,맑음,단일로 - 기타,승용,여,50세,상해없음,보행자,여,72세,중상
2023011400100463,2023년 1월 14일 21시,토요일,대구광역시 수성구 범어동,경상사고,0,0,2,0,차대차 - 측면충돌,신호위반,건조,맑음,교차로 - 교차로안,화물,남,65세,상해없음,승용,남,45세,경상
2023011400100464,2023년 1월 14일 21시,토요일,대구광역시 수성구 신매동,경상사고,0,0,1,0,차대차 - 측면충돌,안전운전불이행,건조,맑음,교차로 - 교차로안,승용,남,58세,상해없음,이륜,남,48세,경상