사고번호,사고일시,요일,시군구,사고내용,사망자수,중상자수,경상자수,부상신고자수,사고유형,법규위반,노면상태,기상상태,도로형태,가해운전자 차종,가해운전자 성별,가해운전자 연령,가해운전자 상해정도,피해운전자 차종,피해운전자 성별,피해운전자 연령,피해운전자 상해정도
2023020700100481,2023년 2월 7일 20시,화요일,대구광역시 달성군 구지면,중상사고,0,1,0,0,차대사람 - 횡단중,보행자보호의무위반,건조,맑음,기타 - 기타,승용,남,59세,상해없음,보행자,남,6세,중상
2023020700100482,2023년 2월 7일 20시,화요일,대구광역시 북구 고성동3가,경상사고,0,0,1,0,차대사람 - 차도통행중,안전운전불이행,건조,맑음,교차로 - 교차로부근,승용,남,67세,상해없음,보행자,여,66세,경상
2023020700100483,2023년 2월 7일 20시,화요일,대구광역시 북구 산격동,경상사고,0,0,1,1,차대차 - 기타,안전운전불이행,건조,맑음,단일로 - 기타,승용,여,50세,부상신고,이륜,남,25세,경상
2023020700100503,2023년 2월 7일 21시,화요일,대구광역시 수성구 신매동,중상사고,0,1,0,0,차대사람 - 횡단중,신호위반,건조,맑음,단일로 - 기타,승용,남,53세,상해없음,보행자,남,55세,중상
2023020700100504,2023년 2월 7일 21시,화요일,대구광역시 서구 비산동,경상사고,0,0,3,0,차대차 - 측면충돌,신호위반,건조,맑음,교차로 - 교차로안,승용,남,32세,상해없음,승용,남,46세,경상
2023020700100505,2023년 2월 7일 21시,화요일,대구광역시 북구 구암동,중상사고,0,1,0,0,차대사람 - 차도통행중,안전운전불이행,건조,맑음,단일로 - 기타,승용,여,57세,상해없음,보행자,남,41세,중상
2023020800100009,2023년 2월 8일 00시,수요일,대구광역시 달서구 두류동,경상사고,0,0,1,0,차대차 - 측면충돌,안전운전불이행,건조,기타,교차로 - 교차로안,승용,여,58세,상해없음,이륜,남,22세,경상
2023020800100063,2023년 2월 8일 06시,수요일,대구광역시 수성구 범어동,중상사고,0,1,0,0,차대차 - 기타,안전운전불이행,건조,맑음,단일로 - 기타,건설기계,남,51세,상해없음,승용,여,44세,중상
2023020800100118,2023년 2월 8일 08시,수요일,대구광역시 달성군 구지면,경상사고,0,0,1,0,차대차 - 기타,신호위반,건조,맑음,교차로 - 교차로안,승용,남,25세,상해없음,승용,여,49세,경상
2023020800100119,2023년 2월 8일 08시,수요일,대구광역시 서구 내당동,경상사고,0,0,2,0,차대차 - 측면충돌,안전거리미확보,건조,맑음,교차로 - 교차로부근,승용,남,66세,상해없음,승합,남,58세,상해없음
2023020800100120,2023년 2월 8일 08시,수요일,대구광역시 북구 서변동,경상사고,0,0,1,0,차대사람 - 횡단중,보행자보호의무위반,건조,맑음,교차로 - 교차로횡단보도내,승용,남,25세,상해없음,보행자,남,47세,경상
2023020800100154,2023년 2월 8일 09시,수요일,대구광역시 남구 대명동,부상신고사고,0,0,0,1,차대차 - 추돌,안전거리미확보,건조,맑음,단일로 - 기타,승용,여,65세,상해없음,승용,여,61세,부상신고
2023020800100155,2023년 2월 8일 09시,수요일,대구광역시 수성구 황금동,경상사고,0,0,1,0,차대사람 - 길가장자리구역통행중,보행자보호의무위반,건조,맑음,단일로 - 기타,승용,여,31세,상해없음,보행자,여,41세,경상
2023020800100156,2023년 2월 8일 09시,수요일,대구광역시 북구 침산동,경상사고,0,0,1,0,차대차 - 측면충돌,안전운전불이행,건조,맑음,교차로 - 교차로안,승용,여,29세,상해없음,승용,남,25세,경상
2023020800100177,2023년 2월 8일 10시,수요일,대구광역시 중구 남산동,중상사고,0,1,0,0,차대사람 - 횡단중,안전운전불이행,건조,맑음,교차로 - 교차로부근,승용,남,67세,상해없음,보행자,여,76세,중상
2023020800100178,2023년 2월 8일 10시,수요일,대구광역시 북구 태전동,경상사고,0,0,1,0,차대차 - 추돌,안전운전불이행,건조,맑음,단일로 - 지하차도(도로)내,승용,남,51세,상해없음,승용,여,49세,경상
2023020800100204,2023년 2월 8일 11시,수요일,대구광역시 중구 포정동,중상사고,0,1,0,0,차대사람 - 길가장자리구역통행중,안전운전불이행,건조,맑음,단일로 - 기타,승용,여,75세,상해없음,보행자,남,49세,중상
2023020800100255,2023년 2월 8일 13시,수요일,대구광역시 달서구 성당동,중상사고,0,2,0,0,차대차 - 기타,교차로운행방법위반,건조,맑음,교차로 - 교차로안,승용,남,62세,상해없음,승용,남,80세,중상
2023020800100316,2023년 2월 8일 15시,수요일,대구광역시 남구 봉덕동,경상사고,0,0,1,0,차대차 - 측면충돌,신호위반,건조,맑음,교차로 - 교차로부근,승용,남,71세,상해없음,승용,남,54세,경상
2023020800100317,2023년 2월 8일 15시,수요일,대구광역시 동구 신암동,경상사고,0,0,1,1,차대차 - 추돌,안전운전불이행,건조,맑음,교차로 - 교차로부근,이륜,남,29세,부상신고,승용,여,48세,경상
2023020800100318,2023년 2월 8일 15시,수요일,대구광역시 동구 신암동,부상신고사고,0,0,0,1,차대사람 - 보도통행중,안전운전불이행,건조,맑음,단일로 - 기타,화물,남,59세,상해없음,보행자,남,8세,부상신고
2023020800100351,2023년 2월 8일 16시,수요일,대구광역시 서구 내당동,경상사고,0,0,1,0,차대차 - 추돌,안전운전불이행,건조,맑음,교차로 - 교차로안,승용,남,43세,상해없음,이륜,남,36세,경상
2023020800100378,2023년 2월 8일 17시,수요일,대구광역시 수성구 황금동,경상사고,0,0,2,0,차대차 - 측면충돌,안전거리미확보,건조,맑음,교차로 - 교차로안,승용,여,36세,경상,승용,여,38세,경상
2023020800100379,2023년 2월 8일 17시,수요일,대구광역시 수성구 범물동,경상사고,0,0,1,0,차대차 - 측면충돌,교차로운행방법위반,건조,맑음,교차로 - 교차로안,승용,여,59세,상해없음,승용,남,61세,경상
2023020800100381,2023년 2월 8일 17시,수요일,대구광역시 달서구 이곡동,경상사고,0,0,2,0,차대차 - 측면충돌,안전운전불이행,건조,맑음,단일로 - 기타,승용,여,43세,경상,승용,남,36세,경상
2023020800100423,2023년 2월 8일 18시,수요일,대구광역시 남구 대명동,중상사고,0,1,0,0,차대사람 - 횡단중,보행자보호의무위반,건조,맑음,교차로 - 교차로안,승용,남,54세,상해없음,보행자,여,74세,중상
2023020800100424,2023년 2월 8일 18시,수요일,대구광역시 수성구 황금동,경상사고,0,0,1,0,차대차 - 측면충돌,안전운전불이행,건조,맑음,단일로 - 기타,화물,남,41세,상해없음,자전거,남,23세,경상
2023020800100425,2023년 2월 8일 18시,수요일,대구광역시 수성구 사월동,경상사고,0,0,2,0,차대차 - 정면충돌,직진우회전진행방해,건조,맑음,교차로 - 교차로부근,승용,여,42세,상해없음,승용,여,31세,경상
2023020800100426,2023년 2월 8일 18시,수요일,대구광역시 북구 산격동,경상사고,0,0,2,0,차대차 - 측면충돌,교차로운행방법위반,건조,맑음,교차로 - 교차로안,화물,남,70세,상해없음,승용,여,21세,경상
2023020800100427,2023년 2월 8일 18시,수요일,대구광역시 서구 이현동,중상사고,0,1,2,0,차대차 - 측면충돌,신호위반,건조,맑음,교차로 - 교차로안,승용,여,59세,상해없음,승합,남,61세,상해없음
2023020800100460,2023년 2월 8일 19시,수요일,대구광역시 동구 방촌동,중상사고,0,1,0,0,차대차 - 측면충돌,신호위반,건조,맑음,교차로 - 교차로안,승용,남,46세,기타불명,이륜,남,65세,중상
2023020800100461,2023년 2월 8일 19시,수요일,대구광역시 북구 산격동,경상사고,0,0,1,0,차대차 - 기타,안전운전불이행,건조,맑음,단일로 - 기타,기타불명,기타불명,미분류,기타불명,이륜,남,42세,경상
2023020800100477,2023년 2월 8일 20시,수요일,대구광역시 수성구 매호동,중상사고,0,1,0,0,차대차 - 기타,안전운전불이행,건조,맑음,교차로 - 교차로안,승용,남,59세,상해없음,자전거,여,80세,중상
2023020800100478,2023년 2월 8일 20시,수요일,대구광역시 수성구 고모동,중상사고,0,1,0,0,차대차 - 측면충돌,안전운전불이행,건조,맑음,교차로 - 교차로안,승용,남,49세,상해없음,승용,남,33세,중상
2023020800100504,2023년 2월 8일 21시,수요일,대구광역시 동구 효목동,부상신고사고,0,0,0,2,차대차 - 측면충돌,안전거리미확보,건조,맑음,단일로 - 기타,승용,남,21세,상해없음,승용,여,41세,부상신고
2023020800100505,2023년 2월 8일 21시,수요일,대구광역시 달서구 호산동,경상사고,0,0,1,0,차대차 - 측면충돌,안전운전불이행,건조,맑음,교차로 - 교차로부근,승용,여,25세,상해없음,이륜,여,36세,경상
2023020800100520,2023년 2월 8일 22시,수요일,대구광역시 북구 동천동,경상사고,0,0,1,0,차대차 - 기타,안전거리미확보,건조,맑음,교차로 - 교차로부근,기타불명,기타불명,미분류,기타불명,승용,남,50세,경상
2023020800100536,2023년 2월 8일 23시,수요일,대구광역시 수성구 중동,경상사고,0,0,1,0,차대차 - 기타,안전운전불이행,기타,기타,미분류 - 미분류,기타불명,기타불명,미분류,기타불명,승용,여,47세,경상
2023020900100022,2023년 2월 9일 02시,목요일,대구광역시 수성구 시지동,경상사고,0,0,2,0,차대차 - 기타,안전운전불이행,건조,맑음,단일로 - 기타,승용,남,35세,상해없음,승용,여,36세,경상
2023020900100040,2023년 2월 9일 06시,목요일,대구광역시 북구 구암동,경상사고,0,0,1,0,차대차 - 측면충돌,신호위반,건조,맑음,교차로 - 교차로안,승용,남,65세,상해없음,승용,남,19세,경상
2023020900100106,2023년 2월 9일 09시,목요일,대구광역시 달성군 논공읍,중상사고,0,1,0,0,차대사람 - 기타,안전운전불이행,건조,맑음,단일로 - 기타,화물,남,58세,상해없음,보행자,여,79세,중상
2023020900100128,2023년 2월 9일 10시,목요일,대구광역시 수성구 범어동,중상사고,0,2,1,0,차대차 - 측면충돌,신호위반,건조,맑음,교차로 - 교차로안,승용,남,67세,상해없음,이륜,남,73세,경상
2023020900100156,2023년 2월 9일 11시,목요일,대구광역시 달서구 송현동,중상사고,0,1,2,0,차대차 - 기타,안전운전불이행,건조,맑음,단일로 - 기타,승용,남,31세,경상,승용,여,48세,중상
2023020900100157,2023년 2월 9일 11시,목요일,대구광역시 북구 복현동,경상사고,0,0,1,0,차대차 - 기타,교차로운행방법위반,건조,맑음,교차로 - 교차로안,승용,여,58세,상해없음,이륜,남,63세,경상
2023020900100158,2023년 2월 9일 11시,목요일,대구광역시 북구 동천동,경상사고,0,0,4,0,차대차 - 추돌,안전운전불이행,건조,맑음,단일로 - 기타,화물,남,56세,상해없음,승용,남,63세,경상
2023020900100189,2023년 2월 9일 12시,목요일,대구광역시 수성구 삼덕동,경상사고,0,0,1,0,차대차 - 측면충돌,안전운전불이행,건조,맑음,교차로 - 교차로부근,승용,남,67세,상해없음,승용,남,43세,경상
2023020900100217,2023년 2월 9일 13시,목요일,대구광역시 동구 신기동,경상사고,0,0,1,0,차대차 - 측면충돌,안전운전불이행,건조,맑음,단일로 - 기타,이륜,남,17세,상해없음,자전거,남,12세,경상
2023020900100267,2023년 2월 9일 15시,목요일,대구광역시 동구 불로동,경상사고,0,0,2,0,차대차 - 측면충돌,안전운전불이행,건조,맑음,단일로 - 지하차도(도로)내,승용,남,59세,상해없음,승용,여,36세,경상
2023020900100268,2023년 2월 9일 15시,목요일,대구광역시 수성구 고모동,중상사고,0,1,0,0,차량단독 - 공작물충돌,안전운전불이행,건조,맑음,교차로 - 교차로부근,승합,남,80세,중상,,,,
2023020900100298,2023년 2월 9일 16시,목요일,대구광역시 서구 내당동,경상사고,0,0,1,0,차대차 - 측면충돌,안전운전불이행,건조,맑음,단일로 - 기타,화물,남,55세,상해없음,승용,남,73세,경상
2023020900100322,2023년 2월 9일 17시,목요일,대구광역시 서구 내당동,경상사고,0,0,1,0,차대차 - 기타,안전거리미확보,건조,맑음,단일로 - 기타,화물,남,57세,상해없음,승용,여,39세,경상
2023020900100358,2023년 2월 9일 18시,목요일,대구광역시 수성구 범물동,중상사고,0,1,0,0,차대사람 - 횡단중,보행자보호의무위반,건조,맑음,교차로 - 교차로횡단보도내,승용,남,59세,상해없음,보행자,여,57세,중상
2023020900100359,2023년 2월 9일 18시,목요일,대구광역시 달서구 송현동,경상사고,0,0,1,0,차대차 - 측면충돌,교차로운행방법위반,건조,맑음,교차로 - 교차로안,승용,남,57세,상해없음,승용,남,62세,경상
2023020900100360,2023년 2월 9일 18시,목요일,대구광역시 북구 침산동,경상사고,0,0,1,0,차대차 - 추돌,안전운전불이행,건조,맑음,단일로 - 기타,승용,남,79세,상해없음,승용,여,45세,경상
2023020900100398,2023년 2월 9일 19시,목요일,대구광역시 수성구 중동,중상사고,0,1,0,0,차대차 - 측면충돌,신호위반,건조,맑음,교차로 - 교차로안,승용,여,39세,상해없음,이륜,남,46세,중상
2023020900100399,2023년 2월 9일 19시,목요일,대구광역시 중구 삼덕동3가,중상사고,0,1,0,0,차대사람 - 기타,기타,건조,맑음,단일로 - 기타,승용,여,41세,상해없음,보행자,여,53세,중상
2023020900100400,2023년 2월 9일 19시,목요일,대구광역시 북구 동천동,중상사고,0,1,1,0,차대차 - 측면충돌,안전운전불이행,건조,맑음,교차로 - 교차로안,승용,남,50세,상해없음,승용,남,58세,중상
2023020900100427,2023년 2월 9일 20시,목요일,대구광역시 동구 신천동,경상사고,0,0,1,0,차대차 - 측면충돌,안전거리미확보,건조,맑음,단일로 - 기타,승용,여,43세,상해없음,승용,남,60세,경상
2023020900100428,2023년 2월 9일 20시,목요일,대구광역시 중구 동산동,경상사고,0,0,1,0,차대차 - 기타,안전운전불이행,건조,맑음,단일로 - 기타,승용,여,33세,상해없음,자전거,남,56세,경상
2023020900100451,2023년 2월 9일 21시,목요일,대구광역시 남구 봉덕동,경상사고,0,0,1,0,차대차 - 기타,안전거리미확보,건조,맑음,교차로 - 교차로안,승용,남,74세,상해없음,승용,남,43세,경상
2023020900100452,2023년 2월 9일 21시,목요일,대구광역시 북구 구암동,중상사고,0,1,0,0,차대사람 - 횡단중,보행자보호의무위반,젖음/습기,흐림,단일로 - 지하차도(도로)내,이륜,남,17세,상해없음,보행자,여,18세,중상
2023020900100481,2023년 2월 9일 22시,목요일,대구광역시 달서구 성당동,중상사고,0,1,0,0,차대차 - 정면충돌,신호위반,젖음/습기,맑음,교차로 - 교차로안,화물,남,59세,상해없음,이륜,남,61세,중상
2023020900100499,2023년 2월 9일 23시,목요일,대구광역시 수성구 범어동,경상사고,0,0,1,1,차대차 - 후진중충돌,안전운전불이행,건조,맑음,단일로 - 기타,승용,남,54세,상해없음,승용,남,49세,경상
2023021000100023,2023년 2월 10일 01시,금요일,대구광역시 동구 신천동,중상사고,0,3,12,0,차대차 - 정면충돌,중앙선침범,건조,맑음,단일로 - 기타,승용,남,36세,상해없음,승용,남,68세,경상
2023021000100027,2023년 2월 10일 02시,금요일,대구광역시 남구 봉덕동,중상사고,0,1,0,0,차대사람 - 차도통행중,안전운전불이행,젖음/습기,비,단일로 - 기타,승용,남,74세,상해없음,보행자,남,54세,중상
2023021000100050,2023년 2월 10일 05시,금요일,대구광역시 북구 복현동,경상사고,0,0,1,0,차대차 - 기타,교차로운행방법위반,건조,맑음,교차로 - 교차로안,승용,여,60세,상해없음,승용,남,67세,경상
2023021000100068,2023년 2월 10일 06시,금요일,대구광역시 수성구 두산동,중상사고,0,1,0,0,차대사람 - 횡단중,신호위반,젖음/습기,비,교차로 - 교차로안,승용,남,72세,상해없음,보행자,남,32세,중상
2023021000100069,2023년 2월 10일 06시,금요일,대구광역시 수성구 황금동,부상신고사고,0,0,0,1,차대차 - 기타,안전운전불이행,젖음/습기,비,단일로 - 기타,승용,남,33세,상해없음,승용,남,32세,부상신고
2023021000100070,2023년 2월 10일 06시,금요일,대구광역시 중구 동인동4가,경상사고,0,0,1,0,차대차 - 기타,신호위반,젖음/습기,비,교차로 - 교차로안,승용,여,42세,상해없음,승용,남,46세,경상
2023021000100071,2023년 2월 10일 06시,금요일,대구광역시 북구 읍내동,경상사고,0,0,2,0,차대차 - 측면충돌,안전운전불이행,건조,흐림,단일로 - 지하차도(도로)내,승용,남,65세,경상,화물,남,65세,경상
2023021000100094,2023년 2월 10일 07시,금요일,대구광역시 서구 원대동3가,중상사고,0,1,0,0,차대사람 - 횡단중,안전운전불이행,젖음/습기,비,교차로 - 교차로횡단보도내,화물,남,57세,상해없음,보행자,여,49세,중상
2023021000100095,2023년 2월 10일 07시,금요일,대구광역시 달서구 용산동,경상사고,0,0,1,0,차대사람 - 기타,안전운전불이행,젖음/습기,눈,단일로 - 기타,승용,남,64세,상해없음,보행자,여,52세,경상
2023021000100122,2023년 2월 10일 08시,금요일,대구광역시 달서구 대곡동,중상사고,0,1,0,0,차대사람 - 횡단중,안전운전불이행,건조,맑음,교차로 - 교차로부근,승용,여,31세,상해없음,보행자,여,48세,중상
2023021000100148,2023년 2월 10일 09시,금요일,대구광역시 수성구 수성동2가,부상신고사고,0,0,0,1,차대차 - 측면충돌,안전거리미확보,건조,맑음,단일로 - 기타,승용,남,28세,상해없음,승용,남,56세,부상신고
2023021000100171,2023년 2월 10일 10시,금요일,대구광역시 수성구 두산동,경상사고,0,0,1,0,차대사람 - 횡단중,보행자보호의무위반,건조,맑음,교차로 - 교차로횡단보도내,승용,남,50세,상해없음,보행자,여,14세,경상
2023021000100264,2023년 2월 10일 14시,금요일,대구광역시 북구 대현동,경상사고,0,0,2,0,차대차 - 추돌,안전운전불이행,건조,맑음,단일로 - 기타,승용,여,25세,상해없음,승용,여,62세,경상
2023021000100265,2023년 2월 10일 14시,금요일,대구광역시 달서구 이곡동,경상사고,0,0,1,0,차대차 - 기타,안전거리미확보,건조,맑음,단일로 - 기타,화물,남,66세,상해없음,승용,남,54세,경상
2023021000100285,2023년 2월 10일 15시,금요일,대구광역시 달서구 송현동,경상사고,0,0,1,0,차대차 - 측면충돌,안전운전불이행,건조,맑음,단일로 - 기타,승용,남,58세,상해없음,승용,여,25세,경상
2023021000100316,2023년 2월 10일 16시,금요일,대구광역시 달성군 구지면,경상사고,0,0,1,0,차대차 - 기타,안전운전불이행,건조,맑음,단일로 - 기타,승용,여,32세,상해없음,이륜,남,39세,경상
2023021000100317,2023년 2월 10일 16시,금요일,대구광역시 달성군 화원읍,경상사고,0,0,1,0,차대차 - 추돌,안전운전불이행,건조,맑음,단일로 - 기타,건설기계,남,59세,상해없음,승용,여,50세,경상
2023021000100352,2023년 2월 10일 17시,금요일,대구광역시 북구 조야동,경상사고,0,0,1,0,차대차 - 추돌,안전운전불이행,건조,맑음,기타 - 기타,특수,남,41세,상해없음,승용,남,33세,경상
2023021000100355,2023년 2월 10일 17시,금요일,대구광역시 동구 율하동,경상사고,0,0,1,0,차대차 - 정면충돌,안전운전불이행,건조,맑음,단일로 - 기타,승용,남,31세,상해없음,승용,남,39세,경상
2023021000100356,2023년 2월 10일 17시,금요일,대구광역시 달서구 호산동,경상사고,0,0,2,0,차대차 - 기타,직진우회전진행방해,건조,맑음,교차로 - 교차로안,이륜,남,25세,경상,승용,여,39세,경상
2023021000100400,2023년 2월 10일 18시,금요일,대구광역시 동구 효목동,중상사고,0,1,0,0,차대사람 - 보도통행중,안전운전불이행,건조,맑음,단일로 - 기타,자전거,남,14세,상해없음,보행자,여,55세,중상
2023021000100401,2023년 2월 10일 18시,금요일,대구광역시 수성구 연호동,경상사고,0,0,1,0,차대차 - 측면충돌,안전거리미확보,건조,맑음,단일로 - 기타,승용,남,64세,상해없음,승용,여,31세,경상
2023021000100402,2023년 2월 10일 18시,금요일,대구광역시 달서구 성당동,경상사고,0,0,1,0,차대사람 - 기타,안전운전불이행,건조,맑음,단일로 - 기타,승용,남,50세,상해없음,보행자,남,48세,경상
2023021000100403,2023년 2월 10일 18시,금요일,대구광역시 북구 태전동,경상사고,0,0,2,0,차대차 - 측면충돌,안전운전불이행,건조,맑음,단일로 - 기타,승용,남,45세,기타불명,승용,남,58세,경상
2023021000100448,2023년 2월 10일 19시,금요일,대구광역시 동구 신천동,경상사고,0,0,1,0,차대차 - 후진중충돌,안전운전불이행,건조,맑음,교차로 - 교차로부근,승용,남,61세,상해없음,승용,남,22세,경상
2023021000100449,2023년 2월 10일 19시,금요일,대구광역시 수성구 두산동,경상사고,0,0,2,0,차대차 - 측면충돌,안전거리미확보,건조,맑음,단일로 - 기타,승용,여,44세,경상,승용,남,67세,경상
2023021000100450,2023년 2월 10일 19시,금요일,대구광역시 수성구 황금동,경상사고,0,0,2,0,차대차 - 추돌,안전운전불이행,건조,맑음,단일로 - 기타,승용,여,56세,기타불명,승용,여,77세,경상
2023021000100451,2023년 2월 10일 19시,금요일,대구광역시 수성구 황금동,중상사고,0,1,0,0,차대차 - 측면충돌,안전운전불이행,건조,맑음,단일로 - 기타,승용,여,50세,상해없음,자전거,남,18세,중상
2023021000100452,2023년 2월 10일 19시,금요일,대구광역시 달서구 용산동,경상사고,0,0,1,0,차대차 - 측면충돌,불법유턴,건조,맑음,교차로 - 교차로부근,승용,남,60세,상해없음,이륜,남,42세,경상
2023021000100486,2023년 2월 10일 20시,금요일,대구광역시 수성구 지산동,경상사고,0,0,1,0,차대차 - 기타,안전운전불이행,건조,맑음,기타 - 기타,승용,여,51세,상해없음,승용,여,49세,경상
2023021000100487,2023년 2월 10일 20시,금요일,대구광역시 달서구 호림동,중상사고,0,1,0,0,차대차 - 측면충돌,안전운전불이행,건조,맑음,교차로 - 교차로부근,승용,여,51세,상해없음,승용,여,63세,중상
2023021000100512,2023년 2월 10일 21시,금요일,대구광역시 수성구 만촌동,경상사고,0,0,1,0,차대차 - 추돌,안전운전불이행,건조,맑음,교차로 - 교차로부근,이륜,남,34세,기타불명,승용,남,52세,경상
2023021000100513,2023년 2월 10일 21시,금요일,대구광역시 달성군 다사읍,중상사고,0,1,1,0,차대차 - 기타,안전운전불이행,건조,맑음,기타 - 기타,이륜,남,48세,중상,승용,남,49세,경상
2023021000100530,2023년 2월 10일 22시,금요일,대구광역시 수성구 두산동,경상사고,0,0,1,0,차대사람 - 길가장자리구역통행중,안전운전불이행,기타,기타,단일로 - 기타,기타불명,기타불명,미분류,기타불명,보행자,남,26세,경상
2023021000100531,2023년 2월 10일 22시,금요일,대구광역시 수성구 중동,중상사고,0,1,0,0,차대차 - 측면충돌,안전거리미확보,건조,맑음,단일로 - 기타,승합,남,62세,상해없음,승용,남,36세,중상
2023021000100532,2023년 2월 10일 22시,금요일,대구광역시 서구 비산동,부상신고사고,0,0,0,3,차대차 - 추돌,안전운전불이행,건조,맑음,단일로 - 기타,승용,남,56세,상해없음,승용,남,65세,상해없음
2023021000100533,2023년 2월 10일 22시,금요일,대구광역시 달서구 신당동,중상사고,0,1,0,0,차대차 - 정면충돌,신호위반,건조,맑음,교차로 - 교차로안,승용,여,31세,상해없음,이륜,남,40세,중상
2023021000100555,2023년 2월 10일 23시,금요일,대구광역시 북구 태전동,경상사고,0,0,1,0,차대사람 - 횡단중,안전운전불이행,건조,맑음,단일로 - 기타,승용,남,72세,상해없음,보행자,남,45세,경상
2023021100100026,2023년 2월 11일 01시,토요일,대구광역시 달성군 가창면,중상사고,0,2,0,0,차량단독 - 공작물충돌,기타,건조,맑음,단일로 - 기타,승용,남,19세,중상,,,,
2023021100100027,2023년 2월 11일 01시,토요일,대구광역시 달서구 감삼동,중상사고,0,1,2,0,차대차 - 측면충돌,안전운전불이행,건조,맑음,단일로 - 기타,승용,남,68세,상해없음,승용,남,60세,기타불명
2023021100100038,2023년 2월 11일 02시,토요일,대구광역시 달서구 상인동,경상사고,0,0,1,0,차대사람 - 기타,안전운전불이행,건조,맑음,단일로 - 기타,승용,남,25세,상해없음,보행자,남,24세,경상
2023021100100039,2023년 2월 11일 02시,토요일,대구광역시 달서구 본리동,경상사고,0,0,1,0,차대차 - 기타,안전운전불이행,건조,맑음,교차로 - 교차로횡단보도내,승용,남,66세,상해없음,원동기,남,60세,경상
2023021100100079,2023년 2월 11일 06시,토요일,대구광역시 동구 효목동,경상사고,0,0,1,0,차대사람 - 기타,안전운전불이행,건조,흐림,단일로 - 기타,승용,남,42세,상해없음,보행자,남,68세,경상
2023021100100080,2023년 2월 11일 06시,토요일,대구광역시 중구 대봉동,경상사고,0,0,4,0,차대차 - 추돌,안전운전불이행,건조,맑음,교차로 - 교차로부근,화물,남,30세,경상,화물,남,43세,경상
2023021100100081,2023년 2월 11일 06시,토요일,대구광역시 달서구 성당동,중상사고,0,1,0,0,차대차 - 기타,안전운전불이행,건조,맑음,단일로 - 기타,원동기,남,26세,중상,승합,남,68세,상해없음
2023021100100089,2023년 2월 11일 07시,토요일,대구광역시 수성구 범물동,경상사고,0,0,2,0,차대차 - 기타,안전운전불이행,건조,맑음,단일로 - 기타,승용,남,49세,경상,승용,남,63세,경상
2023021100100135,2023년 2월 11일 10시,토요일,대구광역시 동구 동호동,경상사고,0,0,1,0,차대차 - 측면충돌,안전운전불이행,건조,맑음,단일로 - 지하차도(도로)내,승용,여,50세,상해없음,승용,여,60세,경상
2023021100100159,2023년 2월 11일 11시,토요일,대구광역시 수성구 신매동,경상사고,0,0,1,0,차대차 - 정면충돌,중앙선침범,건조,맑음,교차로 - 교차로부근,승용,여,57세,상해없음,승합,남,61세,경상
2023021100100160,2023년 2월 11일 11시,토요일,대구광역시 달서구 이곡동,중상사고,0,1,0,0,차대사람 - 기타,보행자보호의무위반,건조,맑음,단일로 - 기타,화물,남,62세,상해없음,보행자,남,64세,중상
2023021100100216,2023년 2월 11일 13시,토요일,대구광역시 동구 신천동,경상사고,0,0,1,0,차대차 - 측면충돌,안전운전불이행,건조,맑음,단일로 - 기타,승합,남,62세,상해없음,승용,남,27세,경상
2023021100100240,2023년 2월 11일 14시,토요일,대구광역시 동구 덕곡동,경상사고,0,0,1,0,차대차 - 정면충돌,불법유턴,건조,맑음,교차로 - 교차로부근,승용,여,68세,기타불명,승용,여,48세,경상
2023021100100241,2023년 2월 11일 14시,토요일,대구광역시 동구 지묘동,경상사고,0,0,1,0,차대사람 - 기타,안전운전불이행,건조,맑음,교차로 - 교차로횡단보도내,승용,남,59세,상해없음,보행자,여,26세,경상
2023021100100242,2023년 2월 11일 14시,토요일,대구광역시 달서구 대곡동,경상사고,0,0,3,0,차대차 - 추돌,안전거리미확보,건조,맑음,단일로 - 기타,승용,남,51세,상해없음,승용,남,42세,경상
2023021100100265,2023년 2월 11일 15시,토요일,대구광역시 동구 검사동,경상사고,0,0,1,0,차대차 - 측면충돌,안전거리미확보,건조,맑음,단일로 - 교량,승용,남,26세,상해없음,승용,남,58세,경상
2023021100100300,2023년 2월 11일 16시,토요일,대구광역시 남구 대명동,중상사고,0,1,0,0,차대차 - 추돌,안전운전불이행,건조,맑음,교차로 - 교차로안,승용,여,63세,상해없음,승용,남,25세,중상
2023021100100301,2023년 2월 11일 16시,토요일,대구광역시 수성구 파동,부상신고사고,0,0,0,1,차량단독 - 기타,기타,건조,맑음,기타 - 기타,승합,남,50세,상해없음,,,,
2023021100100321,2023년 2월 11일 17시,토요일,대구광역시 중구 동인동2가,경상사고,0,0,2,0,차대차 - 기타,안전운전불이행,건조,맑음,교차로 - 교차로부근,승용,남,44세,상해없음,승용,여,27세,경상
2023021100100322,2023년 2월 11일 17시,토요일,대구광역시 북구 국우동,경상사고,0,0,1,0,차대차 - 측면충돌,신호위반,건조,맑음,교차로 - 교차로부근,이륜,남,32세,경상,승용,남,52세,상해없음
2023021100100346,2023년 2월 11일 18시,토요일,대구광역시 수성구 황금동,중상사고,0,1,0,0,차대차 - 정면충돌,중앙선침범,건조,맑음,단일로 - 기타,승용,남,53세,상해없음,이륜,남,25세,중상
2023021100100427,2023년 2월 11일 21시,토요일,대구광역시 동구 숙천동,부상신고사고,0,0,0,1,차량단독 - 공작물충돌,안전운전불이행,건조,맑음,교차로 - 교차로부근,이륜,남,67세,부상신고,,,,
2023021100100449,2023년 2월 11일 22시,토요일,대구광역시 달성군 다사읍,경상사고,0,0,2,0,차대차 - 기타,안전운전불이행,건조,맑음,기타 - 기타,특수,남,61세,경상,승용,여,45세,경상