사고번호,사고일시,요일,시군구,사고내용,사망자수,중상자수,경상자수,부상신고자수,사고유형,법규위반,노면상태,기상상태,도로형태,가해운전자 차종,가해운전자 성별,가해운전자 연령,가해운전자 상해정도,피해운전자 차종,피해운전자 성별,피해운전자 연령,피해운전자 상해정도
2023021600100254,2023년 2월 16일 15시,목요일,대구광역시 동구 율하동,경상사고,0,0,2,0,차대차 - 추돌,안전거리미확보,건조,맑음,교차로 - 교차로부근,화물,남,48세,상해없음,승용,여,59세,경상
2023021600100255,2023년 2월 16일 15시,목요일,대구광역시 서구 중리동,경상사고,0,0,3,0,차대차 - 측면충돌,직진우회전진행방해,건조,맑음,교차로 - 교차로안,승용,남,46세,경상,승용,남,64세,경상
2023021600100273,2023년 2월 16일 16시,목요일,대구광역시 남구 대명동,경상사고,0,0,1,0,차대차 - 기타,안전운전불이행,건조,맑음,단일로 - 기타,자전거,남,68세,경상,승합,남,43세,상해없음
2023021600100274,2023년 2월 16일 16시,목요일,대구광역시 북구 침산동,중상사고,0,1,0,0,차대차 - 측면충돌,차로위반,건조,맑음,교차로 - 교차로부근,승용,여,42세,상해없음,이륜,남,29세,중상
2023021600100303,2023년 2월 16일 17시,목요일,대구광역시 수성구 황금동,경상사고,0,0,1,0,차량단독 - 기타,기타,건조,맑음,단일로 - 기타,승합,남,53세,상해없음,,,,
2023021600100374,2023년 2월 16일 19시,목요일,대구광역시 달서구 본리동,경상사고,0,0,1,0,차대차 - 측면충돌,안전운전불이행,건조,맑음,단일로 - 기타,승용,남,39세,상해없음,이륜,남,41세,경상
2023021600100375,2023년 2월 16일 19시,목요일,대구광역시 달서구 성당동,경상사고,0,0,1,0,차대차 - 측면충돌,안전운전불이행,건조,맑음,단일로 - 기타,승용,여,65세,상해없음,승용,남,23세,경상
2023021600100404,2023년 2월 16일 20시,목요일,대구광역시 동구 동호동,경상사고,0,0,1,0,차대차 - 추돌,안전거리미확보,건조,맑음,단일로 - 기타,승용,남,60세,상해없음,승용,남,39세,경상
2023021600100405,2023년 2월 16일 20시,목요일,대구광역시 수성구 두산동,경상사고,0,0,1,0,차대차 - 기타,안전운전불이행,건조,맑음,기타 - 기타,승용,남,60세,상해없음,이륜,남,28세,경상
2023021600100446,2023년 2월 16일 22시,목요일,대구광역시 달성군 현풍읍,경상사고,0,0,1,0,차대차 - 기타,신호위반,건조,맑음,기타 - 기타,승용,남,52세,상해없음,승용,남,32세,경상
2023021700100054,2023년 2월 17일 06시,금요일,대구광역시 수성구 만촌동,경상사고,0,0,2,0,차대차 - 측면충돌,안전거리미확보,건조,맑음,단일로 - 기타,화물,남,37세,상해없음,승용,남,59세,경상
2023021700100063,2023년 2월 17일 07시,금요일,대구광역시 북구 국우동,경상사고,0,0,1,0,차대차 - 측면충돌,안전운전불이행,건조,맑음,단일로 - 기타,화물,남,35세,상해없음,승용,여,30세,경상
2023021700100089,2023년 2월 17일 08시,금요일,대구광역시 달서구 신당동,경상사고,0,0,1,0,차대차 - 측면충돌,불법유턴,건조,맑음,교차로 - 교차로부근,승용,여,54세,상해없음,승용,여,38세,경상
2023021700100113,2023년 2월 17일 09시,금요일,대구광역시 수성구 지산동,경상사고,0,0,2,0,차대차 - 추돌,안전운전불이행,건조,맑음,교차로 - 교차로안,승용,여,59세,경상,승용,여,24세,경상
2023021700100114,2023년 2월 17일 09시,금요일,대구광역시 수성구 신매동,중상사고,0,1,0,0,차량단독 - 공작물충돌,안전운전불이행,건조,맑음,단일로 - 기타,건설기계,남,40세,중상,,,,
2023021700100115,2023년 2월 17일 09시,금요일,대구광역시 달성군 유가읍,경상사고,0,0,1,0,차대차 - 측면충돌,안전운전불이행,건조,맑음,단일로 - 기타,화물,남,39세,상해없음,원동기,남,78세,경상
2023021700100116,2023년 2월 17일 09시,금요일,대구광역시 서구 원대동1가,경상사고,0,0,1,0,차대차 - 추돌,안전운전불이행,건조,맑음,교차로 - 교차로부근,승용,남,58세,상해없음,화물,남,54세,경상
2023021700100134,2023년 2월 17일 10시,금요일,대구광역시 남구 대명동,경상사고,0,0,1,0,차대사람 - 차도통행중,안전운전불이행,건조,맑음,단일로 - 기타,승용,남,78세,상해없음,보행자,남,58세,경상
2023021700100135,2023년 2월 17일 10시,금요일,대구광역시 남구 대명동,경상사고,0,0,1,0,차대차 - 측면충돌,안전운전불이행,건조,맑음,교차로 - 교차로안,자전거,여,26세,경상,승용,남,68세,상해없음
2023021700100136,2023년 2월 17일 10시,금요일,대구광역시 달서구 도원동,경상사고,0,0,1,0,차대사람 - 횡단중,안전운전불이행,건조,맑음,교차로 - 교차로부근,승용,여,61세,상해없음,보행자,여,66세,경상
2023021700100137,2023년 2월 17일 10시,금요일,대구광역시 달서구 성당동,경상사고,0,0,1,0,차대차 - 추돌,안전운전불이행,건조,흐림,단일로 - 기타,승용,남,49세,상해없음,화물,남,40세,경상
2023021700100188,2023년 2월 17일 12시,금요일,대구광역시 달서구 감삼동,경상사고,0,0,1,0,차대사람 - 기타,안전운전불이행,건조,맑음,단일로 - 기타,승합,남,51세,상해없음,보행자,여,67세,경상
2023021700100204,2023년 2월 17일 13시,금요일,대구광역시 수성구 중동,경상사고,0,0,1,0,차대차 - 추돌,안전운전불이행,건조,맑음,교차로 - 교차로부근,승용,여,65세,상해없음,승용,남,27세,경상
2023021700100205,2023년 2월 17일 13시,금요일,대구광역시 중구 대봉동,부상신고사고,0,0,0,1,차대차 - 측면충돌,불법유턴,건조,맑음,교차로 - 교차로부근,자전거,남,42세,부상신고,화물,남,65세,상해없음
2023021700100235,2023년 2월 17일 14시,금요일,대구광역시 달서구 두류동,경상사고,0,0,2,0,차대차 - 기타,안전운전불이행,건조,맑음,교차로 - 교차로안,승용,남,66세,상해없음,승용,남,27세,경상
2023021700100259,2023년 2월 17일 15시,금요일,대구광역시 동구 용계동,경상사고,0,0,4,0,차대차 - 측면충돌,안전거리미확보,건조,맑음,단일로 - 기타,화물,남,50세,상해없음,승용,여,65세,경상
2023021700100297,2023년 2월 17일 16시,금요일,대구광역시 달성군 다사읍,경상사고,0,0,1,0,차대차 - 기타,안전운전불이행,건조,맑음,교차로 - 교차로부근,승용,남,64세,상해없음,승용,여,37세,경상
2023021700100298,2023년 2월 17일 16시,금요일,대구광역시 북구 동천동,중상사고,0,1,0,0,차대사람 - 횡단중,보행자보호의무위반,건조,맑음,교차로 - 교차로횡단보도내,승용,남,63세,상해없음,보행자,여,58세,중상
2023021700100299,2023년 2월 17일 16시,금요일,대구광역시 북구 서변동,경상사고,0,0,3,0,차대차 - 측면충돌,안전거리미확보,건조,맑음,단일로 - 지하차도(도로)내,승용,여,51세,경상,승용,여,40세,경상
2023021700100336,2023년 2월 17일 17시,금요일,대구광역시 동구 불로동,중상사고,0,1,0,0,차대사람 - 횡단중,안전운전불이행,건조,맑음,교차로 - 교차로횡단보도내,승용,여,58세,상해없음,보행자,여,61세,중상
2023021700100337,2023년 2월 17일 17시,금요일,대구광역시 수성구 만촌동,중상사고,0,1,0,0,차대사람 - 횡단중,안전운전불이행,건조,맑음,단일로 - 기타,승용,남,68세,상해없음,보행자,여,70세,중상
2023021700100338,2023년 2월 17일 17시,금요일,대구광역시 달성군 가창면,경상사고,0,0,2,0,차대차 - 기타,안전운전불이행,건조,맑음,교차로 - 교차로부근,승용,남,64세,경상,승용,남,58세,경상
2023021700100339,2023년 2월 17일 17시,금요일,대구광역시 동구 신암동,중상사고,0,1,0,0,차대차 - 기타,신호위반,건조,맑음,교차로 - 교차로안,화물,남,52세,상해없음,이륜,남,46세,중상
2023021700100381,2023년 2월 17일 18시,금요일,대구광역시 달서구 상인동,경상사고,0,0,1,0,차대차 - 측면충돌,안전거리미확보,건조,맑음,단일로 - 기타,승용,남,51세,상해없음,승용,남,28세,경상
2023021700100382,2023년 2월 17일 18시,금요일,대구광역시 서구 비산동,중상사고,0,1,1,0,차대차 - 추돌,안전운전불이행,건조,맑음,교차로 - 교차로안,승용,남,71세,상해없음,승용,남,41세,중상
2023021700100383,2023년 2월 17일 18시,금요일,대구광역시 달서구 용산동,경상사고,0,0,1,0,차대차 - 기타,차로위반,건조,흐림,단일로 - 기타,승용,남,42세,상해없음,승용,남,70세,경상
2023021700100384,2023년 2월 17일 18시,금요일,대구광역시 북구 국우동,경상사고,0,0,1,0,차대차 - 측면충돌,신호위반,건조,맑음,교차로 - 교차로안,승용,남,70세,상해없음,이륜,남,54세,경상
2023021700100420,2023년 2월 17일 19시,금요일,대구광역시 서구 이현동,경상사고,0,0,1,0,차대차 - 측면충돌,신호위반,건조,맑음,교차로 - 교차로부근,승용,여,60세,상해없음,화물,남,40세,경상
2023021700100421,2023년 2월 17일 19시,금요일,대구광역시 서구 평리동,경상사고,0,0,1,0,차대차 - 추돌,안전운전불이행,건조,맑음,교차로 - 교차로부근,승용,남,71세,상해없음,승용,남,53세,경상
2023021700100470,2023년 2월 17일 21시,금요일,대구광역시 남구 봉덕동,경상사고,0,0,1,0,차대사람 - 차도통행중,안전운전불이행,건조,맑음,단일로 - 기타,이륜,남,41세,상해없음,보행자,남,12세,경상
2023021700100489,2023년 2월 17일 22시,금요일,대구광역시 동구 신천동,중상사고,0,1,0,0,차대사람 - 횡단중,안전운전불이행,건조,맑음,단일로 - 기타,승용,남,58세,상해없음,보행자,남,50세,중상
2023021700100490,2023년 2월 17일 22시,금요일,대구광역시 달서구 월성동,경상사고,0,0,4,0,차대차 - 추돌,안전운전불이행,건조,맑음,단일로 - 기타,승용,남,47세,상해없음,승용,여,43세,경상
2023021700100513,2023년 2월 17일 23시,금요일,대구광역시 북구 산격동,중상사고,0,1,0,0,차대차 - 추돌,안전거리미확보,건조,맑음,단일로 - 기타,승용,남,51세,상해없음,승용,여,50세,중상
2023021800100029,2023년 2월 18일 02시,토요일,대구광역시 달서구 송현동,경상사고,0,0,1,0,차량단독 - 공작물충돌,안전운전불이행,건조,맑음,교차로 - 교차로안,승용,남,77세,상해없음,,,,
2023021800100030,2023년 2월 18일 02시,토요일,대구광역시 서구 평리동,경상사고,0,0,4,0,차대차 - 측면충돌,직진우회전진행방해,건조,맑음,교차로 - 교차로안,승용,여,30세,경상,화물,남,63세,경상
2023021800100036,2023년 2월 18일 03시,토요일,대구광역시 달서구 본동,경상사고,0,0,4,0,차대차 - 후진중충돌,불법유턴,건조,맑음,교차로 - 교차로부근,승용,남,61세,상해없음,승용,남,21세,경상
2023021800100090,2023년 2월 18일 08시,토요일,대구광역시 달서구 감삼동,경상사고,0,0,2,0,차대차 - 정면충돌,안전운전불이행,건조,맑음,기타 - 기타,승용,여,39세,상해없음,승용,남,49세,경상
2023021800100102,2023년 2월 18일 09시,토요일,대구광역시 동구 지묘동,경상사고,0,0,2,0,차대차 - 측면충돌,기타,건조,맑음,교차로 - 교차로안,화물,남,62세,경상,화물,남,64세,경상
2023021800100122,2023년 2월 18일 10시,토요일,대구광역시 북구 대현동,중상사고,0,1,0,0,차대차 - 측면충돌,직진우회전진행방해,건조,맑음,교차로 - 교차로안,승용,여,50세,상해없음,이륜,남,46세,중상
2023021800100144,2023년 2월 18일 11시,토요일,대구광역시 달서구 송현동,경상사고,0,0,1,0,차대차 - 후진중충돌,안전운전불이행,건조,맑음,교차로 - 교차로부근,승용,남,69세,상해없음,이륜,남,45세,경상
2023021800100185,2023년 2월 18일 13시,토요일,대구광역시 북구 산격동,경상사고,0,0,1,0,차대차 - 추돌,안전거리미확보,건조,맑음,단일로 - 기타,승용,남,76세,상해없음,승용,남,61세,경상
2023021800100208,2023년 2월 18일 14시,토요일,대구광역시 북구 침산동,경상사고,0,0,1,0,차대차 - 기타,안전운전불이행,건조,맑음,단일로 - 기타,승용,여,45세,상해없음,자전거,남,64세,경상
2023021800100209,2023년 2월 18일 14시,토요일,대구광역시 서구 비산동,부상신고사고,0,0,0,1,차대사람 - 길가장자리구역통행중,안전운전불이행,건조,맑음,단일로 - 기타,기타불명,기타불명,미분류,기타불명,보행자,남,69세,부상신고
2023021800100230,2023년 2월 18일 15시,토요일,대구광역시 동구 신암동,경상사고,0,0,1,0,차대차 - 측면충돌,안전운전불이행,건조,맑음,단일로 - 지하차도(도로)내,화물,남,69세,상해없음,승용,남,59세,경상
2023021800100231,2023년 2월 18일 15시,토요일,대구광역시 서구 중리동,경상사고,0,0,1,0,차대차 - 측면충돌,안전운전불이행,건조,맑음,교차로 - 교차로안,승용,남,68세,상해없음,승용,남,33세,경상
2023021800100259,2023년 2월 18일 16시,토요일,대구광역시 중구 대봉동,경상사고,0,0,1,0,차대차 - 측면충돌,교차로운행방법위반,건조,맑음,단일로 - 기타,승용,여,72세,상해없음,승용,남,49세,경상
2023021800100285,2023년 2월 18일 17시,토요일,대구광역시 서구 비산동,부상신고사고,0,0,0,1,차대차 - 기타,안전운전불이행,건조,맑음,단일로 - 기타,승용,남,42세,상해없음,이륜,남,56세,부상신고
2023021800100306,2023년 2월 18일 18시,토요일,대구광역시 중구 남산동,경상사고,0,0,1,0,차대차 - 추돌,안전거리미확보,건조,맑음,단일로 - 기타,승용,여,42세,상해없음,승용,남,29세,경상
2023021800100403,2023년 2월 18일 22시,토요일,대구광역시 동구 율하동,경상사고,0,0,3,0,차대차 - 측면충돌,안전거리미확보,건조,맑음,교차로 - 교차로부근,승용,여,59세,상해없음,승용,남,32세,경상
2023021800100404,2023년 2월 18일 22시,토요일,대구광역시 달서구 송현동,경상사고,0,0,1,0,차대사람 - 횡단중,보행자보호의무위반,젖음/습기,비,단일로 - 기타,승용,남,70세,상해없음,보행자,남,53세,경상
2023021900100011,2023년 2월 19일 00시,일요일,대구광역시 동구 용계동,경상사고,0,0,1,0,차대사람 - 차도통행중,안전운전불이행,건조,맑음,단일로 - 지하차도(도로)내,승용,여,54세,상해없음,보행자,남,30세,경상
2023021900100012,2023년 2월 19일 00시,일요일,대구광역시 북구 노원동1가,경상사고,0,0,3,0,차대차 - 측면충돌,신호위반,젖음/습기,비,교차로 - 교차로안,승용,남,39세,상해없음,승용,남,56세,경상
2023021900100034,2023년 2월 19일 02시,일요일,대구광역시 수성구 신매동,경상사고,0,0,1,0,차대차 - 측면충돌,안전운전불이행,건조,맑음,교차로 - 교차로부근,승용,남,56세,상해없음,승용,여,53세,경상
2023021900100074,2023년 2월 19일 09시,일요일,대구광역시 북구 침산동,경상사고,0,0,1,0,차대차 - 추돌,안전운전불이행,건조,맑음,교차로 - 교차로부근,화물,남,74세,상해없음,승용,남,29세,경상
2023021900100123,2023년 2월 19일 12시,일요일,대구광역시 중구 삼덕동2가,중상사고,0,2,0,2,차대차 - 측면충돌,신호위반,건조,맑음,교차로 - 교차로안,승용,여,51세,상해없음,승용,남,55세,중상
2023021900100124,2023년 2월 19일 12시,일요일,대구광역시 북구 국우동,경상사고,0,0,2,0,차대차 - 측면충돌,안전거리미확보,건조,맑음,교차로 - 교차로부근,승용,남,57세,경상,이륜,남,46세,경상
2023021900100125,2023년 2월 19일 12시,일요일,대구광역시 북구 팔달동,경상사고,0,0,1,0,차대사람 - 차도통행중,안전운전불이행,건조,맑음,단일로 - 기타,화물,남,60세,상해없음,보행자,남,53세,경상
2023021900100182,2023년 2월 19일 14시,일요일,대구광역시 남구 대명동,경상사고,0,0,1,0,차대차 - 추돌,안전운전불이행,건조,맑음,단일로 - 기타,화물,여,49세,상해없음,승용,남,29세,경상
2023021900100183,2023년 2월 19일 14시,일요일,대구광역시 동구 신암동,중상사고,0,2,2,0,차대차 - 추돌,안전운전불이행,건조,맑음,단일로 - 기타,승용,남,27세,상해없음,승용,남,45세,중상
2023021900100184,2023년 2월 19일 14시,일요일,대구광역시 서구 내당동,중상사고,0,1,0,0,차대차 - 측면충돌,기타,건조,맑음,교차로 - 교차로부근,승용,남,65세,상해없음,이륜,남,30세,중상
2023021900100185,2023년 2월 19일 14시,일요일,대구광역시 북구 금호동,경상사고,0,0,4,0,차대차 - 추돌,안전운전불이행,건조,맑음,단일로 - 기타,화물,남,67세,상해없음,승용,남,26세,경상
2023021900100205,2023년 2월 19일 15시,일요일,대구광역시 수성구 범어동,경상사고,0,0,1,0,차대사람 - 차도통행중,안전운전불이행,건조,맑음,단일로 - 기타,승용,남,54세,상해없음,보행자,남,8세,경상
2023021900100206,2023년 2월 19일 15시,일요일,대구광역시 달서구 진천동,경상사고,0,0,1,0,차대차 - 측면충돌,신호위반,건조,맑음,교차로 - 교차로안,승용,여,43세,상해없음,승용,남,70세,경상
2023021900100207,2023년 2월 19일 15시,일요일,대구광역시 북구 복현동,중상사고,0,1,0,0,차대사람 - 횡단중,보행자보호의무위반,건조,맑음,단일로 - 기타,화물,남,61세,상해없음,보행자,남,19세,중상
2023021900100208,2023년 2월 19일 15시,일요일,대구광역시 서구 비산동,경상사고,0,0,1,0,차대차 - 측면충돌,안전운전불이행,건조,맑음,단일로 - 기타,승용,남,69세,상해없음,승용,남,20세,경상
2023021900100209,2023년 2월 19일 15시,일요일,대구광역시 북구 학정동,경상사고,0,0,1,0,차대사람 - 횡단중,안전운전불이행,건조,맑음,단일로 - 기타,승용,남,54세,상해없음,보행자,여,7세,경상
2023021900100237,2023년 2월 19일 16시,일요일,대구광역시 달서구 본동,경상사고,0,0,1,0,차대사람 - 차도통행중,안전운전불이행,건조,맑음,단일로 - 기타,승용,남,67세,상해없음,보행자,남,39세,경상
2023021900100238,2023년 2월 19일 16시,일요일,대구광역시 북구 서변동,경상사고,0,0,1,0,차대차 - 추돌,안전운전불이행,건조,맑음,단일로 - 기타,승용,남,45세,상해없음,화물,남,31세,경상
2023021900100264,2023년 2월 19일 17시,일요일,대구광역시 동구 신천동,경상사고,0,0,1,0,차대차 - 추돌,안전운전불이행,건조,맑음,단일로 - 기타,승합,남,40세,상해없음,승용,여,40세,경상
2023021900100265,2023년 2월 19일 17시,일요일,대구광역시 북구 산격동,중상사고,0,1,0,0,차대차 - 측면충돌,신호위반,건조,맑음,교차로 - 교차로안,이륜,남,51세,중상,승용,남,23세,상해없음
2023021900100318,2023년 2월 19일 19시,일요일,대구광역시 달서구 월성동,경상사고,0,0,4,0,차대차 - 측면충돌,안전거리미확보,건조,맑음,단일로 - 기타,승용,여,66세,상해없음,승용,여,27세,경상
2023021900100319,2023년 2월 19일 19시,일요일,대구광역시 달서구 유천동,경상사고,0,0,2,1,차대차 - 측면충돌,안전운전불이행,건조,맑음,단일로 - 기타,원동기,남,25세,경상,승용,남,36세,경상
2023021900100346,2023년 2월 19일 21시,일요일,대구광역시 달서구 상인동,중상사고,0,1,0,0,차대사람 - 차도통행중,안전운전불이행,건조,맑음,단일로 - 기타,승용,남,63세,상해없음,보행자,여,80세,중상
2023021900100347,2023년 2월 19일 21시,일요일,대구광역시 중구 남일동,부상신고사고,0,0,0,1,차대사람 - 기타,안전운전불이행,건조,맑음,단일로 - 기타,승합,남,57세,상해없음,보행자,여,53세,부상신고
2023021900100364,2023년 2월 19일 23시,일요일,대구광역시 달서구 상인동,경상사고,0,0,2,0,차대차 - 추돌,안전운전불이행,건조,맑음,교차로 - 교차로부근,승용,남,38세,상해없음,승용,남,29세,경상
2023022000100012,2023년 2월 20일 01시,월요일,대구광역시 북구 태전동,경상사고,0,0,1,0,차대차 - 추돌,안전운전불이행,건조,맑음,단일로 - 기타,승용,남,37세,기타불명,승용,여,53세,경상
2023022000100080,2023년 2월 20일 07시,월요일,대구광역시 달서구 이곡동,경상사고,0,0,1,0,차대차 - 기타,안전운전불이행,건조,맑음,교차로 - 교차로부근,승용,남,35세,상해없음,승용,남,43세,경상
2023022000100108,2023년 2월 20일 08시,월요일,대구광역시 달서구 상인동,경상사고,0,0,1,0,차대차 - 측면충돌,안전거리미확보,건조,맑음,단일로 - 기타,승용,남,83세,상해없음,승용,남,55세,경상
2023022000100109,2023년 2월 20일 08시,월요일,대구광역시 북구 침산동,경상사고,0,0,1,0,차대차 - 추돌,교차로운행방법위반,건조,맑음,교차로 - 교차로안,승용,여,45세,상해없음,승용,여,43세,경상
2023022000100110,2023년 2월 20일 08시,월요일,대구광역시 달서구 갈산동,경상사고,0,0,1,0,차대차 - 기타,안전운전불이행,건조,맑음,기타 - 기타,승용,여,56세,상해없음,이륜,여,36세,경상
2023022000100147,2023년 2월 20일 09시,월요일,대구광역시 서구 비산동,부상신고사고,0,0,0,1,차대차 - 측면충돌,직진우회전진행방해,건조,맑음,교차로 - 교차로안,화물,남,28세,상해없음,승용,남,52세,부상신고
2023022000100148,2023년 2월 20일 09시,월요일,대구광역시 서구 이현동,경상사고,0,0,1,0,차대차 - 측면충돌,교차로운행방법위반,건조,맑음,교차로 - 교차로안,승용,남,49세,상해없음,승용,남,26세,경상
2023022000100177,2023년 2월 20일 10시,월요일,대구광역시 수성구 범어동,경상사고,0,0,1,0,차대차 - 측면충돌,안전운전불이행,건조,맑음,단일로 - 기타,승용,여,51세,상해없음,승용,남,21세,경상
2023022000100178,2023년 2월 20일 10시,월요일,대구광역시 서구 내당동,중상사고,0,1,0,0,차대차 - 측면충돌,신호위반,건조,맑음,교차로 - 교차로안,자전거,남,82세,중상,승용,남,73세,상해없음
2023022000100202,2023년 2월 20일 11시,월요일,대구광역시 남구 대명동,경상사고,0,0,1,0,차대차 - 기타,신호위반,건조,맑음,교차로 - 교차로부근,화물,남,67세,상해없음,화물,남,28세,경상
2023022000100203,2023년 2월 20일 11시,월요일,대구광역시 동구 검사동,경상사고,0,0,1,0,차대차 - 기타,안전운전불이행,건조,맑음,단일로 - 기타,화물,남,61세,상해없음,자전거,남,59세,경상
2023022000100204,2023년 2월 20일 11시,월요일,대구광역시 서구 내당동,경상사고,0,0,1,0,차대사람 - 횡단중,기타,건조,맑음,교차로 - 교차로부근,승용,남,24세,기타불명,보행자,여,8세,경상
2023022000100205,2023년 2월 20일 11시,월요일,대구광역시 북구 태전동,중상사고,0,1,0,0,차대사람 - 길가장자리구역통행중,안전운전불이행,건조,맑음,단일로 - 지하차도(도로)내,화물,남,61세,상해없음,보행자,여,51세,중상
2023022000100239,2023년 2월 20일 12시,월요일,대구광역시 수성구 시지동,중상사고,0,1,0,0,차대사람 - 기타,안전운전불이행,건조,맑음,기타 - 기타,승용,여,53세,상해없음,보행자,여,79세,중상
2023022000100240,2023년 2월 20일 12시,월요일,대구광역시 북구 대현동,부상신고사고,0,0,0,1,차대차 - 기타,안전운전불이행,건조,맑음,단일로 - 기타,화물,남,39세,상해없음,이륜,남,32세,부상신고
2023022000100276,2023년 2월 20일 13시,월요일,대구광역시 동구 신암동,경상사고,0,0,1,0,차대차 - 측면충돌,안전운전불이행,건조,맑음,교차로 - 교차로부근,화물,남,68세,상해없음,이륜,남,24세,경상
2023022000100277,2023년 2월 20일 13시,월요일,대구광역시 서구 평리동,경상사고,0,0,1,0,차대차 - 측면충돌,안전운전불이행,건조,맑음,교차로 - 교차로부근,승용,남,75세,상해없음,화물,남,49세,경상
2023022000100300,2023년 2월 20일 14시,월요일,대구광역시 달서구 대천동,경상사고,0,0,2,0,차대차 - 추돌,안전운전불이행,건조,맑음,교차로 - 교차로횡단보도내,승용,남,37세,상해없음,승용,여,43세,경상
2023022000100333,2023년 2월 20일 15시,월요일,대구광역시 북구 산격동,경상사고,0,0,2,0,차대차 - 기타,교차로운행방법위반,건조,맑음,교차로 - 교차로안,승용,남,36세,경상,화물,남,49세,기타불명
2023022000100367,2023년 2월 20일 16시,월요일,대구광역시 서구 원대동1가,경상사고,0,0,1,1,차대차 - 추돌,안전운전불이행,건조,맑음,단일로 - 기타,승용,여,48세,부상신고,이륜,남,41세,경상
2023022000100403,2023년 2월 20일 17시,월요일,대구광역시 북구 침산동,경상사고,0,0,2,0,차대차 - 측면충돌,안전거리미확보,건조,맑음,단일로 - 기타,승용,남,27세,상해없음,화물,남,59세,경상
2023022000100432,2023년 2월 20일 18시,월요일,대구광역시 북구 금호동,경상사고,0,0,2,0,차대차 - 기타,차로위반,건조,맑음,단일로 - 기타,화물,남,63세,상해없음,승용,남,26세,상해없음
2023022000100468,2023년 2월 20일 19시,월요일,대구광역시 동구 율하동,중상사고,0,1,0,0,차대차 - 측면충돌,신호위반,건조,맑음,교차로 - 교차로안,이륜,남,44세,상해없음,자전거,여,50세,중상
2023022000100469,2023년 2월 20일 19시,월요일,대구광역시 수성구 상동,경상사고,0,0,2,0,차대차 - 측면충돌,안전운전불이행,건조,맑음,교차로 - 교차로부근,승용,여,43세,상해없음,승용,남,51세,경상
2023022000100470,2023년 2월 20일 19시,월요일,대구광역시 달서구 도원동,경상사고,0,0,1,0,차대차 - 기타,안전거리미확보,건조,맑음,단일로 - 기타,승용,남,52세,상해없음,원동기,남,28세,경상
2023022000100471,2023년 2월 20일 19시,월요일,대구광역시 북구 침산동,중상사고,0,1,1,0,차대차 - 측면충돌,기타,건조,맑음,기타 - 기타,승용,남,41세,경상,이륜,남,45세,중상
2023022000100472,2023년 2월 20일 19시,월요일,대구광역시 북구 태전동,부상신고사고,0,0,0,1,차대차 - 기타,안전운전불이행,건조,맑음,단일로 - 기타,승용,여,35세,상해없음,승합,남,49세,상해없음
2023022000100494,2023년 2월 20일 20시,월요일,대구광역시 달서구 월암동,경상사고,0,0,1,0,차대차 - 측면충돌,신호위반,건조,맑음,교차로 - 교차로안,승용,여,40세,상해없음,자전거,남,40세,경상
2023022000100495,2023년 2월 20일 20시,월요일,대구광역시 달서구 신당동,부상신고사고,0,0,0,1,차대사람 - 횡단중,보행자보호의무위반,건조,흐림,교차로 - 교차로안,이륜,남,30세,상해없음,보행자,여,58세,부상신고
2023022000100517,2023년 2월 20일 21시,월요일,대구광역시 수성구 매호동,경상사고,0,0,1,0,차대차 - 측면충돌,안전운전불이행,건조,맑음,단일로 - 기타,승용,남,66세,상해없음,승용,남,22세,경상
2023022000100519,2023년 2월 20일 21시,월요일,대구광역시 달서구 성당동,경상사고,0,0,2,1,차대차 - 추돌,안전운전불이행,건조,맑음,교차로 - 교차로부근,승용,남,59세,상해없음,승용,남,59세,경상
2023022000100537,2023년 2월 20일 22시,월요일,대구광역시 수성구 신매동,경상사고,0,0,1,0,차대차 - 기타,신호위반,건조,맑음,교차로 - 교차로안,승용,남,37세,상해없음,승용,남,32세,경상
2023022000100551,2023년 2월 20일 23시,월요일,대구광역시 남구 봉덕동,중상사고,0,1,1,1,차대차 - 추돌,안전운전불이행,건조,맑음,단일로 - 기타,승용,남,54세,상해없음,승용,여,55세,부상신고
2023022100100009,2023년 2월 21일 00시,화요일,대구광역시 북구 노원동3가,경상사고,0,0,2,0,차대차 - 측면충돌,신호위반,건조,맑음,교차로 - 교차로안,승용,여,24세,상해없음,승용,남,65세,경상
2023022100100010,2023년 2월 21일 00시,화요일,대구광역시 중구 삼덕동2가,경상사고,0,0,1,0,차대차 - 측면충돌,안전운전불이행,건조,맑음,교차로 - 교차로부근,승용,남,29세,상해없음,승용,남,56세,경상
2023022100100024,2023년 2월 21일 03시,화요일,대구광역시 달서구 장기동,경상사고,0,0,1,0,차대차 - 기타,교차로운행방법위반,건조,맑음,교차로 - 교차로안,승용,여,34세,상해없음,이륜,남,43세,경상
2023022100100098,2023년 2월 21일 08시,화요일,대구광역시 남구 이천동,중상사고,0,1,1,0,차대차 - 기타,신호위반,건조,맑음,교차로 - 교차로안,이륜,남,16세,중상,승용,남,28세,경상
2023022100100099,2023년 2월 21일 08시,화요일,대구광역시 동구 신기동,경상사고,0,0,1,0,차대차 - 측면충돌,안전거리미확보,건조,맑음,교차로 - 교차로안,건설기계,남,65세,기타불명,승용,여,27세,경상
2023022100100100,2023년 2월 21일 08시,화요일,대구광역시 서구 평리동,경상사고,0,0,2,0,차대차 - 측면충돌,직진우회전진행방해,건조,맑음,교차로 - 교차로안,승용,남,28세,상해없음,승용,여,33세,경상