사고번호,사고일시,요일,시군구,사고내용,사망자수,중상자수,경상자수,부상신고자수,사고유형,법규위반,노면상태,기상상태,도로형태,가해운전자 차종,가해운전자 성별,가해운전자 연령,가해운전자 상해정도,피해운전자 차종,피해운전자 성별,피해운전자 연령,피해운전자 상해정도
2023022100100180,2023년 2월 21일 11시,화요일,대구광역시 수성구 범어동,경상사고,0,0,2,0,차대차 - 측면충돌,안전운전불이행,건조,맑음,단일로 - 기타,승용,여,24세,경상,승용,여,46세,경상
2023022100100181,2023년 2월 21일 11시,화요일,대구광역시 중구 태평로3가,중상사고,0,1,0,0,차대사람 - 길가장자리구역통행중,안전운전불이행,건조,맑음,단일로 - 기타,승용,남,54세,상해없음,보행자,여,53세,중상
2023022100100248,2023년 2월 21일 13시,화요일,대구광역시 북구 산격동,경상사고,0,0,2,0,차대차 - 기타,안전운전불이행,건조,맑음,단일로 - 기타,승용,남,43세,경상,이륜,남,30세,경상
2023022100100249,2023년 2월 21일 13시,화요일,대구광역시 달서구 신당동,경상사고,0,0,3,0,차대차 - 측면충돌,안전운전불이행,건조,맑음,단일로 - 기타,승용,여,52세,상해없음,승용,여,57세,경상
2023022100100250,2023년 2월 21일 13시,화요일,대구광역시 북구 학정동,경상사고,0,0,1,0,차대차 - 측면충돌,안전거리미확보,건조,맑음,교차로 - 교차로안,화물,남,61세,상해없음,이륜,남,59세,경상
2023022100100283,2023년 2월 21일 14시,화요일,대구광역시 동구 효목동,경상사고,0,0,1,0,차대사람 - 기타,안전운전불이행,건조,맑음,단일로 - 지하차도(도로)내,승용,남,33세,상해없음,보행자,남,83세,경상
2023022100100284,2023년 2월 21일 14시,화요일,대구광역시 동구 신기동,경상사고,0,0,1,0,차대차 - 기타,신호위반,건조,맑음,교차로 - 교차로안,이륜,남,38세,상해없음,자전거,남,78세,경상
2023022100100285,2023년 2월 21일 14시,화요일,대구광역시 달서구 장기동,경상사고,0,0,1,0,차대사람 - 횡단중,보행자보호의무위반,건조,맑음,교차로 - 교차로횡단보도내,승용,남,75세,상해없음,보행자,여,55세,경상
2023022100100306,2023년 2월 21일 15시,화요일,대구광역시 남구 대명동,중상사고,0,1,0,0,차대차 - 정면충돌,신호위반,건조,맑음,교차로 - 교차로부근,승용,남,23세,상해없음,승용,남,30세,중상
2023022100100369,2023년 2월 21일 17시,화요일,대구광역시 서구 비산동,중상사고,0,1,0,0,차대차 - 측면충돌,중앙선침범,건조,맑음,교차로 - 교차로부근,자전거,남,69세,중상,승용,남,46세,상해없음
2023022100100370,2023년 2월 21일 17시,화요일,대구광역시 북구 학정동,경상사고,0,0,2,0,차대차 - 측면충돌,불법유턴,건조,맑음,단일로 - 기타,이륜,남,70세,경상,승용,여,43세,경상
2023022100100409,2023년 2월 21일 18시,화요일,대구광역시 수성구 수성동4가,경상사고,0,0,1,0,차대차 - 기타,안전운전불이행,건조,맑음,교차로 - 교차로부근,승용,남,78세,상해없음,자전거,남,57세,경상
2023022100100410,2023년 2월 21일 18시,화요일,대구광역시 달서구 도원동,경상사고,0,0,1,0,차대차 - 추돌,안전운전불이행,건조,맑음,단일로 - 기타,승용,남,71세,상해없음,승용,남,57세,경상
2023022100100411,2023년 2월 21일 18시,화요일,대구광역시 달성군 옥포읍,경상사고,0,0,2,0,차대차 - 기타,안전운전불이행,건조,맑음,기타 - 기타,승용,남,46세,상해없음,승용,여,54세,경상
2023022100100452,2023년 2월 21일 19시,화요일,대구광역시 수성구 범어동,경상사고,0,0,1,0,차대사람 - 차도통행중,안전운전불이행,건조,맑음,교차로 - 교차로안,승용,여,51세,상해없음,보행자,남,16세,경상
2023022100100453,2023년 2월 21일 19시,화요일,대구광역시 북구 노원동1가,경상사고,0,0,1,0,차대차 - 측면충돌,안전운전불이행,건조,맑음,교차로 - 교차로안,승용,남,69세,상해없음,승용,남,46세,경상
2023022100100501,2023년 2월 21일 22시,화요일,대구광역시 달서구 상인동,경상사고,0,0,1,0,차대사람 - 횡단중,안전운전불이행,건조,맑음,단일로 - 기타,화물,남,56세,상해없음,보행자,남,68세,경상
2023022100100502,2023년 2월 21일 22시,화요일,대구광역시 북구 읍내동,중상사고,0,1,0,0,차대차 - 추돌,안전거리미확보,건조,맑음,교차로 - 교차로부근,이륜,남,68세,중상,승용,여,51세,상해없음
2023022100100512,2023년 2월 21일 23시,화요일,대구광역시 서구 평리동,경상사고,0,0,2,1,차대차 - 측면충돌,안전운전불이행,건조,맑음,단일로 - 기타,승용,여,67세,부상신고,승용,남,51세,경상
2023022200100089,2023년 2월 22일 08시,수요일,대구광역시 북구 읍내동,경상사고,0,0,1,0,차대차 - 추돌,안전운전불이행,건조,맑음,단일로 - 기타,승용,여,51세,상해없음,승용,남,44세,경상
2023022200100114,2023년 2월 22일 09시,수요일,대구광역시 동구 지저동,경상사고,0,0,1,0,차대차 - 추돌,안전운전불이행,건조,맑음,교차로 - 교차로부근,화물,남,69세,기타불명,승용,남,47세,경상
2023022200100115,2023년 2월 22일 09시,수요일,대구광역시 서구 이현동,부상신고사고,0,0,0,1,차대사람 - 차도통행중,안전운전불이행,건조,맑음,단일로 - 기타,화물,남,61세,상해없음,보행자,여,17세,부상신고
2023022200100116,2023년 2월 22일 09시,수요일,대구광역시 달서구 이곡동,부상신고사고,0,0,0,1,차대차 - 기타,안전운전불이행,건조,맑음,교차로 - 교차로안,승용,남,28세,상해없음,자전거,여,59세,부상신고
2023022200100152,2023년 2월 22일 10시,수요일,대구광역시 중구 교동,중상사고,0,1,0,0,차대차 - 측면충돌,신호위반,건조,맑음,교차로 - 교차로안,승용,남,60세,상해없음,승용,남,59세,중상
2023022200100154,2023년 2월 22일 10시,수요일,대구광역시 달서구 장동,경상사고,0,0,1,0,차대차 - 측면충돌,신호위반,건조,맑음,교차로 - 교차로안,승용,여,57세,상해없음,승용,남,36세,경상
2023022200100187,2023년 2월 22일 11시,수요일,대구광역시 동구 신서동,경상사고,0,0,1,0,차대차 - 기타,안전거리미확보,건조,맑음,교차로 - 교차로부근,화물,남,59세,상해없음,승합,남,66세,상해없음
2023022200100188,2023년 2월 22일 11시,수요일,대구광역시 서구 비산동,경상사고,0,0,1,0,차대차 - 측면충돌,안전거리미확보,건조,맑음,단일로 - 기타,화물,남,35세,상해없음,이륜,남,27세,경상
2023022200100215,2023년 2월 22일 12시,수요일,대구광역시 달서구 송현동,경상사고,0,0,1,0,차대사람 - 차도통행중,안전운전불이행,건조,맑음,단일로 - 기타,승용,남,44세,상해없음,보행자,남,41세,경상
2023022200100217,2023년 2월 22일 12시,수요일,대구광역시 중구 남산동,경상사고,0,0,1,0,차대사람 - 기타,보행자보호의무위반,건조,맑음,단일로 - 기타,승용,여,50세,상해없음,보행자,남,48세,경상
2023022200100244,2023년 2월 22일 13시,수요일,대구광역시 달서구 진천동,경상사고,0,0,1,0,차대차 - 측면충돌,불법유턴,건조,맑음,교차로 - 교차로안,이륜,남,62세,경상,승용,여,38세,상해없음
2023022200100245,2023년 2월 22일 13시,수요일,대구광역시 달서구 본리동,경상사고,0,0,1,0,차대차 - 추돌,안전거리미확보,건조,맑음,단일로 - 기타,이륜,남,46세,상해없음,이륜,남,34세,경상
2023022200100269,2023년 2월 22일 14시,수요일,대구광역시 수성구 수성동1가,경상사고,0,0,1,0,차대차 - 기타,신호위반,건조,맑음,교차로 - 교차로안,승용,남,60세,상해없음,승합,남,64세,상해없음
2023022200100270,2023년 2월 22일 14시,수요일,대구광역시 달성군 화원읍,중상사고,0,1,0,0,차대사람 - 기타,안전운전불이행,건조,맑음,단일로 - 기타,자전거,여,70세,상해없음,보행자,여,73세,중상
2023022200100271,2023년 2월 22일 14시,수요일,대구광역시 달서구 이곡동,경상사고,0,0,1,0,차대차 - 정면충돌,안전운전불이행,건조,맑음,교차로 - 교차로횡단보도내,승용,여,48세,상해없음,자전거,남,74세,경상
2023022200100300,2023년 2월 22일 15시,수요일,대구광역시 서구 상리동,경상사고,0,0,2,0,차대차 - 기타,신호위반,건조,맑음,교차로 - 교차로안,승용,남,65세,상해없음,승용,남,52세,경상
2023022200100301,2023년 2월 22일 15시,수요일,대구광역시 중구 대신동,경상사고,0,0,2,0,차대차 - 측면충돌,안전운전불이행,건조,맑음,기타 - 기타,승용,남,60세,상해없음,승용,여,58세,기타불명
2023022200100337,2023년 2월 22일 16시,수요일,대구광역시 동구 율하동,경상사고,0,0,1,0,차대차 - 측면충돌,교차로운행방법위반,건조,맑음,교차로 - 교차로부근,승용,여,56세,상해없음,자전거,남,10세,경상
2023022200100338,2023년 2월 22일 16시,수요일,대구광역시 수성구 범어동,경상사고,0,0,1,0,차대차 - 측면충돌,기타,건조,맑음,기타 - 기타,승용,여,51세,상해없음,자전거,남,11세,경상
2023022200100339,2023년 2월 22일 16시,수요일,대구광역시 서구 내당동,경상사고,0,0,1,0,차대차 - 추돌,안전운전불이행,건조,맑음,교차로 - 교차로안,화물,남,34세,상해없음,승용,남,54세,경상
2023022200100360,2023년 2월 22일 17시,수요일,대구광역시 달서구 월성동,경상사고,0,0,1,0,차대차 - 측면충돌,교차로운행방법위반,건조,맑음,교차로 - 교차로안,승용,남,30세,상해없음,승용,남,46세,상해없음
2023022200100361,2023년 2월 22일 17시,수요일,대구광역시 달서구 상인동,경상사고,0,0,1,0,차대차 - 측면충돌,교차로운행방법위반,건조,맑음,교차로 - 교차로안,승용,남,51세,상해없음,승용,남,31세,경상
2023022200100401,2023년 2월 22일 18시,수요일,대구광역시 중구 대신동,경상사고,0,0,1,0,차대사람 - 차도통행중,안전운전불이행,건조,맑음,단일로 - 기타,승용,남,63세,상해없음,보행자,남,82세,경상
2023022200100402,2023년 2월 22일 18시,수요일,대구광역시 북구 동천동,경상사고,0,0,1,0,차대차 - 측면충돌,신호위반,건조,맑음,교차로 - 교차로부근,승합,남,60세,상해없음,승용,여,29세,경상
2023022200100434,2023년 2월 22일 19시,수요일,대구광역시 동구 효목동,중상사고,0,1,0,0,차대사람 - 횡단중,안전운전불이행,건조,맑음,교차로 - 교차로안,승용,남,36세,상해없음,보행자,남,57세,중상
2023022200100435,2023년 2월 22일 19시,수요일,대구광역시 수성구 매호동,경상사고,0,0,3,0,차대차 - 측면충돌,안전운전불이행,건조,맑음,교차로 - 교차로안,승용,남,27세,경상,승용,남,45세,경상
2023022200100436,2023년 2월 22일 19시,수요일,대구광역시 북구 칠성동2가,중상사고,0,1,1,0,차대차 - 정면충돌,불법유턴,건조,맑음,교차로 - 교차로부근,승합,남,54세,상해없음,이륜,남,25세,중상
2023022200100437,2023년 2월 22일 19시,수요일,대구광역시 중구 덕산동,중상사고,0,1,0,0,차대차 - 측면충돌,신호위반,건조,맑음,교차로 - 교차로안,승합,남,29세,상해없음,이륜,남,28세,중상
2023022200100457,2023년 2월 22일 20시,수요일,대구광역시 동구 입석동,중상사고,0,1,0,0,차대차 - 측면충돌,안전거리미확보,건조,맑음,단일로 - 기타,승용,남,62세,상해없음,승용,남,31세,중상
2023022200100458,2023년 2월 22일 20시,수요일,대구광역시 북구 칠성동2가,부상신고사고,0,0,0,1,차대차 - 정면충돌,중앙선침범,건조,맑음,교차로 - 교차로부근,이륜,남,65세,부상신고,승용,여,39세,상해없음
2023022200100514,2023년 2월 22일 23시,수요일,대구광역시 달서구 대곡동,경상사고,0,0,1,0,차대사람 - 횡단중,보행자보호의무위반,건조,맑음,교차로 - 교차로부근,승용,여,53세,상해없음,보행자,여,31세,경상
2023022200100515,2023년 2월 22일 23시,수요일,대구광역시 중구 삼덕동2가,경상사고,0,0,1,0,차대차 - 측면충돌,안전거리미확보,건조,맑음,단일로 - 기타,승용,남,50세,상해없음,승용,남,26세,경상
2023022300100009,2023년 2월 23일 00시,목요일,대구광역시 달성군 현풍읍,경상사고,0,0,3,0,차대차 - 측면충돌,안전운전불이행,건조,맑음,교차로 - 교차로안,화물,남,34세,상해없음,승용,남,76세,경상
2023022300100017,2023년 2월 23일 01시,목요일,대구광역시 달서구 죽전동,경상사고,0,0,1,0,차대사람 - 기타,안전운전불이행,젖음/습기,비,교차로 - 교차로안,승용,남,48세,상해없음,보행자,남,27세,경상
2023022300100018,2023년 2월 23일 01시,목요일,대구광역시 달서구 신당동,경상사고,0,0,2,0,차대차 - 측면충돌,차로위반,젖음/습기,비,교차로 - 교차로안,승용,남,70세,상해없음,승용,남,34세,경상
2023022300100096,2023년 2월 23일 08시,목요일,대구광역시 달성군 화원읍,경상사고,0,0,1,0,차대차 - 기타,신호위반,건조,맑음,교차로 - 교차로안,승용,여,25세,상해없음,승용,여,54세,경상
2023022300100133,2023년 2월 23일 09시,목요일,대구광역시 달서구 죽전동,경상사고,0,0,1,0,차대차 - 기타,안전거리미확보,건조,맑음,단일로 - 기타,승용,남,63세,상해없음,건설기계,남,31세,경상
2023022300100151,2023년 2월 23일 10시,목요일,대구광역시 수성구 황금동,중상사고,0,1,0,0,차대사람 - 길가장자리구역통행중,안전운전불이행,건조,맑음,단일로 - 기타,승용,남,51세,상해없음,보행자,여,72세,중상
2023022300100152,2023년 2월 23일 10시,목요일,대구광역시 달서구 송현동,중상사고,0,1,0,0,차대차 - 추돌,안전운전불이행,건조,맑음,단일로 - 기타,승용,남,68세,상해없음,이륜,남,21세,중상
2023022300100153,2023년 2월 23일 10시,목요일,대구광역시 북구 산격동,중상사고,0,1,0,0,차량단독 - 기타,안전운전불이행,건조,맑음,단일로 - 기타,승합,남,47세,상해없음,,,,
2023022300100191,2023년 2월 23일 12시,목요일,대구광역시 동구 입석동,경상사고,0,0,1,0,차대차 - 측면충돌,교차로운행방법위반,건조,맑음,교차로 - 교차로안,승용,남,58세,상해없음,승용,남,66세,경상
2023022300100192,2023년 2월 23일 12시,목요일,대구광역시 북구 칠성동2가,경상사고,0,0,1,0,차대차 - 측면충돌,안전운전불이행,건조,맑음,교차로 - 교차로안,화물,남,66세,상해없음,승용,여,43세,경상
2023022300100193,2023년 2월 23일 12시,목요일,대구광역시 북구 산격동,중상사고,0,1,0,0,차대차 - 측면충돌,신호위반,건조,맑음,교차로 - 교차로안,승용,남,30세,상해없음,이륜,남,35세,중상
2023022300100260,2023년 2월 23일 14시,목요일,대구광역시 중구 동인동3가,부상신고사고,0,0,0,1,차대차 - 측면충돌,안전운전불이행,건조,맑음,교차로 - 교차로안,기타불명,기타불명,미분류,기타불명,승용,여,48세,부상신고
2023022300100261,2023년 2월 23일 14시,목요일,대구광역시 달서구 성당동,경상사고,0,0,2,0,차대차 - 기타,안전거리미확보,건조,맑음,교차로 - 교차로부근,승용,남,38세,상해없음,승용,남,68세,경상
2023022300100292,2023년 2월 23일 15시,목요일,대구광역시 북구 고성동3가,경상사고,0,0,1,0,차대차 - 정면충돌,직진우회전진행방해,건조,맑음,교차로 - 교차로안,승용,남,75세,상해없음,개인형이동수단(PM),남,17세,경상
2023022300100316,2023년 2월 23일 16시,목요일,대구광역시 동구 입석동,경상사고,0,0,3,0,차대차 - 추돌,안전운전불이행,건조,맑음,단일로 - 기타,승용,남,64세,상해없음,승용,남,58세,경상
2023022300100317,2023년 2월 23일 16시,목요일,대구광역시 동구 검사동,중상사고,0,1,2,0,차대차 - 측면충돌,안전거리미확보,건조,맑음,단일로 - 기타,승용,여,52세,경상,승용,남,50세,경상
2023022300100318,2023년 2월 23일 16시,목요일,대구광역시 북구 구암동,중상사고,0,1,2,0,차대차 - 추돌,안전거리미확보,건조,맑음,단일로 - 기타,원동기,남,54세,중상,승용,여,40세,경상
2023022300100336,2023년 2월 23일 17시,목요일,대구광역시 수성구 고모동,경상사고,0,0,2,0,차대차 - 측면충돌,교차로운행방법위반,건조,맑음,교차로 - 교차로안,승용,여,55세,경상,승용,남,35세,경상
2023022300100337,2023년 2월 23일 17시,목요일,대구광역시 달서구 상인동,경상사고,0,0,1,0,차대차 - 기타,교차로운행방법위반,건조,맑음,교차로 - 교차로안,승용,여,48세,상해없음,이륜,남,27세,경상
2023022300100387,2023년 2월 23일 18시,목요일,대구광역시 동구 신암동,경상사고,0,0,1,0,차대사람 - 보도통행중,기타,건조,맑음,단일로 - 기타,기타불명,기타불명,미분류,기타불명,보행자,여,63세,경상
2023022300100388,2023년 2월 23일 18시,목요일,대구광역시 수성구 신매동,경상사고,0,0,1,0,차대사람 - 기타,신호위반,건조,맑음,교차로 - 교차로부근,이륜,남,45세,상해없음,보행자,남,4세,경상
2023022300100389,2023년 2월 23일 18시,목요일,대구광역시 달서구 상인동,경상사고,0,0,1,0,차대차 - 측면충돌,안전거리미확보,건조,맑음,단일로 - 기타,승용,남,57세,상해없음,승용,남,37세,경상
2023022300100390,2023년 2월 23일 18시,목요일,대구광역시 북구 구암동,경상사고,0,0,1,0,차대차 - 측면충돌,교차로운행방법위반,건조,맑음,교차로 - 교차로안,승용,남,52세,상해없음,이륜,남,22세,경상
2023022300100416,2023년 2월 23일 19시,목요일,대구광역시 서구 평리동,경상사고,0,0,1,0,차대차 - 추돌,안전운전불이행,건조,맑음,교차로 - 교차로부근,승용,남,28세,상해없음,승용,남,48세,경상
2023022300100437,2023년 2월 23일 20시,목요일,대구광역시 수성구 범어동,경상사고,0,0,3,0,차대차 - 측면충돌,신호위반,건조,맑음,단일로 - 기타,승용,여,53세,상해없음,승용,여,69세,경상
2023022300100438,2023년 2월 23일 20시,목요일,대구광역시 달서구 상인동,경상사고,0,0,1,0,차대사람 - 기타,안전운전불이행,건조,맑음,교차로 - 교차로안,승용,여,51세,상해없음,보행자,남,63세,경상
2023022300100439,2023년 2월 23일 20시,목요일,대구광역시 달서구 장기동,경상사고,0,0,1,0,차대차 - 기타,신호위반,건조,맑음,교차로 - 교차로안,이륜,남,17세,상해없음,이륜,남,56세,경상
2023022300100455,2023년 2월 23일 21시,목요일,대구광역시 중구 대신동,부상신고사고,0,0,0,1,차대차 - 기타,안전거리미확보,건조,맑음,단일로 - 기타,기타불명,기타불명,미분류,기타불명,승합,남,56세,상해없음
2023022300100488,2023년 2월 23일 23시,목요일,대구광역시 북구 산격동,중상사고,0,1,0,0,차대사람 - 횡단중,기타,건조,맑음,단일로 - 기타,승용,남,56세,상해없음,보행자,남,52세,중상
2023022300100489,2023년 2월 23일 23시,목요일,대구광역시 중구 동인동4가,경상사고,0,0,1,0,차대차 - 측면충돌,신호위반,건조,맑음,교차로 - 교차로안,승용,남,35세,상해없음,자전거,남,26세,경상
2023022400100006,2023년 2월 24일 00시,금요일,대구광역시 서구 평리동,부상신고사고,0,0,0,1,차대사람 - 차도통행중,안전운전불이행,건조,맑음,단일로 - 기타,승용,남,61세,상해없음,보행자,남,54세,부상신고
2023022400100070,2023년 2월 24일 07시,금요일,대구광역시 달서구 두류동,경상사고,0,0,1,0,차대차 - 측면충돌,안전거리미확보,건조,맑음,단일로 - 기타,화물,남,67세,상해없음,승용,남,47세,경상
2023022400100097,2023년 2월 24일 08시,금요일,대구광역시 달서구 송현동,경상사고,0,0,2,0,차대차 - 측면충돌,안전운전불이행,건조,맑음,교차로 - 교차로부근,승용,남,36세,상해없음,승용,여,40세,경상
2023022400100135,2023년 2월 24일 09시,금요일,대구광역시 동구 불로동,경상사고,0,0,2,0,차대차 - 기타,안전운전불이행,건조,맑음,교차로 - 교차로안,승용,여,83세,상해없음,승용,여,41세,경상
2023022400100136,2023년 2월 24일 09시,금요일,대구광역시 동구 괴전동,경상사고,0,0,1,0,차대사람 - 보도통행중,기타,건조,맑음,단일로 - 지하차도(도로)내,승용,남,42세,상해없음,보행자,남,59세,경상
2023022400100137,2023년 2월 24일 09시,금요일,대구광역시 달서구 월성동,경상사고,0,0,2,0,차대차 - 측면충돌,직진우회전진행방해,건조,맑음,교차로 - 교차로안,승용,여,78세,경상,승용,남,36세,경상
2023022400100165,2023년 2월 24일 10시,금요일,대구광역시 중구 태평로2가,경상사고,0,0,1,0,차대차 - 기타,교차로운행방법위반,건조,맑음,교차로 - 교차로안,화물,남,39세,상해없음,화물,남,49세,경상
2023022400100199,2023년 2월 24일 11시,금요일,대구광역시 북구 노원동1가,중상사고,0,3,1,0,차대차 - 측면충돌,교차로운행방법위반,건조,맑음,교차로 - 교차로안,승용,남,43세,중상,승용,여,47세,경상
2023022400100200,2023년 2월 24일 11시,금요일,대구광역시 달서구 감삼동,경상사고,0,0,1,0,차대차 - 기타,안전운전불이행,건조,맑음,기타 - 기타,승용,남,73세,상해없음,자전거,남,71세,경상
2023022400100225,2023년 2월 24일 12시,금요일,대구광역시 수성구 만촌동,경상사고,0,0,4,0,차대차 - 측면충돌,신호위반,건조,맑음,교차로 - 교차로안,승용,남,35세,기타불명,승용,여,26세,경상
2023022400100226,2023년 2월 24일 12시,금요일,대구광역시 달성군 화원읍,경상사고,0,0,1,0,차대차 - 기타,안전운전불이행,건조,맑음,교차로 - 교차로안,승용,여,75세,상해없음,승용,남,42세,경상
2023022400100227,2023년 2월 24일 12시,금요일,대구광역시 달성군 가창면,경상사고,0,0,1,0,차대차 - 추돌,안전운전불이행,건조,맑음,교차로 - 교차로부근,승용,남,30세,상해없음,승용,여,52세,경상
2023022400100228,2023년 2월 24일 12시,금요일,대구광역시 서구 비산동,부상신고사고,0,0,0,1,차대차 - 측면충돌,안전운전불이행,건조,맑음,단일로 - 기타,승용,남,71세,상해없음,이륜,남,48세,부상신고
2023022400100229,2023년 2월 24일 12시,금요일,대구광역시 서구 내당동,경상사고,0,0,1,0,차대사람 - 기타,안전운전불이행,건조,맑음,기타 - 기타,승용,여,70세,상해없음,보행자,여,54세,경상
2023022400100258,2023년 2월 24일 13시,금요일,대구광역시 달서구 상인동,경상사고,0,0,1,0,차대차 - 측면충돌,안전거리미확보,건조,맑음,교차로 - 교차로안,승용,남,64세,상해없음,승용,여,23세,경상
2023022400100283,2023년 2월 24일 14시,금요일,대구광역시 달성군 옥포읍,경상사고,0,0,1,0,차대사람 - 횡단중,보행자보호의무위반,건조,맑음,교차로 - 교차로안,승용,여,39세,상해없음,보행자,남,61세,경상
2023022400100284,2023년 2월 24일 14시,금요일,대구광역시 서구 중리동,경상사고,0,0,1,0,차대차 - 추돌,안전운전불이행,건조,맑음,단일로 - 기타,화물,남,36세,상해없음,승용,여,51세,경상
2023022400100312,2023년 2월 24일 15시,금요일,대구광역시 동구 용계동,경상사고,0,0,1,0,차대차 - 측면충돌,안전운전불이행,건조,맑음,교차로 - 교차로부근,승용,여,62세,상해없음,자전거,남,60세,경상
2023022400100313,2023년 2월 24일 15시,금요일,대구광역시 동구 효목동,경상사고,0,0,1,0,차대차 - 추돌,안전거리미확보,건조,맑음,단일로 - 기타,승용,남,72세,상해없음,승용,남,66세,경상
2023022400100314,2023년 2월 24일 15시,금요일,대구광역시 수성구 범어동,중상사고,0,1,1,0,차대차 - 기타,불법유턴,건조,맑음,기타 - 기타,자전거,여,65세,중상,이륜,남,29세,경상
2023022400100315,2023년 2월 24일 15시,금요일,대구광역시 달서구 진천동,경상사고,0,0,1,0,차대사람 - 차도통행중,안전운전불이행,건조,맑음,단일로 - 기타,승용,여,45세,상해없음,보행자,남,74세,경상
2023022400100393,2023년 2월 24일 17시,금요일,대구광역시 동구 각산동,경상사고,0,0,1,1,차대차 - 기타,안전운전불이행,건조,맑음,교차로 - 교차로안,원동기,남,65세,부상신고,승용,여,43세,경상
2023022400100394,2023년 2월 24일 17시,금요일,대구광역시 달서구 월성동,중상사고,0,3,0,0,차대차 - 추돌,안전거리미확보,건조,맑음,단일로 - 기타,승용,남,54세,상해없음,승용,남,62세,중상
2023022400100429,2023년 2월 24일 18시,금요일,대구광역시 달서구 상인동,경상사고,0,0,3,0,차대차 - 측면충돌,직진우회전진행방해,건조,맑음,교차로 - 교차로안,승용,여,30세,경상,승용,남,39세,경상
2023022400100430,2023년 2월 24일 18시,금요일,대구광역시 달서구 진천동,경상사고,0,0,1,0,차대차 - 측면충돌,안전거리미확보,건조,맑음,교차로 - 교차로부근,특수,남,51세,상해없음,승용,여,41세,경상
2023022400100431,2023년 2월 24일 18시,금요일,대구광역시 달성군 유가읍,경상사고,0,0,2,0,차대차 - 기타,안전운전불이행,건조,맑음,단일로 - 기타,특수,남,61세,상해없음,승용,여,37세,경상
2023022400100432,2023년 2월 24일 18시,금요일,대구광역시 서구 내당동,경상사고,0,0,1,0,차대차 - 측면충돌,안전운전불이행,건조,맑음,단일로 - 기타,승용,여,69세,상해없음,이륜,남,44세,경상
2023022400100433,2023년 2월 24일 18시,금요일,대구광역시 달서구 이곡동,경상사고,0,0,3,0,차대차 - 측면충돌,신호위반,건조,맑음,교차로 - 교차로안,승용,남,74세,상해없음,승용,여,32세,경상
2023022400100434,2023년 2월 24일 18시,금요일,대구광역시 북구 구암동,경상사고,0,0,2,0,차대차 - 측면충돌,안전거리미확보,건조,맑음,단일로 - 기타,승합,남,53세,상해없음,화물,남,50세,경상
2023022400100471,2023년 2월 24일 19시,금요일,대구광역시 달서구 상인동,경상사고,0,0,5,0,차대차 - 측면충돌,신호위반,건조,맑음,교차로 - 교차로안,승용,남,74세,상해없음,승합,남,53세,상해없음
2023022400100472,2023년 2월 24일 19시,금요일,대구광역시 달서구 죽전동,중상사고,0,1,0,0,차대차 - 측면충돌,신호위반,건조,맑음,교차로 - 교차로안,화물,남,56세,상해없음,이륜,남,22세,중상
2023022400100501,2023년 2월 24일 20시,금요일,대구광역시 남구 대명동,부상신고사고,0,0,0,1,차대사람 - 기타,안전운전불이행,건조,맑음,단일로 - 기타,승용,남,34세,상해없음,보행자,남,50세,부상신고
2023022400100502,2023년 2월 24일 20시,금요일,대구광역시 수성구 만촌동,경상사고,0,0,1,0,차대사람 - 차도통행중,안전운전불이행,건조,맑음,교차로 - 교차로부근,개인형이동수단(PM),남,14세,상해없음,보행자,남,32세,경상
2023022400100503,2023년 2월 24일 20시,금요일,대구광역시 북구 태전동,경상사고,0,0,2,0,차대차 - 후진중충돌,안전운전불이행,건조,맑음,교차로 - 교차로안,승용,남,52세,상해없음,승용,여,57세,경상
2023022500100044,2023년 2월 25일 04시,토요일,대구광역시 달성군 다사읍,경상사고,0,0,1,0,차대차 - 추돌,안전운전불이행,건조,맑음,단일로 - 기타,승용,남,26세,상해없음,승용,남,64세,경상
2023022500100051,2023년 2월 25일 05시,토요일,대구광역시 북구 동변동,중상사고,0,1,0,0,차대차 - 측면충돌,교차로운행방법위반,건조,맑음,교차로 - 교차로안,승용,남,55세,상해없음,자전거,남,73세,중상
2023022500100065,2023년 2월 25일 06시,토요일,대구광역시 중구 삼덕동1가,경상사고,0,0,1,0,차대사람 - 기타,안전운전불이행,건조,맑음,단일로 - 기타,승용,남,21세,상해없음,보행자,남,28세,경상
2023022500100079,2023년 2월 25일 07시,토요일,대구광역시 달서구 용산동,중상사고,0,2,0,0,차대차 - 추돌,안전운전불이행,건조,맑음,단일로 - 기타,승용,남,19세,상해없음,승용,남,33세,중상
2023022500100080,2023년 2월 25일 07시,토요일,대구광역시 북구 매천동,경상사고,0,0,1,0,차대차 - 기타,안전거리미확보,건조,맑음,교차로 - 교차로부근,화물,남,64세,상해없음,화물,남,35세,경상
2023022500100096,2023년 2월 25일 08시,토요일,대구광역시 북구 동천동,경상사고,0,0,1,0,차대차 - 측면충돌,안전운전불이행,건조,맑음,교차로 - 교차로부근,승합,남,58세,상해없음,승용,여,38세,경상
2023022500100115,2023년 2월 25일 09시,토요일,대구광역시 동구 신천동,경상사고,0,0,1,0,차대차 - 추돌,안전거리미확보,건조,맑음,단일로 - 기타,승용,여,27세,상해없음,승용,남,70세,경상
2023022500100116,2023년 2월 25일 09시,토요일,대구광역시 북구 산격동,경상사고,0,0,1,0,차대차 - 정면충돌,직진우회전진행방해,건조,맑음,교차로 - 교차로안,승용,남,61세,기타불명,화물,남,43세,경상