사고번호,사고일시,요일,시군구,사고내용,사망자수,중상자수,경상자수,부상신고자수,사고유형,법규위반,노면상태,기상상태,도로형태,가해운전자 차종,가해운전자 성별,가해운전자 연령,가해운전자 상해정도,피해운전자 차종,피해운전자 성별,피해운전자 연령,피해운전자 상해정도
2023022500100148,2023년 2월 25일 10시,토요일,대구광역시 남구 대명동,중상사고,0,1,0,0,차대차 - 기타,기타,건조,맑음,교차로 - 교차로부근,승용,남,26세,상해없음,개인형이동수단(PM),남,31세,중상
2023022500100149,2023년 2월 25일 10시,토요일,대구광역시 수성구 범물동,경상사고,0,0,1,0,차대차 - 추돌,안전운전불이행,건조,맑음,교차로 - 교차로부근,승용,남,46세,상해없음,승용,남,45세,경상
2023022500100150,2023년 2월 25일 10시,토요일,대구광역시 북구 산격동,경상사고,0,0,2,0,차대차 - 기타,안전운전불이행,건조,맑음,단일로 - 기타,화물,남,65세,상해없음,승용,남,64세,경상
2023022500100184,2023년 2월 25일 11시,토요일,대구광역시 남구 이천동,경상사고,0,0,1,0,차대차 - 기타,차로위반,건조,맑음,단일로 - 기타,승용,여,45세,상해없음,승용,남,67세,상해없음
2023022500100222,2023년 2월 25일 12시,토요일,대구광역시 달서구 월성동,경상사고,0,0,1,0,차대차 - 측면충돌,안전운전불이행,건조,맑음,단일로 - 기타,화물,남,52세,상해없음,승용,남,40세,경상
2023022500100223,2023년 2월 25일 12시,토요일,대구광역시 달서구 장기동,경상사고,0,0,3,0,차대차 - 추돌,안전운전불이행,건조,맑음,단일로 - 기타,화물,남,48세,기타불명,승용,남,61세,경상
2023022500100263,2023년 2월 25일 13시,토요일,대구광역시 서구 내당동,경상사고,0,0,1,0,차대차 - 측면충돌,신호위반,건조,맑음,교차로 - 교차로안,이륜,남,32세,경상,승용,여,55세,상해없음
2023022500100341,2023년 2월 25일 15시,토요일,대구광역시 동구 신천동,경상사고,0,0,1,0,차대차 - 측면충돌,안전거리미확보,건조,맑음,단일로 - 지하차도(도로)내,승용,남,46세,기타불명,이륜,남,47세,경상
2023022500100342,2023년 2월 25일 15시,토요일,대구광역시 달서구 송현동,경상사고,0,0,1,0,차대차 - 추돌,안전운전불이행,건조,맑음,단일로 - 기타,승용,남,54세,상해없음,승용,남,51세,경상
2023022500100343,2023년 2월 25일 15시,토요일,대구광역시 달성군 구지면,경상사고,0,0,1,0,차대차 - 추돌,안전운전불이행,건조,맑음,단일로 - 기타,자전거,남,33세,경상,승용,여,61세,상해없음
2023022500100376,2023년 2월 25일 16시,토요일,대구광역시 동구 신암동,경상사고,0,0,2,0,차대차 - 추돌,안전거리미확보,건조,맑음,단일로 - 기타,승용,남,40세,상해없음,승용,남,63세,상해없음
2023022500100406,2023년 2월 25일 17시,토요일,대구광역시 동구 대림동,경상사고,0,0,2,0,차대차 - 측면충돌,교차로운행방법위반,건조,맑음,교차로 - 교차로안,승용,남,58세,상해없음,승용,남,71세,경상
2023022500100440,2023년 2월 25일 18시,토요일,대구광역시 수성구 두산동,경상사고,0,0,1,0,차대차 - 측면충돌,안전운전불이행,건조,맑음,단일로 - 기타,승용,여,45세,상해없음,승용,남,79세,경상
2023022500100470,2023년 2월 25일 19시,토요일,대구광역시 달성군 현풍읍,경상사고,0,0,1,0,차대차 - 기타,안전운전불이행,건조,맑음,교차로 - 교차로안,승용,여,54세,상해없음,승용,여,54세,경상
2023022500100471,2023년 2월 25일 19시,토요일,대구광역시 서구 원대동1가,중상사고,0,1,1,0,차대차 - 측면충돌,중앙선침범,건조,맑음,교차로 - 교차로부근,이륜,남,47세,상해없음,이륜,여,63세,중상
2023022500100491,2023년 2월 25일 20시,토요일,대구광역시 남구 대명동,경상사고,0,0,1,0,차대사람 - 횡단중,안전운전불이행,건조,맑음,교차로 - 교차로안,승용,남,54세,상해없음,보행자,여,23세,경상
2023022500100514,2023년 2월 25일 21시,토요일,대구광역시 수성구 신매동,경상사고,0,0,1,0,차대차 - 기타,안전운전불이행,건조,맑음,단일로 - 기타,승용,남,66세,상해없음,원동기,남,42세,경상
2023022500100527,2023년 2월 25일 22시,토요일,대구광역시 중구 삼덕동3가,경상사고,0,0,1,0,차대차 - 측면충돌,교차로운행방법위반,건조,맑음,교차로 - 교차로안,승용,남,47세,상해없음,승용,여,51세,경상
2023022600100006,2023년 2월 26일 00시,일요일,대구광역시 수성구 수성동2가,경상사고,0,0,1,0,차대사람 - 길가장자리구역통행중,안전운전불이행,건조,맑음,단일로 - 기타,이륜,남,51세,상해없음,보행자,남,43세,경상
2023022600100015,2023년 2월 26일 01시,일요일,대구광역시 달성군 구지면,경상사고,0,0,1,0,차대차 - 기타,안전운전불이행,건조,맑음,교차로 - 교차로안,승용,남,25세,상해없음,승용,남,27세,경상
2023022600100033,2023년 2월 26일 04시,일요일,대구광역시 달서구 상인동,중상사고,0,1,1,0,차대차 - 정면충돌,신호위반,건조,맑음,교차로 - 교차로안,승용,남,22세,상해없음,화물,남,58세,경상
2023022600100038,2023년 2월 26일 05시,일요일,대구광역시 달서구 본동,경상사고,0,0,3,0,차대차 - 추돌,안전거리미확보,건조,맑음,단일로 - 기타,승용,남,27세,상해없음,승용,남,61세,경상
2023022600100069,2023년 2월 26일 09시,일요일,대구광역시 서구 원대동3가,경상사고,0,0,1,0,차대차 - 추돌,안전운전불이행,건조,맑음,기타 - 기타,승용,남,57세,상해없음,이륜,남,40세,경상
2023022600100070,2023년 2월 26일 09시,일요일,대구광역시 북구 산격동,중상사고,0,1,0,0,차대사람 - 기타,안전운전불이행,건조,맑음,교차로 - 교차로부근,승합,남,70세,상해없음,보행자,남,42세,중상
2023022600100071,2023년 2월 26일 09시,일요일,대구광역시 서구 중리동,경상사고,0,0,1,0,차대차 - 측면충돌,직진우회전진행방해,건조,맑음,교차로 - 교차로안,승합,남,56세,상해없음,이륜,남,43세,경상
2023022600100090,2023년 2월 26일 10시,일요일,대구광역시 수성구 지산동,경상사고,0,0,2,0,차대차 - 측면충돌,교차로운행방법위반,건조,맑음,교차로 - 교차로안,승용,남,30세,상해없음,승용,남,69세,경상
2023022600100091,2023년 2월 26일 10시,일요일,대구광역시 수성구 만촌동,경상사고,0,0,2,0,차대차 - 측면충돌,안전거리미확보,건조,맑음,단일로 - 기타,승용,남,22세,상해없음,승용,남,73세,경상
2023022600100092,2023년 2월 26일 10시,일요일,대구광역시 수성구 시지동,경상사고,0,0,1,0,차대사람 - 횡단중,보행자보호의무위반,건조,맑음,단일로 - 기타,승용,여,55세,상해없음,보행자,여,76세,경상
2023022600100112,2023년 2월 26일 11시,일요일,대구광역시 수성구 상동,부상신고사고,0,0,0,1,차대차 - 기타,안전운전불이행,건조,맑음,기타 - 기타,자전거,남,75세,부상신고,승용,남,67세,상해없음
2023022600100113,2023년 2월 26일 11시,일요일,대구광역시 서구 비산동,중상사고,0,1,0,0,차대차 - 기타,기타,건조,맑음,교차로 - 교차로부근,승용,남,73세,상해없음,이륜,남,39세,중상
2023022600100142,2023년 2월 26일 12시,일요일,대구광역시 동구 지묘동,경상사고,0,0,1,0,차대차 - 기타,안전운전불이행,건조,맑음,교차로 - 교차로안,승용,여,43세,상해없음,승용,여,54세,경상
2023022600100143,2023년 2월 26일 12시,일요일,대구광역시 서구 내당동,경상사고,0,0,1,0,차대차 - 측면충돌,안전운전불이행,건조,맑음,단일로 - 기타,이륜,남,53세,상해없음,자전거,여,29세,경상
2023022600100181,2023년 2월 26일 13시,일요일,대구광역시 수성구 황금동,경상사고,0,0,1,0,차대차 - 기타,안전거리미확보,건조,맑음,교차로 - 교차로부근,승용,여,34세,상해없음,이륜,남,28세,경상
2023022600100227,2023년 2월 26일 15시,일요일,대구광역시 동구 신암동,중상사고,0,1,0,0,차대차 - 측면충돌,안전거리미확보,건조,맑음,단일로 - 기타,승용,여,60세,상해없음,이륜,남,41세,중상
2023022600100228,2023년 2월 26일 15시,일요일,대구광역시 동구 지저동,경상사고,0,0,2,0,차대차 - 추돌,안전거리미확보,건조,맑음,교차로 - 교차로부근,승용,남,62세,상해없음,승용,남,51세,경상
2023022600100257,2023년 2월 26일 16시,일요일,대구광역시 동구 율하동,경상사고,0,0,1,0,차대사람 - 횡단중,보행자보호의무위반,건조,맑음,교차로 - 교차로부근,승용,남,27세,상해없음,보행자,여,32세,경상
2023022600100258,2023년 2월 26일 16시,일요일,대구광역시 동구 각산동,중상사고,0,1,0,0,차대차 - 측면충돌,안전운전불이행,건조,맑음,단일로 - 기타,승용,여,34세,상해없음,이륜,남,51세,중상
2023022600100279,2023년 2월 26일 17시,일요일,대구광역시 동구 신암동,경상사고,0,0,2,0,차대차 - 측면충돌,신호위반,건조,맑음,단일로 - 지하차도(도로)내,승용,여,49세,상해없음,승용,남,26세,경상
2023022600100280,2023년 2월 26일 17시,일요일,대구광역시 수성구 상동,경상사고,0,0,1,0,차대사람 - 횡단중,보행자보호의무위반,건조,맑음,교차로 - 교차로부근,승용,여,42세,상해없음,보행자,남,59세,경상
2023022600100281,2023년 2월 26일 17시,일요일,대구광역시 달서구 진천동,경상사고,0,0,1,0,차대차 - 추돌,교차로운행방법위반,건조,맑음,교차로 - 교차로안,승용,여,45세,상해없음,이륜,남,20세,경상
2023022600100282,2023년 2월 26일 17시,일요일,대구광역시 달서구 감삼동,부상신고사고,0,0,0,1,차대차 - 기타,안전운전불이행,건조,맑음,단일로 - 기타,기타불명,기타불명,미분류,기타불명,이륜,남,18세,부상신고
2023022600100316,2023년 2월 26일 18시,일요일,대구광역시 달서구 유천동,경상사고,0,0,1,0,차대차 - 측면충돌,불법유턴,건조,맑음,교차로 - 교차로부근,이륜,남,37세,상해없음,이륜,남,27세,경상
2023022600100317,2023년 2월 26일 18시,일요일,대구광역시 북구 산격동,부상신고사고,0,0,0,1,차대사람 - 횡단중,안전운전불이행,건조,맑음,교차로 - 교차로횡단보도내,기타불명,기타불명,미분류,기타불명,보행자,남,48세,부상신고
2023022600100318,2023년 2월 26일 18시,일요일,대구광역시 달서구 본리동,경상사고,0,0,1,0,차대차 - 기타,안전거리미확보,건조,맑음,교차로 - 교차로부근,승용,남,43세,상해없음,이륜,남,28세,경상
2023022600100319,2023년 2월 26일 18시,일요일,대구광역시 북구 국우동,경상사고,0,0,2,0,차대차 - 측면충돌,안전거리미확보,건조,맑음,단일로 - 기타,승용,여,58세,상해없음,승용,남,56세,경상
2023022600100339,2023년 2월 26일 19시,일요일,대구광역시 동구 서호동,경상사고,0,0,1,1,차대사람 - 횡단중,안전운전불이행,건조,맑음,교차로 - 교차로안,이륜,남,58세,부상신고,보행자,여,64세,경상
2023022600100340,2023년 2월 26일 19시,일요일,대구광역시 달성군 옥포읍,경상사고,0,0,1,0,차대차 - 측면충돌,안전운전불이행,건조,맑음,교차로 - 교차로안,이륜,남,33세,상해없음,승용,남,31세,경상
2023022600100360,2023년 2월 26일 20시,일요일,대구광역시 동구 봉무동,부상신고사고,0,0,0,1,차량단독 - 공작물충돌,안전운전불이행,건조,맑음,단일로 - 지하차도(도로)내,이륜,남,26세,부상신고,,,,
2023022600100380,2023년 2월 26일 21시,일요일,대구광역시 달서구 진천동,경상사고,0,0,1,0,차대차 - 기타,안전운전불이행,건조,맑음,교차로 - 교차로안,이륜,기타불명,미분류,기타불명,이륜,남,24세,경상
2023022600100381,2023년 2월 26일 21시,일요일,대구광역시 달성군 가창면,중상사고,0,1,0,0,차대차 - 기타,안전운전불이행,건조,맑음,단일로 - 기타,승용,여,74세,상해없음,승합,남,55세,상해없음
2023022600100382,2023년 2월 26일 21시,일요일,대구광역시 서구 비산동,경상사고,0,0,1,0,차대차 - 측면충돌,안전운전불이행,건조,맑음,교차로 - 교차로부근,승용,남,61세,상해없음,자전거,남,30세,경상
2023022600100398,2023년 2월 26일 22시,일요일,대구광역시 수성구 신매동,경상사고,0,0,4,0,차대차 - 추돌,안전운전불이행,건조,맑음,단일로 - 기타,승용,남,61세,기타불명,승용,남,52세,경상
2023022600100399,2023년 2월 26일 22시,일요일,대구광역시 달성군 현풍읍,경상사고,0,0,1,0,차대차 - 기타,안전운전불이행,건조,맑음,단일로 - 기타,승용,남,30세,상해없음,승용,여,31세,경상
2023022600100405,2023년 2월 26일 23시,일요일,대구광역시 북구 복현동,중상사고,0,1,0,0,차량단독 - 기타,안전운전불이행,건조,맑음,단일로 - 기타,승용,여,69세,기타불명,,,,
2023022700100005,2023년 2월 27일 00시,월요일,대구광역시 달서구 송현동,경상사고,0,0,2,0,차대차 - 측면충돌,교차로운행방법위반,건조,맑음,교차로 - 교차로안,승용,남,52세,상해없음,승용,남,29세,경상
2023022700100019,2023년 2월 27일 04시,월요일,대구광역시 중구 대봉동,경상사고,0,0,2,0,차대차 - 측면충돌,차로위반,건조,맑음,단일로 - 기타,승용,남,24세,상해없음,승용,남,18세,경상
2023022700100039,2023년 2월 27일 06시,월요일,대구광역시 동구 서호동,중상사고,0,1,0,0,차대차 - 정면충돌,안전운전불이행,건조,맑음,교차로 - 교차로횡단보도내,승용,남,50세,상해없음,자전거,남,58세,중상
2023022700100056,2023년 2월 27일 07시,월요일,대구광역시 북구 노원동3가,중상사고,0,1,0,0,차대차 - 기타,안전운전불이행,건조,맑음,단일로 - 기타,승용,남,57세,상해없음,이륜,남,44세,중상
2023022700100086,2023년 2월 27일 08시,월요일,대구광역시 북구 산격동,경상사고,0,0,1,0,차대차 - 측면충돌,안전운전불이행,건조,맑음,단일로 - 기타,화물,남,50세,상해없음,승용,여,46세,경상
2023022700100087,2023년 2월 27일 08시,월요일,대구광역시 서구 평리동,경상사고,0,0,1,0,차대차 - 측면충돌,안전거리미확보,건조,맑음,교차로 - 교차로부근,화물,남,26세,상해없음,화물,남,62세,경상
2023022700100088,2023년 2월 27일 08시,월요일,대구광역시 북구 동호동,경상사고,0,0,2,0,차대차 - 측면충돌,신호위반,건조,맑음,교차로 - 교차로부근,승용,여,45세,상해없음,승용,남,36세,경상
2023022700100124,2023년 2월 27일 09시,월요일,대구광역시 북구 산격동,경상사고,0,0,2,0,차대차 - 추돌,신호위반,건조,맑음,단일로 - 기타,승용,여,37세,기타불명,승용,여,52세,경상
2023022700100149,2023년 2월 27일 10시,월요일,대구광역시 남구 봉덕동,부상신고사고,0,0,0,1,차대차 - 추돌,안전운전불이행,건조,맑음,교차로 - 교차로안,자전거,남,84세,부상신고,승용,남,57세,상해없음
2023022700100150,2023년 2월 27일 10시,월요일,대구광역시 동구 용계동,경상사고,0,0,1,0,차대차 - 측면충돌,신호위반,건조,맑음,교차로 - 교차로안,승용,남,64세,상해없음,승용,여,48세,경상
2023022700100175,2023년 2월 27일 11시,월요일,대구광역시 서구 내당동,경상사고,0,0,2,0,차대차 - 측면충돌,안전운전불이행,건조,맑음,교차로 - 교차로부근,화물,남,51세,경상,승용,여,70세,경상
2023022700100212,2023년 2월 27일 12시,월요일,대구광역시 중구 대신동,부상신고사고,0,0,0,1,차대사람 - 기타,안전운전불이행,건조,맑음,교차로 - 교차로안,승용,여,55세,상해없음,보행자,남,49세,부상신고
2023022700100280,2023년 2월 27일 14시,월요일,대구광역시 남구 대명동,경상사고,0,0,1,0,차대차 - 측면충돌,기타,건조,맑음,교차로 - 교차로부근,이륜,남,45세,경상,승용,여,52세,상해없음
2023022700100281,2023년 2월 27일 14시,월요일,대구광역시 수성구 중동,경상사고,0,0,1,0,차대사람 - 기타,안전운전불이행,건조,맑음,주차장 - 주차장,승용,남,40세,상해없음,보행자,남,43세,경상
2023022700100317,2023년 2월 27일 15시,월요일,대구광역시 달서구 죽전동,경상사고,0,0,1,0,차대차 - 추돌,안전운전불이행,건조,맑음,교차로 - 교차로부근,건설기계,남,61세,상해없음,승용,여,62세,경상
2023022700100350,2023년 2월 27일 16시,월요일,대구광역시 수성구 만촌동,중상사고,0,1,0,0,차량단독 - 기타,안전운전불이행,건조,맑음,단일로 - 기타,승합,남,55세,상해없음,,,,
2023022700100351,2023년 2월 27일 16시,월요일,대구광역시 달성군 유가읍,경상사고,0,0,1,0,차량단독 - 공작물충돌,안전운전불이행,건조,맑음,교차로 - 교차로안,승용,여,39세,경상,,,,
2023022700100378,2023년 2월 27일 17시,월요일,대구광역시 서구 내당동,경상사고,0,0,1,0,차대차 - 추돌,안전운전불이행,건조,맑음,교차로 - 교차로부근,화물,남,70세,상해없음,승용,남,44세,경상
2023022700100426,2023년 2월 27일 18시,월요일,대구광역시 남구 이천동,경상사고,0,0,1,0,차대차 - 측면충돌,기타,건조,맑음,단일로 - 기타,승용,여,72세,상해없음,이륜,남,29세,경상
2023022700100427,2023년 2월 27일 18시,월요일,대구광역시 동구 율암동,중상사고,0,1,4,0,차대차 - 추돌,안전운전불이행,건조,맑음,단일로 - 고가도로위,승용,여,30세,경상,승용,여,37세,경상
2023022700100465,2023년 2월 27일 19시,월요일,대구광역시 동구 신천동,경상사고,0,0,1,0,차대차 - 측면충돌,신호위반,건조,맑음,교차로 - 교차로부근,이륜,남,49세,기타불명,승용,남,68세,경상
2023022700100466,2023년 2월 27일 19시,월요일,대구광역시 수성구 수성동1가,부상신고사고,0,0,0,1,차대차 - 기타,안전운전불이행,기타,기타,미분류 - 미분류,승용,남,70세,상해없음,승용,여,40세,부상신고
2023022700100467,2023년 2월 27일 19시,월요일,대구광역시 서구 상리동,경상사고,0,0,2,0,차대차 - 추돌,안전운전불이행,건조,맑음,단일로 - 기타,승용,남,35세,상해없음,승용,남,55세,경상
2023022700100468,2023년 2월 27일 19시,월요일,대구광역시 중구 삼덕동2가,경상사고,0,0,1,0,차대차 - 측면충돌,안전거리미확보,건조,맑음,단일로 - 기타,승용,남,67세,상해없음,이륜,남,23세,경상
2023022700100509,2023년 2월 27일 21시,월요일,대구광역시 달성군 화원읍,경상사고,0,0,1,0,차대차 - 측면충돌,교차로운행방법위반,건조,맑음,교차로 - 교차로안,승용,여,62세,상해없음,자전거,여,44세,경상
2023022700100521,2023년 2월 27일 22시,월요일,대구광역시 동구 신용동,중상사고,0,1,0,0,차량단독 - 공작물충돌,안전운전불이행,건조,맑음,단일로 - 기타,승용,남,21세,상해없음,,,,
2023022700100522,2023년 2월 27일 22시,월요일,대구광역시 달성군 다사읍,부상신고사고,0,0,0,1,차대차 - 정면충돌,안전운전불이행,건조,맑음,기타 - 기타,기타불명,기타불명,미분류,기타불명,기타불명,남,33세,부상신고
2023022700100523,2023년 2월 27일 22시,월요일,대구광역시 북구 산격동,경상사고,0,0,1,0,차대사람 - 횡단중,보행자보호의무위반,건조,맑음,교차로 - 교차로부근,승용,남,61세,상해없음,보행자,여,58세,경상
2023022800100007,2023년 2월 28일 00시,화요일,대구광역시 달서구 죽전동,중상사고,0,1,0,0,차대차 - 기타,안전운전불이행,젖음/습기,맑음,교차로 - 교차로안,원동기,남,15세,중상,화물,남,62세,기타불명
2023022800100017,2023년 2월 28일 01시,화요일,대구광역시 수성구 지산동,경상사고,0,0,1,0,차대차 - 측면충돌,안전운전불이행,건조,맑음,교차로 - 교차로안,승용,남,59세,상해없음,승용,남,32세,경상
2023022800100033,2023년 2월 28일 04시,화요일,대구광역시 달서구 용산동,중상사고,0,1,0,0,차대사람 - 기타,안전운전불이행,건조,맑음,교차로 - 교차로안,승용,남,62세,상해없음,보행자,여,80세,중상
2023022800100062,2023년 2월 28일 07시,화요일,대구광역시 동구 검사동,중상사고,0,1,0,0,차대차 - 기타,교차로운행방법위반,건조,맑음,교차로 - 교차로안,화물,남,60세,상해없음,승용,남,67세,중상
2023022800100063,2023년 2월 28일 07시,화요일,대구광역시 달서구 대곡동,경상사고,0,0,1,0,차대사람 - 횡단중,신호위반,건조,맑음,교차로 - 교차로안,승용,남,67세,상해없음,보행자,남,35세,경상
2023022800100090,2023년 2월 28일 08시,화요일,대구광역시 수성구 지산동,경상사고,0,0,1,0,차대차 - 기타,안전운전불이행,기타,기타,단일로 - 기타,화물,남,64세,상해없음,승합,남,45세,경상
2023022800100136,2023년 2월 28일 10시,화요일,대구광역시 동구 신천동,경상사고,0,0,2,0,차대차 - 기타,안전운전불이행,건조,맑음,단일로 - 기타,승용,여,50세,상해없음,승용,여,52세,경상
2023022800100137,2023년 2월 28일 10시,화요일,대구광역시 달서구 대천동,경상사고,0,0,2,0,차대차 - 측면충돌,안전운전불이행,건조,맑음,교차로 - 교차로안,승용,여,34세,경상,승용,여,38세,경상
2023022800100138,2023년 2월 28일 10시,화요일,대구광역시 북구 동호동,경상사고,0,0,1,0,차대차 - 측면충돌,안전운전불이행,건조,맑음,단일로 - 기타,승용,남,38세,기타불명,이륜,남,46세,경상
2023022800100164,2023년 2월 28일 11시,화요일,대구광역시 수성구 만촌동,경상사고,0,0,1,0,차대차 - 측면충돌,신호위반,건조,맑음,교차로 - 교차로부근,이륜,남,25세,상해없음,승용,남,38세,경상
2023022800100165,2023년 2월 28일 11시,화요일,대구광역시 달성군 유가읍,중상사고,0,1,1,0,차대차 - 기타,안전운전불이행,건조,맑음,교차로 - 교차로안,승용,남,43세,경상,승용,여,64세,중상
2023022800100166,2023년 2월 28일 11시,화요일,대구광역시 북구 침산동,경상사고,0,0,1,0,차대차 - 측면충돌,안전운전불이행,건조,맑음,단일로 - 교량,화물,남,64세,기타불명,승용,남,36세,경상
2023022800100193,2023년 2월 28일 12시,화요일,대구광역시 수성구 신매동,경상사고,0,0,1,0,차대차 - 후진중충돌,안전운전불이행,건조,맑음,교차로 - 교차로부근,승용,남,28세,상해없음,이륜,남,31세,경상
2023022800100194,2023년 2월 28일 12시,화요일,대구광역시 북구 산격동,경상사고,0,0,2,0,차대차 - 측면충돌,교차로운행방법위반,건조,맑음,교차로 - 교차로부근,승용,남,60세,상해없음,승용,남,37세,경상
2023022800100232,2023년 2월 28일 13시,화요일,대구광역시 동구 불로동,경상사고,0,0,1,0,차대사람 - 차도통행중,안전운전불이행,건조,맑음,단일로 - 기타,승용,남,77세,상해없음,보행자,남,37세,경상
2023022800100233,2023년 2월 28일 13시,화요일,대구광역시 수성구 가천동,경상사고,0,0,2,0,차대차 - 측면충돌,안전운전불이행,건조,맑음,단일로 - 기타,승용,남,74세,상해없음,승용,여,44세,경상
2023022800100234,2023년 2월 28일 13시,화요일,대구광역시 달성군 유가읍,경상사고,0,0,2,0,차대차 - 기타,안전운전불이행,건조,맑음,단일로 - 기타,특수,남,42세,경상,승용,남,28세,경상
2023022800100235,2023년 2월 28일 13시,화요일,대구광역시 달서구 용산동,경상사고,0,0,1,0,차대차 - 측면충돌,기타,건조,맑음,교차로 - 교차로안,승용,남,19세,상해없음,승용,여,56세,경상
2023022800100281,2023년 2월 28일 14시,화요일,대구광역시 중구 대봉동,중상사고,0,1,0,0,차대차 - 측면충돌,안전거리미확보,건조,맑음,기타 - 기타,승용,여,33세,상해없음,특수,남,41세,중상
2023022800100314,2023년 2월 28일 15시,화요일,대구광역시 달서구 도원동,경상사고,0,0,1,0,차대차 - 측면충돌,안전운전불이행,건조,맑음,교차로 - 교차로안,이륜,남,72세,경상,승용,남,68세,상해없음
2023022800100315,2023년 2월 28일 15시,화요일,대구광역시 북구 동천동,부상신고사고,0,0,0,1,차대차 - 측면충돌,안전운전불이행,건조,맑음,교차로 - 교차로부근,개인형이동수단(PM),남,12세,부상신고,승용,남,50세,상해없음
2023022800100352,2023년 2월 28일 16시,화요일,대구광역시 달서구 장기동,경상사고,0,0,1,0,차대차 - 측면충돌,안전운전불이행,건조,맑음,교차로 - 교차로부근,화물,남,30세,상해없음,이륜,남,46세,경상
2023022800100395,2023년 2월 28일 17시,화요일,대구광역시 남구 대명동,경상사고,0,0,1,0,차대차 - 기타,안전운전불이행,건조,맑음,교차로 - 교차로부근,승용,남,57세,상해없음,승용,남,58세,경상
2023022800100396,2023년 2월 28일 17시,화요일,대구광역시 수성구 범어동,경상사고,0,0,2,0,차대차 - 측면충돌,안전거리미확보,건조,맑음,기타 - 기타,승용,남,64세,상해없음,승용,남,67세,경상
2023022800100397,2023년 2월 28일 17시,화요일,대구광역시 달성군 현풍읍,경상사고,0,0,1,0,차대사람 - 횡단중,보행자보호의무위반,건조,맑음,기타 - 기타,자전거,여,43세,상해없음,보행자,여,40세,경상
2023022800100435,2023년 2월 28일 18시,화요일,대구광역시 수성구 대흥동,중상사고,0,1,0,0,차대차 - 측면충돌,교차로운행방법위반,건조,맑음,교차로 - 교차로안,승용,여,52세,상해없음,이륜,남,31세,중상
2023022800100468,2023년 2월 28일 19시,화요일,대구광역시 서구 비산동,경상사고,0,0,1,0,차대차 - 측면충돌,안전거리미확보,건조,맑음,교차로 - 교차로부근,화물,남,62세,상해없음,승용,남,33세,경상
2023022800100495,2023년 2월 28일 20시,화요일,대구광역시 북구 침산동,경상사고,0,0,1,0,차대차 - 추돌,안전운전불이행,건조,맑음,교차로 - 교차로부근,승용,남,51세,상해없음,화물,여,53세,경상
2023022800100496,2023년 2월 28일 20시,화요일,대구광역시 북구 산격동,경상사고,0,0,1,0,차대차 - 기타,안전거리미확보,건조,맑음,교차로 - 교차로횡단보도내,승용,남,63세,상해없음,승용,남,36세,경상
2023022800100497,2023년 2월 28일 20시,화요일,대구광역시 서구 내당동,중상사고,0,1,0,0,차대차 - 측면충돌,불법유턴,건조,맑음,단일로 - 기타,이륜,남,53세,상해없음,이륜,남,64세,중상
2023022800100518,2023년 2월 28일 21시,화요일,대구광역시 달서구 이곡동,경상사고,0,0,1,0,차대차 - 측면충돌,안전운전불이행,건조,흐림,기타 - 기타,승용,남,42세,상해없음,승용,여,30세,경상
2023022800100519,2023년 2월 28일 21시,화요일,대구광역시 북구 동천동,중상사고,0,1,0,0,차대차 - 측면충돌,중앙선침범,건조,맑음,단일로 - 기타,승용,남,30세,상해없음,원동기,남,51세,중상
2023022800100540,2023년 2월 28일 22시,화요일,대구광역시 수성구 범어동,경상사고,0,0,1,0,차대사람 - 기타,안전운전불이행,건조,맑음,단일로 - 기타,승용,남,51세,상해없음,보행자,여,28세,경상
2023022800100541,2023년 2월 28일 22시,화요일,대구광역시 서구 중리동,경상사고,0,0,1,0,차대차 - 측면충돌,안전운전불이행,건조,맑음,단일로 - 기타,승용,여,23세,상해없음,이륜,남,50세,경상
2023022800100542,2023년 2월 28일 22시,화요일,대구광역시 달서구 두류동,경상사고,0,0,1,0,차대사람 - 기타,안전운전불이행,건조,맑음,단일로 - 기타,승용,남,54세,상해없음,보행자,여,32세,경상
2023022800100568,2023년 2월 28일 23시,화요일,대구광역시 동구 지저동,경상사고,0,0,1,1,차대차 - 추돌,안전거리미확보,건조,맑음,단일로 - 기타,이륜,남,53세,부상신고,승용,남,44세,경상
2023022800100570,2023년 2월 28일 23시,화요일,대구광역시 서구 평리동,중상사고,0,1,0,0,차대차 - 기타,기타,건조,맑음,단일로 - 기타,승용,남,65세,상해없음,자전거,여,33세,중상
2023030100100021,2023년 3월 1일 01시,수요일,대구광역시 중구 삼덕동1가,중상사고,0,1,1,0,차대사람 - 차도통행중,안전운전불이행,건조,맑음,단일로 - 기타,승용,남,26세,상해없음,보행자,여,21세,경상
2023030100100075,2023년 3월 1일 08시,수요일,대구광역시 달서구 갈산동,경상사고,0,0,1,0,차대차 - 측면충돌,직진우회전진행방해,건조,흐림,교차로 - 교차로안,승용,여,43세,상해없음,화물,남,67세,경상
2023030100100083,2023년 3월 1일 09시,수요일,대구광역시 서구 원대동2가,경상사고,0,0,1,0,차대차 - 측면충돌,기타,건조,맑음,교차로 - 교차로안,이륜,남,46세,경상,승용,남,69세,상해없음
2023030100100102,2023년 3월 1일 10시,수요일,대구광역시 동구 신기동,부상신고사고,0,0,0,1,차량단독 - 공작물충돌,안전운전불이행,건조,맑음,단일로 - 지하차도(도로)내,자전거,남,64세,부상신고,,,,
2023030100100103,2023년 3월 1일 10시,수요일,대구광역시 수성구 두산동,부상신고사고,0,0,0,1,차대사람 - 길가장자리구역통행중,안전운전불이행,건조,맑음,단일로 - 기타,기타불명,기타불명,미분류,기타불명,보행자,남,20세,부상신고