사고번호,사고일시,요일,시군구,사고내용,사망자수,중상자수,경상자수,부상신고자수,사고유형,법규위반,노면상태,기상상태,도로형태,가해운전자 차종,가해운전자 성별,가해운전자 연령,가해운전자 상해정도,피해운전자 차종,피해운전자 성별,피해운전자 연령,피해운전자 상해정도
2023030600100161,2023년 3월 6일 10시,월요일,대구광역시 서구 비산동,중상사고,0,1,0,0,차대사람 - 차도통행중,안전운전불이행,건조,맑음,단일로 - 기타,승용,남,74세,상해없음,보행자,여,81세,중상
2023030600100162,2023년 3월 6일 10시,월요일,대구광역시 달서구 성당동,경상사고,0,0,1,0,차대차 - 측면충돌,안전운전불이행,건조,맑음,교차로 - 교차로안,승용,남,57세,상해없음,승용,여,72세,경상
2023030600100200,2023년 3월 6일 11시,월요일,대구광역시 수성구 지산동,부상신고사고,0,0,0,1,차대사람 - 기타,안전운전불이행,건조,맑음,단일로 - 기타,기타불명,기타불명,미분류,기타불명,보행자,여,62세,부상신고
2023030600100201,2023년 3월 6일 11시,월요일,대구광역시 중구 태평로1가,부상신고사고,0,0,0,1,차대차 - 기타,안전운전불이행,건조,맑음,단일로 - 기타,자전거,여,61세,부상신고,이륜,남,64세,상해없음
2023030600100202,2023년 3월 6일 11시,월요일,대구광역시 달서구 성당동,부상신고사고,0,0,0,1,차량단독 - 공작물충돌,안전운전불이행,건조,맑음,단일로 - 기타,승용,남,75세,부상신고,,,,
2023030600100226,2023년 3월 6일 12시,월요일,대구광역시 남구 대명동,경상사고,0,0,1,0,차대차 - 기타,안전운전불이행,건조,맑음,단일로 - 기타,승용,남,66세,상해없음,승용,남,53세,경상
2023030600100250,2023년 3월 6일 13시,월요일,대구광역시 동구 지묘동,경상사고,0,0,3,0,차대차 - 측면충돌,안전운전불이행,건조,맑음,단일로 - 지하차도(도로)내,승용,여,70세,경상,화물,남,56세,경상
2023030600100281,2023년 3월 6일 14시,월요일,대구광역시 중구 대신동,경상사고,0,0,1,0,차대사람 - 기타,안전운전불이행,건조,맑음,교차로 - 교차로안,승용,여,56세,상해없음,보행자,남,67세,경상
2023030600100282,2023년 3월 6일 14시,월요일,대구광역시 중구 대봉동,중상사고,0,1,0,0,차대사람 - 길가장자리구역통행중,안전운전불이행,건조,맑음,교차로 - 교차로부근,승용,남,26세,상해없음,보행자,남,82세,중상
2023030600100283,2023년 3월 6일 14시,월요일,대구광역시 달서구 감삼동,경상사고,0,0,1,0,차대차 - 기타,안전운전불이행,건조,맑음,단일로 - 기타,이륜,남,29세,경상,승용,남,73세,상해없음
2023030600100308,2023년 3월 6일 15시,월요일,대구광역시 남구 대명동,경상사고,0,0,1,0,차대사람 - 기타,안전운전불이행,건조,맑음,단일로 - 기타,승용,여,23세,상해없음,보행자,여,70세,경상
2023030600100309,2023년 3월 6일 15시,월요일,대구광역시 수성구 만촌동,경상사고,0,0,1,0,차대차 - 후진중충돌,안전운전불이행,건조,맑음,주차장 - 주차장,승용,남,56세,상해없음,승용,남,24세,경상
2023030600100310,2023년 3월 6일 15시,월요일,대구광역시 서구 비산동,부상신고사고,0,0,0,1,차대차 - 측면충돌,안전운전불이행,건조,맑음,교차로 - 교차로부근,이륜,남,64세,부상신고,승용,여,75세,상해없음
2023030600100311,2023년 3월 6일 15시,월요일,대구광역시 달서구 신당동,경상사고,0,0,1,0,차대사람 - 보도통행중,기타,건조,맑음,기타 - 기타,개인형이동수단(PM),여,21세,상해없음,보행자,여,73세,경상
2023030600100312,2023년 3월 6일 15시,월요일,대구광역시 북구 읍내동,경상사고,0,0,1,0,차대사람 - 길가장자리구역통행중,안전운전불이행,건조,맑음,단일로 - 기타,승합,여,66세,상해없음,보행자,여,18세,경상
2023030600100341,2023년 3월 6일 16시,월요일,대구광역시 북구 노원동3가,경상사고,0,0,1,0,차량단독 - 기타,안전운전불이행,건조,맑음,교차로 - 교차로부근,승합,남,44세,상해없음,,,,
2023030600100342,2023년 3월 6일 16시,월요일,대구광역시 달서구 죽전동,부상신고사고,0,0,0,1,차대차 - 측면충돌,교차로운행방법위반,건조,맑음,교차로 - 교차로부근,이륜,남,22세,부상신고,승용,남,66세,상해없음
2023030600100373,2023년 3월 6일 17시,월요일,대구광역시 달서구 상인동,중상사고,0,1,0,0,차대사람 - 보도통행중,기타,건조,맑음,기타 - 기타,개인형이동수단(PM),여,14세,상해없음,보행자,여,44세,중상
2023030600100374,2023년 3월 6일 17시,월요일,대구광역시 달서구 월성동,부상신고사고,0,0,0,1,차대사람 - 보도통행중,안전운전불이행,건조,맑음,기타 - 기타,개인형이동수단(PM),여,32세,상해없음,보행자,남,8세,부상신고
2023030600100403,2023년 3월 6일 18시,월요일,대구광역시 남구 봉덕동,중상사고,0,1,1,0,차대차 - 측면충돌,신호위반,건조,맑음,교차로 - 교차로부근,승용,남,58세,상해없음,승용,남,30세,경상
2023030600100404,2023년 3월 6일 18시,월요일,대구광역시 수성구 수성동1가,경상사고,0,0,1,0,차대차 - 측면충돌,안전운전불이행,건조,맑음,단일로 - 기타,승용,여,70세,상해없음,이륜,남,42세,경상
2023030600100432,2023년 3월 6일 19시,월요일,대구광역시 남구 봉덕동,경상사고,0,0,1,0,차대차 - 추돌,안전운전불이행,건조,맑음,단일로 - 기타,승용,여,56세,상해없음,승용,남,39세,경상
2023030600100433,2023년 3월 6일 19시,월요일,대구광역시 수성구 신매동,경상사고,0,0,1,0,차대차 - 추돌,안전운전불이행,건조,맑음,교차로 - 교차로부근,승용,남,39세,상해없음,승용,여,23세,경상
2023030600100459,2023년 3월 6일 20시,월요일,대구광역시 달성군 옥포읍,경상사고,0,0,1,0,차대차 - 측면충돌,안전운전불이행,건조,맑음,교차로 - 교차로안,승용,남,57세,상해없음,원동기,남,30세,경상
2023030600100495,2023년 3월 6일 22시,월요일,대구광역시 동구 신서동,부상신고사고,0,0,0,1,차대사람 - 횡단중,안전운전불이행,건조,맑음,단일로 - 기타,승용,여,39세,상해없음,보행자,남,58세,부상신고
2023030600100496,2023년 3월 6일 22시,월요일,대구광역시 달서구 상인동,경상사고,0,0,3,0,차대차 - 측면충돌,안전운전불이행,건조,맑음,교차로 - 교차로부근,원동기,남,30세,경상,승용,남,46세,경상
2023030700100004,2023년 3월 7일 00시,화요일,대구광역시 서구 비산동,경상사고,0,0,1,0,차대차 - 기타,안전거리미확보,건조,맑음,단일로 - 기타,승용,남,61세,상해없음,이륜,남,28세,경상
2023030700100037,2023년 3월 7일 06시,화요일,대구광역시 중구 동인동3가,부상신고사고,0,0,0,1,차대차 - 측면충돌,안전운전불이행,건조,맑음,교차로 - 교차로부근,기타불명,기타불명,미분류,기타불명,자전거,남,54세,부상신고
2023030700100055,2023년 3월 7일 07시,화요일,대구광역시 동구 신서동,중상사고,0,1,0,0,차대차 - 추돌,안전운전불이행,건조,맑음,단일로 - 기타,승용,남,24세,상해없음,승용,남,48세,중상
2023030700100056,2023년 3월 7일 07시,화요일,대구광역시 달서구 월암동,경상사고,0,0,1,1,차대차 - 측면충돌,안전운전불이행,건조,맑음,교차로 - 교차로안,승용,여,24세,부상신고,승용,남,46세,경상
2023030700100087,2023년 3월 7일 08시,화요일,대구광역시 수성구 시지동,경상사고,0,0,1,0,차대차 - 측면충돌,교차로운행방법위반,건조,맑음,교차로 - 교차로부근,화물,남,66세,상해없음,승용,남,34세,경상
2023030700100110,2023년 3월 7일 09시,화요일,대구광역시 수성구 욱수동,경상사고,0,0,1,0,차대차 - 기타,안전운전불이행,건조,맑음,기타 - 기타,화물,남,54세,상해없음,승용,여,46세,경상
2023030700100165,2023년 3월 7일 11시,화요일,대구광역시 서구 내당동,경상사고,0,0,1,0,차대차 - 측면충돌,안전운전불이행,건조,맑음,교차로 - 교차로부근,승용,여,68세,상해없음,이륜,남,23세,경상
2023030700100187,2023년 3월 7일 12시,화요일,대구광역시 수성구 만촌동,경상사고,0,0,3,0,차대차 - 기타,신호위반,건조,맑음,교차로 - 교차로안,승용,여,43세,상해없음,승용,남,55세,경상
2023030700100188,2023년 3월 7일 12시,화요일,대구광역시 수성구 범어동,경상사고,0,0,2,0,차대차 - 측면충돌,안전거리미확보,건조,맑음,단일로 - 기타,승용,남,29세,상해없음,화물,남,58세,경상
2023030700100189,2023년 3월 7일 12시,화요일,대구광역시 수성구 중동,경상사고,0,0,3,0,차대차 - 측면충돌,안전운전불이행,기타,기타,미분류 - 미분류,화물,남,39세,상해없음,화물,남,54세,경상
2023030700100190,2023년 3월 7일 12시,화요일,대구광역시 달서구 진천동,중상사고,0,1,0,0,차대차 - 측면충돌,안전운전불이행,건조,맑음,단일로 - 기타,이륜,남,30세,상해없음,이륜,남,36세,중상
2023030700100191,2023년 3월 7일 12시,화요일,대구광역시 서구 평리동,경상사고,0,0,1,0,차대차 - 측면충돌,안전거리미확보,건조,맑음,단일로 - 기타,승용,남,72세,상해없음,이륜,남,51세,경상
2023030700100192,2023년 3월 7일 12시,화요일,대구광역시 중구 봉산동,부상신고사고,0,0,0,1,차대차 - 기타,안전운전불이행,건조,맑음,기타 - 기타,승용,여,42세,상해없음,개인형이동수단(PM),여,25세,부상신고
2023030700100220,2023년 3월 7일 13시,화요일,대구광역시 중구 남산동,경상사고,0,0,1,0,차대차 - 기타,안전운전불이행,건조,맑음,단일로 - 기타,승용,남,71세,상해없음,승용,남,69세,경상
2023030700100280,2023년 3월 7일 15시,화요일,대구광역시 서구 비산동,부상신고사고,0,0,0,2,차대차 - 추돌,안전운전불이행,건조,맑음,교차로 - 교차로안,기타불명,기타불명,미분류,기타불명,이륜,남,86세,부상신고
2023030700100325,2023년 3월 7일 16시,화요일,대구광역시 남구 봉덕동,중상사고,0,1,0,0,차대차 - 추돌,안전운전불이행,건조,맑음,교차로 - 교차로안,승용,남,44세,상해없음,자전거,여,29세,중상
2023030700100326,2023년 3월 7일 16시,화요일,대구광역시 달성군 화원읍,경상사고,0,0,1,0,차대차 - 기타,안전운전불이행,건조,맑음,단일로 - 기타,승용,여,45세,상해없음,승용,남,45세,경상
2023030700100327,2023년 3월 7일 16시,화요일,대구광역시 중구 태평로1가,중상사고,0,1,0,0,차대사람 - 횡단중,신호위반,건조,맑음,단일로 - 기타,자전거,남,19세,상해없음,보행자,여,69세,중상
2023030700100359,2023년 3월 7일 17시,화요일,대구광역시 달성군 가창면,경상사고,0,0,1,0,차대차 - 기타,안전운전불이행,건조,맑음,기타 - 기타,승용,남,70세,상해없음,승용,여,45세,경상
2023030700100360,2023년 3월 7일 17시,화요일,대구광역시 북구 국우동,경상사고,0,0,1,0,차대차 - 측면충돌,교차로운행방법위반,건조,맑음,교차로 - 교차로안,승용,여,40세,상해없음,이륜,남,77세,경상
2023030700100391,2023년 3월 7일 18시,화요일,대구광역시 동구 용계동,중상사고,0,1,1,0,차대차 - 측면충돌,안전운전불이행,건조,맑음,단일로 - 기타,원동기,남,70세,중상,승용,여,55세,경상
2023030700100392,2023년 3월 7일 18시,화요일,대구광역시 동구 방촌동,중상사고,0,1,0,0,차대차 - 측면충돌,안전운전불이행,건조,맑음,교차로 - 교차로안,자전거,남,61세,중상,승용,여,41세,상해없음
2023030700100458,2023년 3월 7일 20시,화요일,대구광역시 동구 서호동,경상사고,0,0,1,0,차대차 - 추돌,안전거리미확보,건조,맑음,교차로 - 교차로안,화물,남,63세,상해없음,승용,여,52세,경상
2023030700100459,2023년 3월 7일 20시,화요일,대구광역시 수성구 성동,부상신고사고,0,0,0,1,차대차 - 측면충돌,안전운전불이행,건조,맑음,교차로 - 교차로안,자전거,남,68세,부상신고,승용,여,68세,상해없음
2023030700100460,2023년 3월 7일 20시,화요일,대구광역시 달서구 상인동,부상신고사고,0,0,0,1,차대사람 - 기타,안전운전불이행,건조,맑음,단일로 - 기타,개인형이동수단(PM),여,23세,상해없음,보행자,여,74세,부상신고
2023030700100461,2023년 3월 7일 20시,화요일,대구광역시 달서구 상인동,경상사고,0,0,3,0,차대차 - 추돌,안전거리미확보,건조,맑음,단일로 - 기타,승용,여,47세,상해없음,승용,남,29세,경상
2023030700100462,2023년 3월 7일 20시,화요일,대구광역시 북구 태전동,경상사고,0,0,2,0,차대차 - 측면충돌,안전운전불이행,건조,맑음,교차로 - 교차로안,승용,남,60세,상해없음,승용,남,38세,상해없음
2023030700100479,2023년 3월 7일 21시,화요일,대구광역시 북구 대현동,경상사고,0,0,1,0,차대차 - 측면충돌,안전거리미확보,건조,맑음,교차로 - 교차로부근,승용,여,46세,상해없음,승용,남,21세,경상
2023030800100055,2023년 3월 8일 06시,수요일,대구광역시 달성군 현풍읍,중상사고,0,1,0,0,차대차 - 측면충돌,차로위반,건조,맑음,단일로 - 기타,승용,남,46세,상해없음,이륜,남,47세,중상
2023030800100107,2023년 3월 8일 08시,수요일,대구광역시 수성구 연호동,경상사고,0,0,2,0,차대차 - 측면충돌,안전거리미확보,건조,맑음,단일로 - 기타,승용,남,24세,상해없음,승용,여,27세,경상
2023030800100108,2023년 3월 8일 08시,수요일,대구광역시 달서구 월성동,경상사고,0,0,4,0,차대차 - 측면충돌,신호위반,건조,맑음,교차로 - 교차로안,승용,남,74세,상해없음,화물,남,70세,경상
2023030800100144,2023년 3월 8일 09시,수요일,대구광역시 수성구 만촌동,경상사고,0,0,1,0,차대차 - 추돌,안전운전불이행,건조,맑음,단일로 - 기타,화물,남,45세,상해없음,승용,여,31세,경상
2023030800100145,2023년 3월 8일 09시,수요일,대구광역시 달서구 대천동,경상사고,0,0,2,0,차대차 - 추돌,안전운전불이행,건조,맑음,교차로 - 교차로부근,화물,남,54세,상해없음,승용,여,56세,경상
2023030800100205,2023년 3월 8일 11시,수요일,대구광역시 중구 대봉동,경상사고,0,0,1,0,차대차 - 측면충돌,교차로운행방법위반,건조,맑음,교차로 - 교차로부근,승용,남,60세,기타불명,승용,남,34세,경상
2023030800100228,2023년 3월 8일 12시,수요일,대구광역시 동구 신서동,경상사고,0,0,1,0,차대차 - 측면충돌,교차로운행방법위반,건조,맑음,교차로 - 교차로안,승용,여,46세,상해없음,이륜,남,45세,경상
2023030800100229,2023년 3월 8일 12시,수요일,대구광역시 달서구 진천동,경상사고,0,0,1,0,차대차 - 측면충돌,교차로운행방법위반,건조,맑음,교차로 - 교차로안,승용,여,62세,상해없음,승용,남,41세,경상
2023030800100230,2023년 3월 8일 12시,수요일,대구광역시 달성군 다사읍,경상사고,0,0,1,0,차대차 - 정면충돌,안전운전불이행,건조,맑음,미분류 - 미분류,승용,여,45세,기타불명,승용,여,46세,경상
2023030800100253,2023년 3월 8일 13시,수요일,대구광역시 수성구 대흥동,경상사고,0,0,3,0,차대차 - 측면충돌,안전거리미확보,건조,맑음,단일로 - 기타,승용,남,72세,상해없음,화물,남,39세,경상
2023030800100254,2023년 3월 8일 13시,수요일,대구광역시 중구 태평로2가,부상신고사고,0,0,0,2,차대차 - 기타,안전거리미확보,건조,맑음,단일로 - 기타,승용,남,73세,상해없음,승용,남,40세,부상신고
2023030800100311,2023년 3월 8일 15시,수요일,대구광역시 중구 삼덕동2가,경상사고,0,0,1,0,차대차 - 기타,안전운전불이행,건조,맑음,단일로 - 기타,이륜,남,17세,상해없음,승용,남,26세,경상
2023030800100340,2023년 3월 8일 16시,수요일,대구광역시 동구 효목동,경상사고,0,0,1,0,차대차 - 측면충돌,안전운전불이행,건조,맑음,단일로 - 지하차도(도로)내,승용,남,56세,기타불명,승용,남,40세,경상
2023030800100342,2023년 3월 8일 16시,수요일,대구광역시 북구 태전동,경상사고,0,0,2,0,차대차 - 측면충돌,안전운전불이행,건조,맑음,교차로 - 교차로부근,승용,여,51세,경상,이륜,남,39세,경상
2023030800100375,2023년 3월 8일 17시,수요일,대구광역시 달서구 유천동,경상사고,0,0,1,0,차대차 - 기타,안전운전불이행,건조,맑음,단일로 - 기타,이륜,남,36세,상해없음,승합,남,61세,상해없음
2023030800100376,2023년 3월 8일 17시,수요일,대구광역시 달성군 화원읍,경상사고,0,0,1,0,차대차 - 기타,안전운전불이행,건조,맑음,교차로 - 교차로안,승용,남,28세,상해없음,승용,남,72세,경상
2023030800100377,2023년 3월 8일 17시,수요일,대구광역시 북구 노원동3가,중상사고,0,1,2,0,차대차 - 추돌,안전운전불이행,건조,맑음,단일로 - 기타,승용,남,56세,상해없음,승용,남,63세,중상
2023030800100417,2023년 3월 8일 18시,수요일,대구광역시 달서구 상인동,중상사고,0,3,0,0,차대차 - 추돌,안전운전불이행,건조,맑음,단일로 - 고가도로위,승용,남,46세,상해없음,승용,여,63세,중상
2023030800100418,2023년 3월 8일 18시,수요일,대구광역시 서구 이현동,중상사고,0,1,0,0,차대차 - 추돌,안전운전불이행,건조,맑음,교차로 - 교차로부근,승용,남,58세,상해없음,이륜,여,58세,중상
2023030800100419,2023년 3월 8일 18시,수요일,대구광역시 북구 서변동,경상사고,0,0,2,0,차대차 - 측면충돌,교차로운행방법위반,건조,맑음,교차로 - 교차로안,승용,남,29세,상해없음,승용,남,22세,경상
2023030800100465,2023년 3월 8일 19시,수요일,대구광역시 수성구 범어동,경상사고,0,0,1,0,차대차 - 후진중충돌,안전운전불이행,건조,맑음,단일로 - 기타,승용,남,47세,상해없음,이륜,남,32세,경상
2023030800100466,2023년 3월 8일 19시,수요일,대구광역시 달서구 본동,경상사고,0,0,1,0,차대차 - 추돌,안전운전불이행,건조,맑음,교차로 - 교차로부근,승용,남,60세,상해없음,승용,남,30세,경상
2023030800100467,2023년 3월 8일 19시,수요일,대구광역시 중구 대봉동,경상사고,0,0,1,0,차대차 - 기타,안전운전불이행,건조,맑음,기타 - 기타,승용,여,60세,상해없음,승합,남,44세,상해없음
2023030800100492,2023년 3월 8일 20시,수요일,대구광역시 동구 율하동,부상신고사고,0,0,0,1,차대차 - 기타,안전운전불이행,건조,맑음,교차로 - 교차로횡단보도내,이륜,남,22세,부상신고,승합,남,69세,상해없음
2023030800100521,2023년 3월 8일 22시,수요일,대구광역시 중구 동성로2가,경상사고,0,0,1,0,차대사람 - 차도통행중,안전운전불이행,건조,맑음,단일로 - 기타,이륜,남,55세,상해없음,보행자,여,20세,경상
2023030800100522,2023년 3월 8일 22시,수요일,대구광역시 달서구 신당동,중상사고,0,1,0,0,차대차 - 추돌,안전운전불이행,건조,맑음,교차로 - 교차로안,승용,남,67세,상해없음,화물,남,63세,중상
2023030900100069,2023년 3월 9일 07시,목요일,대구광역시 남구 봉덕동,경상사고,0,0,1,0,차대차 - 추돌,신호위반,건조,맑음,교차로 - 교차로안,이륜,남,22세,상해없음,승용,남,36세,경상
2023030900100105,2023년 3월 9일 08시,목요일,대구광역시 수성구 만촌동,부상신고사고,0,0,0,1,차대차 - 기타,기타,건조,맑음,교차로 - 교차로안,자전거,남,24세,부상신고,승용,여,43세,상해없음
2023030900100106,2023년 3월 9일 08시,목요일,대구광역시 달서구 상인동,중상사고,0,1,1,0,차대차 - 측면충돌,교차로운행방법위반,건조,맑음,교차로 - 교차로안,승용,남,61세,경상,이륜,남,59세,중상
2023030900100107,2023년 3월 9일 08시,목요일,대구광역시 달서구 감삼동,경상사고,0,0,1,0,차대차 - 추돌,안전운전불이행,건조,맑음,교차로 - 교차로부근,승용,남,31세,기타불명,승용,여,75세,경상
2023030900100108,2023년 3월 9일 08시,목요일,대구광역시 북구 태전동,경상사고,0,0,1,0,차대차 - 측면충돌,교차로운행방법위반,건조,맑음,교차로 - 교차로안,자전거,여,55세,경상,승용,남,32세,상해없음
2023030900100133,2023년 3월 9일 09시,목요일,대구광역시 수성구 범어동,중상사고,0,1,0,0,차대차 - 추돌,안전운전불이행,건조,맑음,단일로 - 기타,승용,남,69세,상해없음,자전거,여,76세,중상
2023030900100134,2023년 3월 9일 09시,목요일,대구광역시 중구 남산동,경상사고,0,0,1,0,차량단독 - 공작물충돌,안전운전불이행,건조,맑음,단일로 - 기타,승용,남,60세,경상,,,,
2023030900100170,2023년 3월 9일 10시,목요일,대구광역시 달성군 다사읍,경상사고,0,0,1,0,차대차 - 기타,안전운전불이행,건조,맑음,교차로 - 교차로안,승용,남,53세,상해없음,승용,남,35세,경상
2023030900100171,2023년 3월 9일 10시,목요일,대구광역시 북구 금호동,경상사고,0,0,1,0,차대차 - 추돌,안전운전불이행,건조,맑음,교차로 - 교차로부근,승용,남,46세,기타불명,승용,남,42세,경상
2023030900100192,2023년 3월 9일 11시,목요일,대구광역시 동구 신암동,경상사고,0,0,2,0,차대차 - 측면충돌,신호위반,건조,맑음,교차로 - 교차로안,승용,남,54세,상해없음,승용,남,66세,경상
2023030900100193,2023년 3월 9일 11시,목요일,대구광역시 북구 태전동,경상사고,0,0,1,0,차대차 - 측면충돌,교차로운행방법위반,건조,맑음,교차로 - 교차로안,자전거,남,36세,상해없음,승용,남,73세,상해없음
2023030900100218,2023년 3월 9일 12시,목요일,대구광역시 수성구 신매동,경상사고,0,0,1,0,차대차 - 추돌,안전운전불이행,건조,맑음,단일로 - 기타,승용,여,22세,기타불명,이륜,남,53세,경상
2023030900100219,2023년 3월 9일 12시,목요일,대구광역시 수성구 황금동,경상사고,0,0,2,0,차대차 - 측면충돌,안전운전불이행,건조,맑음,교차로 - 교차로안,승용,남,77세,상해없음,화물,남,58세,경상
2023030900100220,2023년 3월 9일 12시,목요일,대구광역시 북구 구암동,경상사고,0,0,3,0,차대차 - 측면충돌,교차로운행방법위반,건조,맑음,교차로 - 교차로횡단보도내,승용,남,34세,경상,승용,남,50세,경상
2023030900100247,2023년 3월 9일 13시,목요일,대구광역시 동구 각산동,경상사고,0,0,1,0,차량단독 - 공작물충돌,안전운전불이행,건조,맑음,교차로 - 교차로안,화물,남,68세,경상,,,,
2023030900100280,2023년 3월 9일 14시,목요일,대구광역시 북구 태전동,경상사고,0,0,2,0,차대차 - 측면충돌,안전거리미확보,건조,맑음,교차로 - 교차로부근,승용,남,53세,상해없음,승용,여,29세,경상
2023030900100307,2023년 3월 9일 15시,목요일,대구광역시 동구 신암동,경상사고,0,0,1,0,차대차 - 추돌,안전운전불이행,건조,맑음,단일로 - 기타,승용,남,65세,상해없음,승용,여,29세,경상
2023030900100375,2023년 3월 9일 17시,목요일,대구광역시 북구 칠성동2가,경상사고,0,0,1,0,차대차 - 기타,안전운전불이행,건조,맑음,단일로 - 기타,승용,여,53세,상해없음,자전거,남,21세,경상
2023030900100409,2023년 3월 9일 18시,목요일,대구광역시 수성구 시지동,중상사고,0,2,0,0,차대차 - 추돌,안전운전불이행,건조,맑음,단일로 - 기타,화물,남,25세,상해없음,승용,여,58세,중상
2023030900100413,2023년 3월 9일 18시,목요일,대구광역시 수성구 범어동,경상사고,0,0,1,0,차대차 - 측면충돌,신호위반,건조,맑음,교차로 - 교차로안,승용,여,44세,상해없음,승용,여,53세,경상
2023030900100414,2023년 3월 9일 18시,목요일,대구광역시 달서구 대곡동,중상사고,0,1,0,0,차대차 - 측면충돌,기타,건조,맑음,단일로 - 기타,승용,남,40세,상해없음,원동기,남,51세,중상
2023030900100415,2023년 3월 9일 18시,목요일,대구광역시 중구 삼덕동1가,부상신고사고,0,0,0,1,차대사람 - 횡단중,보행자보호의무위반,건조,맑음,교차로 - 교차로횡단보도내,승용,여,23세,상해없음,보행자,남,33세,부상신고
2023030900100416,2023년 3월 9일 18시,목요일,대구광역시 중구 삼덕동1가,중상사고,0,1,0,1,차대차 - 추돌,안전운전불이행,건조,맑음,교차로 - 교차로부근,화물,남,51세,부상신고,승용,여,24세,중상
2023030900100472,2023년 3월 9일 20시,목요일,대구광역시 달서구 월암동,경상사고,0,0,1,0,차대차 - 추돌,안전운전불이행,건조,맑음,교차로 - 교차로부근,승용,남,76세,상해없음,이륜,남,36세,경상
2023030900100473,2023년 3월 9일 20시,목요일,대구광역시 중구 남산동,경상사고,0,0,2,0,차대차 - 기타,차로위반,건조,맑음,단일로 - 기타,승용,남,64세,경상,승용,여,51세,경상
2023030900100518,2023년 3월 9일 22시,목요일,대구광역시 동구 신천동,경상사고,0,0,1,0,차대차 - 측면충돌,신호위반,건조,맑음,교차로 - 교차로안,승용,여,23세,상해없음,승용,남,76세,경상
2023030900100519,2023년 3월 9일 22시,목요일,대구광역시 북구 읍내동,경상사고,0,0,4,0,차대차 - 측면충돌,교차로운행방법위반,건조,맑음,교차로 - 교차로안,승용,남,48세,경상,이륜,남,21세,경상
2023030900100533,2023년 3월 9일 23시,목요일,대구광역시 달성군 구지면,경상사고,0,0,1,0,차대차 - 기타,안전운전불이행,건조,맑음,교차로 - 교차로안,승용,남,53세,상해없음,승용,여,39세,경상
2023031000100008,2023년 3월 10일 00시,금요일,대구광역시 달서구 상인동,부상신고사고,0,0,0,1,차대사람 - 기타,안전운전불이행,건조,맑음,단일로 - 기타,기타불명,기타불명,미분류,기타불명,보행자,남,60세,부상신고
2023031000100029,2023년 3월 10일 02시,금요일,대구광역시 북구 구암동,중상사고,0,1,0,0,차대차 - 측면충돌,안전운전불이행,건조,맑음,교차로 - 교차로부근,화물,남,50세,상해없음,이륜,남,29세,중상
2023031000100048,2023년 3월 10일 05시,금요일,대구광역시 북구 산격동,중상사고,0,1,0,0,차대차 - 정면충돌,신호위반,건조,맑음,교차로 - 교차로안,화물,남,63세,기타불명,승합,남,51세,중상
2023031000100087,2023년 3월 10일 07시,금요일,대구광역시 수성구 수성동1가,경상사고,0,0,1,0,차대차 - 후진중충돌,안전운전불이행,건조,맑음,단일로 - 기타,승용,여,40세,상해없음,승용,여,46세,경상
2023031000100088,2023년 3월 10일 07시,금요일,대구광역시 달서구 용산동,중상사고,0,1,0,0,차대차 - 측면충돌,안전운전불이행,건조,맑음,단일로 - 기타,사륜오토바이(ATV),여,53세,상해없음,자전거,여,53세,중상
2023031000100119,2023년 3월 10일 08시,금요일,대구광역시 동구 신암동,경상사고,0,0,1,0,차대사람 - 차도통행중,안전운전불이행,건조,맑음,단일로 - 기타,이륜,남,40세,상해없음,보행자,여,71세,경상
2023031000100120,2023년 3월 10일 08시,금요일,대구광역시 달서구 장기동,경상사고,0,0,1,0,차대차 - 측면충돌,안전거리미확보,건조,맑음,단일로 - 기타,승용,남,55세,상해없음,화물,남,40세,경상
2023031000100121,2023년 3월 10일 08시,금요일,대구광역시 북구 구암동,경상사고,0,0,1,0,차대차 - 추돌,안전거리미확보,건조,맑음,교차로 - 교차로부근,승용,남,38세,상해없음,승용,여,38세,경상
2023031000100154,2023년 3월 10일 09시,금요일,대구광역시 남구 대명동,경상사고,0,0,2,0,차대차 - 측면충돌,안전운전불이행,건조,맑음,교차로 - 교차로안,화물,남,53세,상해없음,승용,여,30세,경상
2023031000100155,2023년 3월 10일 09시,금요일,대구광역시 수성구 수성동4가,경상사고,0,0,1,0,차대차 - 측면충돌,신호위반,건조,맑음,교차로 - 교차로부근,승용,남,53세,상해없음,승용,남,20세,경상
2023031000100156,2023년 3월 10일 09시,금요일,대구광역시 수성구 범어동,경상사고,0,0,2,0,차대차 - 기타,안전운전불이행,기타,맑음,단일로 - 기타,화물,남,68세,상해없음,승용,남,45세,경상
2023031000100178,2023년 3월 10일 10시,금요일,대구광역시 동구 신서동,경상사고,0,0,2,0,차대차 - 정면충돌,중앙선침범,건조,맑음,단일로 - 기타,승용,남,63세,경상,승합,남,33세,경상
2023031000100179,2023년 3월 10일 10시,금요일,대구광역시 달서구 상인동,중상사고,0,1,0,0,차대차 - 측면충돌,안전거리미확보,건조,맑음,단일로 - 기타,승용,남,34세,상해없음,이륜,남,46세,중상
2023031000100210,2023년 3월 10일 11시,금요일,대구광역시 동구 덕곡동,경상사고,0,0,3,0,차대차 - 측면충돌,안전운전불이행,건조,맑음,기타 - 기타,승용,여,55세,경상,승용,남,85세,경상
2023031000100211,2023년 3월 10일 11시,금요일,대구광역시 중구 북성로1가,중상사고,0,1,0,0,차대사람 - 횡단중,안전운전불이행,기타,맑음,기타 - 기타,이륜,남,62세,중상,보행자,여,19세,상해없음
2023031000100234,2023년 3월 10일 12시,금요일,대구광역시 수성구 범어동,경상사고,0,0,1,0,차대차 - 측면충돌,안전운전불이행,건조,맑음,기타 - 기타,승용,여,66세,상해없음,자전거,여,31세,경상