사고번호,사고일시,요일,시군구,사고내용,사망자수,중상자수,경상자수,부상신고자수,사고유형,법규위반,노면상태,기상상태,도로형태,가해운전자 차종,가해운전자 성별,가해운전자 연령,가해운전자 상해정도,피해운전자 차종,피해운전자 성별,피해운전자 연령,피해운전자 상해정도
2023031500100172,2023년 3월 15일 10시,수요일,대구광역시 달서구 대곡동,경상사고,0,0,1,0,차대차 - 측면충돌,안전운전불이행,건조,맑음,기타 - 기타,기타불명,기타불명,미분류,기타불명,승용,여,62세,경상
2023031500100222,2023년 3월 15일 12시,수요일,대구광역시 동구 신기동,경상사고,0,0,1,0,차대차 - 측면충돌,안전운전불이행,건조,맑음,단일로 - 기타,승용,여,62세,상해없음,승용,남,59세,경상
2023031500100251,2023년 3월 15일 13시,수요일,대구광역시 달서구 상인동,경상사고,0,0,1,0,차대사람 - 차도통행중,안전운전불이행,건조,맑음,기타 - 기타,승용,여,53세,상해없음,보행자,남,25세,경상
2023031500100273,2023년 3월 15일 14시,수요일,대구광역시 동구 각산동,경상사고,0,0,1,1,차대차 - 측면충돌,교차로운행방법위반,건조,맑음,교차로 - 교차로안,승용,여,77세,부상신고,승용,남,68세,경상
2023031500100274,2023년 3월 15일 14시,수요일,대구광역시 수성구 두산동,경상사고,0,0,1,0,차대차 - 기타,안전운전불이행,건조,맑음,단일로 - 기타,승용,여,57세,상해없음,승용,남,72세,경상
2023031500100275,2023년 3월 15일 14시,수요일,대구광역시 서구 비산동,경상사고,0,0,1,0,차대차 - 측면충돌,신호위반,건조,맑음,단일로 - 기타,승합,남,56세,상해없음,개인형이동수단(PM),여,73세,경상
2023031500100301,2023년 3월 15일 15시,수요일,대구광역시 달서구 유천동,경상사고,0,0,2,0,차대차 - 기타,교차로운행방법위반,건조,맑음,교차로 - 교차로횡단보도내,승용,여,42세,상해없음,화물,남,42세,경상
2023031500100302,2023년 3월 15일 15시,수요일,대구광역시 북구 침산동,경상사고,0,0,1,0,차대차 - 측면충돌,신호위반,건조,맑음,교차로 - 교차로횡단보도내,화물,남,23세,상해없음,자전거,남,18세,경상
2023031500100303,2023년 3월 15일 15시,수요일,대구광역시 달서구 두류동,경상사고,0,0,1,0,차대사람 - 길가장자리구역통행중,안전운전불이행,건조,맑음,단일로 - 기타,화물,남,59세,상해없음,보행자,여,30세,경상
2023031500100339,2023년 3월 15일 16시,수요일,대구광역시 남구 대명동,경상사고,0,0,1,0,차대차 - 기타,안전운전불이행,건조,맑음,교차로 - 교차로부근,승용,남,47세,기타불명,승용,여,36세,경상
2023031500100372,2023년 3월 15일 17시,수요일,대구광역시 서구 평리동,부상신고사고,0,0,0,1,차대차 - 추돌,안전운전불이행,건조,맑음,기타 - 기타,승용,여,58세,기타불명,승용,남,38세,부상신고
2023031500100410,2023년 3월 15일 18시,수요일,대구광역시 남구 대명동,경상사고,0,0,1,0,차대사람 - 기타,안전운전불이행,건조,맑음,단일로 - 기타,승용,남,62세,상해없음,보행자,여,8세,경상
2023031500100411,2023년 3월 15일 18시,수요일,대구광역시 동구 효목동,중상사고,0,1,0,0,차대사람 - 길가장자리구역통행중,안전운전불이행,건조,맑음,단일로 - 기타,승용,여,51세,상해없음,보행자,여,19세,중상
2023031500100412,2023년 3월 15일 18시,수요일,대구광역시 달서구 상인동,부상신고사고,0,0,0,1,차대차 - 측면충돌,안전운전불이행,건조,맑음,기타 - 기타,자전거,남,41세,부상신고,화물,남,69세,상해없음
2023031500100413,2023년 3월 15일 18시,수요일,대구광역시 중구 남산동,부상신고사고,0,0,0,1,차대차 - 기타,안전운전불이행,건조,맑음,교차로 - 교차로부근,자전거,여,77세,부상신고,승합,남,51세,상해없음
2023031500100450,2023년 3월 15일 19시,수요일,대구광역시 수성구 지산동,경상사고,0,0,1,0,차대사람 - 횡단중,보행자보호의무위반,건조,맑음,교차로 - 교차로횡단보도내,승용,여,51세,상해없음,보행자,여,55세,경상
2023031500100476,2023년 3월 15일 20시,수요일,대구광역시 달성군 다사읍,중상사고,0,1,2,0,차대차 - 추돌,안전운전불이행,건조,맑음,교차로 - 교차로안,승용,남,25세,상해없음,승용,남,42세,경상
2023031500100478,2023년 3월 15일 20시,수요일,대구광역시 동구 율하동,경상사고,0,0,1,0,차대사람 - 보도통행중,신호위반,건조,맑음,교차로 - 교차로횡단보도내,개인형이동수단(PM),남,15세,상해없음,보행자,여,45세,경상
2023031500100505,2023년 3월 15일 21시,수요일,대구광역시 수성구 시지동,경상사고,0,0,1,0,차대차 - 추돌,안전운전불이행,건조,맑음,단일로 - 기타,화물,남,32세,상해없음,승합,남,33세,상해없음
2023031500100506,2023년 3월 15일 21시,수요일,대구광역시 달서구 진천동,경상사고,0,0,1,0,차대사람 - 횡단중,안전운전불이행,건조,맑음,교차로 - 교차로횡단보도내,개인형이동수단(PM),남,17세,상해없음,보행자,여,28세,경상
2023031500100507,2023년 3월 15일 21시,수요일,대구광역시 달서구 상인동,경상사고,0,0,1,0,차대차 - 측면충돌,중앙선침범,건조,맑음,교차로 - 교차로부근,기타불명,기타불명,미분류,기타불명,승용,남,65세,경상
2023031500100508,2023년 3월 15일 21시,수요일,대구광역시 서구 내당동,경상사고,0,0,1,0,차대차 - 기타,직진우회전진행방해,건조,맑음,교차로 - 교차로안,승용,남,51세,상해없음,자전거,남,57세,경상
2023031500100509,2023년 3월 15일 21시,수요일,대구광역시 중구 수동,경상사고,0,0,4,0,차대차 - 측면충돌,직진우회전진행방해,건조,흐림,교차로 - 교차로안,승용,남,27세,경상,승용,남,59세,경상
2023031500100538,2023년 3월 15일 23시,수요일,대구광역시 동구 봉무동,중상사고,0,1,2,0,차대차 - 추돌,안전운전불이행,건조,맑음,교차로 - 교차로부근,승용,여,40세,상해없음,승용,남,64세,중상
2023031600100035,2023년 3월 16일 05시,목요일,대구광역시 동구 신기동,사망사고,1,0,0,0,차대사람 - 횡단중,안전운전불이행,건조,맑음,단일로 - 기타,승용,남,20세,상해없음,보행자,남,62세,사망
2023031600100036,2023년 3월 16일 05시,목요일,대구광역시 달서구 월성동,경상사고,0,0,1,0,차대차 - 측면충돌,교차로운행방법위반,건조,맑음,교차로 - 교차로부근,승용,남,64세,상해없음,승용,여,31세,경상
2023031600100043,2023년 3월 16일 06시,목요일,대구광역시 수성구 범어동,중상사고,0,1,0,0,차대차 - 측면충돌,신호위반,건조,맑음,교차로 - 교차로횡단보도내,승용,남,53세,상해없음,자전거,남,73세,중상
2023031600100067,2023년 3월 16일 07시,목요일,대구광역시 북구 관음동,중상사고,0,1,2,0,차대차 - 측면충돌,안전거리미확보,건조,맑음,교차로 - 교차로부근,승용,여,47세,경상,승용,여,56세,중상
2023031600100106,2023년 3월 16일 08시,목요일,대구광역시 동구 신천동,경상사고,0,0,1,0,차대차 - 측면충돌,안전거리미확보,건조,맑음,교차로 - 교차로안,승용,여,50세,상해없음,승용,남,36세,경상
2023031600100107,2023년 3월 16일 08시,목요일,대구광역시 북구 노원동1가,중상사고,0,1,0,0,차대사람 - 횡단중,보행자보호의무위반,건조,맑음,교차로 - 교차로부근,승용,여,22세,상해없음,보행자,여,28세,중상
2023031600100108,2023년 3월 16일 08시,목요일,대구광역시 서구 내당동,부상신고사고,0,0,0,1,차대차 - 측면충돌,안전운전불이행,건조,맑음,단일로 - 기타,승용,여,44세,상해없음,승용,남,74세,상해없음
2023031600100109,2023년 3월 16일 08시,목요일,대구광역시 중구 대봉동,경상사고,0,0,1,0,차대차 - 측면충돌,중앙선침범,건조,맑음,교차로 - 교차로안,승용,남,28세,상해없음,승용,남,42세,경상
2023031600100110,2023년 3월 16일 08시,목요일,대구광역시 북구 서변동,경상사고,0,0,2,0,차대차 - 측면충돌,교차로운행방법위반,건조,맑음,교차로 - 교차로안,화물,남,54세,경상,승용,남,39세,경상
2023031600100138,2023년 3월 16일 09시,목요일,대구광역시 동구 신천동,경상사고,0,0,1,0,차대차 - 측면충돌,안전운전불이행,건조,맑음,단일로 - 기타,승용,남,26세,상해없음,승용,남,49세,경상
2023031600100163,2023년 3월 16일 10시,목요일,대구광역시 남구 대명동,중상사고,0,1,0,0,차대차 - 측면충돌,안전운전불이행,건조,맑음,단일로 - 기타,승용,여,59세,상해없음,자전거,남,78세,중상
2023031600100186,2023년 3월 16일 11시,목요일,대구광역시 남구 이천동,중상사고,0,1,0,0,차대차 - 측면충돌,신호위반,건조,맑음,교차로 - 교차로안,승용,여,69세,상해없음,승용,남,37세,중상
2023031600100213,2023년 3월 16일 12시,목요일,대구광역시 서구 비산동,경상사고,0,0,1,0,차대차 - 기타,기타,건조,맑음,단일로 - 기타,자전거,남,33세,경상,승용,남,74세,상해없음
2023031600100239,2023년 3월 16일 13시,목요일,대구광역시 수성구 삼덕동,경상사고,0,0,1,0,차량단독 - 기타,안전운전불이행,건조,맑음,단일로 - 기타,이륜,남,43세,경상,,,,
2023031600100267,2023년 3월 16일 14시,목요일,대구광역시 수성구 상동,부상신고사고,0,0,0,1,차대차 - 추돌,안전운전불이행,기타,기타,미분류 - 미분류,기타불명,기타불명,미분류,기타불명,이륜,남,41세,부상신고
2023031600100268,2023년 3월 16일 14시,목요일,대구광역시 북구 침산동,경상사고,0,0,2,0,차대차 - 측면충돌,차로위반,건조,맑음,단일로 - 기타,승용,여,67세,상해없음,승용,남,43세,경상
2023031600100296,2023년 3월 16일 15시,목요일,대구광역시 동구 율하동,경상사고,0,0,1,0,차대차 - 측면충돌,교차로운행방법위반,건조,맑음,교차로 - 교차로부근,승용,여,40세,상해없음,승용,남,33세,경상
2023031600100297,2023년 3월 16일 15시,목요일,대구광역시 수성구 성동,경상사고,0,0,3,0,차대차 - 측면충돌,교차로운행방법위반,건조,맑음,교차로 - 교차로안,승용,남,74세,경상,승용,여,30세,경상
2023031600100332,2023년 3월 16일 16시,목요일,대구광역시 북구 국우동,부상신고사고,0,0,0,1,차대차 - 측면충돌,교차로운행방법위반,건조,맑음,교차로 - 교차로안,자전거,남,31세,부상신고,승용,남,61세,상해없음
2023031600100398,2023년 3월 16일 18시,목요일,대구광역시 달서구 송현동,경상사고,0,0,2,0,차대차 - 후진중충돌,안전운전불이행,건조,맑음,교차로 - 교차로안,승용,남,61세,상해없음,승용,여,33세,경상
2023031600100431,2023년 3월 16일 19시,목요일,대구광역시 수성구 중동,중상사고,0,1,0,0,차대차 - 기타,안전운전불이행,건조,맑음,교차로 - 교차로부근,화물,남,31세,상해없음,이륜,남,34세,중상
2023031600100432,2023년 3월 16일 19시,목요일,대구광역시 수성구 범어동,경상사고,0,0,1,0,차대사람 - 차도통행중,안전운전불이행,건조,맑음,단일로 - 기타,화물,남,63세,상해없음,보행자,남,18세,경상
2023031600100433,2023년 3월 16일 19시,목요일,대구광역시 중구 삼덕동3가,경상사고,0,0,1,0,차대차 - 측면충돌,안전운전불이행,건조,맑음,단일로 - 기타,승용,남,37세,상해없음,승용,여,52세,경상
2023031600100498,2023년 3월 16일 22시,목요일,대구광역시 수성구 범어동,경상사고,0,0,2,0,차대차 - 기타,안전운전불이행,건조,맑음,단일로 - 기타,승용,남,32세,상해없음,승용,여,49세,경상
2023031600100499,2023년 3월 16일 22시,목요일,대구광역시 달서구 도원동,중상사고,0,1,0,0,차량단독 - 기타,기타,건조,맑음,단일로 - 기타,승합,남,58세,상해없음,,,,
2023031600100515,2023년 3월 16일 23시,목요일,대구광역시 수성구 두산동,경상사고,0,0,1,0,차대차 - 기타,안전운전불이행,건조,맑음,단일로 - 기타,승용,남,62세,상해없음,이륜,남,49세,경상
2023031700100021,2023년 3월 17일 01시,금요일,대구광역시 달성군 논공읍,중상사고,0,2,0,0,차량단독 - 공작물충돌,안전운전불이행,건조,기타,기타 - 기타,승용,남,39세,중상,,,,
2023031700100067,2023년 3월 17일 07시,금요일,대구광역시 중구 대봉동,부상신고사고,0,0,0,1,차대차 - 기타,안전운전불이행,건조,맑음,교차로 - 교차로안,이륜,남,41세,부상신고,승용,여,51세,상해없음
2023031700100068,2023년 3월 17일 07시,금요일,대구광역시 북구 태전동,경상사고,0,0,1,0,차대차 - 측면충돌,신호위반,건조,맑음,교차로 - 교차로안,승용,여,46세,상해없음,승용,남,26세,경상
2023031700100166,2023년 3월 17일 10시,금요일,대구광역시 동구 효목동,경상사고,0,0,2,0,차대차 - 측면충돌,안전거리미확보,건조,맑음,단일로 - 지하차도(도로)내,화물,남,33세,상해없음,승용,남,52세,경상
2023031700100194,2023년 3월 17일 11시,금요일,대구광역시 달서구 송현동,경상사고,0,0,1,0,차대차 - 추돌,안전운전불이행,건조,맑음,교차로 - 교차로부근,승용,남,47세,상해없음,화물,남,55세,경상
2023031700100223,2023년 3월 17일 12시,금요일,대구광역시 달서구 진천동,경상사고,0,0,1,0,차대사람 - 길가장자리구역통행중,안전운전불이행,건조,맑음,단일로 - 기타,승용,남,37세,상해없음,보행자,남,62세,경상
2023031700100224,2023년 3월 17일 12시,금요일,대구광역시 북구 고성동2가,중상사고,0,1,0,0,차대차 - 기타,안전운전불이행,건조,맑음,교차로 - 교차로횡단보도내,자전거,여,74세,중상,화물,남,56세,상해없음
2023031700100290,2023년 3월 17일 14시,금요일,대구광역시 달서구 도원동,경상사고,0,0,1,0,차대차 - 측면충돌,안전거리미확보,건조,맑음,교차로 - 교차로안,승용,여,39세,상해없음,승용,남,47세,경상
2023031700100318,2023년 3월 17일 15시,금요일,대구광역시 달서구 월성동,경상사고,0,0,1,0,차대사람 - 기타,안전운전불이행,건조,맑음,단일로 - 기타,기타불명,기타불명,미분류,기타불명,보행자,여,11세,경상
2023031700100344,2023년 3월 17일 16시,금요일,대구광역시 수성구 범어동,경상사고,0,0,1,0,차대차 - 측면충돌,안전거리미확보,건조,맑음,단일로 - 기타,승용,남,62세,상해없음,승용,여,46세,경상
2023031700100345,2023년 3월 17일 16시,금요일,대구광역시 서구 평리동,경상사고,0,0,1,0,차대차 - 추돌,안전운전불이행,건조,맑음,교차로 - 교차로부근,승용,여,52세,상해없음,화물,남,50세,경상
2023031700100390,2023년 3월 17일 17시,금요일,대구광역시 달서구 진천동,경상사고,0,0,1,0,차대차 - 측면충돌,신호위반,건조,맑음,단일로 - 기타,승용,남,71세,상해없음,승용,여,59세,경상
2023031700100441,2023년 3월 17일 18시,금요일,대구광역시 달서구 진천동,경상사고,0,0,1,0,차대사람 - 보도통행중,기타,건조,맑음,단일로 - 기타,자전거,남,26세,기타불명,보행자,여,70세,경상
2023031700100442,2023년 3월 17일 18시,금요일,대구광역시 서구 평리동,경상사고,0,0,1,0,차대차 - 추돌,안전운전불이행,건조,맑음,단일로 - 기타,승용,남,25세,상해없음,승용,남,46세,경상
2023031700100476,2023년 3월 17일 19시,금요일,대구광역시 달서구 상인동,경상사고,0,0,1,0,차대차 - 추돌,불법유턴,건조,맑음,단일로 - 기타,승용,여,59세,상해없음,승용,남,43세,경상
2023031700100477,2023년 3월 17일 19시,금요일,대구광역시 달성군 다사읍,중상사고,0,1,0,0,차대사람 - 기타,보행자보호의무위반,건조,맑음,교차로 - 교차로안,승용,남,62세,상해없음,보행자,여,66세,중상
2023031700100478,2023년 3월 17일 19시,금요일,대구광역시 중구 전동,부상신고사고,0,0,0,1,차대사람 - 기타,안전운전불이행,건조,맑음,단일로 - 기타,승용,남,70세,상해없음,보행자,남,35세,부상신고
2023031700100479,2023년 3월 17일 19시,금요일,대구광역시 중구 문화동,경상사고,0,0,1,0,차대차 - 후진중충돌,안전운전불이행,건조,맑음,단일로 - 기타,승용,여,49세,상해없음,이륜,남,34세,경상
2023031700100515,2023년 3월 17일 20시,금요일,대구광역시 동구 봉무동,경상사고,0,0,1,0,차대차 - 기타,안전운전불이행,건조,맑음,단일로 - 기타,승용,남,69세,상해없음,개인형이동수단(PM),남,49세,경상
2023031700100516,2023년 3월 17일 20시,금요일,대구광역시 달서구 진천동,경상사고,0,0,1,0,차대차 - 기타,불법유턴,건조,맑음,교차로 - 교차로부근,승용,남,57세,상해없음,이륜,남,55세,경상
2023031700100517,2023년 3월 17일 20시,금요일,대구광역시 중구 태평로2가,경상사고,0,0,1,0,차대차 - 기타,안전거리미확보,건조,맑음,단일로 - 기타,이륜,남,75세,경상,승용,여,40세,상해없음
2023031700100518,2023년 3월 17일 20시,금요일,대구광역시 달서구 감삼동,중상사고,0,1,0,0,차대차 - 정면충돌,신호위반,건조,맑음,교차로 - 교차로안,승용,남,22세,상해없음,이륜,남,38세,중상
2023031700100519,2023년 3월 17일 20시,금요일,대구광역시 달서구 죽전동,경상사고,0,0,1,0,차대차 - 기타,안전운전불이행,건조,맑음,기타 - 기타,승용,남,19세,상해없음,승용,남,34세,경상
2023031700100564,2023년 3월 17일 22시,금요일,대구광역시 수성구 두산동,경상사고,0,0,1,0,차대사람 - 기타,안전운전불이행,건조,맑음,단일로 - 기타,승용,여,30세,상해없음,보행자,남,51세,경상
2023031700100565,2023년 3월 17일 22시,금요일,대구광역시 달성군 화원읍,중상사고,0,1,0,0,차대차 - 기타,안전운전불이행,건조,맑음,교차로 - 교차로부근,승용,남,28세,상해없음,원동기,남,23세,중상
2023031700100584,2023년 3월 17일 23시,금요일,대구광역시 수성구 지산동,경상사고,0,0,1,0,차대차 - 측면충돌,안전운전불이행,건조,맑음,기타 - 기타,이륜,남,24세,상해없음,자전거,남,15세,경상
2023031700100585,2023년 3월 17일 23시,금요일,대구광역시 북구 침산동,경상사고,0,0,2,0,차대차 - 추돌,안전거리미확보,건조,맑음,단일로 - 기타,승용,남,52세,상해없음,승용,남,50세,경상
2023031800100014,2023년 3월 18일 01시,토요일,대구광역시 동구 효목동,경상사고,0,0,2,0,차대차 - 정면충돌,중앙선침범,건조,맑음,교차로 - 교차로부근,승용,남,22세,상해없음,승용,남,29세,경상
2023031800100015,2023년 3월 18일 01시,토요일,대구광역시 북구 태전동,중상사고,0,1,0,0,차대사람 - 횡단중,안전운전불이행,건조,맑음,단일로 - 지하차도(도로)내,승용,남,78세,상해없음,보행자,남,61세,중상
2023031800100024,2023년 3월 18일 03시,토요일,대구광역시 수성구 범물동,경상사고,0,0,1,0,차대사람 - 횡단중,안전운전불이행,건조,맑음,단일로 - 기타,승용,남,60세,상해없음,보행자,남,22세,경상
2023031800100032,2023년 3월 18일 05시,토요일,대구광역시 북구 산격동,중상사고,0,1,1,0,차대차 - 측면충돌,불법유턴,건조,맑음,단일로 - 기타,승용,남,74세,상해없음,이륜,남,65세,중상
2023031800100059,2023년 3월 18일 08시,토요일,대구광역시 수성구 이천동,경상사고,0,0,1,0,차대차 - 추돌,안전운전불이행,건조,맑음,단일로 - 기타,승용,남,52세,상해없음,승용,여,25세,경상
2023031800100060,2023년 3월 18일 08시,토요일,대구광역시 서구 평리동,경상사고,0,0,1,0,차량단독 - 기타,안전운전불이행,건조,맑음,교차로 - 교차로부근,승합,남,61세,상해없음,,,,
2023031800100070,2023년 3월 18일 09시,토요일,대구광역시 남구 이천동,경상사고,0,0,3,0,차대차 - 기타,안전운전불이행,건조,맑음,단일로 - 기타,승용,여,21세,상해없음,승용,남,65세,경상
2023031800100071,2023년 3월 18일 09시,토요일,대구광역시 북구 복현동,중상사고,0,1,0,0,차대차 - 추돌,안전운전불이행,건조,맑음,단일로 - 기타,화물,남,54세,상해없음,승용,여,81세,중상
2023031800100106,2023년 3월 18일 10시,토요일,대구광역시 서구 내당동,경상사고,0,0,1,0,차대차 - 추돌,안전운전불이행,건조,맑음,교차로 - 교차로안,승용,남,65세,상해없음,승용,남,61세,경상
2023031800100144,2023년 3월 18일 11시,토요일,대구광역시 남구 대명동,중상사고,0,1,0,0,차대차 - 기타,안전운전불이행,건조,맑음,교차로 - 교차로안,승용,남,68세,상해없음,이륜,남,51세,중상
2023031800100145,2023년 3월 18일 11시,토요일,대구광역시 달서구 유천동,경상사고,0,0,1,0,차대차 - 추돌,안전운전불이행,건조,맑음,교차로 - 교차로부근,승용,여,60세,상해없음,화물,남,63세,경상
2023031800100146,2023년 3월 18일 11시,토요일,대구광역시 달성군 화원읍,중상사고,0,2,0,0,차대차 - 추돌,안전운전불이행,건조,맑음,단일로 - 기타,화물,남,26세,상해없음,승용,남,56세,중상
2023031800100185,2023년 3월 18일 12시,토요일,대구광역시 수성구 시지동,중상사고,0,1,0,0,차대사람 - 보도통행중,기타,건조,맑음,기타 - 기타,승용,남,22세,상해없음,보행자,여,60세,중상
2023031800100186,2023년 3월 18일 12시,토요일,대구광역시 달서구 유천동,경상사고,0,0,1,0,차대사람 - 기타,안전운전불이행,건조,맑음,기타 - 기타,자전거,남,11세,상해없음,보행자,여,48세,경상
2023031800100231,2023년 3월 18일 13시,토요일,대구광역시 동구 효목동,중상사고,0,1,0,0,차대사람 - 횡단중,보행자보호의무위반,건조,맑음,교차로 - 교차로부근,승용,남,54세,상해없음,보행자,여,76세,중상
2023031800100232,2023년 3월 18일 13시,토요일,대구광역시 서구 평리동,경상사고,0,0,2,0,차대차 - 추돌,안전거리미확보,건조,맑음,단일로 - 기타,이륜,남,29세,상해없음,승용,남,45세,경상
2023031800100267,2023년 3월 18일 14시,토요일,대구광역시 남구 봉덕동,경상사고,0,0,7,0,차대차 - 추돌,안전운전불이행,건조,맑음,단일로 - 기타,승용,남,64세,상해없음,승용,남,31세,경상
2023031800100268,2023년 3월 18일 14시,토요일,대구광역시 동구 신암동,경상사고,0,0,3,0,차대차 - 기타,안전운전불이행,건조,맑음,단일로 - 기타,승용,남,63세,상해없음,승용,남,29세,경상
2023031800100269,2023년 3월 18일 14시,토요일,대구광역시 달성군 현풍읍,경상사고,0,0,3,0,차대차 - 기타,안전운전불이행,건조,맑음,교차로 - 교차로안,승용,여,63세,상해없음,승용,남,31세,경상
2023031800100310,2023년 3월 18일 15시,토요일,대구광역시 수성구 매호동,부상신고사고,0,0,0,1,차대사람 - 기타,안전운전불이행,기타,기타,기타 - 기타,승용,남,78세,상해없음,보행자,남,80세,부상신고
2023031800100311,2023년 3월 18일 15시,토요일,대구광역시 수성구 범어동,경상사고,0,0,3,0,차대차 - 추돌,안전거리미확보,건조,맑음,교차로 - 교차로안,승용,여,38세,상해없음,승용,남,80세,경상
2023031800100312,2023년 3월 18일 15시,토요일,대구광역시 서구 내당동,경상사고,0,0,1,0,차대사람 - 보도통행중,기타,건조,맑음,기타 - 기타,개인형이동수단(PM),남,14세,상해없음,보행자,남,미분류,경상
2023031800100313,2023년 3월 18일 15시,토요일,대구광역시 달서구 용산동,중상사고,0,1,0,0,차대사람 - 횡단중,신호위반,건조,맑음,기타 - 기타,승용,남,23세,상해없음,보행자,여,12세,중상
2023031800100314,2023년 3월 18일 15시,토요일,대구광역시 달서구 성당동,경상사고,0,0,1,0,차대차 - 추돌,안전운전불이행,건조,맑음,단일로 - 기타,승용,남,55세,상해없음,승용,여,42세,경상
2023031800100315,2023년 3월 18일 15시,토요일,대구광역시 북구 동천동,경상사고,0,0,1,0,차대차 - 측면충돌,안전운전불이행,건조,맑음,교차로 - 교차로안,승용,남,28세,기타불명,이륜,남,24세,경상
2023031800100316,2023년 3월 18일 15시,토요일,대구광역시 북구 관음동,경상사고,0,0,2,2,차대차 - 측면충돌,교차로운행방법위반,건조,맑음,교차로 - 교차로안,승용,남,54세,상해없음,승용,남,39세,경상
2023031800100358,2023년 3월 18일 16시,토요일,대구광역시 남구 대명동,경상사고,0,0,1,0,차대사람 - 기타,안전운전불이행,건조,맑음,단일로 - 기타,승용,남,76세,상해없음,보행자,여,65세,경상
2023031800100385,2023년 3월 18일 17시,토요일,대구광역시 서구 내당동,경상사고,0,0,2,0,차대차 - 측면충돌,안전거리미확보,건조,맑음,단일로 - 기타,승용,남,52세,상해없음,승용,남,38세,경상
2023031800100417,2023년 3월 18일 18시,토요일,대구광역시 남구 대명동,경상사고,0,0,1,0,차대차 - 기타,안전운전불이행,건조,맑음,교차로 - 교차로안,승용,남,43세,상해없음,이륜,남,30세,경상
2023031800100418,2023년 3월 18일 18시,토요일,대구광역시 남구 대명동,중상사고,0,2,0,0,차대차 - 기타,신호위반,건조,맑음,교차로 - 교차로부근,승용,여,60세,상해없음,이륜,남,25세,중상
2023031800100419,2023년 3월 18일 18시,토요일,대구광역시 달서구 상인동,경상사고,0,0,1,0,차대차 - 측면충돌,안전거리미확보,건조,맑음,교차로 - 교차로안,승용,남,30세,상해없음,승용,여,30세,경상
2023031800100450,2023년 3월 18일 19시,토요일,대구광역시 중구 삼덕동2가,경상사고,0,0,3,0,차대차 - 측면충돌,안전운전불이행,건조,맑음,교차로 - 교차로안,승용,남,59세,상해없음,승용,남,39세,경상
2023031800100506,2023년 3월 18일 21시,토요일,대구광역시 북구 읍내동,경상사고,0,0,1,0,차대차 - 측면충돌,기타,건조,맑음,단일로 - 기타,승용,남,54세,상해없음,이륜,남,25세,경상
2023031800100507,2023년 3월 18일 21시,토요일,대구광역시 북구 동천동,경상사고,0,0,1,0,차대사람 - 횡단중,보행자보호의무위반,건조,맑음,단일로 - 기타,승용,남,47세,상해없음,보행자,남,26세,경상
2023031900100030,2023년 3월 19일 03시,일요일,대구광역시 동구 용계동,경상사고,0,0,1,0,차대사람 - 차도통행중,안전운전불이행,건조,맑음,단일로 - 지하차도(도로)내,승용,남,73세,상해없음,보행자,남,27세,경상
2023031900100043,2023년 3월 19일 06시,일요일,대구광역시 수성구 상동,경상사고,0,0,1,0,차량단독 - 공작물충돌,안전운전불이행,건조,맑음,교차로 - 교차로부근,승용,남,29세,상해없음,,,,
2023031900100055,2023년 3월 19일 08시,일요일,대구광역시 북구 산격동,경상사고,0,0,1,0,차대차 - 측면충돌,안전거리미확보,건조,맑음,단일로 - 기타,승용,남,33세,상해없음,승용,남,24세,경상
2023031900100070,2023년 3월 19일 09시,일요일,대구광역시 달성군 가창면,경상사고,0,0,1,0,차대차 - 측면충돌,안전운전불이행,건조,맑음,단일로 - 기타,화물,남,67세,상해없음,승용,남,27세,경상
2023031900100107,2023년 3월 19일 11시,일요일,대구광역시 달서구 상인동,경상사고,0,0,1,0,차대차 - 후진중충돌,불법유턴,건조,맑음,교차로 - 교차로안,승용,남,28세,상해없음,승용,여,63세,경상
2023031900100134,2023년 3월 19일 12시,일요일,대구광역시 북구 침산동,중상사고,0,1,0,0,차대차 - 측면충돌,교차로운행방법위반,건조,맑음,교차로 - 교차로안,승용,여,29세,상해없음,이륜,남,31세,중상
2023031900100135,2023년 3월 19일 12시,일요일,대구광역시 달서구 용산동,경상사고,0,0,4,0,차대차 - 기타,안전운전불이행,건조,맑음,기타 - 기타,승용,남,76세,상해없음,승합,남,41세,경상
2023031900100136,2023년 3월 19일 12시,일요일,대구광역시 북구 구암동,경상사고,0,0,1,0,차대사람 - 횡단중,안전운전불이행,건조,맑음,교차로 - 교차로부근,승합,남,59세,상해없음,보행자,여,32세,경상
2023031900100154,2023년 3월 19일 13시,일요일,대구광역시 동구 각산동,경상사고,0,0,1,0,차대차 - 측면충돌,신호위반,건조,맑음,교차로 - 교차로안,승용,남,84세,상해없음,이륜,남,36세,경상
2023031900100155,2023년 3월 19일 13시,일요일,대구광역시 수성구 고모동,경상사고,0,0,2,0,차대차 - 기타,안전운전불이행,건조,맑음,단일로 - 기타,승용,남,45세,상해없음,승용,남,67세,경상
2023031900100185,2023년 3월 19일 14시,일요일,대구광역시 수성구 욱수동,경상사고,0,0,1,0,차대사람 - 보도통행중,안전운전불이행,건조,맑음,교차로 - 교차로안,승용,여,52세,상해없음,보행자,남,7세,경상
2023031900100186,2023년 3월 19일 14시,일요일,대구광역시 중구 삼덕동2가,부상신고사고,0,0,0,1,차대사람 - 기타,안전운전불이행,건조,맑음,단일로 - 기타,승용,남,23세,상해없음,보행자,여,22세,부상신고