사고번호,사고일시,요일,시군구,사고내용,사망자수,중상자수,경상자수,부상신고자수,사고유형,법규위반,노면상태,기상상태,도로형태,가해운전자 차종,가해운전자 성별,가해운전자 연령,가해운전자 상해정도,피해운전자 차종,피해운전자 성별,피해운전자 연령,피해운전자 상해정도
2023033100100248,2023년 3월 31일 12시,금요일,대구광역시 달서구 성당동,중상사고,0,1,0,0,차대차 - 측면충돌,안전운전불이행,건조,맑음,교차로 - 교차로부근,승용,남,22세,상해없음,이륜,남,78세,중상
2023033100100281,2023년 3월 31일 13시,금요일,대구광역시 동구 금강동,중상사고,0,1,0,0,차대차 - 측면충돌,안전운전불이행,건조,맑음,교차로 - 교차로안,화물,남,58세,상해없음,자전거,여,66세,중상
2023033100100282,2023년 3월 31일 13시,금요일,대구광역시 동구 효목동,경상사고,0,0,2,0,차대차 - 측면충돌,안전거리미확보,건조,맑음,단일로 - 기타,승용,여,59세,기타불명,승용,남,41세,경상
2023033100100283,2023년 3월 31일 13시,금요일,대구광역시 중구 남성로,경상사고,0,0,1,0,차대차 - 기타,안전운전불이행,건조,맑음,단일로 - 기타,승용,남,65세,상해없음,승용,여,60세,경상
2023033100100311,2023년 3월 31일 14시,금요일,대구광역시 북구 서변동,경상사고,0,0,2,0,차대차 - 기타,차로위반,건조,맑음,단일로 - 기타,승용,남,18세,상해없음,승용,여,35세,경상
2023033100100313,2023년 3월 31일 14시,금요일,대구광역시 동구 신평동,경상사고,0,0,2,0,차대차 - 측면충돌,중앙선침범,건조,맑음,교차로 - 교차로부근,화물,남,80세,상해없음,승용,남,29세,경상
2023033100100314,2023년 3월 31일 14시,금요일,대구광역시 수성구 만촌동,중상사고,0,1,0,0,차대차 - 기타,안전운전불이행,건조,맑음,단일로 - 기타,승용,남,25세,상해없음,승합,남,67세,중상
2023033100100315,2023년 3월 31일 14시,금요일,대구광역시 수성구 상동,경상사고,0,0,1,0,차대차 - 측면충돌,안전운전불이행,건조,맑음,교차로 - 교차로부근,승용,여,53세,상해없음,승용,여,56세,경상
2023033100100316,2023년 3월 31일 14시,금요일,대구광역시 서구 이현동,경상사고,0,0,2,0,차대차 - 추돌,안전운전불이행,건조,맑음,단일로 - 기타,화물,남,63세,상해없음,승용,남,23세,경상
2023033100100354,2023년 3월 31일 15시,금요일,대구광역시 남구 대명동,경상사고,0,0,1,0,차대차 - 측면충돌,안전운전불이행,건조,맑음,기타 - 기타,승용,남,66세,상해없음,이륜,남,54세,경상
2023033100100398,2023년 3월 31일 16시,금요일,대구광역시 남구 대명동,경상사고,0,0,1,0,차대사람 - 기타,안전운전불이행,건조,맑음,단일로 - 기타,승용,여,66세,상해없음,보행자,여,59세,경상
2023033100100399,2023년 3월 31일 16시,금요일,대구광역시 서구 비산동,중상사고,0,1,0,0,차대사람 - 횡단중,안전운전불이행,건조,맑음,교차로 - 교차로부근,승용,남,59세,상해없음,보행자,여,64세,중상
2023033100100444,2023년 3월 31일 17시,금요일,대구광역시 달성군 현풍읍,중상사고,0,2,0,1,차대차 - 기타,안전운전불이행,건조,맑음,미분류 - 미분류,승용,남,53세,상해없음,승용,남,24세,중상
2023033100100445,2023년 3월 31일 17시,금요일,대구광역시 북구 고성동3가,경상사고,0,0,1,0,차대사람 - 기타,안전운전불이행,건조,맑음,기타 - 기타,화물,남,58세,기타불명,보행자,남,24세,경상
2023033100100446,2023년 3월 31일 17시,금요일,대구광역시 달서구 감삼동,경상사고,0,0,2,0,차대차 - 기타,안전운전불이행,건조,맑음,단일로 - 기타,승용,남,64세,상해없음,승용,여,56세,경상
2023033100100447,2023년 3월 31일 17시,금요일,대구광역시 북구 동천동,중상사고,0,1,0,0,차대사람 - 기타,안전운전불이행,건조,맑음,교차로 - 교차로부근,승용,여,33세,상해없음,보행자,여,61세,중상
2023033100100500,2023년 3월 31일 18시,금요일,대구광역시 수성구 상동,경상사고,0,0,2,0,차대차 - 기타,차로위반,건조,맑음,기타 - 기타,승용,남,53세,상해없음,승용,남,20세,경상
2023033100100501,2023년 3월 31일 18시,금요일,대구광역시 중구 대봉동,경상사고,0,0,1,0,차대사람 - 차도통행중,안전운전불이행,건조,맑음,단일로 - 기타,승용,남,38세,상해없음,보행자,남,5세,경상
2023033100100544,2023년 3월 31일 19시,금요일,대구광역시 수성구 매호동,중상사고,0,1,0,0,차대차 - 측면충돌,안전운전불이행,건조,맑음,교차로 - 교차로안,자전거,남,73세,중상,화물,남,75세,상해없음
2023033100100545,2023년 3월 31일 19시,금요일,대구광역시 서구 중리동,경상사고,0,0,1,0,차대차 - 측면충돌,안전운전불이행,건조,맑음,단일로 - 기타,승용,남,60세,상해없음,자전거,남,68세,경상
2023033100100546,2023년 3월 31일 19시,금요일,대구광역시 북구 읍내동,중상사고,0,1,0,0,차대차 - 기타,안전운전불이행,건조,맑음,기타 - 기타,기타불명,기타불명,미분류,기타불명,이륜,남,53세,중상
2023033100100579,2023년 3월 31일 20시,금요일,대구광역시 동구 방촌동,경상사고,0,0,2,0,차대차 - 측면충돌,안전운전불이행,건조,맑음,교차로 - 교차로부근,승용,남,34세,상해없음,승용,여,60세,경상
2023033100100580,2023년 3월 31일 20시,금요일,대구광역시 북구 관음동,중상사고,0,1,0,0,차대차 - 측면충돌,신호위반,건조,맑음,교차로 - 교차로안,승용,남,32세,상해없음,승용,남,61세,중상
2023033100100618,2023년 3월 31일 22시,금요일,대구광역시 북구 태전동,경상사고,0,0,1,0,차대차 - 측면충돌,직진우회전진행방해,건조,기타,교차로 - 교차로안,승용,남,47세,상해없음,이륜,남,54세,경상
2023040100100014,2023년 4월 1일 00시,토요일,대구광역시 달서구 신당동,경상사고,0,0,1,0,차대차 - 측면충돌,안전운전불이행,건조,맑음,단일로 - 기타,승용,여,22세,상해없음,이륜,남,29세,경상
2023040100100036,2023년 4월 1일 02시,토요일,대구광역시 동구 율하동,경상사고,0,0,1,0,차대차 - 후진중충돌,안전운전불이행,건조,맑음,단일로 - 기타,승용,남,26세,상해없음,승용,남,25세,상해없음
2023040100100056,2023년 4월 1일 05시,토요일,대구광역시 동구 불로동,경상사고,0,0,1,0,차대차 - 측면충돌,신호위반,건조,맑음,교차로 - 교차로안,승용,남,74세,상해없음,승용,남,63세,경상
2023040100100057,2023년 4월 1일 05시,토요일,대구광역시 달서구 상인동,경상사고,0,0,1,0,차대사람 - 기타,안전운전불이행,건조,맑음,단일로 - 기타,승용,남,66세,상해없음,보행자,남,20세,경상
2023040100100074,2023년 4월 1일 07시,토요일,대구광역시 달성군 옥포읍,경상사고,0,0,1,0,차대차 - 추돌,안전운전불이행,건조,맑음,단일로 - 기타,승용,남,56세,상해없음,화물,남,83세,상해없음
2023040100100075,2023년 4월 1일 07시,토요일,대구광역시 중구 태평로1가,경상사고,0,0,2,0,차대차 - 측면충돌,중앙선침범,건조,맑음,단일로 - 기타,승용,남,73세,상해없음,승용,남,63세,경상
2023040100100116,2023년 4월 1일 09시,토요일,대구광역시 수성구 범물동,중상사고,0,1,1,0,차대차 - 측면충돌,교차로운행방법위반,건조,맑음,기타 - 기타,승용,남,55세,경상,승용,남,27세,중상
2023040100100117,2023년 4월 1일 09시,토요일,대구광역시 달서구 월성동,경상사고,0,0,1,0,차대사람 - 횡단중,보행자보호의무위반,건조,맑음,교차로 - 교차로횡단보도내,승용,여,55세,상해없음,보행자,남,8세,경상
2023040100100146,2023년 4월 1일 10시,토요일,대구광역시 수성구 만촌동,경상사고,0,0,1,0,차대차 - 정면충돌,신호위반,건조,맑음,교차로 - 교차로안,이륜,남,34세,상해없음,승용,여,28세,경상
2023040100100147,2023년 4월 1일 10시,토요일,대구광역시 달성군 현풍읍,경상사고,0,0,1,0,차대차 - 기타,안전운전불이행,건조,맑음,단일로 - 기타,승합,남,57세,기타불명,승용,남,44세,경상
2023040100100148,2023년 4월 1일 10시,토요일,대구광역시 북구 산격동,경상사고,0,0,1,0,차대차 - 기타,안전운전불이행,건조,맑음,기타 - 기타,승용,남,67세,상해없음,승용,여,45세,경상
2023040100100181,2023년 4월 1일 11시,토요일,대구광역시 수성구 지산동,경상사고,0,0,2,0,차대차 - 측면충돌,안전거리미확보,건조,맑음,단일로 - 기타,승용,여,52세,상해없음,승용,남,52세,경상
2023040100100182,2023년 4월 1일 11시,토요일,대구광역시 수성구 수성동3가,경상사고,0,0,1,0,차대사람 - 기타,안전운전불이행,건조,맑음,단일로 - 기타,승용,남,55세,상해없음,보행자,남,39세,경상
2023040100100234,2023년 4월 1일 12시,토요일,대구광역시 서구 평리동,경상사고,0,0,1,0,차대차 - 측면충돌,기타,건조,맑음,교차로 - 교차로부근,승용,남,61세,상해없음,화물,남,60세,경상
2023040100100235,2023년 4월 1일 12시,토요일,대구광역시 서구 중리동,경상사고,0,0,1,0,차대차 - 측면충돌,직진우회전진행방해,건조,맑음,교차로 - 교차로안,승합,남,54세,상해없음,승용,남,65세,경상
2023040100100236,2023년 4월 1일 12시,토요일,대구광역시 달서구 죽전동,중상사고,0,1,0,0,차대차 - 기타,신호위반,건조,맑음,단일로 - 기타,승용,남,58세,상해없음,이륜,남,52세,중상
2023040100100237,2023년 4월 1일 12시,토요일,대구광역시 달서구 용산동,중상사고,0,1,0,0,차대차 - 추돌,안전거리미확보,건조,맑음,단일로 - 기타,승용,여,57세,상해없음,승용,남,40세,중상
2023040100100238,2023년 4월 1일 12시,토요일,대구광역시 북구 학정동,경상사고,0,0,2,0,차대차 - 측면충돌,안전운전불이행,건조,맑음,교차로 - 교차로부근,승용,남,60세,상해없음,화물,남,41세,경상
2023040100100275,2023년 4월 1일 13시,토요일,대구광역시 달서구 상인동,경상사고,0,0,1,0,차대차 - 측면충돌,신호위반,건조,맑음,교차로 - 교차로안,승용,여,63세,상해없음,승용,남,61세,경상
2023040100100277,2023년 4월 1일 13시,토요일,대구광역시 북구 산격동,경상사고,0,0,1,0,차대사람 - 길가장자리구역통행중,안전운전불이행,건조,맑음,단일로 - 기타,승용,남,59세,상해없음,보행자,남,20세,경상
2023040100100278,2023년 4월 1일 13시,토요일,대구광역시 북구 산격동,경상사고,0,0,1,0,차대차 - 정면충돌,교차로운행방법위반,건조,맑음,교차로 - 교차로안,승용,여,48세,상해없음,승용,여,23세,경상
2023040100100279,2023년 4월 1일 13시,토요일,대구광역시 달서구 용산동,경상사고,0,0,8,0,차대차 - 추돌,안전거리미확보,건조,맑음,단일로 - 기타,승용,여,58세,상해없음,승용,남,28세,경상
2023040100100359,2023년 4월 1일 15시,토요일,대구광역시 중구 동인동2가,경상사고,0,0,1,0,차대차 - 측면충돌,교차로운행방법위반,건조,맑음,교차로 - 교차로부근,승용,여,35세,상해없음,승용,여,24세,경상
2023040100100400,2023년 4월 1일 16시,토요일,대구광역시 동구 불로동,경상사고,0,0,2,0,차대차 - 기타,안전운전불이행,건조,맑음,교차로 - 교차로안,승용,여,64세,상해없음,승용,남,48세,경상
2023040100100401,2023년 4월 1일 16시,토요일,대구광역시 북구 칠성동2가,경상사고,0,0,2,0,차대차 - 기타,안전운전불이행,건조,맑음,교차로 - 교차로부근,자전거,기타불명,미분류,기타불명,이륜,남,47세,경상
2023040100100433,2023년 4월 1일 17시,토요일,대구광역시 북구 산격동,경상사고,0,0,1,0,차대차 - 측면충돌,신호위반,건조,맑음,교차로 - 교차로안,승용,여,65세,상해없음,승용,여,68세,경상
2023040100100503,2023년 4월 1일 19시,토요일,대구광역시 남구 봉덕동,중상사고,0,1,0,0,차대차 - 측면충돌,안전운전불이행,건조,맑음,교차로 - 교차로부근,승용,남,43세,상해없음,자전거,여,23세,중상
2023040100100504,2023년 4월 1일 19시,토요일,대구광역시 남구 대명동,부상신고사고,0,0,0,1,차량단독 - 전도전복 - 전도,안전운전불이행,건조,맑음,단일로 - 기타,이륜,남,70세,부상신고,,,,
2023040100100505,2023년 4월 1일 19시,토요일,대구광역시 동구 괴전동,경상사고,0,0,1,0,차대차 - 측면충돌,안전운전불이행,건조,맑음,교차로 - 교차로안,화물,남,75세,상해없음,자전거,여,19세,경상
2023040100100506,2023년 4월 1일 19시,토요일,대구광역시 달서구 이곡동,중상사고,0,1,0,0,차대차 - 기타,안전운전불이행,건조,맑음,단일로 - 기타,승용,남,49세,상해없음,이륜,남,51세,중상
2023040100100554,2023년 4월 1일 21시,토요일,대구광역시 달서구 이곡동,경상사고,0,0,1,0,차대차 - 추돌,안전운전불이행,건조,흐림,교차로 - 교차로안,승용,남,62세,상해없음,승용,여,64세,경상
2023040200100008,2023년 4월 2일 00시,일요일,대구광역시 달성군 유가읍,경상사고,0,0,1,0,차대차 - 기타,신호위반,건조,맑음,교차로 - 교차로안,승용,남,43세,상해없음,승용,남,24세,경상
2023040200100033,2023년 4월 2일 03시,일요일,대구광역시 달서구 송현동,중상사고,0,1,0,0,차대사람 - 횡단중,안전운전불이행,건조,맑음,단일로 - 기타,승용,남,60세,상해없음,보행자,남,88세,중상
2023040200100067,2023년 4월 2일 08시,일요일,대구광역시 달서구 송현동,경상사고,0,0,1,0,차대차 - 측면충돌,교차로운행방법위반,건조,맑음,교차로 - 교차로안,승용,남,53세,상해없음,승용,남,42세,경상
2023040200100084,2023년 4월 2일 09시,일요일,대구광역시 북구 노원동3가,경상사고,0,0,2,0,차대차 - 기타,차로위반,건조,맑음,단일로 - 기타,화물,남,31세,상해없음,승용,남,71세,경상
2023040200100085,2023년 4월 2일 09시,일요일,대구광역시 서구 내당동,중상사고,0,1,0,0,차대차 - 기타,안전운전불이행,건조,맑음,단일로 - 기타,승용,남,25세,상해없음,자전거,남,59세,중상
2023040200100105,2023년 4월 2일 10시,일요일,대구광역시 서구 평리동,부상신고사고,0,0,0,1,차대사람 - 기타,안전운전불이행,건조,맑음,교차로 - 교차로안,기타불명,기타불명,미분류,기타불명,보행자,여,80세,부상신고
2023040200100106,2023년 4월 2일 10시,일요일,대구광역시 중구 삼덕동3가,부상신고사고,0,0,0,1,차대사람 - 기타,안전운전불이행,건조,맑음,교차로 - 교차로안,승용,남,72세,상해없음,보행자,남,62세,부상신고
2023040200100107,2023년 4월 2일 10시,일요일,대구광역시 중구 태평로2가,중상사고,0,1,1,1,차대차 - 측면충돌,안전거리미확보,건조,맑음,단일로 - 기타,승용,여,59세,부상신고,승용,남,76세,경상
2023040200100135,2023년 4월 2일 11시,일요일,대구광역시 동구 지묘동,경상사고,0,0,1,2,차대차 - 측면충돌,안전운전불이행,건조,맑음,단일로 - 기타,화물,남,53세,상해없음,승용,남,73세,경상
2023040200100136,2023년 4월 2일 11시,일요일,대구광역시 수성구 중동,부상신고사고,0,0,0,1,차대차 - 측면충돌,안전운전불이행,건조,맑음,단일로 - 기타,승용,남,26세,상해없음,자전거,남,45세,부상신고
2023040200100166,2023년 4월 2일 12시,일요일,대구광역시 중구 인교동,경상사고,0,0,1,0,차대차 - 측면충돌,안전운전불이행,건조,맑음,단일로 - 기타,화물,남,68세,상해없음,이륜,남,57세,경상
2023040200100205,2023년 4월 2일 13시,일요일,대구광역시 달서구 송현동,중상사고,0,1,0,0,차대차 - 측면충돌,안전거리미확보,건조,맑음,교차로 - 교차로부근,승용,남,51세,상해없음,원동기,남,27세,중상
2023040200100206,2023년 4월 2일 13시,일요일,대구광역시 북구 구암동,경상사고,0,0,1,0,차량단독 - 기타,안전운전불이행,건조,맑음,교차로 - 교차로안,승합,남,48세,상해없음,,,,
2023040200100240,2023년 4월 2일 14시,일요일,대구광역시 수성구 범어동,부상신고사고,0,0,0,1,차대차 - 측면충돌,안전운전불이행,건조,맑음,단일로 - 기타,이륜,남,30세,부상신고,승용,남,70세,상해없음
2023040200100241,2023년 4월 2일 14시,일요일,대구광역시 수성구 중동,경상사고,0,0,1,0,차대차 - 측면충돌,안전운전불이행,건조,맑음,단일로 - 기타,승용,남,42세,상해없음,승용,남,48세,경상
2023040200100242,2023년 4월 2일 14시,일요일,대구광역시 달서구 월성동,경상사고,0,0,1,0,차대차 - 측면충돌,안전운전불이행,건조,맑음,교차로 - 교차로횡단보도내,화물,남,58세,상해없음,이륜,남,47세,경상
2023040200100243,2023년 4월 2일 14시,일요일,대구광역시 달서구 송현동,경상사고,0,0,1,0,차대차 - 측면충돌,신호위반,건조,맑음,교차로 - 교차로안,승용,남,83세,상해없음,승용,남,54세,경상
2023040200100244,2023년 4월 2일 14시,일요일,대구광역시 달성군 구지면,경상사고,0,0,1,0,차대차 - 기타,안전운전불이행,건조,맑음,교차로 - 교차로부근,승용,남,73세,상해없음,이륜,남,32세,경상
2023040200100245,2023년 4월 2일 14시,일요일,대구광역시 북구 태전동,경상사고,0,0,3,1,차대차 - 측면충돌,불법유턴,건조,맑음,단일로 - 기타,이륜,남,61세,경상,승용,남,37세,경상
2023040200100278,2023년 4월 2일 15시,일요일,대구광역시 달서구 진천동,경상사고,0,0,1,0,차대차 - 측면충돌,안전운전불이행,건조,맑음,단일로 - 기타,승용,여,18세,상해없음,자전거,남,58세,경상
2023040200100335,2023년 4월 2일 17시,일요일,대구광역시 동구 용계동,경상사고,0,0,2,0,차대차 - 기타,안전운전불이행,건조,맑음,단일로 - 기타,승용,남,19세,상해없음,승용,남,28세,경상
2023040200100363,2023년 4월 2일 18시,일요일,대구광역시 수성구 범어동,중상사고,0,1,0,0,차대사람 - 횡단중,기타,건조,맑음,단일로 - 기타,승용,남,19세,상해없음,보행자,여,86세,중상
2023040200100364,2023년 4월 2일 18시,일요일,대구광역시 북구 산격동,경상사고,0,0,1,1,차대차 - 측면충돌,교차로운행방법위반,건조,맑음,교차로 - 교차로안,승용,여,60세,상해없음,화물,남,54세,경상
2023040200100416,2023년 4월 2일 20시,일요일,대구광역시 남구 대명동,중상사고,0,1,0,0,차대차 - 측면충돌,안전운전불이행,건조,맑음,단일로 - 기타,이륜,남,49세,중상,승용,남,34세,상해없음
2023040200100417,2023년 4월 2일 20시,일요일,대구광역시 동구 동호동,경상사고,0,0,3,0,차대차 - 기타,안전거리미확보,건조,맑음,교차로 - 교차로부근,승용,남,40세,상해없음,승용,남,38세,경상
2023040200100441,2023년 4월 2일 21시,일요일,대구광역시 동구 신천동,경상사고,0,0,1,0,차대차 - 기타,안전운전불이행,건조,맑음,단일로 - 기타,승용,남,64세,상해없음,승용,여,53세,경상
2023040300100052,2023년 4월 3일 07시,월요일,대구광역시 서구 비산동,경상사고,0,0,3,1,차대차 - 측면충돌,안전운전불이행,건조,맑음,교차로 - 교차로안,승용,여,43세,상해없음,승합,남,36세,경상
2023040300100053,2023년 4월 3일 07시,월요일,대구광역시 북구 매천동,경상사고,0,0,2,0,차대차 - 측면충돌,안전운전불이행,건조,맑음,단일로 - 기타,화물,남,21세,경상,화물,남,63세,경상
2023040300100089,2023년 4월 3일 08시,월요일,대구광역시 달서구 월성동,중상사고,0,1,0,0,차대차 - 측면충돌,안전운전불이행,건조,맑음,교차로 - 교차로횡단보도내,승용,남,65세,상해없음,자전거,남,44세,중상
2023040300100168,2023년 4월 3일 10시,월요일,대구광역시 동구 용계동,경상사고,0,0,1,0,차대사람 - 횡단중,안전운전불이행,건조,맑음,교차로 - 교차로부근,승용,남,65세,상해없음,보행자,여,81세,경상
2023040300100169,2023년 4월 3일 10시,월요일,대구광역시 달서구 상인동,중상사고,0,1,1,0,차대차 - 측면충돌,신호위반,건조,맑음,교차로 - 교차로안,승용,남,65세,상해없음,승용,남,33세,경상
2023040300100221,2023년 4월 3일 12시,월요일,대구광역시 남구 대명동,중상사고,0,1,0,0,차대차 - 기타,안전운전불이행,건조,맑음,교차로 - 교차로부근,이륜,남,49세,상해없음,자전거,여,57세,중상
2023040300100222,2023년 4월 3일 12시,월요일,대구광역시 중구 대신동,경상사고,0,0,1,0,차대차 - 측면충돌,안전운전불이행,건조,맑음,단일로 - 기타,승용,남,71세,상해없음,승용,여,43세,경상
2023040300100258,2023년 4월 3일 13시,월요일,대구광역시 달서구 용산동,중상사고,0,1,0,0,차대차 - 측면충돌,안전운전불이행,건조,맑음,기타 - 기타,승용,여,60세,상해없음,자전거,여,35세,중상
2023040300100259,2023년 4월 3일 13시,월요일,대구광역시 달서구 성당동,경상사고,0,0,1,0,차대차 - 기타,안전운전불이행,건조,맑음,단일로 - 기타,승용,여,62세,상해없음,이륜,남,71세,경상
2023040300100331,2023년 4월 3일 15시,월요일,대구광역시 동구 신서동,경상사고,0,0,1,0,차대차 - 측면충돌,신호위반,건조,맑음,교차로 - 교차로안,승용,여,43세,상해없음,승용,남,84세,경상
2023040300100332,2023년 4월 3일 15시,월요일,대구광역시 동구 효목동,경상사고,0,0,1,0,차대차 - 측면충돌,안전운전불이행,건조,맑음,단일로 - 기타,화물,남,48세,상해없음,승용,여,48세,경상
2023040300100367,2023년 4월 3일 16시,월요일,대구광역시 동구 신서동,중상사고,0,1,1,0,차대차 - 측면충돌,신호위반,건조,맑음,교차로 - 교차로안,이륜,남,60세,경상,이륜,남,34세,중상
2023040300100368,2023년 4월 3일 16시,월요일,대구광역시 서구 평리동,경상사고,0,0,1,0,차대차 - 측면충돌,중앙선침범,건조,맑음,교차로 - 교차로안,자전거,남,71세,경상,화물,남,54세,상해없음
2023040300100414,2023년 4월 3일 17시,월요일,대구광역시 동구 지묘동,경상사고,0,0,2,1,차대차 - 측면충돌,안전운전불이행,건조,맑음,교차로 - 교차로횡단보도내,승용,남,51세,부상신고,승용,남,55세,경상
2023040300100415,2023년 4월 3일 17시,월요일,대구광역시 달서구 대천동,중상사고,0,1,0,0,차대사람 - 기타,안전운전불이행,건조,맑음,기타 - 기타,자전거,남,59세,상해없음,보행자,여,79세,중상
2023040300100416,2023년 4월 3일 17시,월요일,대구광역시 달성군 다사읍,중상사고,0,1,0,0,차대사람 - 횡단중,보행자보호의무위반,건조,맑음,교차로 - 교차로횡단보도내,승용,남,62세,상해없음,보행자,여,12세,중상
2023040300100417,2023년 4월 3일 17시,월요일,대구광역시 북구 침산동,중상사고,0,1,0,0,차대차 - 측면충돌,안전운전불이행,건조,맑음,단일로 - 기타,승용,여,44세,상해없음,이륜,남,49세,중상
2023040300100418,2023년 4월 3일 17시,월요일,대구광역시 달서구 본리동,경상사고,0,0,1,0,차대사람 - 기타,안전운전불이행,건조,맑음,기타 - 기타,승용,남,68세,상해없음,보행자,여,51세,경상
2023040300100419,2023년 4월 3일 17시,월요일,대구광역시 북구 관음동,부상신고사고,0,0,0,1,차대차 - 기타,안전운전불이행,건조,맑음,단일로 - 기타,이륜,기타불명,미분류,기타불명,자전거,남,13세,부상신고
2023040300100468,2023년 4월 3일 18시,월요일,대구광역시 수성구 황금동,경상사고,0,0,4,0,차대차 - 측면충돌,안전거리미확보,건조,기타,기타 - 기타,승용,여,54세,상해없음,승용,남,27세,경상
2023040300100469,2023년 4월 3일 18시,월요일,대구광역시 달서구 월성동,경상사고,0,0,2,0,차대차 - 측면충돌,안전거리미확보,건조,맑음,단일로 - 기타,승용,여,62세,상해없음,승용,남,72세,상해없음
2023040300100470,2023년 4월 3일 18시,월요일,대구광역시 서구 평리동,중상사고,0,1,0,0,차대사람 - 횡단중,안전운전불이행,건조,맑음,교차로 - 교차로안,화물,남,26세,상해없음,보행자,여,57세,중상
2023040300100471,2023년 4월 3일 18시,월요일,대구광역시 중구 삼덕동1가,중상사고,0,1,0,0,차대사람 - 횡단중,안전운전불이행,건조,맑음,교차로 - 교차로부근,승용,여,27세,상해없음,보행자,여,79세,중상
2023040300100509,2023년 4월 3일 19시,월요일,대구광역시 동구 지묘동,중상사고,0,1,0,1,차대차 - 측면충돌,기타,건조,맑음,교차로 - 교차로안,이륜,남,35세,부상신고,승용,여,62세,중상
2023040300100510,2023년 4월 3일 19시,월요일,대구광역시 동구 방촌동,경상사고,0,0,3,0,차대차 - 추돌,안전운전불이행,건조,맑음,단일로 - 기타,승용,여,69세,상해없음,승용,여,39세,경상
2023040300100511,2023년 4월 3일 19시,월요일,대구광역시 달성군 다사읍,경상사고,0,0,1,0,차대사람 - 기타,안전운전불이행,건조,맑음,교차로 - 교차로안,승용,남,77세,상해없음,보행자,여,14세,경상
2023040300100512,2023년 4월 3일 19시,월요일,대구광역시 중구 동인동4가,경상사고,0,0,1,1,차대차 - 기타,안전운전불이행,건조,맑음,단일로 - 기타,승용,남,73세,부상신고,승용,남,40세,상해없음
2023040300100543,2023년 4월 3일 20시,월요일,대구광역시 북구 산격동,부상신고사고,0,0,0,1,차대차 - 측면충돌,불법유턴,건조,맑음,교차로 - 교차로부근,승용,남,65세,상해없음,이륜,남,34세,부상신고
2023040300100563,2023년 4월 3일 21시,월요일,대구광역시 달서구 송현동,중상사고,0,1,0,0,차대사람 - 횡단중,안전운전불이행,건조,맑음,교차로 - 교차로안,승용,남,52세,상해없음,보행자,남,50세,중상
2023040300100576,2023년 4월 3일 22시,월요일,대구광역시 달서구 월성동,부상신고사고,0,0,0,1,차대차 - 측면충돌,안전운전불이행,건조,맑음,단일로 - 기타,자전거,남,15세,부상신고,원동기,남,59세,상해없음
2023040300100577,2023년 4월 3일 22시,월요일,대구광역시 북구 산격동,경상사고,0,0,1,0,차대차 - 기타,기타,건조,맑음,교차로 - 교차로부근,승용,남,58세,상해없음,이륜,남,31세,경상
2023040400100004,2023년 4월 4일 00시,화요일,대구광역시 달서구 용산동,경상사고,0,0,1,0,차대차 - 측면충돌,불법유턴,건조,맑음,교차로 - 교차로부근,승용,남,70세,상해없음,이륜,남,42세,경상
2023040400100010,2023년 4월 4일 01시,화요일,대구광역시 달서구 장기동,경상사고,0,0,1,0,차대차 - 기타,신호위반,건조,맑음,단일로 - 기타,승용,여,50세,상해없음,승용,남,27세,경상
2023040400100033,2023년 4월 4일 05시,화요일,대구광역시 수성구 범어동,경상사고,0,0,2,0,차대차 - 추돌,안전운전불이행,건조,맑음,교차로 - 교차로부근,승용,여,66세,기타불명,승용,여,50세,경상
2023040400100064,2023년 4월 4일 07시,화요일,대구광역시 동구 용계동,경상사고,0,0,1,0,차대차 - 정면충돌,기타,건조,맑음,교차로 - 교차로안,승용,여,33세,상해없음,자전거,남,18세,경상
2023040400100065,2023년 4월 4일 07시,화요일,대구광역시 동구 신암동,부상신고사고,0,0,0,1,차대사람 - 차도통행중,안전운전불이행,건조,맑음,단일로 - 기타,화물,남,31세,상해없음,보행자,남,8세,부상신고
2023040400100066,2023년 4월 4일 07시,화요일,대구광역시 북구 산격동,경상사고,0,0,1,0,차대차 - 측면충돌,차로위반,건조,맑음,단일로 - 기타,승용,남,74세,상해없음,승용,남,40세,경상
2023040400100067,2023년 4월 4일 07시,화요일,대구광역시 중구 삼덕동2가,경상사고,0,0,3,0,차대차 - 측면충돌,안전운전불이행,건조,흐림,교차로 - 교차로부근,승용,여,45세,경상,승용,남,42세,경상
2023040400100140,2023년 4월 4일 09시,화요일,대구광역시 달서구 대천동,경상사고,0,0,2,0,차대차 - 정면충돌,신호위반,건조,맑음,교차로 - 교차로안,승용,여,51세,상해없음,승용,남,57세,경상
2023040400100163,2023년 4월 4일 10시,화요일,대구광역시 중구 대신동,경상사고,0,0,1,0,차대차 - 기타,신호위반,건조,맑음,교차로 - 교차로안,원동기,남,69세,상해없음,원동기,남,28세,경상
2023040400100191,2023년 4월 4일 11시,화요일,대구광역시 서구 이현동,경상사고,0,0,1,0,차대차 - 추돌,안전운전불이행,건조,맑음,교차로 - 교차로부근,이륜,남,48세,상해없음,승용,여,52세,상해없음
2023040400100210,2023년 4월 4일 12시,화요일,대구광역시 달성군 현풍읍,경상사고,0,0,1,0,차대차 - 기타,안전운전불이행,건조,맑음,단일로 - 기타,승용,남,43세,상해없음,승용,남,59세,경상
2023040400100211,2023년 4월 4일 12시,화요일,대구광역시 중구 대신동,부상신고사고,0,0,0,1,차대차 - 기타,신호위반,건조,맑음,교차로 - 교차로부근,화물,남,65세,상해없음,승합,남,57세,부상신고