사고번호,사고일시,요일,시군구,사고내용,사망자수,중상자수,경상자수,부상신고자수,사고유형,법규위반,노면상태,기상상태,도로형태,가해운전자 차종,가해운전자 성별,가해운전자 연령,가해운전자 상해정도,피해운전자 차종,피해운전자 성별,피해운전자 연령,피해운전자 상해정도
2023040400100243,2023년 4월 4일 13시,화요일,대구광역시 동구 율하동,경상사고,0,0,1,0,차대사람 - 횡단중,직진우회전진행방해,건조,맑음,교차로 - 교차로안,승용,남,87세,상해없음,보행자,남,40세,경상
2023040400100276,2023년 4월 4일 14시,화요일,대구광역시 수성구 매호동,경상사고,0,0,1,0,차대사람 - 길가장자리구역통행중,안전운전불이행,건조,맑음,단일로 - 기타,승용,남,28세,상해없음,보행자,여,30세,경상
2023040400100301,2023년 4월 4일 15시,화요일,대구광역시 달서구 대천동,중상사고,0,1,1,0,차량단독 - 공작물충돌,안전운전불이행,건조,맑음,단일로 - 기타,승용,남,63세,상해없음,,,,
2023040400100332,2023년 4월 4일 16시,화요일,대구광역시 수성구 범어동,경상사고,0,0,2,0,차대차 - 기타,교차로운행방법위반,건조,맑음,교차로 - 교차로안,승용,여,65세,경상,승용,여,46세,경상
2023040400100333,2023년 4월 4일 16시,화요일,대구광역시 북구 노원동1가,경상사고,0,0,3,0,차대차 - 추돌,안전운전불이행,건조,맑음,단일로 - 기타,승용,여,61세,상해없음,원동기,남,50세,상해없음
2023040400100334,2023년 4월 4일 16시,화요일,대구광역시 서구 평리동,경상사고,0,0,2,0,차대차 - 측면충돌,안전거리미확보,건조,맑음,교차로 - 교차로안,승용,남,69세,경상,승용,여,69세,경상
2023040400100368,2023년 4월 4일 17시,화요일,대구광역시 동구 율하동,경상사고,0,0,1,0,차대차 - 측면충돌,안전운전불이행,건조,맑음,단일로 - 지하차도(도로)내,승용,여,78세,상해없음,승합,남,35세,경상
2023040400100414,2023년 4월 4일 18시,화요일,대구광역시 남구 대명동,경상사고,0,0,1,0,차대차 - 추돌,안전운전불이행,건조,기타,단일로 - 기타,승용,남,23세,상해없음,이륜,남,21세,경상
2023040400100415,2023년 4월 4일 18시,화요일,대구광역시 수성구 두산동,경상사고,0,0,4,1,차대차 - 측면충돌,안전거리미확보,건조,맑음,교차로 - 교차로부근,승용,남,58세,부상신고,승용,남,42세,경상
2023040400100459,2023년 4월 4일 19시,화요일,대구광역시 달서구 진천동,경상사고,0,0,1,0,차대차 - 측면충돌,안전운전불이행,젖음/습기,비,단일로 - 기타,승용,남,32세,상해없음,이륜,남,25세,경상
2023040400100460,2023년 4월 4일 19시,화요일,대구광역시 달서구 월성동,경상사고,0,0,1,0,차대차 - 정면충돌,교차로운행방법위반,건조,맑음,교차로 - 교차로안,승용,남,41세,상해없음,승용,남,62세,경상
2023040400100461,2023년 4월 4일 19시,화요일,대구광역시 달서구 두류동,중상사고,0,1,0,0,차대사람 - 횡단중,보행자보호의무위반,젖음/습기,비,교차로 - 교차로횡단보도내,이륜,남,22세,상해없음,보행자,여,78세,중상
2023040400100462,2023년 4월 4일 19시,화요일,대구광역시 달서구 용산동,중상사고,0,1,0,0,차대차 - 측면충돌,신호위반,젖음/습기,비,교차로 - 교차로안,승용,여,43세,상해없음,이륜,남,41세,중상
2023040400100522,2023년 4월 4일 20시,화요일,대구광역시 달서구 상인동,중상사고,0,1,0,0,차대차 - 측면충돌,교차로운행방법위반,젖음/습기,비,교차로 - 교차로안,기타불명,기타불명,미분류,기타불명,이륜,남,51세,중상
2023040400100524,2023년 4월 4일 20시,화요일,대구광역시 달서구 두류동,경상사고,0,0,1,0,차대차 - 추돌,안전운전불이행,젖음/습기,비,단일로 - 기타,승용,남,36세,상해없음,승용,남,45세,경상
2023040400100525,2023년 4월 4일 20시,화요일,대구광역시 북구 국우동,경상사고,0,0,1,0,차대차 - 측면충돌,신호위반,젖음/습기,비,교차로 - 교차로횡단보도내,이륜,남,21세,상해없음,자전거,남,15세,경상
2023040400100576,2023년 4월 4일 21시,화요일,대구광역시 달서구 감삼동,경상사고,0,0,3,0,차대차 - 추돌,안전운전불이행,젖음/습기,비,단일로 - 지하차도(도로)내,승용,남,39세,기타불명,승용,여,47세,경상
2023040400100577,2023년 4월 4일 21시,화요일,대구광역시 북구 구암동,중상사고,0,1,0,0,차대차 - 추돌,안전거리미확보,젖음/습기,비,단일로 - 고가도로위,승용,남,19세,상해없음,이륜,남,35세,중상
2023040400100614,2023년 4월 4일 22시,화요일,대구광역시 동구 신암동,경상사고,0,0,2,2,차대차 - 기타,안전운전불이행,젖음/습기,비,교차로 - 교차로부근,승용,여,67세,상해없음,승용,남,30세,경상
2023040400100615,2023년 4월 4일 22시,화요일,대구광역시 달성군 다사읍,경상사고,0,0,1,0,차대차 - 기타,안전운전불이행,건조,맑음,기타 - 기타,승용,남,23세,상해없음,이륜,남,29세,경상
2023040400100616,2023년 4월 4일 22시,화요일,대구광역시 북구 침산동,경상사고,0,0,1,0,차대사람 - 횡단중,보행자보호의무위반,건조,흐림,교차로 - 교차로횡단보도내,승용,남,30세,상해없음,보행자,남,45세,경상
2023040400100617,2023년 4월 4일 22시,화요일,대구광역시 중구 대봉동,중상사고,0,1,0,0,차대사람 - 기타,안전운전불이행,젖음/습기,비,교차로 - 교차로횡단보도내,승용,남,53세,상해없음,보행자,남,63세,중상
2023040500100031,2023년 4월 5일 01시,수요일,대구광역시 수성구 두산동,경상사고,0,0,1,0,차대차 - 측면충돌,안전운전불이행,젖음/습기,비,단일로 - 기타,승용,남,65세,상해없음,이륜,남,27세,경상
2023040500100032,2023년 4월 5일 01시,수요일,대구광역시 수성구 황금동,경상사고,0,0,1,0,차대차 - 추돌,안전운전불이행,젖음/습기,비,기타 - 기타,승용,남,27세,상해없음,승용,남,53세,경상
2023040500100116,2023년 4월 5일 07시,수요일,대구광역시 수성구 지산동,사망사고,1,0,0,0,차대사람 - 횡단중,안전운전불이행,건조,흐림,단일로 - 기타,승용,남,38세,상해없음,보행자,남,54세,사망
2023040500100117,2023년 4월 5일 07시,수요일,대구광역시 북구 칠성동2가,부상신고사고,0,0,0,1,차대차 - 측면충돌,안전거리미확보,건조,맑음,단일로 - 기타,자전거,여,71세,부상신고,승용,여,62세,상해없음
2023040500100141,2023년 4월 5일 08시,수요일,대구광역시 동구 불로동,경상사고,0,0,2,0,차대차 - 측면충돌,안전운전불이행,건조,맑음,교차로 - 교차로안,승용,남,60세,경상,승용,여,58세,경상
2023040500100142,2023년 4월 5일 08시,수요일,대구광역시 달서구 상인동,경상사고,0,0,1,0,차대차 - 측면충돌,교차로운행방법위반,젖음/습기,흐림,교차로 - 교차로안,승용,남,67세,상해없음,원동기,여,59세,경상
2023040500100143,2023년 4월 5일 08시,수요일,대구광역시 서구 내당동,경상사고,0,0,1,0,차대차 - 기타,안전거리미확보,건조,흐림,단일로 - 기타,승용,여,42세,상해없음,승합,남,56세,상해없음
2023040500100144,2023년 4월 5일 08시,수요일,대구광역시 달서구 장동,경상사고,0,0,2,0,차대차 - 기타,안전운전불이행,젖음/습기,비,기타 - 기타,화물,남,59세,상해없음,화물,남,37세,경상
2023040500100145,2023년 4월 5일 08시,수요일,대구광역시 북구 동천동,경상사고,0,0,1,0,차대차 - 측면충돌,안전운전불이행,젖음/습기,비,단일로 - 지하차도(도로)내,승용,여,52세,상해없음,이륜,남,59세,경상
2023040500100198,2023년 4월 5일 10시,수요일,대구광역시 북구 산격동,경상사고,0,0,1,0,차대차 - 기타,안전거리미확보,건조,맑음,교차로 - 교차로부근,화물,남,67세,기타불명,화물,여,70세,경상
2023040500100228,2023년 4월 5일 11시,수요일,대구광역시 중구 대봉동,경상사고,0,0,2,0,차대차 - 기타,안전운전불이행,젖음/습기,비,교차로 - 교차로부근,승용,남,29세,상해없음,승용,남,75세,경상
2023040500100255,2023년 4월 5일 12시,수요일,대구광역시 수성구 노변동,경상사고,0,0,2,0,차대차 - 측면충돌,안전운전불이행,젖음/습기,비,기타 - 기타,승합,남,74세,상해없음,건설기계,남,63세,상해없음
2023040500100256,2023년 4월 5일 12시,수요일,대구광역시 수성구 범어동,경상사고,0,0,3,0,차대차 - 측면충돌,안전거리미확보,젖음/습기,비,단일로 - 기타,승용,남,61세,상해없음,승용,남,28세,경상
2023040500100257,2023년 4월 5일 12시,수요일,대구광역시 달성군 구지면,경상사고,0,0,1,0,차대차 - 기타,안전운전불이행,건조,맑음,단일로 - 기타,화물,남,66세,상해없음,이륜,남,47세,경상
2023040500100292,2023년 4월 5일 13시,수요일,대구광역시 동구 효목동,경상사고,0,0,1,0,차대차 - 기타,안전운전불이행,젖음/습기,비,단일로 - 기타,승용,남,45세,상해없음,자전거,남,72세,경상
2023040500100325,2023년 4월 5일 14시,수요일,대구광역시 남구 대명동,경상사고,0,0,2,0,차대사람 - 보도통행중,보행자보호의무위반,젖음/습기,비,교차로 - 교차로횡단보도내,이륜,여,43세,상해없음,보행자,남,35세,경상
2023040500100326,2023년 4월 5일 14시,수요일,대구광역시 달서구 월성동,경상사고,0,0,1,0,차대차 - 측면충돌,안전운전불이행,젖음/습기,비,단일로 - 기타,승용,남,22세,상해없음,승용,여,42세,경상
2023040500100327,2023년 4월 5일 14시,수요일,대구광역시 달서구 두류동,경상사고,0,0,1,0,차대차 - 측면충돌,안전운전불이행,젖음/습기,흐림,교차로 - 교차로부근,승용,여,58세,상해없음,승용,남,30세,경상
2023040500100328,2023년 4월 5일 14시,수요일,대구광역시 달서구 두류동,경상사고,0,0,1,0,차대차 - 측면충돌,안전운전불이행,젖음/습기,비,교차로 - 교차로부근,승용,여,83세,상해없음,이륜,남,60세,경상
2023040500100348,2023년 4월 5일 15시,수요일,대구광역시 동구 동호동,경상사고,0,0,2,1,차대차 - 추돌,안전거리미확보,건조,맑음,단일로 - 지하차도(도로)내,승용,여,59세,부상신고,승용,여,29세,경상
2023040500100383,2023년 4월 5일 16시,수요일,대구광역시 북구 산격동,경상사고,0,0,1,0,차대사람 - 기타,안전운전불이행,젖음/습기,비,교차로 - 교차로부근,화물,남,69세,상해없음,보행자,여,31세,경상
2023040500100447,2023년 4월 5일 18시,수요일,대구광역시 남구 이천동,중상사고,0,1,0,0,차대차 - 기타,신호위반,건조,흐림,교차로 - 교차로안,승용,여,29세,상해없음,이륜,남,50세,중상
2023040500100448,2023년 4월 5일 18시,수요일,대구광역시 남구 봉덕동,경상사고,0,0,1,0,차대차 - 추돌,안전운전불이행,젖음/습기,맑음,교차로 - 교차로부근,승용,남,61세,상해없음,승용,남,50세,경상
2023040500100449,2023년 4월 5일 18시,수요일,대구광역시 동구 신서동,경상사고,0,0,1,0,차대차 - 측면충돌,안전운전불이행,건조,맑음,교차로 - 교차로안,승용,남,74세,상해없음,승용,여,40세,경상
2023040500100450,2023년 4월 5일 18시,수요일,대구광역시 수성구 상동,경상사고,0,0,1,0,차대차 - 추돌,기타,건조,맑음,기타 - 기타,승용,남,40세,기타불명,승용,남,39세,기타불명
2023040500100451,2023년 4월 5일 18시,수요일,대구광역시 달서구 송현동,경상사고,0,0,1,0,차대차 - 측면충돌,기타,건조,맑음,교차로 - 교차로부근,승용,여,64세,상해없음,이륜,남,33세,경상
2023040500100495,2023년 4월 5일 19시,수요일,대구광역시 달서구 대곡동,경상사고,0,0,1,0,차대차 - 측면충돌,신호위반,건조,맑음,교차로 - 교차로안,이륜,남,58세,상해없음,개인형이동수단(PM),남,17세,경상
2023040500100496,2023년 4월 5일 19시,수요일,대구광역시 달서구 월암동,경상사고,0,0,2,0,차대차 - 측면충돌,안전운전불이행,건조,흐림,단일로 - 기타,승용,여,63세,상해없음,승용,남,21세,경상
2023040500100497,2023년 4월 5일 19시,수요일,대구광역시 북구 사수동,중상사고,0,1,0,0,차대차 - 추돌,안전운전불이행,젖음/습기,비,교차로 - 교차로부근,화물,남,54세,상해없음,승용,여,54세,중상
2023040500100543,2023년 4월 5일 20시,수요일,대구광역시 수성구 범어동,경상사고,0,0,1,0,차대차 - 기타,안전운전불이행,건조,맑음,교차로 - 교차로횡단보도내,승용,남,61세,상해없음,개인형이동수단(PM),여,22세,상해없음
2023040500100544,2023년 4월 5일 20시,수요일,대구광역시 서구 평리동,경상사고,0,0,1,1,차대차 - 기타,신호위반,건조,맑음,교차로 - 교차로부근,승용,여,55세,상해없음,승용,남,87세,경상
2023040500100574,2023년 4월 5일 21시,수요일,대구광역시 중구 남산동,경상사고,0,0,4,0,차대차 - 후진중충돌,안전운전불이행,건조,맑음,단일로 - 기타,승용,남,54세,상해없음,승용,여,35세,경상
2023040500100627,2023년 4월 5일 23시,수요일,대구광역시 중구 태평로3가,경상사고,0,0,1,0,차량단독 - 기타,안전운전불이행,건조,맑음,단일로 - 기타,기타불명,기타불명,미분류,기타불명,,,,
2023040600100014,2023년 4월 6일 00시,목요일,대구광역시 동구 신암동,경상사고,0,0,1,0,차대사람 - 길가장자리구역통행중,안전운전불이행,건조,맑음,단일로 - 기타,승용,남,69세,상해없음,보행자,여,78세,경상
2023040600100068,2023년 4월 6일 07시,목요일,대구광역시 서구 비산동,경상사고,0,0,1,0,차대사람 - 길가장자리구역통행중,안전운전불이행,건조,맑음,단일로 - 기타,승용,남,58세,상해없음,보행자,남,39세,경상
2023040600100108,2023년 4월 6일 08시,목요일,대구광역시 수성구 지산동,경상사고,0,0,2,0,차대차 - 추돌,안전운전불이행,건조,맑음,단일로 - 기타,승용,여,40세,상해없음,승용,여,39세,경상
2023040600100109,2023년 4월 6일 08시,목요일,대구광역시 달성군 화원읍,경상사고,0,0,2,0,차대차 - 기타,안전운전불이행,건조,맑음,단일로 - 기타,승용,남,40세,경상,화물,남,41세,경상
2023040600100110,2023년 4월 6일 08시,목요일,대구광역시 북구 학정동,경상사고,0,0,1,0,차대사람 - 보도통행중,기타,건조,맑음,교차로 - 교차로부근,자전거,남,15세,상해없음,보행자,여,16세,경상
2023040600100111,2023년 4월 6일 08시,목요일,대구광역시 북구 서변동,경상사고,0,0,1,0,차대차 - 후진중충돌,불법유턴,건조,맑음,단일로 - 기타,승용,여,26세,상해없음,이륜,남,48세,경상
2023040600100190,2023년 4월 6일 12시,목요일,대구광역시 동구 신서동,경상사고,0,0,1,0,차대차 - 측면충돌,신호위반,건조,맑음,교차로 - 교차로안,승용,남,69세,상해없음,승용,여,45세,경상
2023040600100216,2023년 4월 6일 13시,목요일,대구광역시 달성군 다사읍,경상사고,0,0,2,0,차대사람 - 횡단중,보행자보호의무위반,건조,맑음,교차로 - 교차로부근,이륜,남,28세,상해없음,보행자,여,32세,경상
2023040600100217,2023년 4월 6일 13시,목요일,대구광역시 달서구 이곡동,경상사고,0,0,1,0,차대차 - 기타,기타,건조,맑음,기타 - 기타,승용,남,49세,상해없음,자전거,남,52세,경상
2023040600100249,2023년 4월 6일 14시,목요일,대구광역시 동구 방촌동,중상사고,0,1,0,0,차대사람 - 횡단중,안전운전불이행,건조,맑음,교차로 - 교차로횡단보도내,화물,남,68세,상해없음,보행자,여,72세,중상
2023040600100250,2023년 4월 6일 14시,목요일,대구광역시 수성구 범어동,중상사고,0,1,0,0,차대차 - 측면충돌,안전거리미확보,건조,맑음,단일로 - 기타,승용,남,45세,상해없음,이륜,남,73세,중상
2023040600100251,2023년 4월 6일 14시,목요일,대구광역시 달성군 옥포읍,경상사고,0,0,1,0,차대차 - 정면충돌,중앙선침범,건조,맑음,단일로 - 기타,승용,남,40세,상해없음,승용,남,31세,경상
2023040600100311,2023년 4월 6일 16시,목요일,대구광역시 달성군 화원읍,중상사고,0,1,0,0,차대차 - 기타,안전운전불이행,건조,맑음,교차로 - 교차로부근,자전거,여,72세,중상,화물,남,61세,상해없음
2023040600100312,2023년 4월 6일 16시,목요일,대구광역시 달서구 성당동,중상사고,0,1,0,0,차대사람 - 횡단중,기타,건조,맑음,단일로 - 기타,승용,남,59세,상해없음,보행자,남,80세,중상
2023040600100348,2023년 4월 6일 17시,목요일,대구광역시 동구 지묘동,경상사고,0,0,2,0,차대차 - 측면충돌,신호위반,건조,맑음,단일로 - 기타,승용,남,73세,상해없음,승용,여,53세,경상
2023040600100349,2023년 4월 6일 17시,목요일,대구광역시 동구 율하동,경상사고,0,0,1,0,차대차 - 측면충돌,신호위반,건조,맑음,교차로 - 교차로안,승용,여,37세,상해없음,승용,여,47세,경상
2023040600100350,2023년 4월 6일 17시,목요일,대구광역시 달서구 용산동,중상사고,0,1,0,0,차대사람 - 기타,기타,건조,맑음,단일로 - 기타,승합,남,62세,상해없음,보행자,여,72세,중상
2023040600100394,2023년 4월 6일 18시,목요일,대구광역시 수성구 중동,경상사고,0,0,1,0,차대사람 - 보도통행중,기타,건조,맑음,기타 - 기타,이륜,남,50세,상해없음,보행자,남,51세,경상
2023040600100439,2023년 4월 6일 19시,목요일,대구광역시 서구 평리동,경상사고,0,0,1,0,차대차 - 측면충돌,안전거리미확보,건조,맑음,단일로 - 기타,승용,여,44세,상해없음,이륜,남,29세,경상
2023040600100440,2023년 4월 6일 19시,목요일,대구광역시 달서구 용산동,중상사고,0,1,0,0,차대사람 - 보도통행중,안전운전불이행,건조,맑음,교차로 - 교차로안,승용,여,74세,상해없음,보행자,남,50세,중상
2023040600100510,2023년 4월 6일 21시,목요일,대구광역시 달서구 호산동,경상사고,0,0,1,0,차대차 - 기타,안전운전불이행,건조,맑음,교차로 - 교차로부근,승용,남,52세,상해없음,승용,남,50세,경상
2023040600100511,2023년 4월 6일 21시,목요일,대구광역시 북구 서변동,중상사고,0,1,1,0,차대차 - 측면충돌,직진우회전진행방해,젖음/습기,비,교차로 - 교차로안,승용,남,36세,기타불명,이륜,남,42세,중상
2023040600100528,2023년 4월 6일 22시,목요일,대구광역시 수성구 두산동,경상사고,0,0,2,0,차대차 - 측면충돌,교차로운행방법위반,기타,기타,미분류 - 미분류,승용,남,70세,경상,승용,남,47세,경상
2023040600100539,2023년 4월 6일 23시,목요일,대구광역시 달서구 월성동,경상사고,0,0,1,0,차대차 - 추돌,안전운전불이행,젖음/습기,비,교차로 - 교차로부근,승용,남,46세,상해없음,승용,남,57세,경상
2023040600100540,2023년 4월 6일 23시,목요일,대구광역시 북구 칠성동2가,경상사고,0,0,1,0,차량단독 - 공작물충돌,안전운전불이행,젖음/습기,비,단일로 - 기타,승용,남,40세,경상,,,,
2023040700100010,2023년 4월 7일 00시,금요일,대구광역시 북구 칠성동1가,경상사고,0,0,2,0,차대차 - 측면충돌,신호위반,젖음/습기,비,교차로 - 교차로안,승용,남,24세,상해없음,승용,남,51세,경상
2023040700100018,2023년 4월 7일 01시,금요일,대구광역시 수성구 황금동,경상사고,0,0,1,0,차대차 - 추돌,안전운전불이행,젖음/습기,비,단일로 - 기타,승용,여,34세,상해없음,승용,남,25세,경상
2023040700100025,2023년 4월 7일 02시,금요일,대구광역시 동구 용계동,경상사고,0,0,1,0,차대차 - 후진중충돌,안전운전불이행,젖음/습기,비,교차로 - 교차로부근,승용,여,50세,상해없음,승용,여,55세,경상
2023040700100044,2023년 4월 7일 05시,금요일,대구광역시 달성군 유가읍,경상사고,0,0,2,0,차대차 - 기타,안전운전불이행,건조,맑음,교차로 - 교차로안,승용,남,61세,경상,화물,남,36세,경상
2023040700100045,2023년 4월 7일 05시,금요일,대구광역시 서구 평리동,경상사고,0,0,1,0,차대사람 - 횡단중,안전운전불이행,건조,맑음,기타 - 기타,승용,남,48세,상해없음,보행자,여,76세,경상
2023040700100124,2023년 4월 7일 08시,금요일,대구광역시 달서구 상인동,경상사고,0,0,1,0,차대차 - 측면충돌,안전거리미확보,건조,맑음,단일로 - 기타,건설기계,남,50세,상해없음,승용,남,30세,경상
2023040700100126,2023년 4월 7일 08시,금요일,대구광역시 서구 비산동,중상사고,0,1,0,0,차대차 - 측면충돌,직진우회전진행방해,건조,맑음,교차로 - 교차로안,승용,여,50세,상해없음,자전거,남,66세,중상
2023040700100127,2023년 4월 7일 08시,금요일,대구광역시 중구 태평로2가,경상사고,0,0,1,0,차대차 - 추돌,안전운전불이행,건조,맑음,단일로 - 기타,승용,여,48세,상해없음,승용,남,57세,경상
2023040700100167,2023년 4월 7일 09시,금요일,대구광역시 북구 고성동2가,경상사고,0,0,1,0,차대차 - 추돌,안전운전불이행,건조,맑음,교차로 - 교차로부근,화물,남,59세,상해없음,승용,남,59세,경상
2023040700100168,2023년 4월 7일 09시,금요일,대구광역시 북구 복현동,경상사고,0,0,1,0,차대사람 - 기타,안전운전불이행,건조,맑음,교차로 - 교차로안,이륜,남,31세,상해없음,보행자,여,80세,경상
2023040700100199,2023년 4월 7일 10시,금요일,대구광역시 동구 신천동,경상사고,0,0,1,0,차대차 - 측면충돌,안전운전불이행,건조,맑음,교차로 - 교차로부근,승용,여,51세,상해없음,승용,여,30세,경상
2023040700100248,2023년 4월 7일 12시,금요일,대구광역시 달서구 송현동,중상사고,0,1,0,0,차대차 - 측면충돌,교차로운행방법위반,건조,맑음,교차로 - 교차로안,승용,남,32세,상해없음,이륜,남,37세,중상
2023040700100249,2023년 4월 7일 12시,금요일,대구광역시 북구 복현동,경상사고,0,0,2,0,차대차 - 후진중충돌,안전운전불이행,건조,맑음,단일로 - 기타,승용,남,62세,상해없음,승용,남,30세,경상
2023040700100281,2023년 4월 7일 13시,금요일,대구광역시 서구 비산동,경상사고,0,0,1,0,차대차 - 측면충돌,안전운전불이행,건조,맑음,교차로 - 교차로부근,승합,남,71세,상해없음,승용,남,39세,경상
2023040700100319,2023년 4월 7일 14시,금요일,대구광역시 달서구 성당동,부상신고사고,0,0,0,1,차대차 - 측면충돌,불법유턴,건조,맑음,단일로 - 기타,이륜,남,81세,부상신고,승용,여,33세,상해없음
2023040700100320,2023년 4월 7일 14시,금요일,대구광역시 달서구 본동,중상사고,0,1,0,0,차대사람 - 기타,안전운전불이행,건조,맑음,단일로 - 기타,승용,여,32세,상해없음,보행자,여,94세,중상
2023040700100321,2023년 4월 7일 14시,금요일,대구광역시 중구 동산동,중상사고,0,1,0,0,차대차 - 추돌,안전거리미확보,건조,맑음,단일로 - 기타,승용,남,68세,상해없음,이륜,남,40세,중상
2023040700100351,2023년 4월 7일 15시,금요일,대구광역시 달성군 옥포읍,경상사고,0,0,1,0,차대차 - 추돌,안전운전불이행,건조,맑음,단일로 - 기타,승용,남,61세,상해없음,승용,여,26세,경상
2023040700100356,2023년 4월 7일 15시,금요일,대구광역시 달서구 유천동,경상사고,0,0,1,0,차대차 - 측면충돌,안전운전불이행,건조,맑음,교차로 - 교차로안,화물,남,65세,상해없음,자전거,남,12세,경상
2023040700100357,2023년 4월 7일 15시,금요일,대구광역시 달서구 상인동,경상사고,0,0,6,0,차대차 - 측면충돌,교차로운행방법위반,건조,맑음,교차로 - 교차로안,승용,여,33세,상해없음,승용,여,39세,경상
2023040700100358,2023년 4월 7일 15시,금요일,대구광역시 서구 상리동,부상신고사고,0,0,0,1,차대차 - 측면충돌,안전운전불이행,건조,맑음,기타 - 기타,화물,남,48세,상해없음,개인형이동수단(PM),남,24세,부상신고
2023040700100359,2023년 4월 7일 15시,금요일,대구광역시 달서구 신당동,경상사고,0,0,1,0,차대사람 - 기타,안전운전불이행,건조,맑음,단일로 - 기타,자전거,남,60세,상해없음,보행자,여,62세,경상
2023040700100410,2023년 4월 7일 16시,금요일,대구광역시 동구 효목동,경상사고,0,0,1,0,차대차 - 측면충돌,안전거리미확보,건조,맑음,교차로 - 교차로안,승용,여,38세,상해없음,승용,남,68세,경상
2023040700100411,2023년 4월 7일 16시,금요일,대구광역시 중구 교동,중상사고,0,1,7,0,차대차 - 추돌,안전운전불이행,건조,맑음,교차로 - 교차로부근,승용,남,66세,경상,승용,남,50세,경상
2023040700100519,2023년 4월 7일 18시,금요일,대구광역시 수성구 범어동,경상사고,0,0,1,0,차대차 - 기타,안전운전불이행,건조,맑음,단일로 - 기타,승용,남,71세,상해없음,승용,여,41세,경상
2023040700100520,2023년 4월 7일 18시,금요일,대구광역시 달서구 월성동,중상사고,0,1,0,0,차대사람 - 횡단중,안전운전불이행,건조,맑음,단일로 - 기타,이륜,남,26세,상해없음,보행자,여,6세,중상
2023040700100521,2023년 4월 7일 18시,금요일,대구광역시 북구 산격동,경상사고,0,0,1,0,차대차 - 기타,안전거리미확보,건조,맑음,단일로 - 기타,승용,남,31세,상해없음,승용,남,30세,경상
2023040700100522,2023년 4월 7일 18시,금요일,대구광역시 북구 고성동3가,경상사고,0,0,1,0,차대차 - 추돌,교차로운행방법위반,건조,맑음,교차로 - 교차로안,승용,남,64세,기타불명,이륜,남,56세,경상
2023040700100567,2023년 4월 7일 19시,금요일,대구광역시 수성구 범어동,경상사고,0,0,1,0,차대차 - 측면충돌,안전운전불이행,건조,맑음,교차로 - 교차로안,승용,여,38세,상해없음,이륜,남,34세,경상
2023040700100607,2023년 4월 7일 20시,금요일,대구광역시 동구 신천동,경상사고,0,0,3,0,차대차 - 측면충돌,안전거리미확보,건조,맑음,단일로 - 기타,승용,남,54세,상해없음,승용,남,67세,경상
2023040700100608,2023년 4월 7일 20시,금요일,대구광역시 서구 평리동,경상사고,0,0,1,0,차량단독 - 도로외이탈 - 추락,안전운전불이행,건조,맑음,단일로 - 기타,이륜,남,45세,경상,,,,
2023040700100646,2023년 4월 7일 21시,금요일,대구광역시 동구 신암동,경상사고,0,0,1,0,차대차 - 측면충돌,안전운전불이행,건조,맑음,교차로 - 교차로부근,승용,남,33세,상해없음,이륜,남,66세,경상
2023040700100647,2023년 4월 7일 21시,금요일,대구광역시 북구 사수동,경상사고,0,0,2,0,차대차 - 측면충돌,교차로운행방법위반,건조,맑음,교차로 - 교차로안,승용,여,57세,상해없음,승용,남,37세,경상
2023040700100665,2023년 4월 7일 22시,금요일,대구광역시 달서구 본동,부상신고사고,0,0,0,1,차대차 - 추돌,안전운전불이행,건조,맑음,단일로 - 기타,승용,남,61세,상해없음,이륜,남,30세,부상신고
2023040800100012,2023년 4월 8일 00시,토요일,대구광역시 북구 고성동3가,경상사고,0,0,1,0,차대차 - 기타,교차로운행방법위반,건조,맑음,교차로 - 교차로횡단보도내,승용,여,42세,상해없음,자전거,남,16세,경상
2023040800100013,2023년 4월 8일 00시,토요일,대구광역시 달서구 신당동,경상사고,0,0,1,0,차대차 - 측면충돌,안전운전불이행,건조,맑음,단일로 - 기타,승용,남,30세,상해없음,승용,남,44세,경상
2023040800100024,2023년 4월 8일 01시,토요일,대구광역시 동구 효목동,중상사고,0,1,0,0,차대차 - 측면충돌,중앙선침범,건조,맑음,단일로 - 기타,승용,남,67세,상해없음,이륜,남,25세,중상
2023040800100025,2023년 4월 8일 01시,토요일,대구광역시 수성구 범어동,경상사고,0,0,1,0,차대차 - 정면충돌,신호위반,건조,맑음,교차로 - 교차로안,이륜,남,39세,상해없음,이륜,남,29세,경상
2023040800100035,2023년 4월 8일 03시,토요일,대구광역시 달서구 본동,경상사고,0,0,2,0,차대차 - 추돌,안전운전불이행,건조,맑음,교차로 - 교차로안,승용,남,43세,상해없음,승용,남,33세,경상
2023040800100071,2023년 4월 8일 07시,토요일,대구광역시 달서구 상인동,중상사고,0,1,0,0,차대차 - 측면충돌,신호위반,건조,맑음,교차로 - 교차로안,승용,남,72세,상해없음,자전거,남,68세,중상
2023040800100072,2023년 4월 8일 07시,토요일,대구광역시 중구 삼덕동1가,부상신고사고,0,0,0,1,차대사람 - 기타,안전운전불이행,건조,맑음,단일로 - 기타,화물,여,65세,상해없음,보행자,여,25세,부상신고
2023040800100101,2023년 4월 8일 08시,토요일,대구광역시 동구 율하동,경상사고,0,0,2,0,차대차 - 측면충돌,교차로운행방법위반,건조,맑음,교차로 - 교차로안,승용,남,62세,경상,승용,남,44세,경상
2023040800100102,2023년 4월 8일 08시,토요일,대구광역시 수성구 만촌동,경상사고,0,0,1,0,차대차 - 기타,신호위반,건조,맑음,교차로 - 교차로부근,승용,여,66세,상해없음,승용,남,26세,경상
2023040800100115,2023년 4월 8일 09시,토요일,대구광역시 동구 신천동,중상사고,0,1,0,0,차대차 - 측면충돌,기타,건조,맑음,단일로 - 기타,승용,남,70세,상해없음,원동기,남,46세,중상