사고번호,사고일시,요일,시군구,사고내용,사망자수,중상자수,경상자수,부상신고자수,사고유형,법규위반,노면상태,기상상태,도로형태,가해운전자 차종,가해운전자 성별,가해운전자 연령,가해운전자 상해정도,피해운전자 차종,피해운전자 성별,피해운전자 연령,피해운전자 상해정도
2023040800100144,2023년 4월 8일 10시,토요일,대구광역시 달서구 상인동,경상사고,0,0,1,0,차대차 - 측면충돌,안전운전불이행,건조,맑음,교차로 - 교차로횡단보도내,승용,남,64세,상해없음,자전거,남,15세,경상
2023040800100145,2023년 4월 8일 10시,토요일,대구광역시 중구 대봉동,경상사고,0,0,2,2,차대차 - 추돌,안전운전불이행,건조,맑음,단일로 - 기타,승용,남,72세,상해없음,승용,여,56세,부상신고
2023040800100146,2023년 4월 8일 10시,토요일,대구광역시 중구 포정동,경상사고,0,0,1,0,차대사람 - 기타,안전운전불이행,건조,맑음,단일로 - 기타,화물,남,63세,상해없음,보행자,여,84세,경상
2023040800100191,2023년 4월 8일 11시,토요일,대구광역시 달성군 다사읍,경상사고,0,0,1,0,차대차 - 기타,안전운전불이행,건조,맑음,단일로 - 기타,이륜,남,34세,경상,승용,남,25세,상해없음
2023040800100192,2023년 4월 8일 11시,토요일,대구광역시 달성군 다사읍,경상사고,0,0,1,0,차대차 - 추돌,안전운전불이행,건조,맑음,기타 - 기타,승용,남,54세,상해없음,이륜,남,47세,경상
2023040800100193,2023년 4월 8일 11시,토요일,대구광역시 북구 산격동,경상사고,0,0,1,0,차대차 - 추돌,안전운전불이행,건조,맑음,단일로 - 기타,기타불명,남,32세,기타불명,승용,여,26세,경상
2023040800100194,2023년 4월 8일 11시,토요일,대구광역시 중구 대봉동,경상사고,0,0,3,1,차대차 - 측면충돌,안전거리미확보,건조,맑음,단일로 - 기타,승용,남,63세,부상신고,화물,남,56세,경상
2023040800100233,2023년 4월 8일 12시,토요일,대구광역시 수성구 사월동,중상사고,0,1,0,0,차대차 - 측면충돌,안전운전불이행,건조,맑음,교차로 - 교차로안,자전거,남,67세,중상,승용,남,19세,상해없음
2023040800100234,2023년 4월 8일 12시,토요일,대구광역시 수성구 만촌동,경상사고,0,0,3,0,차대차 - 후진중충돌,안전운전불이행,건조,맑음,교차로 - 교차로부근,승용,남,82세,상해없음,승용,남,31세,경상
2023040800100235,2023년 4월 8일 12시,토요일,대구광역시 수성구 수성동2가,경상사고,0,0,1,0,차대사람 - 보도통행중,기타,건조,맑음,기타 - 기타,개인형이동수단(PM),남,15세,상해없음,보행자,여,23세,경상
2023040800100236,2023년 4월 8일 12시,토요일,대구광역시 중구 삼덕동2가,중상사고,0,1,0,0,차대사람 - 기타,안전운전불이행,건조,맑음,단일로 - 기타,개인형이동수단(PM),여,31세,상해없음,보행자,여,52세,중상
2023040800100277,2023년 4월 8일 13시,토요일,대구광역시 수성구 노변동,경상사고,0,0,2,0,차대차 - 기타,안전운전불이행,건조,맑음,기타 - 기타,승용,남,76세,상해없음,승용,남,51세,경상
2023040800100278,2023년 4월 8일 13시,토요일,대구광역시 달서구 성당동,경상사고,0,0,1,0,차대차 - 측면충돌,안전운전불이행,건조,맑음,교차로 - 교차로부근,승용,남,86세,상해없음,승용,남,31세,경상
2023040800100319,2023년 4월 8일 14시,토요일,대구광역시 달서구 신당동,경상사고,0,0,1,0,차대사람 - 기타,안전운전불이행,건조,맑음,교차로 - 교차로안,승용,남,32세,상해없음,보행자,남,52세,경상
2023040800100348,2023년 4월 8일 15시,토요일,대구광역시 북구 침산동,경상사고,0,0,1,0,차대차 - 측면충돌,안전운전불이행,건조,맑음,기타 - 기타,기타불명,기타불명,미분류,기타불명,자전거,남,8세,경상
2023040800100391,2023년 4월 8일 16시,토요일,대구광역시 수성구 황금동,경상사고,0,0,1,0,차대차 - 기타,안전운전불이행,건조,맑음,기타 - 기타,승용,여,39세,상해없음,이륜,남,46세,경상
2023040800100392,2023년 4월 8일 16시,토요일,대구광역시 달성군 현풍읍,경상사고,0,0,2,0,차대차 - 기타,안전운전불이행,건조,맑음,기타 - 기타,승용,남,45세,상해없음,승용,남,61세,경상
2023040800100438,2023년 4월 8일 17시,토요일,대구광역시 동구 방촌동,경상사고,0,0,2,0,차대차 - 측면충돌,안전운전불이행,건조,맑음,단일로 - 기타,승용,남,47세,상해없음,승용,여,40세,경상
2023040800100439,2023년 4월 8일 17시,토요일,대구광역시 서구 내당동,부상신고사고,0,0,0,1,차대차 - 측면충돌,안전운전불이행,건조,맑음,단일로 - 기타,기타불명,여,76세,부상신고,승합,남,60세,상해없음
2023040800100440,2023년 4월 8일 17시,토요일,대구광역시 달서구 감삼동,중상사고,0,1,0,0,차대차 - 측면충돌,안전운전불이행,건조,맑음,교차로 - 교차로안,승용,여,29세,상해없음,이륜,남,58세,중상
2023040800100504,2023년 4월 8일 19시,토요일,대구광역시 남구 대명동,경상사고,0,0,1,0,차대차 - 기타,안전운전불이행,건조,맑음,기타 - 기타,승용,여,60세,상해없음,자전거,여,53세,경상
2023040800100505,2023년 4월 8일 19시,토요일,대구광역시 달서구 월성동,경상사고,0,0,1,0,차대차 - 측면충돌,안전운전불이행,건조,흐림,단일로 - 기타,승용,여,37세,상해없음,이륜,남,48세,경상
2023040800100506,2023년 4월 8일 19시,토요일,대구광역시 달성군 구지면,경상사고,0,0,1,0,차대차 - 기타,안전운전불이행,건조,맑음,교차로 - 교차로안,이륜,남,31세,경상,화물,남,65세,상해없음
2023040800100507,2023년 4월 8일 19시,토요일,대구광역시 북구 노원동3가,경상사고,0,0,1,0,차대사람 - 차도통행중,안전운전불이행,건조,맑음,교차로 - 교차로부근,이륜,남,25세,상해없음,보행자,남,88세,경상
2023040800100508,2023년 4월 8일 19시,토요일,대구광역시 달서구 장기동,중상사고,0,1,0,0,차대사람 - 차도통행중,안전운전불이행,건조,맑음,교차로 - 교차로안,승용,남,33세,상해없음,보행자,남,58세,중상
2023040800100538,2023년 4월 8일 20시,토요일,대구광역시 달서구 신당동,경상사고,0,0,1,1,차대차 - 정면충돌,신호위반,건조,맑음,교차로 - 교차로안,승용,여,48세,부상신고,승용,남,46세,경상
2023040800100587,2023년 4월 8일 22시,토요일,대구광역시 달서구 상인동,경상사고,0,0,1,0,차대사람 - 횡단중,안전운전불이행,건조,맑음,교차로 - 교차로안,승용,여,66세,상해없음,보행자,남,14세,경상
2023040800100601,2023년 4월 8일 23시,토요일,대구광역시 달서구 본리동,경상사고,0,0,1,1,차대차 - 기타,안전운전불이행,건조,맑음,단일로 - 기타,이륜,남,25세,부상신고,승용,여,51세,경상
2023040900100010,2023년 4월 9일 00시,일요일,대구광역시 남구 대명동,경상사고,0,0,1,0,차대차 - 기타,안전운전불이행,건조,맑음,교차로 - 교차로안,승용,남,55세,경상,승용,남,38세,상해없음
2023040900100105,2023년 4월 9일 10시,일요일,대구광역시 동구 신암동,경상사고,0,0,1,0,차대차 - 측면충돌,안전운전불이행,건조,맑음,단일로 - 기타,승용,남,59세,상해없음,승용,남,58세,경상
2023040900100125,2023년 4월 9일 11시,일요일,대구광역시 수성구 만촌동,경상사고,0,0,1,0,차대차 - 추돌,안전운전불이행,건조,맑음,교차로 - 교차로부근,승용,남,15세,상해없음,승용,남,73세,경상
2023040900100126,2023년 4월 9일 11시,일요일,대구광역시 수성구 만촌동,중상사고,0,1,2,0,차대차 - 측면충돌,교차로운행방법위반,건조,맑음,교차로 - 교차로안,승용,여,64세,경상,승용,여,58세,경상
2023040900100155,2023년 4월 9일 12시,일요일,대구광역시 수성구 노변동,경상사고,0,0,1,0,차대차 - 측면충돌,안전운전불이행,건조,맑음,단일로 - 기타,승용,여,30세,상해없음,화물,남,56세,경상
2023040900100156,2023년 4월 9일 12시,일요일,대구광역시 달서구 본동,경상사고,0,0,2,0,차대차 - 측면충돌,안전거리미확보,건조,맑음,교차로 - 교차로부근,승용,남,63세,상해없음,승용,남,37세,경상
2023040900100157,2023년 4월 9일 12시,일요일,대구광역시 달서구 두류동,중상사고,0,2,0,0,차대차 - 후진중충돌,불법유턴,건조,맑음,단일로 - 기타,승용,여,51세,상해없음,승용,남,21세,중상
2023040900100192,2023년 4월 9일 13시,일요일,대구광역시 남구 대명동,경상사고,0,0,3,0,차대차 - 측면충돌,안전운전불이행,건조,맑음,단일로 - 기타,승용,여,59세,상해없음,승용,남,35세,경상
2023040900100193,2023년 4월 9일 13시,일요일,대구광역시 동구 효목동,경상사고,0,0,1,0,차대사람 - 차도통행중,안전운전불이행,건조,맑음,단일로 - 기타,승용,여,51세,기타불명,보행자,남,28세,경상
2023040900100229,2023년 4월 9일 14시,일요일,대구광역시 달성군 구지면,경상사고,0,0,2,0,차대차 - 기타,안전운전불이행,건조,맑음,기타 - 기타,승용,여,30세,상해없음,승용,남,30세,경상
2023040900100263,2023년 4월 9일 15시,일요일,대구광역시 달성군 하빈면,경상사고,0,0,5,0,차대차 - 추돌,안전운전불이행,건조,맑음,단일로 - 기타,승용,여,33세,상해없음,승용,남,40세,경상
2023040900100264,2023년 4월 9일 15시,일요일,대구광역시 서구 평리동,중상사고,0,1,0,0,차대사람 - 기타,안전운전불이행,건조,맑음,기타 - 기타,승용,남,22세,상해없음,보행자,여,66세,중상
2023040900100330,2023년 4월 9일 17시,일요일,대구광역시 달성군 논공읍,경상사고,0,0,1,0,차대사람 - 기타,안전운전불이행,건조,맑음,단일로 - 기타,화물,남,70세,상해없음,보행자,여,68세,경상
2023040900100356,2023년 4월 9일 18시,일요일,대구광역시 수성구 상동,경상사고,0,0,1,0,차대차 - 측면충돌,교차로운행방법위반,건조,맑음,교차로 - 교차로안,이륜,여,35세,기타불명,승용,여,31세,경상
2023040900100376,2023년 4월 9일 19시,일요일,대구광역시 동구 신평동,경상사고,0,0,2,0,차대차 - 측면충돌,신호위반,건조,맑음,단일로 - 기타,승용,남,19세,상해없음,승용,여,31세,경상
2023040900100378,2023년 4월 9일 19시,일요일,대구광역시 수성구 신매동,경상사고,0,0,1,0,차대차 - 측면충돌,안전운전불이행,건조,맑음,교차로 - 교차로부근,승용,남,41세,상해없음,이륜,남,44세,경상
2023040900100379,2023년 4월 9일 19시,일요일,대구광역시 달성군 다사읍,중상사고,0,1,0,0,차대사람 - 기타,안전운전불이행,건조,맑음,단일로 - 기타,이륜,남,38세,상해없음,보행자,여,49세,중상
2023040900100401,2023년 4월 9일 20시,일요일,대구광역시 수성구 상동,경상사고,0,0,1,0,차대차 - 추돌,안전운전불이행,건조,맑음,단일로 - 기타,승용,남,65세,기타불명,승용,여,52세,경상
2023040900100430,2023년 4월 9일 22시,일요일,대구광역시 달서구 장기동,중상사고,0,1,0,0,차대차 - 측면충돌,안전거리미확보,건조,맑음,단일로 - 기타,승용,남,18세,상해없음,이륜,남,52세,중상
2023040900100437,2023년 4월 9일 23시,일요일,대구광역시 남구 대명동,경상사고,0,0,1,0,차대차 - 추돌,안전운전불이행,건조,맑음,교차로 - 교차로부근,승용,남,34세,상해없음,승용,여,55세,경상
2023041000100087,2023년 4월 10일 08시,월요일,대구광역시 북구 관음동,경상사고,0,0,2,0,차대차 - 측면충돌,신호위반,건조,맑음,단일로 - 기타,승용,남,24세,경상,화물,남,34세,경상
2023041000100118,2023년 4월 10일 09시,월요일,대구광역시 수성구 수성동4가,경상사고,0,0,1,0,차대차 - 측면충돌,안전운전불이행,건조,기타,기타 - 기타,이륜,남,25세,상해없음,승용,남,73세,경상
2023041000100119,2023년 4월 10일 09시,월요일,대구광역시 달서구 상인동,경상사고,0,0,1,0,차대차 - 측면충돌,안전운전불이행,건조,맑음,단일로 - 기타,화물,남,74세,상해없음,승용,여,30세,경상
2023041000100120,2023년 4월 10일 09시,월요일,대구광역시 중구 삼덕동1가,중상사고,0,1,0,0,차대차 - 기타,신호위반,건조,맑음,교차로 - 교차로안,승용,남,20세,상해없음,승용,남,30세,중상
2023041000100121,2023년 4월 10일 09시,월요일,대구광역시 달서구 이곡동,경상사고,0,0,1,0,차대차 - 측면충돌,안전운전불이행,건조,맑음,교차로 - 교차로부근,이륜,남,18세,상해없음,승용,남,47세,경상
2023041000100122,2023년 4월 10일 09시,월요일,대구광역시 북구 구암동,중상사고,0,1,0,0,차량단독 - 기타,안전운전불이행,건조,맑음,단일로 - 기타,승합,남,60세,기타불명,,,,
2023041000100204,2023년 4월 10일 12시,월요일,대구광역시 달서구 상인동,경상사고,0,0,2,0,차대차 - 측면충돌,안전운전불이행,건조,맑음,단일로 - 기타,이륜,남,72세,경상,승용,여,55세,경상
2023041000100205,2023년 4월 10일 12시,월요일,대구광역시 달서구 진천동,중상사고,0,1,0,0,차대차 - 측면충돌,신호위반,건조,맑음,교차로 - 교차로부근,이륜,남,66세,중상,승용,여,44세,상해없음
2023041000100206,2023년 4월 10일 12시,월요일,대구광역시 달서구 송현동,경상사고,0,0,1,0,차대차 - 측면충돌,교차로운행방법위반,건조,맑음,교차로 - 교차로안,승용,여,41세,상해없음,승용,남,28세,경상
2023041000100236,2023년 4월 10일 13시,월요일,대구광역시 북구 서변동,경상사고,0,0,5,0,차대차 - 추돌,안전운전불이행,건조,맑음,단일로 - 기타,화물,남,37세,경상,승용,여,36세,경상
2023041000100266,2023년 4월 10일 14시,월요일,대구광역시 수성구 범어동,경상사고,0,0,1,0,차대사람 - 차도통행중,보행자보호의무위반,건조,맑음,교차로 - 교차로안,승용,남,45세,상해없음,보행자,남,44세,경상
2023041000100267,2023년 4월 10일 14시,월요일,대구광역시 서구 비산동,부상신고사고,0,0,0,1,차대차 - 측면충돌,안전운전불이행,건조,맑음,교차로 - 교차로부근,이륜,남,79세,부상신고,승용,여,61세,상해없음
2023041000100268,2023년 4월 10일 14시,월요일,대구광역시 북구 태전동,경상사고,0,0,1,0,차대차 - 측면충돌,안전운전불이행,건조,맑음,단일로 - 기타,승합,남,51세,상해없음,승용,남,63세,상해없음
2023041000100310,2023년 4월 10일 15시,월요일,대구광역시 달서구 송현동,경상사고,0,0,2,0,차대사람 - 보도통행중,기타,건조,맑음,기타 - 기타,승용,여,31세,상해없음,보행자,여,48세,경상
2023041000100311,2023년 4월 10일 15시,월요일,대구광역시 달성군 다사읍,경상사고,0,0,2,0,차대차 - 기타,안전운전불이행,건조,맑음,교차로 - 교차로부근,승용,남,49세,상해없음,승용,남,36세,경상
2023041000100312,2023년 4월 10일 15시,월요일,대구광역시 서구 비산동,경상사고,0,0,2,0,차대차 - 측면충돌,직진우회전진행방해,건조,맑음,교차로 - 교차로안,승용,남,28세,상해없음,승용,남,62세,상해없음
2023041000100313,2023년 4월 10일 15시,월요일,대구광역시 중구 태평로3가,경상사고,0,0,1,0,차대차 - 기타,안전운전불이행,건조,맑음,교차로 - 교차로부근,승용,남,36세,상해없음,화물,남,42세,경상
2023041000100343,2023년 4월 10일 16시,월요일,대구광역시 수성구 황금동,경상사고,0,0,1,0,차대사람 - 기타,안전거리미확보,건조,맑음,단일로 - 기타,승용,여,27세,상해없음,보행자,여,12세,경상
2023041000100344,2023년 4월 10일 16시,월요일,대구광역시 북구 산격동,부상신고사고,0,0,0,1,차대차 - 기타,기타,건조,맑음,단일로 - 기타,기타불명,남,57세,부상신고,승용,여,39세,상해없음
2023041000100345,2023년 4월 10일 16시,월요일,대구광역시 중구 대봉동,경상사고,0,0,1,0,차대차 - 측면충돌,안전거리미확보,건조,맑음,단일로 - 기타,승용,여,54세,상해없음,승용,남,56세,상해없음
2023041000100390,2023년 4월 10일 17시,월요일,대구광역시 남구 대명동,중상사고,0,1,0,0,차대차 - 기타,신호위반,건조,맑음,교차로 - 교차로안,승용,남,27세,상해없음,이륜,남,69세,중상
2023041000100391,2023년 4월 10일 17시,월요일,대구광역시 수성구 범어동,경상사고,0,0,1,0,차대차 - 측면충돌,안전운전불이행,건조,맑음,단일로 - 기타,승용,남,38세,상해없음,이륜,남,62세,경상
2023041000100392,2023년 4월 10일 17시,월요일,대구광역시 수성구 두산동,경상사고,0,0,1,0,차대차 - 측면충돌,교차로운행방법위반,건조,맑음,교차로 - 교차로안,승용,여,74세,상해없음,승용,남,29세,경상
2023041000100393,2023년 4월 10일 17시,월요일,대구광역시 달서구 상인동,경상사고,0,0,1,0,차대사람 - 횡단중,보행자보호의무위반,건조,맑음,교차로 - 교차로횡단보도내,승용,남,72세,상해없음,보행자,여,62세,경상
2023041000100394,2023년 4월 10일 17시,월요일,대구광역시 달서구 월성동,경상사고,0,0,1,0,차대차 - 후진중충돌,안전운전불이행,건조,맑음,단일로 - 기타,승용,여,50세,상해없음,승용,여,36세,경상
2023041000100395,2023년 4월 10일 17시,월요일,대구광역시 중구 동문동,경상사고,0,0,2,0,차대사람 - 기타,안전운전불이행,건조,맑음,단일로 - 기타,승용,남,59세,상해없음,보행자,여,17세,경상
2023041000100397,2023년 4월 10일 17시,월요일,대구광역시 달서구 죽전동,경상사고,0,0,1,0,차대차 - 측면충돌,안전거리미확보,건조,맑음,교차로 - 교차로안,승용,여,69세,상해없음,승용,남,18세,경상
2023041000100436,2023년 4월 10일 18시,월요일,대구광역시 수성구 수성동4가,경상사고,0,0,1,0,차대차 - 측면충돌,안전운전불이행,건조,맑음,단일로 - 기타,승용,남,51세,상해없음,자전거,여,27세,경상
2023041000100437,2023년 4월 10일 18시,월요일,대구광역시 수성구 범어동,경상사고,0,0,2,0,차대차 - 추돌,안전거리미확보,건조,맑음,단일로 - 기타,승용,여,40세,상해없음,승합,남,53세,상해없음
2023041000100438,2023년 4월 10일 18시,월요일,대구광역시 수성구 범어동,경상사고,0,0,1,0,차대차 - 기타,안전운전불이행,건조,맑음,단일로 - 기타,승용,남,71세,상해없음,자전거,남,80세,경상
2023041000100439,2023년 4월 10일 18시,월요일,대구광역시 달서구 본리동,경상사고,0,0,1,0,차대사람 - 횡단중,보행자보호의무위반,건조,맑음,단일로 - 기타,승용,남,64세,상해없음,보행자,여,56세,경상
2023041000100440,2023년 4월 10일 18시,월요일,대구광역시 북구 구암동,경상사고,0,0,1,0,차대사람 - 기타,안전운전불이행,건조,맑음,교차로 - 교차로안,승용,여,43세,상해없음,보행자,여,76세,경상
2023041000100474,2023년 4월 10일 19시,월요일,대구광역시 달서구 본리동,경상사고,0,0,3,0,차대차 - 측면충돌,안전운전불이행,건조,흐림,교차로 - 교차로안,승용,남,36세,경상,승용,남,36세,경상
2023041000100493,2023년 4월 10일 20시,월요일,대구광역시 달서구 송현동,경상사고,0,0,1,0,차대차 - 측면충돌,안전운전불이행,건조,맑음,단일로 - 기타,승용,여,40세,상해없음,승용,남,45세,상해없음
2023041100100006,2023년 4월 11일 00시,화요일,대구광역시 중구 삼덕동1가,경상사고,0,0,1,0,차대사람 - 길가장자리구역통행중,안전운전불이행,건조,맑음,교차로 - 교차로부근,승용,남,58세,기타불명,보행자,남,20세,경상
2023041100100118,2023년 4월 11일 09시,화요일,대구광역시 서구 평리동,중상사고,0,1,0,0,차대차 - 측면충돌,직진우회전진행방해,건조,맑음,교차로 - 교차로부근,화물,남,45세,상해없음,승용,여,36세,중상
2023041100100198,2023년 4월 11일 12시,화요일,대구광역시 남구 대명동,경상사고,0,0,1,0,차대사람 - 기타,안전운전불이행,건조,맑음,단일로 - 기타,이륜,기타불명,미분류,기타불명,보행자,여,20세,경상
2023041100100199,2023년 4월 11일 12시,화요일,대구광역시 달서구 상인동,경상사고,0,0,1,0,차대차 - 측면충돌,교차로운행방법위반,건조,맑음,교차로 - 교차로안,승용,여,28세,상해없음,이륜,남,35세,경상
2023041100100200,2023년 4월 11일 12시,화요일,대구광역시 달성군 다사읍,경상사고,0,0,1,0,차대사람 - 횡단중,안전운전불이행,건조,맑음,교차로 - 교차로횡단보도내,승용,여,30세,상해없음,보행자,여,57세,경상
2023041100100201,2023년 4월 11일 12시,화요일,대구광역시 서구 평리동,경상사고,0,0,1,0,차대차 - 측면충돌,안전운전불이행,건조,맑음,교차로 - 교차로안,승용,여,60세,상해없음,자전거,남,69세,경상
2023041100100229,2023년 4월 11일 13시,화요일,대구광역시 동구 신서동,경상사고,0,0,1,0,차대차 - 측면충돌,안전운전불이행,건조,맑음,단일로 - 기타,승용,여,40세,상해없음,자전거,남,22세,경상
2023041100100230,2023년 4월 11일 13시,화요일,대구광역시 수성구 범어동,부상신고사고,0,0,0,1,차대차 - 기타,안전운전불이행,젖음/습기,맑음,단일로 - 기타,이륜,남,64세,부상신고,승용,남,52세,상해없음
2023041100100231,2023년 4월 11일 13시,화요일,대구광역시 수성구 수성동2가,경상사고,0,0,1,0,차대차 - 추돌,안전운전불이행,건조,맑음,교차로 - 교차로부근,승용,기타불명,미분류,기타불명,승용,여,28세,경상
2023041100100286,2023년 4월 11일 15시,화요일,대구광역시 달서구 상인동,경상사고,0,0,2,0,차대차 - 측면충돌,안전운전불이행,건조,맑음,교차로 - 교차로부근,건설기계,남,58세,상해없음,승용,여,57세,경상
2023041100100310,2023년 4월 11일 16시,화요일,대구광역시 서구 평리동,경상사고,0,0,1,0,차대차 - 측면충돌,안전운전불이행,건조,맑음,교차로 - 교차로부근,승용,남,33세,상해없음,화물,남,58세,경상
2023041100100344,2023년 4월 11일 17시,화요일,대구광역시 동구 용계동,경상사고,0,0,1,0,차대차 - 측면충돌,안전거리미확보,건조,맑음,단일로 - 기타,승용,남,31세,상해없음,승용,여,65세,경상
2023041100100345,2023년 4월 11일 17시,화요일,대구광역시 북구 복현동,중상사고,0,1,0,0,차대차 - 추돌,안전운전불이행,건조,맑음,단일로 - 기타,승용,남,67세,기타불명,승용,남,56세,중상
2023041100100346,2023년 4월 11일 17시,화요일,대구광역시 중구 동인동4가,중상사고,0,3,0,0,차대차 - 측면충돌,안전거리미확보,건조,맑음,단일로 - 기타,승용,여,70세,상해없음,승용,남,74세,중상
2023041100100448,2023년 4월 11일 20시,화요일,대구광역시 북구 노원동3가,경상사고,0,0,1,0,차대차 - 추돌,안전운전불이행,건조,맑음,교차로 - 교차로부근,승용,남,52세,상해없음,승용,남,34세,경상
2023041100100475,2023년 4월 11일 21시,화요일,대구광역시 동구 율하동,중상사고,0,1,0,0,차대차 - 측면충돌,안전운전불이행,건조,맑음,교차로 - 교차로횡단보도내,승용,남,58세,상해없음,자전거,여,52세,중상
2023041100100506,2023년 4월 11일 23시,화요일,대구광역시 서구 이현동,경상사고,0,0,2,0,차대차 - 측면충돌,안전운전불이행,건조,맑음,단일로 - 기타,승용,남,28세,상해없음,화물,남,56세,경상
2023041200100011,2023년 4월 12일 01시,수요일,대구광역시 남구 대명동,경상사고,0,0,1,0,차대차 - 기타,안전운전불이행,건조,맑음,기타 - 기타,승용,남,34세,상해없음,이륜,남,21세,경상
2023041200100014,2023년 4월 12일 03시,수요일,대구광역시 달서구 장기동,사망사고,2,0,0,0,차량단독 - 전도전복 - 전도,안전운전불이행,건조,맑음,단일로 - 기타,이륜,남,18세,사망,,,,
2023041200100023,2023년 4월 12일 05시,수요일,대구광역시 서구 평리동,중상사고,0,1,0,0,차대차 - 측면충돌,안전운전불이행,건조,맑음,단일로 - 기타,승용,남,43세,상해없음,이륜,남,69세,중상
2023041200100035,2023년 4월 12일 06시,수요일,대구광역시 남구 대명동,경상사고,0,0,1,0,차대차 - 기타,안전운전불이행,건조,맑음,교차로 - 교차로횡단보도내,승용,남,61세,상해없음,자전거,남,38세,경상
2023041200100064,2023년 4월 12일 07시,수요일,대구광역시 동구 효목동,경상사고,0,0,4,0,차대차 - 추돌,안전거리미확보,건조,맑음,단일로 - 지하차도(도로)내,승용,남,21세,경상,승용,남,72세,경상
2023041200100112,2023년 4월 12일 08시,수요일,대구광역시 동구 부동,경상사고,0,0,1,0,차대차 - 측면충돌,안전운전불이행,건조,맑음,단일로 - 기타,특수,남,76세,상해없음,화물,남,43세,경상
2023041200100114,2023년 4월 12일 08시,수요일,대구광역시 동구 지저동,경상사고,0,0,2,0,차대차 - 정면충돌,교차로운행방법위반,건조,맑음,교차로 - 교차로안,승용,남,22세,경상,승용,여,37세,경상
2023041200100139,2023년 4월 12일 09시,수요일,대구광역시 남구 이천동,중상사고,0,1,0,0,차대차 - 추돌,안전운전불이행,건조,맑음,단일로 - 기타,승합,남,31세,상해없음,화물,남,58세,중상
2023041200100214,2023년 4월 12일 11시,수요일,대구광역시 수성구 신매동,경상사고,0,0,4,0,차대차 - 추돌,안전운전불이행,건조,맑음,단일로 - 기타,승용,남,67세,상해없음,승용,여,67세,경상
2023041200100215,2023년 4월 12일 11시,수요일,대구광역시 북구 산격동,부상신고사고,0,0,0,1,차대차 - 정면충돌,안전운전불이행,건조,맑음,교차로 - 교차로안,이륜,남,56세,부상신고,승용,여,60세,상해없음
2023041200100216,2023년 4월 12일 11시,수요일,대구광역시 동구 신암동,경상사고,0,0,1,0,차대차 - 측면충돌,안전거리미확보,건조,맑음,단일로 - 기타,승합,남,61세,상해없음,승합,남,43세,상해없음
2023041200100239,2023년 4월 12일 12시,수요일,대구광역시 수성구 범어동,경상사고,0,0,1,0,차대사람 - 기타,안전운전불이행,건조,맑음,기타 - 기타,승용,여,45세,상해없음,보행자,남,24세,경상
2023041200100240,2023년 4월 12일 12시,수요일,대구광역시 수성구 중동,경상사고,0,0,1,0,차대차 - 측면충돌,안전운전불이행,건조,맑음,기타 - 기타,승용,여,42세,상해없음,승용,남,38세,경상
2023041200100241,2023년 4월 12일 12시,수요일,대구광역시 달성군 화원읍,경상사고,0,0,1,0,차대차 - 기타,안전운전불이행,건조,맑음,기타 - 기타,승용,남,39세,상해없음,승용,여,53세,경상
2023041200100338,2023년 4월 12일 15시,수요일,대구광역시 동구 율하동,경상사고,0,0,1,0,차대사람 - 보도통행중,기타,건조,맑음,기타 - 기타,개인형이동수단(PM),여,14세,상해없음,보행자,남,49세,경상
2023041200100339,2023년 4월 12일 15시,수요일,대구광역시 달성군 다사읍,경상사고,0,0,1,0,차대사람 - 횡단중,안전운전불이행,건조,맑음,미분류 - 미분류,기타불명,기타불명,미분류,기타불명,보행자,여,31세,경상
2023041200100340,2023년 4월 12일 15시,수요일,대구광역시 서구 평리동,중상사고,0,1,1,0,차대차 - 측면충돌,중앙선침범,건조,맑음,단일로 - 기타,개인형이동수단(PM),여,11세,경상,승합,남,41세,상해없음
2023041200100378,2023년 4월 12일 16시,수요일,대구광역시 남구 대명동,경상사고,0,0,1,0,차대차 - 측면충돌,안전운전불이행,건조,기타,단일로 - 기타,이륜,남,36세,상해없음,이륜,남,48세,경상
2023041200100379,2023년 4월 12일 16시,수요일,대구광역시 남구 대명동,부상신고사고,0,0,0,1,차대차 - 추돌,안전운전불이행,건조,맑음,단일로 - 기타,이륜,남,35세,부상신고,특수,남,43세,상해없음
2023041200100380,2023년 4월 12일 16시,수요일,대구광역시 동구 방촌동,경상사고,0,0,2,0,차대차 - 추돌,안전거리미확보,건조,맑음,단일로 - 기타,승용,남,75세,상해없음,승용,여,46세,경상
2023041200100381,2023년 4월 12일 16시,수요일,대구광역시 수성구 만촌동,경상사고,0,0,1,0,차량단독 - 기타,안전운전불이행,건조,맑음,단일로 - 기타,승합,남,68세,상해없음,,,,
2023041200100382,2023년 4월 12일 16시,수요일,대구광역시 수성구 만촌동,경상사고,0,0,1,0,차대차 - 측면충돌,안전거리미확보,건조,맑음,단일로 - 기타,승용,남,52세,상해없음,승용,여,29세,경상
2023041200100383,2023년 4월 12일 16시,수요일,대구광역시 서구 이현동,경상사고,0,0,2,0,차대차 - 추돌,안전운전불이행,건조,맑음,단일로 - 기타,승용,여,49세,기타불명,승용,여,37세,경상
2023041200100384,2023년 4월 12일 16시,수요일,대구광역시 서구 평리동,경상사고,0,0,2,0,차대차 - 기타,안전운전불이행,건조,맑음,교차로 - 교차로부근,승용,남,71세,경상,이륜,남,45세,경상
2023041200100385,2023년 4월 12일 16시,수요일,대구광역시 서구 평리동,부상신고사고,0,0,0,1,차대차 - 기타,안전거리미확보,건조,맑음,교차로 - 교차로부근,승용,여,39세,상해없음,이륜,남,58세,부상신고