사고번호,사고일시,요일,시군구,사고내용,사망자수,중상자수,경상자수,부상신고자수,사고유형,법규위반,노면상태,기상상태,도로형태,가해운전자 차종,가해운전자 성별,가해운전자 연령,가해운전자 상해정도,피해운전자 차종,피해운전자 성별,피해운전자 연령,피해운전자 상해정도
2023041200100422,2023년 4월 12일 17시,수요일,대구광역시 동구 신천동,중상사고,0,1,0,0,차대차 - 기타,교차로운행방법위반,건조,맑음,교차로 - 교차로안,원동기,남,41세,중상,승용,남,48세,상해없음
2023041200100423,2023년 4월 12일 17시,수요일,대구광역시 달서구 대곡동,경상사고,0,0,1,0,차대차 - 추돌,안전운전불이행,건조,맑음,교차로 - 교차로부근,승용,여,55세,상해없음,승용,남,63세,경상
2023041200100424,2023년 4월 12일 17시,수요일,대구광역시 달서구 월성동,경상사고,0,0,1,0,차대차 - 측면충돌,신호위반,건조,맑음,교차로 - 교차로부근,승용,여,43세,기타불명,승용,여,46세,경상
2023041200100425,2023년 4월 12일 17시,수요일,대구광역시 달성군 다사읍,경상사고,0,0,1,0,차대사람 - 기타,안전운전불이행,건조,맑음,주차장 - 주차장,화물,남,44세,상해없음,보행자,여,55세,경상
2023041200100461,2023년 4월 12일 18시,수요일,대구광역시 동구 신기동,중상사고,0,1,0,0,차대차 - 측면충돌,신호위반,건조,맑음,교차로 - 교차로횡단보도내,승용,여,63세,상해없음,자전거,남,39세,중상
2023041200100539,2023년 4월 12일 21시,수요일,대구광역시 수성구 범어동,경상사고,0,0,1,0,차대차 - 측면충돌,교차로운행방법위반,건조,맑음,교차로 - 교차로안,승용,남,31세,상해없음,이륜,남,29세,경상
2023041200100540,2023년 4월 12일 21시,수요일,대구광역시 달서구 송현동,경상사고,0,0,1,1,차대차 - 기타,안전운전불이행,건조,맑음,교차로 - 교차로안,원동기,남,24세,부상신고,승용,남,25세,경상
2023041300100018,2023년 4월 13일 02시,목요일,대구광역시 서구 비산동,중상사고,0,1,0,0,차대차 - 측면충돌,안전운전불이행,건조,맑음,단일로 - 기타,승용,남,56세,상해없음,이륜,남,36세,중상
2023041300100030,2023년 4월 13일 05시,목요일,대구광역시 동구 율하동,중상사고,0,1,0,0,차대사람 - 보도통행중,보행자보호의무위반,건조,맑음,교차로 - 교차로횡단보도내,승용,남,62세,상해없음,보행자,여,79세,중상
2023041300100071,2023년 4월 13일 07시,목요일,대구광역시 서구 내당동,경상사고,0,0,1,0,차대사람 - 횡단중,안전운전불이행,건조,맑음,기타 - 기타,화물,남,48세,상해없음,보행자,여,62세,경상
2023041300100148,2023년 4월 13일 09시,목요일,대구광역시 달서구 월성동,경상사고,0,0,1,0,차대차 - 측면충돌,교차로운행방법위반,건조,맑음,교차로 - 교차로안,승용,여,35세,상해없음,이륜,남,28세,경상
2023041300100173,2023년 4월 13일 10시,목요일,대구광역시 달성군 논공읍,중상사고,0,1,0,0,차대차 - 기타,안전운전불이행,건조,맑음,단일로 - 기타,화물,남,27세,상해없음,농기계,남,67세,중상
2023041300100210,2023년 4월 13일 11시,목요일,대구광역시 남구 대명동,경상사고,0,0,1,0,차대차 - 추돌,안전거리미확보,건조,맑음,교차로 - 교차로부근,승용,남,60세,상해없음,화물,남,28세,경상
2023041300100228,2023년 4월 13일 12시,목요일,대구광역시 달서구 월암동,경상사고,0,0,1,0,차대차 - 추돌,안전거리미확보,건조,맑음,교차로 - 교차로부근,승용,여,33세,상해없음,승용,남,40세,경상
2023041300100229,2023년 4월 13일 12시,목요일,대구광역시 북구 산격동,경상사고,0,0,1,0,차대차 - 기타,안전운전불이행,건조,맑음,교차로 - 교차로부근,이륜,남,42세,경상,승용,여,60세,상해없음
2023041300100265,2023년 4월 13일 13시,목요일,대구광역시 수성구 황금동,경상사고,0,0,1,0,차대사람 - 횡단중,안전운전불이행,건조,맑음,교차로 - 교차로안,승용,남,49세,상해없음,보행자,남,72세,경상
2023041300100266,2023년 4월 13일 13시,목요일,대구광역시 달서구 용산동,경상사고,0,0,1,0,차대차 - 측면충돌,안전운전불이행,건조,맑음,단일로 - 기타,승용,남,26세,상해없음,이륜,남,36세,경상
2023041300100298,2023년 4월 13일 14시,목요일,대구광역시 달서구 상인동,경상사고,0,0,2,0,차대차 - 측면충돌,안전운전불이행,건조,맑음,교차로 - 교차로부근,승용,여,59세,상해없음,승용,여,77세,경상
2023041300100299,2023년 4월 13일 14시,목요일,대구광역시 서구 내당동,부상신고사고,0,0,0,1,차대차 - 측면충돌,직진우회전진행방해,건조,맑음,교차로 - 교차로안,이륜,남,75세,부상신고,화물,남,69세,상해없음
2023041300100300,2023년 4월 13일 14시,목요일,대구광역시 북구 서변동,경상사고,0,0,2,0,차대차 - 측면충돌,안전운전불이행,건조,맑음,단일로 - 지하차도(도로)내,승용,남,52세,경상,승용,남,56세,경상
2023041300100324,2023년 4월 13일 15시,목요일,대구광역시 수성구 범물동,경상사고,0,0,1,0,차대차 - 기타,안전운전불이행,건조,맑음,단일로 - 기타,승용,여,45세,기타불명,승용,여,46세,기타불명
2023041300100362,2023년 4월 13일 16시,목요일,대구광역시 수성구 신매동,경상사고,0,0,1,0,차대차 - 측면충돌,안전운전불이행,건조,맑음,교차로 - 교차로안,승용,여,66세,상해없음,자전거,남,15세,경상
2023041300100363,2023년 4월 13일 16시,목요일,대구광역시 북구 서변동,중상사고,0,1,0,0,차대차 - 측면충돌,안전운전불이행,건조,맑음,단일로 - 지하차도(도로)내,이륜,남,48세,중상,화물,남,60세,상해없음
2023041300100399,2023년 4월 13일 17시,목요일,대구광역시 동구 율하동,경상사고,0,0,1,0,차대사람 - 횡단중,보행자보호의무위반,건조,맑음,단일로 - 기타,승용,여,40세,상해없음,보행자,남,15세,경상
2023041300100400,2023년 4월 13일 17시,목요일,대구광역시 동구 율하동,부상신고사고,0,0,0,2,차대차 - 기타,안전거리미확보,건조,맑음,단일로 - 기타,승용,남,57세,상해없음,승용,남,32세,부상신고
2023041300100401,2023년 4월 13일 17시,목요일,대구광역시 달서구 월성동,경상사고,0,0,1,0,차대차 - 측면충돌,불법유턴,건조,맑음,단일로 - 기타,승용,여,52세,상해없음,자전거,남,12세,경상
2023041300100402,2023년 4월 13일 17시,목요일,대구광역시 달서구 상인동,부상신고사고,0,0,0,1,차대차 - 측면충돌,불법유턴,건조,맑음,단일로 - 기타,자전거,남,14세,부상신고,이륜,남,27세,상해없음
2023041300100403,2023년 4월 13일 17시,목요일,대구광역시 북구 침산동,중상사고,0,2,5,0,차대차 - 측면충돌,안전운전불이행,건조,맑음,단일로 - 기타,승용,여,73세,상해없음,승용,여,29세,경상
2023041300100443,2023년 4월 13일 18시,목요일,대구광역시 동구 각산동,중상사고,0,1,0,0,차대차 - 측면충돌,안전운전불이행,건조,맑음,단일로 - 기타,승용,여,30세,상해없음,자전거,남,15세,중상
2023041300100444,2023년 4월 13일 18시,목요일,대구광역시 수성구 두산동,중상사고,0,1,0,0,차대차 - 측면충돌,안전거리미확보,건조,맑음,단일로 - 기타,승용,남,36세,상해없음,이륜,남,54세,중상
2023041300100445,2023년 4월 13일 18시,목요일,대구광역시 달서구 송현동,경상사고,0,0,1,0,차대차 - 기타,불법유턴,건조,맑음,단일로 - 기타,승용,여,53세,상해없음,이륜,남,29세,경상
2023041300100477,2023년 4월 13일 19시,목요일,대구광역시 달성군 구지면,경상사고,0,0,1,1,차대차 - 정면충돌,교차로운행방법위반,건조,맑음,교차로 - 교차로안,승용,남,43세,부상신고,승용,남,31세,경상
2023041300100478,2023년 4월 13일 19시,목요일,대구광역시 서구 중리동,경상사고,0,0,1,0,차대사람 - 차도통행중,안전운전불이행,건조,맑음,교차로 - 교차로부근,승용,여,44세,상해없음,보행자,남,80세,경상
2023041300100512,2023년 4월 13일 20시,목요일,대구광역시 달서구 월암동,경상사고,0,0,2,0,차대차 - 추돌,안전운전불이행,건조,맑음,단일로 - 기타,승용,여,47세,상해없음,화물,남,42세,경상
2023041300100513,2023년 4월 13일 20시,목요일,대구광역시 달서구 도원동,중상사고,0,1,0,0,차대사람 - 기타,안전운전불이행,건조,맑음,주차장 - 주차장,승용,여,63세,상해없음,보행자,여,58세,중상
2023041300100514,2023년 4월 13일 20시,목요일,대구광역시 서구 내당동,경상사고,0,0,4,0,차대차 - 추돌,안전운전불이행,건조,맑음,단일로 - 기타,승용,여,55세,상해없음,승용,남,63세,경상
2023041300100515,2023년 4월 13일 20시,목요일,대구광역시 달서구 갈산동,경상사고,0,0,1,0,차대차 - 측면충돌,안전운전불이행,건조,맑음,단일로 - 기타,화물,남,62세,상해없음,승용,남,39세,경상
2023041300100534,2023년 4월 13일 21시,목요일,대구광역시 남구 대명동,중상사고,0,1,0,0,차대사람 - 횡단중,안전운전불이행,건조,맑음,단일로 - 기타,원동기,남,25세,상해없음,보행자,여,81세,중상
2023041300100535,2023년 4월 13일 21시,목요일,대구광역시 동구 신암동,경상사고,0,0,1,0,차대차 - 측면충돌,안전운전불이행,건조,맑음,단일로 - 기타,승용,남,67세,상해없음,승용,남,26세,경상
2023041400100010,2023년 4월 14일 00시,금요일,대구광역시 중구 동인동3가,사망사고,1,0,0,0,차대사람 - 기타,기타,건조,맑음,단일로 - 기타,승용,남,74세,상해없음,보행자,여,68세,사망
2023041400100038,2023년 4월 14일 05시,금요일,대구광역시 수성구 두산동,부상신고사고,0,0,0,1,차량단독 - 공작물충돌,안전운전불이행,건조,맑음,주차장 - 주차장,승용,남,24세,부상신고,,,,
2023041400100069,2023년 4월 14일 07시,금요일,대구광역시 수성구 중동,경상사고,0,0,1,0,차대차 - 기타,안전운전불이행,건조,맑음,교차로 - 교차로안,승용,여,27세,상해없음,원동기,남,53세,경상
2023041400100097,2023년 4월 14일 08시,금요일,대구광역시 달서구 상인동,경상사고,0,0,2,0,차대차 - 추돌,안전운전불이행,건조,맑음,단일로 - 기타,승용,남,58세,상해없음,승용,여,54세,경상
2023041400100098,2023년 4월 14일 08시,금요일,대구광역시 달서구 신당동,중상사고,0,1,0,0,차대차 - 측면충돌,안전운전불이행,건조,맑음,기타 - 기타,화물,남,58세,상해없음,자전거,여,75세,중상
2023041400100099,2023년 4월 14일 08시,금요일,대구광역시 북구 구암동,경상사고,0,0,1,0,차대차 - 기타,안전운전불이행,건조,맑음,기타 - 기타,화물,남,53세,상해없음,자전거,남,9세,경상
2023041400100128,2023년 4월 14일 09시,금요일,대구광역시 달서구 성당동,경상사고,0,0,1,1,차대차 - 측면충돌,안전운전불이행,건조,맑음,단일로 - 기타,개인형이동수단(PM),남,35세,부상신고,승용,남,53세,경상
2023041400100149,2023년 4월 14일 10시,금요일,대구광역시 달성군 현풍읍,경상사고,0,0,1,0,차대차 - 기타,신호위반,건조,맑음,교차로 - 교차로안,승용,여,31세,상해없음,승용,여,37세,경상
2023041400100210,2023년 4월 14일 12시,금요일,대구광역시 달서구 송현동,경상사고,0,0,1,0,차대차 - 후진중충돌,안전운전불이행,건조,맑음,교차로 - 교차로안,승용,남,66세,상해없음,승용,여,27세,경상
2023041400100235,2023년 4월 14일 13시,금요일,대구광역시 중구 남산동,경상사고,0,0,1,0,차대차 - 측면충돌,안전거리미확보,건조,맑음,교차로 - 교차로안,승용,남,58세,상해없음,승용,남,26세,경상
2023041400100236,2023년 4월 14일 13시,금요일,대구광역시 달서구 감삼동,경상사고,0,0,2,0,차대차 - 기타,안전운전불이행,건조,맑음,교차로 - 교차로안,승용,여,40세,경상,이륜,남,31세,경상
2023041400100276,2023년 4월 14일 14시,금요일,대구광역시 서구 평리동,경상사고,0,0,1,0,차대차 - 측면충돌,신호위반,건조,맑음,교차로 - 교차로부근,승용,남,57세,상해없음,승용,남,27세,경상
2023041400100277,2023년 4월 14일 14시,금요일,대구광역시 달서구 신당동,경상사고,0,0,1,0,차대차 - 측면충돌,교차로운행방법위반,건조,맑음,교차로 - 교차로안,자전거,여,63세,상해없음,승용,여,24세,경상
2023041400100318,2023년 4월 14일 15시,금요일,대구광역시 남구 대명동,경상사고,0,0,3,0,차대차 - 기타,안전운전불이행,건조,맑음,단일로 - 기타,승용,남,47세,상해없음,승용,여,36세,경상
2023041400100351,2023년 4월 14일 16시,금요일,대구광역시 북구 노곡동,경상사고,0,0,1,0,차대차 - 추돌,안전운전불이행,건조,맑음,기타 - 기타,화물,남,60세,상해없음,화물,남,53세,경상
2023041400100354,2023년 4월 14일 16시,금요일,대구광역시 남구 봉덕동,부상신고사고,0,0,0,1,차대사람 - 보도통행중,안전운전불이행,건조,맑음,단일로 - 기타,기타불명,기타불명,미분류,기타불명,보행자,여,91세,부상신고
2023041400100355,2023년 4월 14일 16시,금요일,대구광역시 수성구 범어동,경상사고,0,0,2,0,차대차 - 추돌,안전거리미확보,건조,맑음,교차로 - 교차로부근,승용,남,25세,상해없음,승용,여,57세,경상
2023041400100356,2023년 4월 14일 16시,금요일,대구광역시 달서구 진천동,경상사고,0,0,1,0,차대차 - 측면충돌,안전운전불이행,건조,맑음,단일로 - 기타,승용,남,64세,상해없음,승용,여,36세,경상
2023041400100357,2023년 4월 14일 16시,금요일,대구광역시 북구 태전동,부상신고사고,0,0,0,1,차대사람 - 기타,안전운전불이행,건조,맑음,단일로 - 기타,화물,남,61세,기타불명,보행자,남,21세,부상신고
2023041400100402,2023년 4월 14일 17시,금요일,대구광역시 남구 대명동,경상사고,0,0,1,0,차대차 - 측면충돌,안전거리미확보,건조,맑음,교차로 - 교차로안,승용,여,78세,상해없음,승용,남,22세,경상
2023041400100403,2023년 4월 14일 17시,금요일,대구광역시 동구 신암동,경상사고,0,0,1,0,차대차 - 측면충돌,직진우회전진행방해,건조,맑음,교차로 - 교차로안,승합,남,66세,상해없음,승합,남,40세,기타불명
2023041400100404,2023년 4월 14일 17시,금요일,대구광역시 서구 평리동,경상사고,0,0,3,0,차대차 - 측면충돌,안전운전불이행,건조,맑음,교차로 - 교차로부근,승용,남,67세,상해없음,승용,남,25세,경상
2023041400100444,2023년 4월 14일 18시,금요일,대구광역시 동구 입석동,경상사고,0,0,1,0,차대차 - 후진중충돌,안전운전불이행,건조,맑음,단일로 - 기타,승용,남,74세,상해없음,승용,남,30세,경상
2023041400100445,2023년 4월 14일 18시,금요일,대구광역시 수성구 상동,경상사고,0,0,3,0,차대차 - 측면충돌,안전운전불이행,건조,맑음,단일로 - 기타,이륜,남,36세,경상,승용,남,30세,경상
2023041400100446,2023년 4월 14일 18시,금요일,대구광역시 달서구 월성동,경상사고,0,0,1,0,차대차 - 측면충돌,안전운전불이행,젖음/습기,비,교차로 - 교차로부근,승용,남,29세,상해없음,자전거,남,15세,경상
2023041400100447,2023년 4월 14일 18시,금요일,대구광역시 북구 복현동,경상사고,0,0,1,0,차대차 - 정면충돌,교차로운행방법위반,젖음/습기,비,교차로 - 교차로안,승용,남,65세,상해없음,원동기,남,44세,경상
2023041400100448,2023년 4월 14일 18시,금요일,대구광역시 서구 중리동,경상사고,0,0,2,0,차대차 - 측면충돌,안전운전불이행,건조,흐림,단일로 - 기타,승용,남,60세,상해없음,승용,여,63세,경상
2023041400100449,2023년 4월 14일 18시,금요일,대구광역시 서구 비산동,중상사고,0,2,0,0,차대차 - 추돌,기타,건조,맑음,교차로 - 교차로부근,승용,남,30세,상해없음,승용,남,66세,중상
2023041400100450,2023년 4월 14일 18시,금요일,대구광역시 중구 공평동,부상신고사고,0,0,0,1,차대차 - 추돌,안전거리미확보,건조,맑음,단일로 - 기타,자전거,남,30세,부상신고,승용,여,26세,상해없음
2023041400100490,2023년 4월 14일 19시,금요일,대구광역시 동구 신암동,중상사고,0,1,0,0,차대사람 - 횡단중,안전운전불이행,젖음/습기,비,단일로 - 기타,승용,남,69세,상해없음,보행자,여,74세,중상
2023041400100491,2023년 4월 14일 19시,금요일,대구광역시 동구 도동,경상사고,0,0,3,0,차대차 - 추돌,안전운전불이행,건조,맑음,단일로 - 기타,승용,남,48세,상해없음,승용,여,46세,경상
2023041400100492,2023년 4월 14일 19시,금요일,대구광역시 수성구 범어동,경상사고,0,0,1,0,차대차 - 추돌,안전운전불이행,건조,맑음,단일로 - 기타,승용,남,21세,상해없음,승용,여,31세,경상
2023041400100493,2023년 4월 14일 19시,금요일,대구광역시 달서구 대천동,부상신고사고,0,0,0,1,차대차 - 측면충돌,신호위반,건조,흐림,교차로 - 교차로안,이륜,남,45세,부상신고,승용,남,68세,상해없음
2023041400100494,2023년 4월 14일 19시,금요일,대구광역시 달서구 본동,경상사고,0,0,1,0,차대차 - 추돌,안전거리미확보,건조,맑음,단일로 - 기타,승용,남,23세,상해없음,승용,남,50세,경상
2023041400100574,2023년 4월 14일 21시,금요일,대구광역시 수성구 두산동,경상사고,0,0,1,0,차대차 - 측면충돌,안전거리미확보,건조,맑음,단일로 - 기타,승용,남,69세,상해없음,승용,여,60세,경상
2023041400100598,2023년 4월 14일 22시,금요일,대구광역시 남구 봉덕동,경상사고,0,0,1,0,차대사람 - 횡단중,보행자보호의무위반,젖음/습기,비,교차로 - 교차로안,승용,남,44세,기타불명,보행자,남,68세,경상
2023041400100599,2023년 4월 14일 22시,금요일,대구광역시 북구 태전동,중상사고,0,1,0,0,차대사람 - 횡단중,안전운전불이행,젖음/습기,비,교차로 - 교차로부근,승용,남,31세,상해없음,보행자,여,57세,중상
2023041400100622,2023년 4월 14일 23시,금요일,대구광역시 동구 각산동,중상사고,0,1,0,0,차대차 - 기타,안전운전불이행,건조,맑음,교차로 - 교차로부근,승용,남,68세,상해없음,승용,남,41세,중상
2023041500100018,2023년 4월 15일 00시,토요일,대구광역시 달서구 죽전동,경상사고,0,0,3,0,차대차 - 기타,안전운전불이행,건조,맑음,교차로 - 교차로부근,승용,여,42세,상해없음,승용,남,49세,경상
2023041500100042,2023년 4월 15일 02시,토요일,대구광역시 중구 대봉동,경상사고,0,0,2,0,차대차 - 후진중충돌,안전운전불이행,건조,맑음,교차로 - 교차로안,승용,남,64세,상해없음,승용,남,63세,경상
2023041500100043,2023년 4월 15일 02시,토요일,대구광역시 달서구 감삼동,중상사고,0,1,0,0,차대사람 - 차도통행중,안전운전불이행,젖음/습기,흐림,단일로 - 기타,승용,남,27세,상해없음,보행자,남,30세,중상
2023041500100078,2023년 4월 15일 07시,토요일,대구광역시 동구 신기동,중상사고,0,1,0,0,차대차 - 기타,안전운전불이행,건조,맑음,단일로 - 기타,이륜,남,52세,중상,승합,남,57세,상해없음
2023041500100094,2023년 4월 15일 08시,토요일,대구광역시 달성군 유가읍,중상사고,0,1,0,0,차대차 - 기타,안전운전불이행,건조,맑음,단일로 - 기타,화물,남,66세,상해없음,이륜,남,73세,중상
2023041500100157,2023년 4월 15일 10시,토요일,대구광역시 수성구 범어동,경상사고,0,0,1,0,차대차 - 측면충돌,차로위반,건조,맑음,단일로 - 기타,승용,여,69세,상해없음,이륜,남,24세,경상
2023041500100193,2023년 4월 15일 11시,토요일,대구광역시 동구 율하동,중상사고,0,1,0,0,차대사람 - 기타,기타,건조,맑음,단일로 - 기타,승용,남,68세,상해없음,보행자,여,48세,중상
2023041500100194,2023년 4월 15일 11시,토요일,대구광역시 달서구 송현동,경상사고,0,0,1,0,차대차 - 측면충돌,안전거리미확보,건조,맑음,단일로 - 기타,승용,남,69세,상해없음,승용,남,67세,경상
2023041500100195,2023년 4월 15일 11시,토요일,대구광역시 달성군 다사읍,중상사고,0,1,0,0,차대차 - 측면충돌,차로위반,건조,맑음,단일로 - 기타,승용,남,51세,상해없음,이륜,남,47세,중상
2023041500100196,2023년 4월 15일 11시,토요일,대구광역시 북구 노원동3가,경상사고,0,0,2,0,차대차 - 측면충돌,안전운전불이행,건조,맑음,교차로 - 교차로부근,승용,남,49세,경상,건설기계,남,51세,기타불명
2023041500100230,2023년 4월 15일 12시,토요일,대구광역시 수성구 수성동2가,경상사고,0,0,1,0,차대차 - 추돌,안전운전불이행,건조,맑음,단일로 - 기타,승용,남,76세,상해없음,승용,남,27세,경상
2023041500100270,2023년 4월 15일 13시,토요일,대구광역시 동구 신암동,경상사고,0,0,1,0,차대차 - 추돌,안전운전불이행,건조,맑음,교차로 - 교차로안,승용,여,75세,상해없음,승용,남,27세,상해없음
2023041500100271,2023년 4월 15일 13시,토요일,대구광역시 수성구 만촌동,경상사고,0,0,3,0,차대차 - 추돌,안전거리미확보,건조,기타,기타 - 기타,승용,남,62세,상해없음,승용,남,36세,경상
2023041500100272,2023년 4월 15일 13시,토요일,대구광역시 수성구 황금동,경상사고,0,0,1,0,차대차 - 기타,직진우회전진행방해,건조,맑음,교차로 - 교차로안,승용,남,67세,상해없음,개인형이동수단(PM),여,21세,경상
2023041500100305,2023년 4월 15일 14시,토요일,대구광역시 달성군 화원읍,경상사고,0,0,1,0,차대사람 - 길가장자리구역통행중,안전운전불이행,건조,맑음,단일로 - 기타,승용,남,58세,상해없음,보행자,남,41세,경상
2023041500100306,2023년 4월 15일 14시,토요일,대구광역시 북구 산격동,경상사고,0,0,1,0,차대사람 - 기타,기타,건조,맑음,단일로 - 기타,승합,남,68세,상해없음,보행자,남,62세,경상
2023041500100358,2023년 4월 15일 16시,토요일,대구광역시 수성구 두산동,중상사고,0,1,0,0,차대사람 - 보도통행중,보행자보호의무위반,건조,맑음,교차로 - 교차로횡단보도내,승용,여,62세,상해없음,보행자,여,59세,중상
2023041500100359,2023년 4월 15일 16시,토요일,대구광역시 서구 비산동,경상사고,0,0,1,0,차대차 - 측면충돌,안전운전불이행,건조,흐림,단일로 - 기타,승용,여,70세,상해없음,승용,여,39세,경상
2023041500100394,2023년 4월 15일 17시,토요일,대구광역시 동구 신암동,경상사고,0,0,2,0,차대차 - 정면충돌,기타,젖음/습기,비,교차로 - 교차로안,승용,여,59세,경상,승용,남,27세,경상
2023041500100461,2023년 4월 15일 20시,토요일,대구광역시 수성구 중동,경상사고,0,0,3,0,차대차 - 측면충돌,신호위반,건조,맑음,교차로 - 교차로안,기타불명,기타불명,미분류,기타불명,승용,남,47세,경상
2023041500100462,2023년 4월 15일 20시,토요일,대구광역시 서구 평리동,경상사고,0,0,1,0,차대차 - 측면충돌,안전운전불이행,건조,맑음,단일로 - 기타,개인형이동수단(PM),여,14세,상해없음,승용,남,43세,상해없음
2023041500100509,2023년 4월 15일 22시,토요일,대구광역시 수성구 범어동,경상사고,0,0,1,0,차대차 - 기타,안전운전불이행,건조,맑음,교차로 - 교차로부근,승용,여,52세,상해없음,자전거,남,16세,경상
2023041500100510,2023년 4월 15일 22시,토요일,대구광역시 달서구 상인동,경상사고,0,0,3,0,차대차 - 측면충돌,안전거리미확보,건조,맑음,단일로 - 기타,승용,남,54세,상해없음,승용,남,64세,경상
2023041500100521,2023년 4월 15일 23시,토요일,대구광역시 남구 대명동,중상사고,0,1,0,0,차대차 - 측면충돌,안전운전불이행,건조,맑음,교차로 - 교차로안,승용,남,33세,기타불명,이륜,남,45세,중상
2023041600100015,2023년 4월 16일 00시,일요일,대구광역시 중구 삼덕동1가,경상사고,0,0,1,0,차대사람 - 기타,안전운전불이행,건조,맑음,단일로 - 기타,승용,남,25세,상해없음,보행자,남,20세,경상
2023041600100016,2023년 4월 16일 00시,일요일,대구광역시 남구 대명동,중상사고,0,1,0,0,차대사람 - 횡단중,안전운전불이행,건조,맑음,단일로 - 기타,승용,남,40세,상해없음,보행자,여,52세,중상
2023041600100035,2023년 4월 16일 02시,일요일,대구광역시 수성구 사월동,경상사고,0,0,1,0,차대차 - 추돌,안전운전불이행,건조,맑음,단일로 - 기타,승용,남,59세,상해없음,승용,남,35세,경상
2023041600100059,2023년 4월 16일 07시,일요일,대구광역시 달서구 월성동,경상사고,0,0,2,0,차대차 - 추돌,안전운전불이행,건조,맑음,교차로 - 교차로부근,승용,남,19세,상해없음,승용,여,42세,경상
2023041600100060,2023년 4월 16일 07시,일요일,대구광역시 달서구 성당동,경상사고,0,0,1,0,차대차 - 측면충돌,안전운전불이행,건조,맑음,단일로 - 기타,승용,남,75세,상해없음,승용,남,41세,경상
2023041600100070,2023년 4월 16일 08시,일요일,대구광역시 달서구 파호동,경상사고,0,0,1,0,차대차 - 추돌,안전거리미확보,건조,맑음,교차로 - 교차로안,승용,남,28세,상해없음,이륜,남,64세,경상
2023041600100080,2023년 4월 16일 09시,일요일,대구광역시 수성구 만촌동,경상사고,0,0,1,0,차대차 - 후진중충돌,안전운전불이행,건조,맑음,단일로 - 기타,승용,남,68세,상해없음,승용,남,61세,경상
2023041600100103,2023년 4월 16일 10시,일요일,대구광역시 동구 서호동,부상신고사고,0,0,0,1,차대차 - 추돌,안전운전불이행,건조,맑음,단일로 - 기타,이륜,여,25세,부상신고,승용,남,76세,상해없음
2023041600100159,2023년 4월 16일 12시,일요일,대구광역시 북구 산격동,중상사고,0,1,3,0,차대사람 - 기타,안전운전불이행,건조,맑음,단일로 - 기타,승용,여,60세,상해없음,보행자,여,59세,중상
2023041600100186,2023년 4월 16일 13시,일요일,대구광역시 중구 동인동2가,부상신고사고,0,0,0,1,차대차 - 측면충돌,교차로운행방법위반,건조,맑음,교차로 - 교차로안,승용,남,82세,상해없음,승용,여,21세,부상신고
2023041600100242,2023년 4월 16일 15시,일요일,대구광역시 달서구 대곡동,경상사고,0,0,1,0,차대차 - 측면충돌,중앙선침범,건조,맑음,교차로 - 교차로부근,승용,여,52세,상해없음,이륜,남,45세,경상
2023041600100279,2023년 4월 16일 16시,일요일,대구광역시 동구 율하동,경상사고,0,0,1,0,차대차 - 측면충돌,신호위반,건조,맑음,교차로 - 교차로부근,승용,남,75세,상해없음,승용,남,32세,경상
2023041600100280,2023년 4월 16일 16시,일요일,대구광역시 수성구 지산동,경상사고,0,0,1,0,차대사람 - 횡단중,보행자보호의무위반,건조,맑음,교차로 - 교차로횡단보도내,승용,남,60세,상해없음,보행자,남,22세,경상
2023041600100281,2023년 4월 16일 16시,일요일,대구광역시 수성구 중동,경상사고,0,0,1,0,차대사람 - 횡단중,안전운전불이행,건조,맑음,교차로 - 교차로부근,기타불명,기타불명,미분류,기타불명,보행자,여,69세,경상
2023041600100358,2023년 4월 16일 19시,일요일,대구광역시 달성군 논공읍,경상사고,0,0,1,0,차량단독 - 공작물충돌,안전운전불이행,건조,맑음,단일로 - 기타,승용,여,46세,경상,,,,
2023041600100402,2023년 4월 16일 21시,일요일,대구광역시 동구 신천동,중상사고,0,1,0,0,차대차 - 측면충돌,신호위반,건조,맑음,단일로 - 기타,승용,남,54세,상해없음,이륜,남,27세,중상
2023041600100403,2023년 4월 16일 21시,일요일,대구광역시 달서구 유천동,경상사고,0,0,1,0,차대사람 - 횡단중,보행자보호의무위반,건조,맑음,교차로 - 교차로안,화물,여,44세,상해없음,보행자,여,49세,경상
2023041600100419,2023년 4월 16일 22시,일요일,대구광역시 달서구 상인동,경상사고,0,0,1,0,차대사람 - 기타,안전운전불이행,건조,맑음,단일로 - 기타,승용,여,18세,상해없음,보행자,여,74세,경상
2023041600100430,2023년 4월 16일 23시,일요일,대구광역시 수성구 시지동,경상사고,0,0,1,0,차대차 - 측면충돌,교차로운행방법위반,건조,맑음,교차로 - 교차로안,승용,남,32세,상해없음,이륜,남,61세,경상
2023041700100037,2023년 4월 17일 05시,월요일,대구광역시 달서구 대천동,부상신고사고,0,0,0,1,차량단독 - 공작물충돌,안전운전불이행,건조,맑음,단일로 - 기타,승용,남,29세,부상신고,,,,
2023041700100115,2023년 4월 17일 08시,월요일,대구광역시 동구 신천동,경상사고,0,0,1,0,차대사람 - 기타,안전운전불이행,건조,맑음,교차로 - 교차로안,승용,여,45세,상해없음,보행자,남,52세,경상
2023041700100116,2023년 4월 17일 08시,월요일,대구광역시 달성군 옥포읍,중상사고,0,1,0,0,차대차 - 기타,기타,건조,맑음,단일로 - 기타,화물,남,67세,상해없음,화물,남,40세,기타불명
2023041700100117,2023년 4월 17일 08시,월요일,대구광역시 서구 이현동,경상사고,0,0,2,0,차대차 - 측면충돌,안전운전불이행,건조,맑음,교차로 - 교차로안,화물,남,67세,상해없음,승용,남,31세,경상