사고번호,사고일시,요일,시군구,사고내용,사망자수,중상자수,경상자수,부상신고자수,사고유형,법규위반,노면상태,기상상태,도로형태,가해운전자 차종,가해운전자 성별,가해운전자 연령,가해운전자 상해정도,피해운전자 차종,피해운전자 성별,피해운전자 연령,피해운전자 상해정도
2023041700100118,2023년 4월 17일 08시,월요일,대구광역시 서구 비산동,중상사고,0,1,1,0,차대차 - 기타,안전거리미확보,건조,맑음,단일로 - 기타,화물,남,31세,상해없음,승용,남,35세,중상
2023041700100151,2023년 4월 17일 09시,월요일,대구광역시 동구 효목동,경상사고,0,0,1,0,차대사람 - 길가장자리구역통행중,안전운전불이행,건조,맑음,단일로 - 지하차도(도로)내,승용,남,25세,상해없음,보행자,여,55세,경상
2023041700100152,2023년 4월 17일 09시,월요일,대구광역시 서구 중리동,경상사고,0,0,1,0,차대사람 - 횡단중,안전운전불이행,건조,맑음,기타 - 기타,승용,여,50세,상해없음,보행자,남,35세,경상
2023041700100184,2023년 4월 17일 10시,월요일,대구광역시 동구 서호동,중상사고,0,1,0,0,차대차 - 측면충돌,교차로운행방법위반,건조,맑음,교차로 - 교차로안,승용,남,35세,상해없음,이륜,남,44세,중상
2023041700100185,2023년 4월 17일 10시,월요일,대구광역시 수성구 범물동,중상사고,0,1,0,0,차대차 - 측면충돌,기타,건조,맑음,단일로 - 기타,화물,남,47세,중상,승합,남,60세,상해없음
2023041700100186,2023년 4월 17일 10시,월요일,대구광역시 달서구 본리동,경상사고,0,0,1,0,차대차 - 측면충돌,신호위반,건조,맑음,교차로 - 교차로안,화물,남,60세,상해없음,승용,여,62세,경상
2023041700100187,2023년 4월 17일 10시,월요일,대구광역시 북구 노원동3가,경상사고,0,0,1,0,차대차 - 추돌,안전거리미확보,건조,맑음,단일로 - 기타,승용,남,59세,상해없음,승용,남,50세,경상
2023041700100220,2023년 4월 17일 11시,월요일,대구광역시 동구 지저동,경상사고,0,0,1,0,차대차 - 측면충돌,직진우회전진행방해,건조,맑음,교차로 - 교차로안,승용,여,47세,상해없음,승용,남,68세,경상
2023041700100221,2023년 4월 17일 11시,월요일,대구광역시 달서구 월암동,중상사고,0,1,0,0,차대차 - 측면충돌,안전운전불이행,건조,맑음,교차로 - 교차로안,화물,남,55세,상해없음,이륜,남,72세,중상
2023041700100222,2023년 4월 17일 11시,월요일,대구광역시 북구 침산동,경상사고,0,0,2,0,차대차 - 추돌,안전운전불이행,건조,맑음,교차로 - 교차로부근,승용,남,66세,상해없음,승용,남,30세,경상
2023041700100223,2023년 4월 17일 11시,월요일,대구광역시 서구 비산동,경상사고,0,0,1,0,차대차 - 측면충돌,직진우회전진행방해,건조,맑음,기타 - 기타,승용,남,66세,상해없음,자전거,남,23세,경상
2023041700100262,2023년 4월 17일 12시,월요일,대구광역시 동구 신천동,중상사고,0,1,0,0,차대사람 - 기타,안전운전불이행,건조,맑음,단일로 - 기타,원동기,남,57세,상해없음,보행자,여,63세,중상
2023041700100263,2023년 4월 17일 12시,월요일,대구광역시 수성구 범어동,경상사고,0,0,2,0,차대차 - 측면충돌,신호위반,건조,맑음,교차로 - 교차로안,승용,남,23세,경상,이륜,남,32세,경상
2023041700100264,2023년 4월 17일 12시,월요일,대구광역시 수성구 범어동,경상사고,0,0,3,0,차대차 - 측면충돌,안전운전불이행,건조,맑음,교차로 - 교차로부근,승용,여,38세,상해없음,승용,남,24세,경상
2023041700100265,2023년 4월 17일 12시,월요일,대구광역시 달서구 진천동,경상사고,0,0,1,1,차대차 - 측면충돌,직진우회전진행방해,건조,맑음,교차로 - 교차로안,이륜,남,23세,부상신고,승용,남,24세,경상
2023041700100293,2023년 4월 17일 13시,월요일,대구광역시 북구 산격동,중상사고,0,1,0,0,차대차 - 측면충돌,안전운전불이행,건조,맑음,교차로 - 교차로부근,화물,남,30세,상해없음,이륜,남,58세,중상
2023041700100334,2023년 4월 17일 14시,월요일,대구광역시 달서구 월암동,경상사고,0,0,2,0,차대차 - 측면충돌,직진우회전진행방해,건조,맑음,교차로 - 교차로안,승용,남,28세,경상,승용,여,37세,경상
2023041700100335,2023년 4월 17일 14시,월요일,대구광역시 북구 칠성동2가,경상사고,0,0,2,0,차대차 - 측면충돌,안전운전불이행,건조,맑음,단일로 - 기타,승용,여,27세,상해없음,자전거,남,72세,경상
2023041700100336,2023년 4월 17일 14시,월요일,대구광역시 중구 대신동,경상사고,0,0,1,0,차대사람 - 차도통행중,안전운전불이행,건조,맑음,단일로 - 기타,화물,남,64세,상해없음,보행자,남,72세,경상
2023041700100337,2023년 4월 17일 14시,월요일,대구광역시 달서구 장기동,경상사고,0,0,4,0,차대차 - 추돌,안전운전불이행,건조,맑음,단일로 - 기타,승용,여,39세,상해없음,승용,여,56세,경상
2023041700100338,2023년 4월 17일 14시,월요일,대구광역시 북구 태전동,경상사고,0,0,1,0,차대사람 - 기타,안전운전불이행,건조,맑음,단일로 - 기타,자전거,남,40세,상해없음,보행자,여,62세,경상
2023041700100372,2023년 4월 17일 15시,월요일,대구광역시 중구 동산동,경상사고,0,0,1,0,차대차 - 기타,안전운전불이행,건조,맑음,단일로 - 기타,이륜,여,25세,경상,승합,남,44세,상해없음
2023041700100373,2023년 4월 17일 15시,월요일,대구광역시 북구 읍내동,중상사고,0,1,0,0,차대사람 - 횡단중,안전운전불이행,건조,맑음,교차로 - 교차로안,승합,남,54세,상해없음,보행자,남,71세,중상
2023041700100413,2023년 4월 17일 16시,월요일,대구광역시 수성구 범어동,경상사고,0,0,2,0,차대차 - 측면충돌,안전거리미확보,건조,맑음,단일로 - 기타,승용,남,39세,상해없음,승용,남,36세,경상
2023041700100414,2023년 4월 17일 16시,월요일,대구광역시 달서구 도원동,중상사고,0,1,0,0,차대사람 - 횡단중,안전운전불이행,건조,맑음,단일로 - 기타,화물,남,62세,상해없음,보행자,여,60세,중상
2023041700100453,2023년 4월 17일 17시,월요일,대구광역시 북구 태전동,경상사고,0,0,2,0,차대차 - 측면충돌,불법유턴,건조,맑음,교차로 - 교차로부근,승용,여,53세,경상,승용,여,30세,경상
2023041700100454,2023년 4월 17일 17시,월요일,대구광역시 북구 국우동,부상신고사고,0,0,0,1,차대차 - 측면충돌,안전거리미확보,건조,맑음,교차로 - 교차로안,승합,남,65세,상해없음,승용,남,22세,부상신고
2023041700100494,2023년 4월 17일 18시,월요일,대구광역시 달서구 송현동,경상사고,0,0,1,0,차량단독 - 기타,안전운전불이행,건조,맑음,단일로 - 기타,승합,남,52세,상해없음,,,,
2023041700100495,2023년 4월 17일 18시,월요일,대구광역시 북구 산격동,경상사고,0,0,1,0,차대사람 - 보도통행중,기타,건조,맑음,기타 - 기타,화물,남,38세,상해없음,보행자,남,63세,경상
2023041700100496,2023년 4월 17일 18시,월요일,대구광역시 서구 비산동,중상사고,0,1,0,0,차대차 - 기타,안전운전불이행,건조,맑음,교차로 - 교차로안,기타불명,기타불명,미분류,기타불명,자전거,여,59세,중상
2023041700100497,2023년 4월 17일 18시,월요일,대구광역시 중구 대신동,부상신고사고,0,0,0,1,차대차 - 기타,안전운전불이행,건조,맑음,교차로 - 교차로횡단보도내,이륜,남,76세,부상신고,승용,여,53세,상해없음
2023041700100532,2023년 4월 17일 19시,월요일,대구광역시 수성구 범물동,부상신고사고,0,0,0,1,차대사람 - 기타,안전운전불이행,건조,맑음,단일로 - 기타,승용,남,39세,상해없음,보행자,여,19세,부상신고
2023041700100533,2023년 4월 17일 19시,월요일,대구광역시 북구 칠성동2가,경상사고,0,0,1,0,차대차 - 기타,직진우회전진행방해,건조,맑음,교차로 - 교차로안,승용,여,37세,기타불명,자전거,남,74세,경상
2023041700100534,2023년 4월 17일 19시,월요일,대구광역시 서구 비산동,중상사고,0,1,0,0,차대사람 - 횡단중,보행자보호의무위반,건조,맑음,단일로 - 기타,화물,남,60세,상해없음,보행자,여,54세,중상
2023041700100535,2023년 4월 17일 19시,월요일,대구광역시 중구 계산동2가,경상사고,0,0,3,0,차대차 - 기타,신호위반,건조,맑음,교차로 - 교차로안,승용,남,37세,상해없음,승용,여,35세,경상
2023041700100560,2023년 4월 17일 20시,월요일,대구광역시 동구 신암동,경상사고,0,0,1,0,차대차 - 측면충돌,안전운전불이행,건조,맑음,교차로 - 교차로안,승용,남,64세,상해없음,원동기,남,32세,경상
2023041700100561,2023년 4월 17일 20시,월요일,대구광역시 수성구 삼덕동,중상사고,0,1,0,0,차대차 - 기타,신호위반,건조,맑음,교차로 - 교차로안,화물,남,43세,상해없음,승용,여,49세,중상
2023041700100594,2023년 4월 17일 22시,월요일,대구광역시 수성구 만촌동,경상사고,0,0,1,0,차대차 - 추돌,안전운전불이행,건조,맑음,교차로 - 교차로부근,승용,여,56세,상해없음,승용,남,40세,경상
2023041700100595,2023년 4월 17일 22시,월요일,대구광역시 수성구 상동,경상사고,0,0,3,0,차대차 - 측면충돌,신호위반,건조,맑음,교차로 - 교차로안,승용,남,68세,상해없음,승용,남,30세,경상
2023041800100020,2023년 4월 18일 02시,화요일,대구광역시 중구 태평로3가,사망사고,1,0,0,0,차량단독 - 공작물충돌,안전운전불이행,건조,맑음,교차로 - 교차로부근,이륜,남,24세,사망,,,,
2023041800100071,2023년 4월 18일 07시,화요일,대구광역시 수성구 범어동,경상사고,0,0,1,0,차대차 - 기타,차로위반,건조,맑음,기타 - 기타,승용,남,72세,상해없음,화물,남,31세,경상
2023041800100103,2023년 4월 18일 08시,화요일,대구광역시 달서구 유천동,경상사고,0,0,2,0,차대차 - 측면충돌,안전거리미확보,건조,맑음,단일로 - 기타,승용,남,52세,상해없음,승용,남,22세,경상
2023041800100104,2023년 4월 18일 08시,화요일,대구광역시 북구 사수동,경상사고,0,0,1,1,차대차 - 측면충돌,신호위반,건조,맑음,교차로 - 교차로안,승용,여,29세,부상신고,승용,남,33세,경상
2023041800100124,2023년 4월 18일 09시,화요일,대구광역시 동구 효목동,부상신고사고,0,0,0,1,차대사람 - 길가장자리구역통행중,안전운전불이행,젖음/습기,맑음,단일로 - 지하차도(도로)내,승용,여,39세,상해없음,보행자,여,64세,부상신고
2023041800100125,2023년 4월 18일 09시,화요일,대구광역시 동구 신천동,경상사고,0,0,1,0,차대차 - 기타,안전운전불이행,건조,맑음,단일로 - 기타,승용,남,36세,상해없음,건설기계,남,50세,경상
2023041800100150,2023년 4월 18일 10시,화요일,대구광역시 북구 칠성동1가,중상사고,0,1,0,0,차대차 - 기타,안전운전불이행,젖음/습기,비,교차로 - 교차로부근,이륜,남,37세,중상,승용,여,46세,상해없음
2023041800100172,2023년 4월 18일 11시,화요일,대구광역시 달성군 옥포읍,경상사고,0,0,1,0,차대차 - 기타,기타,건조,맑음,단일로 - 기타,기타불명,기타불명,미분류,기타불명,승용,남,44세,경상
2023041800100173,2023년 4월 18일 11시,화요일,대구광역시 북구 읍내동,경상사고,0,0,1,0,차대차 - 측면충돌,신호위반,건조,맑음,교차로 - 교차로부근,승용,여,55세,상해없음,이륜,남,51세,경상
2023041800100174,2023년 4월 18일 11시,화요일,대구광역시 북구 국우동,경상사고,0,0,2,0,차대차 - 기타,안전운전불이행,건조,맑음,교차로 - 교차로안,승용,남,59세,경상,승용,남,52세,상해없음
2023041800100196,2023년 4월 18일 12시,화요일,대구광역시 달서구 진천동,경상사고,0,0,1,0,차대차 - 측면충돌,안전운전불이행,건조,맑음,단일로 - 기타,승용,여,40세,상해없음,이륜,남,22세,경상
2023041800100232,2023년 4월 18일 13시,화요일,대구광역시 동구 봉무동,경상사고,0,0,1,0,차대차 - 측면충돌,신호위반,건조,맑음,단일로 - 교량,승용,여,60세,상해없음,승용,여,46세,경상
2023041800100261,2023년 4월 18일 14시,화요일,대구광역시 남구 대명동,경상사고,0,0,2,0,차대차 - 측면충돌,안전운전불이행,건조,맑음,단일로 - 기타,승용,여,50세,상해없음,승용,남,74세,경상
2023041800100262,2023년 4월 18일 14시,화요일,대구광역시 북구 매천동,경상사고,0,0,1,0,차대차 - 측면충돌,교차로운행방법위반,건조,맑음,교차로 - 교차로안,승용,여,63세,상해없음,이륜,남,28세,경상
2023041800100289,2023년 4월 18일 15시,화요일,대구광역시 수성구 수성동2가,경상사고,0,0,1,0,차대차 - 측면충돌,안전운전불이행,건조,맑음,단일로 - 기타,화물,남,52세,상해없음,자전거,여,88세,경상
2023041800100290,2023년 4월 18일 15시,화요일,대구광역시 서구 내당동,중상사고,0,1,0,0,차대사람 - 횡단중,보행자보호의무위반,건조,맑음,교차로 - 교차로횡단보도내,승용,남,40세,상해없음,보행자,여,86세,중상
2023041800100331,2023년 4월 18일 16시,화요일,대구광역시 동구 신암동,부상신고사고,0,0,0,1,차대사람 - 기타,기타,건조,맑음,단일로 - 지하차도(도로)내,승합,남,48세,상해없음,보행자,여,61세,부상신고
2023041800100332,2023년 4월 18일 16시,화요일,대구광역시 수성구 지산동,경상사고,0,0,1,0,차대차 - 추돌,안전운전불이행,기타,기타,기타 - 기타,승용,여,54세,상해없음,승용,여,60세,경상
2023041800100333,2023년 4월 18일 16시,화요일,대구광역시 중구 태평로3가,중상사고,0,1,1,0,차대차 - 측면충돌,신호위반,건조,맑음,교차로 - 교차로안,이륜,남,23세,중상,승용,여,46세,경상
2023041800100334,2023년 4월 18일 16시,화요일,대구광역시 중구 달성동,경상사고,0,0,1,0,차대사람 - 길가장자리구역통행중,안전운전불이행,건조,맑음,기타 - 기타,승용,남,77세,상해없음,보행자,여,79세,경상
2023041800100400,2023년 4월 18일 18시,화요일,대구광역시 달성군 구지면,경상사고,0,0,2,0,차대차 - 기타,안전운전불이행,건조,맑음,교차로 - 교차로안,승용,남,24세,경상,화물,남,49세,경상
2023041800100401,2023년 4월 18일 18시,화요일,대구광역시 서구 평리동,중상사고,0,1,1,0,차대차 - 측면충돌,신호위반,건조,맑음,교차로 - 교차로안,이륜,남,59세,중상,이륜,남,43세,경상
2023041800100402,2023년 4월 18일 18시,화요일,대구광역시 중구 동산동,경상사고,0,0,1,0,차대차 - 추돌,안전운전불이행,건조,흐림,기타 - 기타,승용,남,54세,상해없음,승용,남,41세,경상
2023041800100403,2023년 4월 18일 18시,화요일,대구광역시 남구 대명동,경상사고,0,0,1,0,차대차 - 추돌,안전거리미확보,건조,맑음,단일로 - 기타,화물,남,59세,상해없음,승용,남,40세,경상
2023041800100432,2023년 4월 18일 19시,화요일,대구광역시 남구 봉덕동,경상사고,0,0,1,0,차대차 - 측면충돌,안전운전불이행,건조,맑음,단일로 - 기타,승용,여,43세,상해없음,승용,남,60세,경상
2023041800100433,2023년 4월 18일 19시,화요일,대구광역시 북구 칠성동2가,경상사고,0,0,1,0,차대차 - 추돌,안전운전불이행,건조,맑음,단일로 - 기타,승용,남,46세,상해없음,승용,남,34세,경상
2023041800100448,2023년 4월 18일 20시,화요일,대구광역시 서구 중리동,경상사고,0,0,2,0,차대차 - 추돌,안전운전불이행,건조,맑음,단일로 - 기타,승합,남,41세,상해없음,승용,남,32세,경상
2023041800100489,2023년 4월 18일 22시,화요일,대구광역시 남구 대명동,경상사고,0,0,1,0,차대차 - 측면충돌,안전운전불이행,건조,맑음,기타 - 기타,승용,여,54세,상해없음,자전거,여,22세,경상
2023041800100490,2023년 4월 18일 22시,화요일,대구광역시 서구 평리동,경상사고,0,0,1,0,차대사람 - 차도통행중,안전운전불이행,건조,맑음,교차로 - 교차로부근,이륜,남,57세,상해없음,보행자,남,25세,경상
2023041900100014,2023년 4월 19일 01시,수요일,대구광역시 남구 대명동,경상사고,0,0,1,0,차대사람 - 기타,신호위반,건조,맑음,단일로 - 기타,승용,남,32세,상해없음,보행자,남,50세,경상
2023041900100032,2023년 4월 19일 05시,수요일,대구광역시 달서구 상인동,경상사고,0,0,2,0,차대차 - 추돌,안전거리미확보,건조,맑음,단일로 - 기타,승용,남,34세,상해없음,승용,남,53세,경상
2023041900100113,2023년 4월 19일 08시,수요일,대구광역시 동구 신천동,경상사고,0,0,1,0,차대차 - 측면충돌,교차로운행방법위반,건조,맑음,교차로 - 교차로안,승용,남,76세,상해없음,자전거,남,16세,경상
2023041900100114,2023년 4월 19일 08시,수요일,대구광역시 남구 대명동,중상사고,0,1,0,0,차량단독 - 기타,기타,건조,맑음,단일로 - 기타,이륜,남,21세,중상,,,,
2023041900100144,2023년 4월 19일 09시,수요일,대구광역시 서구 평리동,중상사고,0,1,0,0,차대사람 - 차도통행중,안전운전불이행,건조,맑음,교차로 - 교차로안,화물,남,54세,상해없음,보행자,여,74세,중상
2023041900100175,2023년 4월 19일 10시,수요일,대구광역시 수성구 범물동,경상사고,0,0,2,0,차대차 - 기타,안전운전불이행,건조,맑음,교차로 - 교차로안,화물,남,42세,경상,승용,여,55세,경상
2023041900100176,2023년 4월 19일 10시,수요일,대구광역시 서구 평리동,중상사고,0,1,0,0,차대사람 - 보도통행중,기타,건조,맑음,단일로 - 기타,승용,남,63세,상해없음,보행자,남,33세,중상
2023041900100210,2023년 4월 19일 11시,수요일,대구광역시 수성구 파동,경상사고,0,0,1,0,차대사람 - 기타,안전운전불이행,건조,맑음,단일로 - 기타,승합,남,57세,상해없음,보행자,여,72세,경상
2023041900100211,2023년 4월 19일 11시,수요일,대구광역시 달서구 본동,경상사고,0,0,1,0,차대차 - 후진중충돌,불법유턴,건조,맑음,교차로 - 교차로부근,승용,남,58세,상해없음,승합,남,65세,경상
2023041900100212,2023년 4월 19일 11시,수요일,대구광역시 달서구 갈산동,경상사고,0,0,1,0,차대사람 - 차도통행중,안전운전불이행,건조,맑음,단일로 - 기타,승용,여,52세,상해없음,보행자,남,40세,경상
2023041900100238,2023년 4월 19일 12시,수요일,대구광역시 달서구 송현동,경상사고,0,0,1,0,차대사람 - 기타,안전운전불이행,건조,맑음,단일로 - 기타,승용,남,67세,상해없음,보행자,여,63세,경상
2023041900100239,2023년 4월 19일 12시,수요일,대구광역시 중구 남산동,경상사고,0,0,3,0,차대차 - 측면충돌,안전거리미확보,건조,맑음,교차로 - 교차로안,승용,남,70세,경상,승용,남,33세,경상
2023041900100265,2023년 4월 19일 13시,수요일,대구광역시 동구 효목동,경상사고,0,0,1,0,차대차 - 기타,안전운전불이행,건조,맑음,기타 - 기타,승용,남,71세,상해없음,자전거,남,11세,경상
2023041900100266,2023년 4월 19일 13시,수요일,대구광역시 수성구 가천동,경상사고,0,0,2,0,차량단독 - 공작물충돌,안전운전불이행,건조,맑음,단일로 - 기타,승용,남,63세,상해없음,,,,
2023041900100301,2023년 4월 19일 14시,수요일,대구광역시 달성군 다사읍,경상사고,0,0,1,0,차대차 - 기타,안전운전불이행,건조,맑음,기타 - 기타,승합,여,43세,상해없음,자전거,남,70세,경상
2023041900100302,2023년 4월 19일 14시,수요일,대구광역시 북구 산격동,경상사고,0,0,1,0,차대차 - 측면충돌,안전운전불이행,건조,맑음,단일로 - 기타,승용,남,60세,상해없음,이륜,남,40세,경상
2023041900100334,2023년 4월 19일 15시,수요일,대구광역시 서구 원대동3가,경상사고,0,0,1,0,차대사람 - 차도통행중,안전운전불이행,건조,맑음,단일로 - 기타,승용,여,31세,상해없음,보행자,여,48세,경상
2023041900100376,2023년 4월 19일 16시,수요일,대구광역시 동구 신천동,경상사고,0,0,1,0,차대차 - 측면충돌,안전거리미확보,건조,맑음,교차로 - 교차로부근,이륜,남,57세,경상,승용,여,41세,상해없음
2023041900100377,2023년 4월 19일 16시,수요일,대구광역시 달서구 유천동,경상사고,0,0,1,0,차대사람 - 횡단중,보행자보호의무위반,건조,맑음,교차로 - 교차로안,승용,남,59세,상해없음,보행자,남,7세,경상
2023041900100422,2023년 4월 19일 17시,수요일,대구광역시 동구 신서동,부상신고사고,0,0,0,1,차대사람 - 횡단중,안전운전불이행,건조,맑음,교차로 - 교차로안,승용,남,23세,기타불명,보행자,남,5세,부상신고
2023041900100423,2023년 4월 19일 17시,수요일,대구광역시 동구 동호동,경상사고,0,0,1,0,차대차 - 측면충돌,신호위반,건조,맑음,교차로 - 교차로부근,승용,남,53세,상해없음,건설기계,남,47세,경상
2023041900100462,2023년 4월 19일 18시,수요일,대구광역시 동구 입석동,경상사고,0,0,1,0,차대차 - 측면충돌,교차로운행방법위반,젖음/습기,비,교차로 - 교차로안,승용,남,79세,상해없음,승용,남,40세,경상
2023041900100463,2023년 4월 19일 18시,수요일,대구광역시 수성구 지산동,경상사고,0,0,1,0,차대사람 - 기타,안전운전불이행,건조,맑음,기타 - 기타,승용,여,56세,상해없음,보행자,남,89세,경상
2023041900100464,2023년 4월 19일 18시,수요일,대구광역시 수성구 황금동,경상사고,0,0,1,0,차대차 - 측면충돌,안전운전불이행,건조,맑음,단일로 - 기타,승용,남,67세,상해없음,승용,여,58세,경상
2023041900100465,2023년 4월 19일 18시,수요일,대구광역시 달서구 상인동,경상사고,0,0,1,0,차대차 - 기타,신호위반,건조,맑음,교차로 - 교차로안,승용,여,59세,상해없음,이륜,남,50세,경상
2023041900100466,2023년 4월 19일 18시,수요일,대구광역시 달서구 감삼동,경상사고,0,0,1,0,차대차 - 기타,안전운전불이행,건조,맑음,교차로 - 교차로안,이륜,남,38세,기타불명,승용,여,27세,경상
2023041900100507,2023년 4월 19일 19시,수요일,대구광역시 달성군 현풍읍,중상사고,0,1,0,0,차대차 - 기타,안전운전불이행,건조,맑음,단일로 - 기타,승용,남,33세,상해없음,승용,남,50세,중상
2023041900100533,2023년 4월 19일 20시,수요일,대구광역시 달서구 진천동,경상사고,0,0,2,0,차대사람 - 횡단중,안전운전불이행,건조,맑음,교차로 - 교차로부근,이륜,남,23세,경상,보행자,남,57세,경상
2023041900100534,2023년 4월 19일 20시,수요일,대구광역시 북구 칠성동2가,경상사고,0,0,1,0,차대사람 - 차도통행중,안전운전불이행,건조,맑음,단일로 - 기타,승용,여,27세,상해없음,보행자,남,61세,경상
2023041900100570,2023년 4월 19일 22시,수요일,대구광역시 수성구 연호동,부상신고사고,0,0,0,2,차대차 - 기타,안전거리미확보,건조,맑음,교차로 - 교차로안,기타불명,기타불명,미분류,기타불명,승용,남,54세,부상신고
2023042000100068,2023년 4월 20일 07시,목요일,대구광역시 달서구 월성동,중상사고,0,1,0,0,차대차 - 측면충돌,직진우회전진행방해,건조,맑음,교차로 - 교차로안,이륜,남,40세,중상,승용,여,59세,상해없음
2023042000100069,2023년 4월 20일 07시,목요일,대구광역시 달서구 파호동,경상사고,0,0,1,0,차대차 - 측면충돌,직진우회전진행방해,건조,맑음,교차로 - 교차로안,승용,남,33세,상해없음,승용,남,26세,경상
2023042000100070,2023년 4월 20일 07시,목요일,대구광역시 북구 서변동,중상사고,0,1,1,0,차대차 - 추돌,안전운전불이행,건조,맑음,기타 - 기타,승용,남,30세,상해없음,승용,남,51세,중상
2023042000100114,2023년 4월 20일 08시,목요일,대구광역시 달성군 옥포읍,경상사고,0,0,1,0,차대차 - 측면충돌,신호위반,건조,맑음,교차로 - 교차로안,승용,여,56세,상해없음,승용,여,40세,경상
2023042000100115,2023년 4월 20일 08시,목요일,대구광역시 북구 복현동,경상사고,0,0,1,0,차대차 - 추돌,안전거리미확보,건조,맑음,단일로 - 기타,승용,남,34세,상해없음,승용,남,56세,경상
2023042000100152,2023년 4월 20일 09시,목요일,대구광역시 남구 봉덕동,경상사고,0,0,2,0,차대차 - 추돌,안전운전불이행,건조,맑음,단일로 - 기타,승용,여,33세,상해없음,승용,남,28세,경상
2023042000100187,2023년 4월 20일 10시,목요일,대구광역시 남구 대명동,경상사고,0,0,1,1,차대차 - 추돌,안전운전불이행,건조,맑음,단일로 - 기타,승용,여,24세,부상신고,승용,여,52세,경상
2023042000100188,2023년 4월 20일 10시,목요일,대구광역시 동구 신천동,경상사고,0,0,1,0,차대차 - 측면충돌,안전거리미확보,건조,맑음,단일로 - 기타,승용,여,67세,상해없음,승용,남,68세,경상
2023042000100190,2023년 4월 20일 10시,목요일,대구광역시 달서구 감삼동,경상사고,0,0,1,0,차대차 - 기타,안전운전불이행,건조,맑음,교차로 - 교차로안,이륜,남,59세,상해없음,자전거,남,60세,경상
2023042000100191,2023년 4월 20일 10시,목요일,대구광역시 달서구 용산동,경상사고,0,0,1,0,차대차 - 측면충돌,신호위반,건조,맑음,교차로 - 교차로부근,승용,남,22세,상해없음,승용,남,28세,경상
2023042000100241,2023년 4월 20일 12시,목요일,대구광역시 동구 방촌동,경상사고,0,0,3,0,차대차 - 측면충돌,안전운전불이행,건조,맑음,단일로 - 기타,건설기계,남,33세,경상,승용,여,46세,경상
2023042000100242,2023년 4월 20일 12시,목요일,대구광역시 수성구 황금동,경상사고,0,0,1,0,차대차 - 기타,안전운전불이행,건조,맑음,교차로 - 교차로부근,승용,여,69세,상해없음,승용,남,73세,상해없음
2023042000100243,2023년 4월 20일 12시,목요일,대구광역시 서구 내당동,경상사고,0,0,1,0,차대사람 - 기타,안전운전불이행,건조,맑음,단일로 - 기타,승합,남,59세,상해없음,보행자,남,56세,경상
2023042000100244,2023년 4월 20일 12시,목요일,대구광역시 북구 학정동,경상사고,0,0,2,0,차대차 - 측면충돌,안전거리미확보,건조,맑음,단일로 - 기타,승용,여,27세,상해없음,승용,여,54세,경상
2023042000100291,2023년 4월 20일 14시,목요일,대구광역시 남구 대명동,경상사고,0,0,1,0,차대차 - 측면충돌,안전운전불이행,건조,맑음,단일로 - 기타,승용,여,34세,상해없음,자전거,남,62세,경상
2023042000100292,2023년 4월 20일 14시,목요일,대구광역시 수성구 황금동,중상사고,0,1,0,0,차대차 - 측면충돌,안전운전불이행,건조,맑음,단일로 - 기타,승용,남,64세,상해없음,승용,여,30세,중상
2023042000100293,2023년 4월 20일 14시,목요일,대구광역시 달서구 본동,경상사고,0,0,1,0,차대차 - 정면충돌,안전운전불이행,건조,맑음,교차로 - 교차로안,승용,여,48세,상해없음,이륜,남,35세,경상
2023042000100294,2023년 4월 20일 14시,목요일,대구광역시 남구 대명동,경상사고,0,0,1,0,차대차 - 측면충돌,안전운전불이행,건조,맑음,교차로 - 교차로부근,화물,남,67세,상해없음,자전거,남,77세,경상
2023042000100295,2023년 4월 20일 14시,목요일,대구광역시 달성군 화원읍,경상사고,0,0,2,0,차대차 - 기타,안전운전불이행,건조,맑음,기타 - 기타,기타불명,기타불명,미분류,기타불명,승용,여,56세,경상
2023042000100343,2023년 4월 20일 15시,목요일,대구광역시 동구 방촌동,경상사고,0,0,1,0,차대사람 - 횡단중,보행자보호의무위반,건조,맑음,교차로 - 교차로부근,승용,여,61세,상해없음,보행자,남,8세,경상
2023042000100344,2023년 4월 20일 15시,목요일,대구광역시 북구 동변동,중상사고,0,1,0,0,차대차 - 측면충돌,안전운전불이행,건조,맑음,단일로 - 기타,화물,남,51세,상해없음,자전거,여,74세,중상
2023042000100345,2023년 4월 20일 15시,목요일,대구광역시 북구 동천동,경상사고,0,0,1,0,차대차 - 후진중충돌,안전운전불이행,건조,맑음,기타 - 기타,승용,여,76세,상해없음,승용,남,34세,경상
2023042000100346,2023년 4월 20일 15시,목요일,대구광역시 북구 태전동,부상신고사고,0,0,0,1,차대차 - 측면충돌,안전거리미확보,건조,맑음,교차로 - 교차로부근,승용,남,46세,상해없음,이륜,남,22세,부상신고
2023042000100378,2023년 4월 20일 16시,목요일,대구광역시 북구 국우동,경상사고,0,0,1,0,차대차 - 측면충돌,안전운전불이행,건조,맑음,단일로 - 기타,승용,여,45세,기타불명,승용,여,36세,경상
2023042000100424,2023년 4월 20일 17시,목요일,대구광역시 수성구 연호동,경상사고,0,0,1,0,차대차 - 측면충돌,안전거리미확보,건조,맑음,단일로 - 기타,화물,남,70세,상해없음,승용,남,40세,경상
2023042000100425,2023년 4월 20일 17시,목요일,대구광역시 달서구 도원동,경상사고,0,0,1,0,차대차 - 후진중충돌,안전운전불이행,건조,맑음,교차로 - 교차로안,승합,여,61세,상해없음,이륜,남,22세,경상