사고번호,사고일시,요일,시군구,사고내용,사망자수,중상자수,경상자수,부상신고자수,사고유형,법규위반,노면상태,기상상태,도로형태,가해운전자 차종,가해운전자 성별,가해운전자 연령,가해운전자 상해정도,피해운전자 차종,피해운전자 성별,피해운전자 연령,피해운전자 상해정도
2023042500100110,2023년 4월 25일 08시,화요일,대구광역시 서구 이현동,경상사고,0,0,1,0,차대차 - 추돌,안전거리미확보,젖음/습기,비,교차로 - 교차로부근,화물,남,60세,상해없음,승용,여,50세,경상
2023042500100111,2023년 4월 25일 08시,화요일,대구광역시 서구 이현동,경상사고,0,0,2,0,차대차 - 추돌,안전거리미확보,젖음/습기,비,단일로 - 기타,승용,여,33세,경상,승용,남,29세,경상
2023042500100148,2023년 4월 25일 09시,화요일,대구광역시 서구 비산동,경상사고,0,0,1,0,차대차 - 추돌,안전거리미확보,건조,맑음,교차로 - 교차로부근,화물,남,63세,상해없음,승용,여,42세,경상
2023042500100188,2023년 4월 25일 10시,화요일,대구광역시 수성구 범어동,경상사고,0,0,1,0,차대차 - 측면충돌,안전운전불이행,젖음/습기,비,단일로 - 기타,이륜,남,40세,경상,승용,남,63세,상해없음
2023042500100216,2023년 4월 25일 11시,화요일,대구광역시 수성구 노변동,경상사고,0,0,2,0,차대차 - 측면충돌,안전거리미확보,건조,맑음,단일로 - 기타,화물,남,50세,상해없음,승용,여,60세,경상
2023042500100217,2023년 4월 25일 11시,화요일,대구광역시 북구 노원동3가,경상사고,0,0,1,0,차대차 - 측면충돌,안전운전불이행,건조,맑음,교차로 - 교차로안,승용,남,51세,상해없음,승용,남,52세,경상
2023042500100242,2023년 4월 25일 12시,화요일,대구광역시 동구 부동,경상사고,0,0,1,0,차대차 - 측면충돌,안전거리미확보,건조,맑음,단일로 - 기타,이륜,남,46세,경상,승용,남,66세,상해없음
2023042500100243,2023년 4월 25일 12시,화요일,대구광역시 수성구 연호동,경상사고,0,0,1,0,차대차 - 추돌,안전운전불이행,건조,맑음,교차로 - 교차로안,승용,남,40세,상해없음,승용,여,53세,경상
2023042500100244,2023년 4월 25일 12시,화요일,대구광역시 달서구 진천동,경상사고,0,0,1,0,차대차 - 후진중충돌,불법유턴,젖음/습기,비,단일로 - 기타,화물,남,58세,상해없음,이륜,남,27세,경상
2023042500100289,2023년 4월 25일 13시,화요일,대구광역시 북구 침산동,경상사고,0,0,1,1,차대차 - 측면충돌,신호위반,건조,맑음,단일로 - 기타,화물,남,65세,부상신고,승용,남,54세,경상
2023042500100290,2023년 4월 25일 13시,화요일,대구광역시 중구 동인동3가,경상사고,0,0,1,0,차대차 - 후진중충돌,안전운전불이행,젖음/습기,비,단일로 - 기타,기타불명,기타불명,미분류,기타불명,승용,남,41세,경상
2023042500100291,2023년 4월 25일 13시,화요일,대구광역시 달서구 두류동,경상사고,0,0,1,0,차대차 - 측면충돌,중앙선침범,젖음/습기,비,단일로 - 기타,승용,여,50세,상해없음,승용,남,37세,경상
2023042500100351,2023년 4월 25일 15시,화요일,대구광역시 남구 대명동,경상사고,0,0,1,0,차대차 - 측면충돌,안전운전불이행,건조,맑음,단일로 - 기타,승용,남,64세,상해없음,이륜,남,28세,경상
2023042500100352,2023년 4월 25일 15시,화요일,대구광역시 북구 침산동,경상사고,0,0,1,0,차대사람 - 횡단중,안전운전불이행,젖음/습기,흐림,단일로 - 기타,승용,남,44세,상해없음,보행자,여,33세,경상
2023042500100384,2023년 4월 25일 16시,화요일,대구광역시 동구 방촌동,경상사고,0,0,1,0,차대차 - 측면충돌,안전운전불이행,젖음/습기,비,단일로 - 기타,건설기계,남,63세,기타불명,승용,여,41세,경상
2023042500100385,2023년 4월 25일 16시,화요일,대구광역시 달서구 용산동,경상사고,0,0,1,0,차대차 - 후진중충돌,안전운전불이행,젖음/습기,비,교차로 - 교차로부근,승용,남,86세,기타불명,승용,여,41세,경상
2023042500100420,2023년 4월 25일 17시,화요일,대구광역시 달서구 성당동,경상사고,0,0,1,0,차대차 - 추돌,안전운전불이행,젖음/습기,비,교차로 - 교차로안,승용,남,58세,상해없음,승용,여,58세,경상
2023042500100421,2023년 4월 25일 17시,화요일,대구광역시 달서구 성당동,경상사고,0,0,1,0,차량단독 - 기타,안전운전불이행,건조,맑음,단일로 - 기타,승용,남,63세,상해없음,,,,
2023042500100462,2023년 4월 25일 18시,화요일,대구광역시 북구 산격동,경상사고,0,0,3,0,차대차 - 추돌,교차로운행방법위반,젖음/습기,비,교차로 - 교차로안,승용,남,55세,상해없음,승용,남,22세,경상
2023042500100463,2023년 4월 25일 18시,화요일,대구광역시 북구 대현동,경상사고,0,0,2,0,차대차 - 측면충돌,안전운전불이행,젖음/습기,비,교차로 - 교차로안,승용,여,48세,상해없음,승용,여,30세,경상
2023042500100497,2023년 4월 25일 19시,화요일,대구광역시 동구 동호동,경상사고,0,0,2,0,차대차 - 측면충돌,교차로운행방법위반,건조,맑음,단일로 - 기타,승용,여,58세,상해없음,승용,여,39세,경상
2023042500100498,2023년 4월 25일 19시,화요일,대구광역시 수성구 지산동,경상사고,0,0,1,0,차대차 - 기타,중앙선침범,젖음/습기,비,교차로 - 교차로부근,승합,여,51세,상해없음,승용,남,60세,경상
2023042500100499,2023년 4월 25일 19시,화요일,대구광역시 북구 산격동,경상사고,0,0,1,0,차대차 - 측면충돌,안전운전불이행,젖음/습기,비,단일로 - 기타,승용,남,48세,상해없음,승용,여,53세,경상
2023042500100500,2023년 4월 25일 19시,화요일,대구광역시 서구 평리동,중상사고,0,1,0,0,차대사람 - 차도통행중,안전운전불이행,젖음/습기,비,교차로 - 교차로부근,승용,남,55세,상해없음,보행자,남,53세,중상
2023042500100531,2023년 4월 25일 20시,화요일,대구광역시 달서구 상인동,경상사고,0,0,1,0,차량단독 - 기타,기타,젖음/습기,비,단일로 - 기타,승합,남,54세,상해없음,,,,
2023042500100532,2023년 4월 25일 20시,화요일,대구광역시 달성군 가창면,경상사고,0,0,2,0,차대차 - 측면충돌,안전운전불이행,건조,맑음,기타 - 기타,승용,남,61세,경상,승용,남,52세,경상
2023042500100533,2023년 4월 25일 20시,화요일,대구광역시 북구 복현동,경상사고,0,0,1,0,차대차 - 측면충돌,교차로운행방법위반,젖음/습기,비,교차로 - 교차로부근,승용,여,46세,상해없음,이륜,남,34세,경상
2023042500100554,2023년 4월 25일 21시,화요일,대구광역시 남구 봉덕동,중상사고,0,1,0,0,차대차 - 추돌,안전운전불이행,젖음/습기,비,단일로 - 기타,승용,남,60세,상해없음,승용,여,53세,중상
2023042500100555,2023년 4월 25일 21시,화요일,대구광역시 동구 신천동,부상신고사고,0,0,0,1,차대차 - 측면충돌,교차로운행방법위반,건조,맑음,교차로 - 교차로안,승용,남,59세,상해없음,원동기,남,46세,부상신고
2023042500100556,2023년 4월 25일 21시,화요일,대구광역시 달서구 진천동,경상사고,0,0,2,0,차대차 - 측면충돌,안전운전불이행,젖음/습기,비,단일로 - 기타,승용,남,24세,경상,이륜,남,41세,경상
2023042500100557,2023년 4월 25일 21시,화요일,대구광역시 달서구 유천동,경상사고,0,0,2,0,차대차 - 후진중충돌,안전운전불이행,젖음/습기,비,단일로 - 기타,승용,남,62세,상해없음,승용,남,29세,경상
2023042500100558,2023년 4월 25일 21시,화요일,대구광역시 달서구 송현동,경상사고,0,0,1,0,차대사람 - 길가장자리구역통행중,안전운전불이행,건조,맑음,기타 - 기타,승용,남,59세,상해없음,보행자,남,49세,경상
2023042500100577,2023년 4월 25일 22시,화요일,대구광역시 동구 율하동,경상사고,0,0,1,0,차대차 - 추돌,안전운전불이행,건조,맑음,단일로 - 기타,승용,여,44세,상해없음,승용,여,43세,경상
2023042500100578,2023년 4월 25일 22시,화요일,대구광역시 북구 복현동,중상사고,0,1,0,0,차대차 - 기타,안전운전불이행,젖음/습기,흐림,단일로 - 기타,이륜,남,47세,중상,승용,여,44세,기타불명
2023042500100579,2023년 4월 25일 22시,화요일,대구광역시 북구 태전동,경상사고,0,0,1,0,차대사람 - 횡단중,보행자보호의무위반,건조,맑음,교차로 - 교차로부근,승용,남,19세,상해없음,보행자,여,19세,경상
2023042500100600,2023년 4월 25일 23시,화요일,대구광역시 달서구 신당동,경상사고,0,0,3,0,차대차 - 측면충돌,신호위반,건조,맑음,교차로 - 교차로안,승용,남,38세,상해없음,승용,남,29세,경상
2023042600100062,2023년 4월 26일 07시,수요일,대구광역시 동구 동호동,경상사고,0,0,2,0,차대차 - 추돌,안전거리미확보,건조,맑음,단일로 - 기타,승용,남,31세,상해없음,승용,남,31세,경상
2023042600100063,2023년 4월 26일 07시,수요일,대구광역시 북구 구암동,중상사고,0,1,0,0,차대차 - 측면충돌,안전운전불이행,건조,맑음,단일로 - 기타,승용,남,24세,상해없음,자전거,남,54세,중상
2023042600100105,2023년 4월 26일 08시,수요일,대구광역시 달성군 화원읍,경상사고,0,0,1,0,차대차 - 기타,안전운전불이행,건조,맑음,단일로 - 기타,승용,남,29세,상해없음,승용,남,36세,경상
2023042600100110,2023년 4월 26일 08시,수요일,대구광역시 수성구 연호동,중상사고,0,1,0,0,차대사람 - 보도통행중,기타,건조,맑음,교차로 - 교차로부근,이륜,남,21세,상해없음,보행자,남,70세,중상
2023042600100141,2023년 4월 26일 09시,수요일,대구광역시 달서구 상인동,경상사고,0,0,1,0,차대사람 - 보도통행중,보행자보호의무위반,건조,맑음,단일로 - 기타,승용,남,57세,상해없음,보행자,남,57세,경상
2023042600100197,2023년 4월 26일 11시,수요일,대구광역시 남구 대명동,중상사고,0,1,0,0,차대사람 - 보도통행중,기타,건조,맑음,기타 - 기타,승용,남,54세,상해없음,보행자,여,57세,중상
2023042600100198,2023년 4월 26일 11시,수요일,대구광역시 수성구 범어동,경상사고,0,0,1,0,차대차 - 기타,안전운전불이행,건조,맑음,단일로 - 기타,승용,여,70세,상해없음,이륜,남,57세,경상
2023042600100232,2023년 4월 26일 12시,수요일,대구광역시 동구 중대동,경상사고,0,0,2,0,차대차 - 측면충돌,안전운전불이행,건조,맑음,교차로 - 교차로부근,승용,여,66세,경상,승용,여,49세,경상
2023042600100266,2023년 4월 26일 13시,수요일,대구광역시 달서구 월성동,중상사고,0,1,0,0,차대차 - 측면충돌,안전운전불이행,건조,맑음,단일로 - 기타,승합,남,67세,상해없음,승용,여,68세,중상
2023042600100299,2023년 4월 26일 14시,수요일,대구광역시 수성구 신매동,중상사고,0,1,0,0,차대차 - 추돌,안전운전불이행,건조,맑음,교차로 - 교차로부근,승용,남,65세,상해없음,이륜,남,22세,중상
2023042600100300,2023년 4월 26일 14시,수요일,대구광역시 수성구 중동,경상사고,0,0,1,0,차대사람 - 기타,보행자보호의무위반,건조,맑음,단일로 - 기타,승용,남,88세,상해없음,보행자,여,10세,경상
2023042600100301,2023년 4월 26일 14시,수요일,대구광역시 서구 내당동,경상사고,0,0,1,0,차대사람 - 차도통행중,안전운전불이행,건조,맑음,단일로 - 기타,이륜,남,55세,상해없음,보행자,여,8세,경상
2023042600100366,2023년 4월 26일 16시,수요일,대구광역시 수성구 수성동3가,경상사고,0,0,1,0,차대차 - 기타,안전운전불이행,건조,맑음,단일로 - 기타,자전거,남,48세,경상,승용,여,41세,상해없음
2023042600100368,2023년 4월 26일 16시,수요일,대구광역시 달성군 옥포읍,경상사고,0,0,1,1,차대차 - 추돌,안전운전불이행,건조,맑음,단일로 - 기타,승용,남,69세,상해없음,승용,여,51세,경상
2023042600100419,2023년 4월 26일 17시,수요일,대구광역시 달서구 월암동,경상사고,0,0,1,0,차대차 - 추돌,교차로운행방법위반,건조,맑음,교차로 - 교차로부근,화물,남,48세,상해없음,승용,남,42세,경상
2023042600100420,2023년 4월 26일 17시,수요일,대구광역시 중구 남산동,경상사고,0,0,1,0,차대사람 - 횡단중,기타,건조,맑음,단일로 - 기타,자전거,여,38세,상해없음,보행자,남,33세,경상
2023042600100470,2023년 4월 26일 18시,수요일,대구광역시 수성구 사월동,중상사고,0,1,0,0,차대사람 - 횡단중,보행자보호의무위반,건조,맑음,교차로 - 교차로횡단보도내,승용,여,42세,상해없음,보행자,남,24세,중상
2023042600100471,2023년 4월 26일 18시,수요일,대구광역시 서구 평리동,경상사고,0,0,1,0,차대사람 - 보도통행중,기타,건조,맑음,단일로 - 기타,이륜,여,70세,상해없음,보행자,여,31세,경상
2023042600100472,2023년 4월 26일 18시,수요일,대구광역시 서구 평리동,경상사고,0,0,1,0,차대차 - 추돌,안전운전불이행,건조,맑음,교차로 - 교차로안,이륜,남,27세,상해없음,화물,남,70세,상해없음
2023042600100473,2023년 4월 26일 18시,수요일,대구광역시 북구 동천동,경상사고,0,0,1,0,차대차 - 추돌,안전운전불이행,건조,맑음,단일로 - 기타,이륜,남,25세,상해없음,승용,여,28세,경상
2023042600100512,2023년 4월 26일 19시,수요일,대구광역시 동구 용계동,중상사고,0,3,1,1,차대차 - 측면충돌,신호위반,건조,맑음,교차로 - 교차로안,승용,남,27세,부상신고,승용,남,57세,중상
2023042600100513,2023년 4월 26일 19시,수요일,대구광역시 달서구 진천동,중상사고,0,1,0,0,차대사람 - 횡단중,보행자보호의무위반,건조,맑음,교차로 - 교차로횡단보도내,승용,여,53세,상해없음,보행자,여,15세,중상
2023042600100514,2023년 4월 26일 19시,수요일,대구광역시 서구 평리동,경상사고,0,0,1,1,차대차 - 측면충돌,안전운전불이행,건조,맑음,교차로 - 교차로안,이륜,남,35세,부상신고,승용,남,31세,경상
2023042600100548,2023년 4월 26일 20시,수요일,대구광역시 북구 서변동,중상사고,0,1,0,0,차량단독 - 공작물충돌,안전운전불이행,건조,맑음,단일로 - 지하차도(도로)내,개인형이동수단(PM),남,38세,중상,,,,
2023042600100577,2023년 4월 26일 21시,수요일,대구광역시 동구 신천동,경상사고,0,0,2,0,차대차 - 측면충돌,차로위반,건조,맑음,교차로 - 교차로부근,승용,남,64세,상해없음,승용,남,20세,경상
2023042600100594,2023년 4월 26일 22시,수요일,대구광역시 북구 노원동3가,경상사고,0,0,1,0,차대차 - 측면충돌,안전운전불이행,건조,맑음,단일로 - 교량,승용,여,52세,상해없음,승용,남,39세,경상
2023042600100595,2023년 4월 26일 22시,수요일,대구광역시 달서구 장기동,경상사고,0,0,1,0,차대사람 - 횡단중,신호위반,건조,맑음,교차로 - 교차로횡단보도내,원동기,남,49세,상해없음,보행자,여,16세,경상
2023042700100021,2023년 4월 27일 03시,목요일,대구광역시 수성구 시지동,중상사고,0,1,3,0,차대차 - 측면충돌,교차로운행방법위반,건조,맑음,교차로 - 교차로안,승용,남,62세,경상,승용,남,59세,중상
2023042700100043,2023년 4월 27일 06시,목요일,대구광역시 달서구 감삼동,중상사고,0,1,0,0,차대차 - 측면충돌,신호위반,건조,맑음,교차로 - 교차로안,승용,남,74세,상해없음,이륜,남,53세,중상
2023042700100064,2023년 4월 27일 07시,목요일,대구광역시 수성구 노변동,경상사고,0,0,1,0,차대차 - 기타,안전거리미확보,건조,맑음,단일로 - 기타,승용,여,63세,상해없음,승용,남,55세,경상
2023042700100065,2023년 4월 27일 07시,목요일,대구광역시 달성군 다사읍,경상사고,0,0,2,0,차대차 - 추돌,안전운전불이행,건조,맑음,단일로 - 기타,승용,여,46세,경상,승용,남,36세,상해없음
2023042700100100,2023년 4월 27일 08시,목요일,대구광역시 달서구 월성동,경상사고,0,0,1,0,차대차 - 측면충돌,신호위반,건조,맑음,교차로 - 교차로부근,화물,남,50세,상해없음,승용,여,62세,경상
2023042700100125,2023년 4월 27일 09시,목요일,대구광역시 수성구 범어동,중상사고,0,2,0,0,차대차 - 측면충돌,안전운전불이행,건조,맑음,기타 - 기타,승용,여,37세,중상,자전거,여,61세,중상
2023042700100126,2023년 4월 27일 09시,목요일,대구광역시 북구 검단동,중상사고,0,1,0,0,차대차 - 측면충돌,안전운전불이행,건조,맑음,단일로 - 기타,승용,남,44세,상해없음,자전거,여,76세,중상
2023042700100127,2023년 4월 27일 09시,목요일,대구광역시 달서구 갈산동,경상사고,0,0,1,0,차대차 - 기타,안전거리미확보,건조,맑음,단일로 - 기타,화물,남,28세,상해없음,승용,여,33세,경상
2023042700100151,2023년 4월 27일 10시,목요일,대구광역시 수성구 지산동,경상사고,0,0,2,0,차대차 - 기타,안전운전불이행,건조,맑음,단일로 - 기타,승용,남,69세,상해없음,승합,남,68세,경상
2023042700100152,2023년 4월 27일 10시,목요일,대구광역시 북구 태전동,경상사고,0,0,1,0,차대차 - 정면충돌,기타,건조,맑음,단일로 - 기타,승용,남,24세,상해없음,승용,남,71세,경상
2023042700100171,2023년 4월 27일 11시,목요일,대구광역시 북구 침산동,경상사고,0,0,1,0,차대차 - 측면충돌,안전운전불이행,건조,맑음,단일로 - 기타,화물,남,60세,상해없음,자전거,여,45세,경상
2023042700100281,2023년 4월 27일 14시,목요일,대구광역시 중구 교동,경상사고,0,0,2,1,차대차 - 기타,안전운전불이행,건조,맑음,교차로 - 교차로안,승용,여,24세,부상신고,승용,남,67세,경상
2023042700100313,2023년 4월 27일 15시,목요일,대구광역시 북구 복현동,경상사고,0,0,1,0,차대차 - 측면충돌,교차로운행방법위반,건조,맑음,교차로 - 교차로안,승용,남,72세,상해없음,승용,남,33세,경상
2023042700100314,2023년 4월 27일 15시,목요일,대구광역시 서구 비산동,경상사고,0,0,1,0,차대사람 - 기타,안전운전불이행,건조,맑음,단일로 - 기타,기타불명,기타불명,미분류,기타불명,보행자,남,57세,경상
2023042700100315,2023년 4월 27일 15시,목요일,대구광역시 북구 서변동,경상사고,0,0,1,0,차대차 - 측면충돌,안전운전불이행,건조,맑음,단일로 - 터널,승용,여,65세,상해없음,자전거,남,79세,경상
2023042700100363,2023년 4월 27일 16시,목요일,대구광역시 동구 사복동,경상사고,0,0,3,0,차대차 - 추돌,안전운전불이행,건조,맑음,단일로 - 지하차도(도로)내,화물,남,53세,상해없음,승용,여,41세,경상
2023042700100364,2023년 4월 27일 16시,목요일,대구광역시 수성구 시지동,경상사고,0,0,1,0,차대사람 - 길가장자리구역통행중,안전운전불이행,건조,맑음,단일로 - 기타,승용,남,28세,기타불명,보행자,남,57세,경상
2023042700100365,2023년 4월 27일 16시,목요일,대구광역시 달서구 유천동,중상사고,0,1,0,0,차대차 - 측면충돌,신호위반,건조,맑음,단일로 - 기타,승용,남,56세,상해없음,자전거,남,75세,중상
2023042700100416,2023년 4월 27일 17시,목요일,대구광역시 동구 방촌동,경상사고,0,0,2,0,차대차 - 측면충돌,교차로운행방법위반,건조,맑음,교차로 - 교차로안,승용,남,71세,상해없음,이륜,남,22세,경상
2023042700100417,2023년 4월 27일 17시,목요일,대구광역시 서구 비산동,경상사고,0,0,2,0,차대차 - 후진중충돌,안전운전불이행,건조,맑음,단일로 - 기타,승용,남,63세,상해없음,승용,여,41세,경상
2023042700100461,2023년 4월 27일 18시,목요일,대구광역시 남구 대명동,경상사고,0,0,4,0,차대차 - 추돌,안전거리미확보,건조,맑음,기타 - 기타,승용,남,55세,기타불명,승용,남,35세,경상
2023042700100462,2023년 4월 27일 18시,목요일,대구광역시 동구 효목동,부상신고사고,0,0,0,1,차대사람 - 차도통행중,안전운전불이행,건조,맑음,단일로 - 기타,기타불명,기타불명,미분류,기타불명,보행자,여,29세,부상신고
2023042700100463,2023년 4월 27일 18시,목요일,대구광역시 북구 칠성동1가,경상사고,0,0,1,0,차량단독 - 기타,안전운전불이행,건조,맑음,단일로 - 기타,이륜,남,68세,경상,,,,
2023042700100500,2023년 4월 27일 19시,목요일,대구광역시 서구 비산동,경상사고,0,0,1,0,차대차 - 후진중충돌,불법유턴,건조,맑음,단일로 - 기타,화물,여,67세,상해없음,이륜,남,58세,경상
2023042700100501,2023년 4월 27일 19시,목요일,대구광역시 중구 동산동,중상사고,0,1,0,0,차량단독 - 기타,안전운전불이행,건조,흐림,교차로 - 교차로안,자전거,여,60세,중상,,,,
2023042700100560,2023년 4월 27일 21시,목요일,대구광역시 동구 효목동,경상사고,0,0,1,0,차대차 - 측면충돌,기타,건조,맑음,단일로 - 지하차도(도로)내,이륜,남,47세,경상,승용,남,73세,상해없음
2023042700100581,2023년 4월 27일 22시,목요일,대구광역시 수성구 상동,경상사고,0,0,1,0,차대차 - 측면충돌,안전운전불이행,건조,맑음,교차로 - 교차로안,승용,여,56세,상해없음,승용,남,33세,경상
2023042700100582,2023년 4월 27일 22시,목요일,대구광역시 달성군 구지면,중상사고,0,1,0,0,차대차 - 기타,안전운전불이행,건조,맑음,단일로 - 기타,이륜,남,25세,상해없음,승용,여,29세,중상
2023042800100027,2023년 4월 28일 04시,금요일,대구광역시 북구 노원동3가,사망사고,1,0,0,0,차대사람 - 횡단중,안전운전불이행,건조,맑음,교차로 - 교차로부근,승용,남,46세,상해없음,보행자,남,72세,사망
2023042800100048,2023년 4월 28일 06시,금요일,대구광역시 중구 동인동3가,중상사고,0,1,0,0,차대차 - 추돌,안전운전불이행,건조,맑음,단일로 - 기타,화물,남,50세,상해없음,자전거,남,43세,중상
2023042800100079,2023년 4월 28일 07시,금요일,대구광역시 동구 방촌동,경상사고,0,0,1,0,차대차 - 측면충돌,신호위반,건조,맑음,교차로 - 교차로안,승합,남,75세,상해없음,승용,남,39세,경상
2023042800100080,2023년 4월 28일 07시,금요일,대구광역시 달서구 본리동,경상사고,0,0,1,0,차대차 - 측면충돌,교차로운행방법위반,건조,맑음,교차로 - 교차로안,승용,남,47세,상해없음,승용,남,65세,경상
2023042800100081,2023년 4월 28일 07시,금요일,대구광역시 서구 이현동,중상사고,0,1,0,0,차대차 - 정면충돌,중앙선침범,건조,맑음,단일로 - 기타,화물,남,29세,상해없음,화물,남,64세,중상
2023042800100139,2023년 4월 28일 08시,금요일,대구광역시 동구 용계동,중상사고,0,1,0,0,차대사람 - 횡단중,안전운전불이행,건조,맑음,단일로 - 기타,승용,남,71세,상해없음,보행자,남,22세,중상
2023042800100140,2023년 4월 28일 08시,금요일,대구광역시 수성구 만촌동,중상사고,0,1,0,0,차대차 - 기타,신호위반,건조,맑음,교차로 - 교차로부근,승용,남,45세,상해없음,승용,남,62세,중상
2023042800100141,2023년 4월 28일 08시,금요일,대구광역시 수성구 수성동4가,경상사고,0,0,1,0,차대차 - 추돌,안전운전불이행,건조,맑음,단일로 - 기타,승용,남,65세,상해없음,승용,남,38세,경상
2023042800100142,2023년 4월 28일 08시,금요일,대구광역시 수성구 신매동,경상사고,0,0,1,0,차대차 - 측면충돌,안전거리미확보,건조,맑음,교차로 - 교차로부근,건설기계,남,35세,상해없음,승용,남,57세,경상
2023042800100143,2023년 4월 28일 08시,금요일,대구광역시 달서구 상인동,부상신고사고,0,0,0,1,차대차 - 측면충돌,안전거리미확보,건조,맑음,단일로 - 기타,기타불명,기타불명,미분류,기타불명,승용,여,54세,부상신고
2023042800100144,2023년 4월 28일 08시,금요일,대구광역시 달서구 월성동,경상사고,0,0,1,0,차대사람 - 기타,안전운전불이행,건조,맑음,교차로 - 교차로안,승용,남,42세,상해없음,보행자,남,62세,경상
2023042800100179,2023년 4월 28일 09시,금요일,대구광역시 남구 봉덕동,경상사고,0,0,2,1,차대차 - 추돌,안전운전불이행,건조,맑음,단일로 - 기타,승용,여,78세,부상신고,승용,남,30세,경상
2023042800100180,2023년 4월 28일 09시,금요일,대구광역시 달성군 다사읍,경상사고,0,0,2,0,차대차 - 추돌,안전운전불이행,건조,맑음,교차로 - 교차로부근,승용,남,60세,상해없음,승용,남,37세,경상
2023042800100181,2023년 4월 28일 09시,금요일,대구광역시 달서구 갈산동,중상사고,0,1,0,0,차대차 - 측면충돌,안전운전불이행,건조,맑음,단일로 - 기타,화물,남,58세,상해없음,자전거,남,79세,중상
2023042800100206,2023년 4월 28일 10시,금요일,대구광역시 수성구 수성동4가,중상사고,0,1,0,0,차대사람 - 기타,안전운전불이행,건조,맑음,단일로 - 기타,승용,여,74세,상해없음,보행자,여,76세,중상
2023042800100207,2023년 4월 28일 10시,금요일,대구광역시 달서구 대천동,중상사고,0,2,1,0,차대차 - 추돌,안전운전불이행,건조,맑음,교차로 - 교차로부근,승용,남,46세,상해없음,승용,남,32세,중상
2023042800100208,2023년 4월 28일 10시,금요일,대구광역시 서구 원대동3가,중상사고,0,1,0,0,차대사람 - 횡단중,안전운전불이행,건조,맑음,단일로 - 기타,이륜,남,62세,상해없음,보행자,여,60세,중상
2023042800100209,2023년 4월 28일 10시,금요일,대구광역시 북구 관음동,중상사고,0,1,0,0,차대차 - 정면충돌,신호위반,건조,맑음,교차로 - 교차로안,승용,남,34세,상해없음,이륜,남,29세,중상
2023042800100243,2023년 4월 28일 11시,금요일,대구광역시 달서구 감삼동,중상사고,0,1,0,0,차대사람 - 횡단중,보행자보호의무위반,건조,맑음,교차로 - 교차로횡단보도내,승용,남,43세,상해없음,보행자,여,23세,중상
2023042800100267,2023년 4월 28일 12시,금요일,대구광역시 북구 칠성동1가,경상사고,0,0,1,0,차대사람 - 기타,보행자보호의무위반,건조,맑음,단일로 - 기타,승용,남,59세,상해없음,보행자,남,44세,경상
2023042800100336,2023년 4월 28일 14시,금요일,대구광역시 북구 고성동1가,경상사고,0,0,2,1,차대차 - 기타,안전운전불이행,건조,맑음,단일로 - 기타,이륜,남,25세,부상신고,승용,남,43세,경상
2023042800100367,2023년 4월 28일 15시,금요일,대구광역시 동구 신기동,경상사고,0,0,1,0,차대차 - 후진중충돌,불법유턴,건조,맑음,단일로 - 기타,화물,남,56세,상해없음,승용,남,48세,경상
2023042800100368,2023년 4월 28일 15시,금요일,대구광역시 수성구 만촌동,경상사고,0,0,1,0,차대차 - 기타,신호위반,건조,맑음,교차로 - 교차로부근,승용,남,34세,상해없음,이륜,남,24세,경상
2023042800100369,2023년 4월 28일 15시,금요일,대구광역시 수성구 범어동,중상사고,0,1,0,0,차대사람 - 길가장자리구역통행중,안전운전불이행,건조,맑음,단일로 - 기타,승용,여,33세,상해없음,보행자,남,12세,중상
2023042800100370,2023년 4월 28일 15시,금요일,대구광역시 달서구 도원동,경상사고,0,0,2,0,차대차 - 측면충돌,교차로운행방법위반,건조,맑음,교차로 - 교차로안,승용,남,64세,기타불명,승합,남,53세,경상
2023042800100371,2023년 4월 28일 15시,금요일,대구광역시 달서구 장동,경상사고,0,0,1,0,차대차 - 정면충돌,안전운전불이행,건조,맑음,단일로 - 기타,화물,남,66세,상해없음,승용,여,42세,경상
2023042800100372,2023년 4월 28일 15시,금요일,대구광역시 달서구 본동,경상사고,0,0,2,0,차량단독 - 기타,안전운전불이행,건조,맑음,교차로 - 교차로부근,승용,남,73세,상해없음,,,,
2023042800100373,2023년 4월 28일 15시,금요일,대구광역시 달성군 현풍읍,경상사고,0,0,1,0,차대사람 - 기타,안전운전불이행,건조,맑음,단일로 - 기타,승용,여,56세,상해없음,보행자,여,24세,경상
2023042800100374,2023년 4월 28일 15시,금요일,대구광역시 북구 침산동,부상신고사고,0,0,0,1,차대사람 - 기타,기타,건조,맑음,단일로 - 기타,자전거,기타불명,미분류,기타불명,보행자,남,8세,부상신고
2023042800100417,2023년 4월 28일 16시,금요일,대구광역시 수성구 황금동,경상사고,0,0,1,0,차대사람 - 기타,안전운전불이행,건조,맑음,주차장 - 주차장,승용,여,47세,상해없음,보행자,남,21세,경상
2023042800100418,2023년 4월 28일 16시,금요일,대구광역시 북구 구암동,경상사고,0,0,1,0,차대차 - 측면충돌,교차로운행방법위반,건조,맑음,교차로 - 교차로안,승용,남,51세,상해없음,승용,여,64세,경상
2023042800100474,2023년 4월 28일 17시,금요일,대구광역시 동구 신천동,경상사고,0,0,2,0,차대차 - 측면충돌,안전운전불이행,건조,맑음,단일로 - 기타,승용,남,53세,상해없음,승용,남,61세,경상
2023042800100475,2023년 4월 28일 17시,금요일,대구광역시 수성구 신매동,부상신고사고,0,0,0,1,차대사람 - 횡단중,안전운전불이행,건조,맑음,교차로 - 교차로횡단보도내,기타불명,기타불명,미분류,기타불명,보행자,남,8세,부상신고