사고번호,사고일시,요일,시군구,사고내용,사망자수,중상자수,경상자수,부상신고자수,사고유형,법규위반,노면상태,기상상태,도로형태,가해운전자 차종,가해운전자 성별,가해운전자 연령,가해운전자 상해정도,피해운전자 차종,피해운전자 성별,피해운전자 연령,피해운전자 상해정도
2023051400100036,2023년 5월 14일 04시,일요일,대구광역시 남구 대명동,경상사고,0,0,1,0,차량단독 - 기타,안전운전불이행,건조,맑음,기타 - 기타,자전거,여,68세,경상,,,,
2023051400100045,2023년 5월 14일 06시,일요일,대구광역시 달서구 장기동,중상사고,0,2,0,0,차대차 - 기타,신호위반,건조,맑음,단일로 - 기타,이륜,남,51세,중상,개인형이동수단(PM),남,65세,중상
2023051400100059,2023년 5월 14일 08시,일요일,대구광역시 북구 침산동,부상신고사고,0,0,0,3,차대차 - 추돌,안전운전불이행,건조,맑음,교차로 - 교차로부근,승용,여,33세,부상신고,승용,여,59세,부상신고
2023051400100115,2023년 5월 14일 11시,일요일,대구광역시 북구 관음동,중상사고,0,2,1,0,차대차 - 추돌,안전거리미확보,건조,맑음,교차로 - 교차로부근,화물,남,59세,상해없음,승용,여,58세,상해없음
2023051400100147,2023년 5월 14일 12시,일요일,대구광역시 동구 신천동,중상사고,0,1,0,0,차대차 - 측면충돌,기타,건조,맑음,단일로 - 기타,승용,남,69세,상해없음,원동기,남,51세,중상
2023051400100148,2023년 5월 14일 12시,일요일,대구광역시 동구 입석동,중상사고,0,1,0,0,차량단독 - 기타,기타,건조,맑음,단일로 - 기타,승합,남,56세,상해없음,,,,
2023051400100149,2023년 5월 14일 12시,일요일,대구광역시 달서구 상인동,중상사고,0,1,0,0,차대차 - 측면충돌,안전운전불이행,건조,맑음,단일로 - 기타,승용,여,45세,상해없음,자전거,여,68세,중상
2023051400100150,2023년 5월 14일 12시,일요일,대구광역시 북구 칠성동2가,중상사고,0,1,0,0,차대사람 - 기타,안전운전불이행,건조,맑음,교차로 - 교차로부근,승용,남,67세,상해없음,보행자,남,79세,중상
2023051400100151,2023년 5월 14일 12시,일요일,대구광역시 북구 침산동,경상사고,0,0,1,0,차대차 - 측면충돌,안전거리미확보,건조,맑음,단일로 - 기타,승용,남,67세,상해없음,승용,남,55세,경상
2023051400100152,2023년 5월 14일 12시,일요일,대구광역시 북구 동천동,경상사고,0,0,2,0,차대차 - 정면충돌,안전운전불이행,건조,맑음,교차로 - 교차로안,이륜,남,38세,상해없음,승용,남,36세,경상
2023051400100183,2023년 5월 14일 13시,일요일,대구광역시 수성구 두산동,경상사고,0,0,1,0,차대사람 - 차도통행중,안전운전불이행,건조,맑음,단일로 - 기타,승용,남,40세,상해없음,보행자,남,29세,경상
2023051400100184,2023년 5월 14일 13시,일요일,대구광역시 중구 인교동,경상사고,0,0,1,0,차대차 - 측면충돌,안전거리미확보,건조,맑음,단일로 - 기타,승용,남,73세,상해없음,승용,남,47세,경상
2023051400100185,2023년 5월 14일 13시,일요일,대구광역시 남구 대명동,경상사고,0,0,1,0,차대사람 - 횡단중,보행자보호의무위반,건조,맑음,교차로 - 교차로횡단보도내,이륜,남,32세,상해없음,보행자,남,71세,경상
2023051400100224,2023년 5월 14일 14시,일요일,대구광역시 수성구 시지동,중상사고,0,1,0,0,차량단독 - 기타,안전운전불이행,건조,맑음,단일로 - 기타,승합,남,55세,상해없음,,,,
2023051400100225,2023년 5월 14일 14시,일요일,대구광역시 북구 구암동,중상사고,0,1,3,0,차대차 - 측면충돌,중앙선침범,건조,맑음,단일로 - 기타,승용,남,67세,상해없음,승용,남,50세,중상
2023051400100363,2023년 5월 14일 18시,일요일,대구광역시 달서구 대천동,경상사고,0,0,1,0,차대차 - 기타,안전운전불이행,건조,맑음,단일로 - 기타,승용,남,60세,상해없음,이륜,남,26세,경상
2023051400100396,2023년 5월 14일 19시,일요일,대구광역시 수성구 범어동,경상사고,0,0,2,0,차대차 - 측면충돌,안전운전불이행,건조,맑음,교차로 - 교차로안,승용,남,57세,상해없음,승용,남,34세,경상
2023051400100450,2023년 5월 14일 21시,일요일,대구광역시 동구 율하동,경상사고,0,0,1,0,차대차 - 측면충돌,교차로운행방법위반,건조,맑음,교차로 - 교차로횡단보도내,승용,여,56세,상해없음,자전거,남,58세,경상
2023051400100461,2023년 5월 14일 22시,일요일,대구광역시 동구 봉무동,경상사고,0,0,1,0,차대차 - 측면충돌,안전운전불이행,건조,맑음,교차로 - 교차로부근,승용,남,38세,상해없음,승용,남,46세,경상
2023051400100462,2023년 5월 14일 22시,일요일,대구광역시 달서구 진천동,경상사고,0,0,1,0,차대차 - 기타,안전운전불이행,건조,맑음,단일로 - 기타,이륜,남,28세,상해없음,자전거,남,16세,경상
2023051500100070,2023년 5월 15일 07시,월요일,대구광역시 북구 산격동,중상사고,0,1,0,0,차대차 - 측면충돌,안전운전불이행,건조,맑음,단일로 - 기타,승용,여,57세,상해없음,자전거,남,49세,중상
2023051500100113,2023년 5월 15일 08시,월요일,대구광역시 동구 방촌동,경상사고,0,0,1,0,차대차 - 기타,안전거리미확보,건조,맑음,단일로 - 지하차도(도로)내,승용,여,26세,상해없음,승용,남,43세,경상
2023051500100114,2023년 5월 15일 08시,월요일,대구광역시 북구 침산동,중상사고,0,1,0,0,차대차 - 측면충돌,교차로운행방법위반,건조,맑음,교차로 - 교차로안,승용,남,52세,기타불명,화물,남,60세,중상
2023051500100115,2023년 5월 15일 08시,월요일,대구광역시 서구 평리동,경상사고,0,0,1,0,차대차 - 측면충돌,안전거리미확보,건조,맑음,단일로 - 기타,승용,남,64세,상해없음,승용,남,27세,경상
2023051500100116,2023년 5월 15일 08시,월요일,대구광역시 달서구 장기동,경상사고,0,0,1,0,차대사람 - 횡단중,보행자보호의무위반,건조,맑음,기타 - 기타,화물,남,71세,상해없음,보행자,남,7세,경상
2023051500100144,2023년 5월 15일 09시,월요일,대구광역시 수성구 범어동,경상사고,0,0,1,0,차대차 - 측면충돌,안전운전불이행,건조,맑음,교차로 - 교차로부근,승용,남,49세,상해없음,승용,남,45세,경상
2023051500100145,2023년 5월 15일 09시,월요일,대구광역시 달서구 진천동,경상사고,0,0,1,0,차대차 - 기타,안전운전불이행,건조,맑음,단일로 - 기타,자전거,여,54세,경상,승용,남,61세,상해없음
2023051500100146,2023년 5월 15일 09시,월요일,대구광역시 달성군 구지면,경상사고,0,0,1,0,차대차 - 기타,중앙선침범,건조,맑음,기타 - 기타,승용,남,58세,상해없음,승용,남,60세,경상
2023051500100147,2023년 5월 15일 09시,월요일,대구광역시 서구 내당동,중상사고,0,1,0,0,차대차 - 측면충돌,안전운전불이행,건조,맑음,교차로 - 교차로횡단보도내,이륜,남,79세,중상,승용,남,43세,상해없음
2023051500100179,2023년 5월 15일 10시,월요일,대구광역시 수성구 두산동,중상사고,0,1,0,0,차대차 - 기타,안전운전불이행,건조,맑음,기타 - 기타,자전거,남,84세,중상,자전거,남,68세,상해없음
2023051500100180,2023년 5월 15일 10시,월요일,대구광역시 달서구 진천동,경상사고,0,0,1,0,차대사람 - 차도통행중,안전운전불이행,건조,맑음,교차로 - 교차로안,승용,여,69세,상해없음,보행자,여,75세,경상
2023051500100216,2023년 5월 15일 11시,월요일,대구광역시 북구 노원동3가,부상신고사고,0,0,0,1,차대차 - 측면충돌,안전운전불이행,건조,맑음,교차로 - 교차로안,자전거,남,80세,부상신고,승합,남,41세,상해없음
2023051500100283,2023년 5월 15일 13시,월요일,대구광역시 남구 대명동,경상사고,0,0,1,0,차대차 - 정면충돌,안전운전불이행,건조,맑음,교차로 - 교차로부근,승용,여,61세,상해없음,이륜,남,35세,경상
2023051500100284,2023년 5월 15일 13시,월요일,대구광역시 동구 방촌동,경상사고,0,0,1,0,차대사람 - 차도통행중,안전운전불이행,건조,맑음,단일로 - 기타,승용,여,66세,상해없음,보행자,여,72세,경상
2023051500100285,2023년 5월 15일 13시,월요일,대구광역시 달성군 화원읍,경상사고,0,0,1,0,차대차 - 기타,신호위반,건조,맑음,교차로 - 교차로안,승용,여,59세,상해없음,승용,여,60세,경상
2023051500100286,2023년 5월 15일 13시,월요일,대구광역시 달성군 옥포읍,중상사고,0,1,0,0,차대차 - 기타,중앙선침범,건조,맑음,단일로 - 기타,화물,남,67세,중상,건설기계,남,60세,기타불명
2023051500100321,2023년 5월 15일 14시,월요일,대구광역시 동구 봉무동,경상사고,0,0,1,0,차대차 - 추돌,안전거리미확보,건조,맑음,교차로 - 교차로부근,화물,남,68세,상해없음,승용,여,60세,경상
2023051500100322,2023년 5월 15일 14시,월요일,대구광역시 달성군 옥포읍,경상사고,0,0,4,0,차대차 - 기타,중앙선침범,건조,맑음,단일로 - 기타,화물,남,61세,상해없음,승용,남,63세,경상
2023051500100323,2023년 5월 15일 14시,월요일,대구광역시 서구 비산동,경상사고,0,0,1,0,차대차 - 추돌,안전거리미확보,건조,맑음,단일로 - 기타,승용,남,34세,상해없음,승용,여,73세,경상
2023051500100357,2023년 5월 15일 15시,월요일,대구광역시 동구 지저동,경상사고,0,0,2,0,차대차 - 측면충돌,교차로운행방법위반,건조,맑음,교차로 - 교차로안,승용,여,71세,경상,승용,남,66세,경상
2023051500100392,2023년 5월 15일 16시,월요일,대구광역시 수성구 만촌동,경상사고,0,0,1,0,차대차 - 측면충돌,안전운전불이행,건조,맑음,교차로 - 교차로횡단보도내,자전거,남,17세,경상,승합,남,51세,상해없음
2023051500100393,2023년 5월 15일 16시,월요일,대구광역시 수성구 수성동4가,경상사고,0,0,1,0,차대차 - 측면충돌,안전운전불이행,건조,맑음,교차로 - 교차로부근,승용,남,38세,상해없음,승용,여,50세,경상
2023051500100394,2023년 5월 15일 16시,월요일,대구광역시 달서구 상인동,경상사고,0,0,1,1,차대차 - 정면충돌,신호위반,건조,맑음,교차로 - 교차로안,승용,여,47세,상해없음,승용,여,53세,경상
2023051500100395,2023년 5월 15일 16시,월요일,대구광역시 중구 동인동4가,경상사고,0,0,1,0,차대차 - 측면충돌,안전운전불이행,건조,맑음,단일로 - 기타,승용,남,73세,상해없음,승용,남,25세,상해없음
2023051500100443,2023년 5월 15일 17시,월요일,대구광역시 수성구 매호동,중상사고,0,1,0,0,차대차 - 측면충돌,안전운전불이행,건조,맑음,교차로 - 교차로횡단보도내,승용,여,40세,상해없음,자전거,남,78세,중상
2023051500100444,2023년 5월 15일 17시,월요일,대구광역시 달서구 본동,경상사고,0,0,1,0,차대차 - 측면충돌,안전운전불이행,건조,맑음,단일로 - 기타,승용,남,54세,상해없음,이륜,여,34세,경상
2023051500100445,2023년 5월 15일 17시,월요일,대구광역시 북구 구암동,경상사고,0,0,1,0,차대차 - 추돌,안전거리미확보,건조,맑음,기타 - 기타,승용,여,57세,상해없음,화물,남,62세,경상
2023051500100446,2023년 5월 15일 17시,월요일,대구광역시 북구 읍내동,경상사고,0,0,3,0,차대차 - 측면충돌,안전운전불이행,건조,맑음,단일로 - 기타,승용,남,39세,경상,승용,여,66세,경상
2023051500100486,2023년 5월 15일 18시,월요일,대구광역시 동구 신천동,경상사고,0,0,1,0,차대차 - 추돌,교차로운행방법위반,건조,맑음,교차로 - 교차로안,승용,남,56세,상해없음,승용,남,27세,상해없음
2023051500100487,2023년 5월 15일 18시,월요일,대구광역시 북구 대현동,경상사고,0,0,1,0,차대차 - 측면충돌,안전운전불이행,건조,맑음,교차로 - 교차로안,승용,남,48세,상해없음,이륜,남,34세,경상
2023051500100488,2023년 5월 15일 18시,월요일,대구광역시 서구 원대동1가,중상사고,0,1,0,0,차대차 - 측면충돌,중앙선침범,건조,맑음,단일로 - 기타,자전거,남,67세,중상,승용,남,65세,상해없음
2023051500100489,2023년 5월 15일 18시,월요일,대구광역시 달서구 호산동,경상사고,0,0,1,0,차대차 - 기타,직진우회전진행방해,건조,맑음,교차로 - 교차로안,개인형이동수단(PM),여,23세,경상,승용,여,54세,상해없음
2023051500100515,2023년 5월 15일 19시,월요일,대구광역시 수성구 만촌동,중상사고,0,1,0,0,차대사람 - 횡단중,보행자보호의무위반,건조,맑음,교차로 - 교차로횡단보도내,승용,남,65세,상해없음,보행자,남,58세,중상
2023051500100542,2023년 5월 15일 20시,월요일,대구광역시 수성구 범물동,경상사고,0,0,1,1,차대차 - 기타,차로위반,건조,맑음,교차로 - 교차로안,승용,여,42세,부상신고,승용,남,61세,경상
2023051500100565,2023년 5월 15일 21시,월요일,대구광역시 수성구 연호동,경상사고,0,0,3,0,차대차 - 측면충돌,신호위반,건조,맑음,교차로 - 교차로부근,승용,남,24세,상해없음,승용,남,61세,경상
2023051500100566,2023년 5월 15일 21시,월요일,대구광역시 북구 매천동,중상사고,0,1,0,0,차대사람 - 횡단중,안전운전불이행,건조,맑음,단일로 - 기타,승용,남,35세,상해없음,보행자,남,53세,중상
2023051500100579,2023년 5월 15일 22시,월요일,대구광역시 달성군 다사읍,경상사고,0,0,1,0,차대사람 - 기타,안전운전불이행,건조,맑음,단일로 - 기타,승용,남,19세,상해없음,보행자,남,16세,경상
2023051500100595,2023년 5월 15일 23시,월요일,대구광역시 달서구 유천동,경상사고,0,0,1,0,차대차 - 기타,안전운전불이행,건조,맑음,교차로 - 교차로부근,기타불명,기타불명,미분류,기타불명,자전거,남,16세,경상
2023051600100026,2023년 5월 16일 04시,화요일,대구광역시 수성구 지산동,경상사고,0,0,1,0,차대차 - 측면충돌,중앙선침범,건조,맑음,단일로 - 기타,승용,남,47세,상해없음,승용,남,38세,기타불명
2023051600100042,2023년 5월 16일 06시,화요일,대구광역시 동구 율하동,중상사고,0,1,0,0,차대차 - 기타,교차로운행방법위반,건조,맑음,교차로 - 교차로부근,승용,여,61세,상해없음,자전거,남,67세,중상
2023051600100069,2023년 5월 16일 07시,화요일,대구광역시 달서구 장기동,경상사고,0,0,1,0,차대차 - 측면충돌,안전거리미확보,건조,맑음,기타 - 기타,승용,남,31세,상해없음,승용,여,55세,경상
2023051600100108,2023년 5월 16일 08시,화요일,대구광역시 수성구 황금동,경상사고,0,0,1,0,차대차 - 측면충돌,불법유턴,건조,맑음,교차로 - 교차로부근,승용,남,72세,상해없음,이륜,남,42세,경상
2023051600100109,2023년 5월 16일 08시,화요일,대구광역시 달성군 화원읍,경상사고,0,0,2,0,차대차 - 기타,안전운전불이행,건조,맑음,기타 - 기타,화물,남,61세,상해없음,승용,여,40세,경상
2023051600100146,2023년 5월 16일 09시,화요일,대구광역시 북구 침산동,경상사고,0,0,1,0,차대차 - 측면충돌,안전거리미확보,건조,맑음,단일로 - 기타,특수,남,28세,기타불명,승용,여,57세,경상
2023051600100147,2023년 5월 16일 09시,화요일,대구광역시 달서구 용산동,중상사고,0,1,0,0,차대차 - 기타,안전운전불이행,건조,맑음,단일로 - 기타,기타불명,기타불명,미분류,기타불명,개인형이동수단(PM),여,61세,중상
2023051600100148,2023년 5월 16일 09시,화요일,대구광역시 달서구 성당동,경상사고,0,0,1,0,차대차 - 측면충돌,안전운전불이행,건조,맑음,교차로 - 교차로부근,승용,남,66세,상해없음,승합,남,49세,경상
2023051600100187,2023년 5월 16일 10시,화요일,대구광역시 동구 신천동,경상사고,0,0,1,0,차대차 - 기타,안전운전불이행,건조,맑음,단일로 - 기타,승용,남,64세,상해없음,자전거,남,24세,경상
2023051600100188,2023년 5월 16일 10시,화요일,대구광역시 수성구 범어동,경상사고,0,0,2,0,차대차 - 기타,안전운전불이행,건조,맑음,교차로 - 교차로안,승용,남,75세,상해없음,승용,여,38세,경상
2023051600100189,2023년 5월 16일 10시,화요일,대구광역시 수성구 범어동,중상사고,0,1,2,0,차대차 - 측면충돌,안전운전불이행,건조,맑음,단일로 - 기타,승용,여,52세,상해없음,승용,남,79세,중상
2023051600100223,2023년 5월 16일 11시,화요일,대구광역시 남구 대명동,경상사고,0,0,1,0,차대차 - 측면충돌,신호위반,건조,맑음,교차로 - 교차로부근,승용,남,60세,상해없음,승용,남,39세,경상
2023051600100224,2023년 5월 16일 11시,화요일,대구광역시 북구 노원동1가,부상신고사고,0,0,0,1,차대차 - 정면충돌,안전운전불이행,건조,맑음,교차로 - 교차로안,자전거,여,72세,부상신고,승용,남,27세,상해없음
2023051600100256,2023년 5월 16일 12시,화요일,대구광역시 남구 대명동,경상사고,0,0,1,0,차대사람 - 기타,안전운전불이행,건조,맑음,단일로 - 기타,승용,여,62세,상해없음,보행자,여,61세,경상
2023051600100257,2023년 5월 16일 12시,화요일,대구광역시 동구 방촌동,경상사고,0,0,1,0,차대차 - 측면충돌,신호위반,건조,맑음,교차로 - 교차로부근,승용,여,50세,상해없음,화물,남,57세,경상
2023051600100298,2023년 5월 16일 13시,화요일,대구광역시 북구 침산동,중상사고,0,1,0,0,차대차 - 기타,신호위반,건조,맑음,교차로 - 교차로횡단보도내,화물,남,60세,상해없음,원동기,남,62세,중상
2023051600100431,2023년 5월 16일 16시,화요일,대구광역시 동구 율하동,경상사고,0,0,1,0,차대차 - 기타,안전운전불이행,건조,맑음,교차로 - 교차로안,승용,여,40세,상해없음,자전거,남,15세,경상
2023051600100432,2023년 5월 16일 16시,화요일,대구광역시 북구 침산동,경상사고,0,0,3,0,차대차 - 측면충돌,교차로운행방법위반,건조,맑음,교차로 - 교차로안,승용,여,54세,상해없음,승용,남,37세,경상
2023051600100433,2023년 5월 16일 16시,화요일,대구광역시 달서구 신당동,경상사고,0,0,1,0,차대사람 - 보도통행중,기타,건조,맑음,기타 - 기타,개인형이동수단(PM),남,18세,상해없음,보행자,여,20세,경상
2023051600100434,2023년 5월 16일 16시,화요일,대구광역시 달서구 이곡동,경상사고,0,0,1,0,차대차 - 기타,안전거리미확보,건조,맑음,단일로 - 기타,승용,여,46세,기타불명,승용,남,36세,경상
2023051600100492,2023년 5월 16일 17시,화요일,대구광역시 동구 효목동,경상사고,0,0,1,0,차대차 - 측면충돌,안전거리미확보,건조,맑음,단일로 - 지하차도(도로)내,화물,남,74세,상해없음,승용,남,40세,경상
2023051600100493,2023년 5월 16일 17시,화요일,대구광역시 달서구 상인동,경상사고,0,0,3,0,차대차 - 측면충돌,교차로운행방법위반,건조,맑음,교차로 - 교차로안,승용,여,20세,경상,승용,남,39세,경상
2023051600100549,2023년 5월 16일 18시,화요일,대구광역시 수성구 지산동,경상사고,0,0,7,0,차대차 - 추돌,안전운전불이행,건조,맑음,단일로 - 기타,화물,남,55세,상해없음,승용,남,50세,경상
2023051600100550,2023년 5월 16일 18시,화요일,대구광역시 달서구 신당동,경상사고,0,0,2,0,차대차 - 추돌,안전거리미확보,건조,맑음,단일로 - 기타,승용,여,26세,상해없음,승용,여,53세,경상
2023051600100585,2023년 5월 16일 19시,화요일,대구광역시 동구 송정동,중상사고,0,2,0,0,차대차 - 측면충돌,안전거리미확보,건조,맑음,교차로 - 교차로부근,원동기,남,22세,중상,승용,여,51세,상해없음
2023051600100586,2023년 5월 16일 19시,화요일,대구광역시 북구 칠성동2가,경상사고,0,0,1,0,차대차 - 기타,신호위반,건조,맑음,교차로 - 교차로안,승용,남,31세,상해없음,화물,남,28세,경상
2023051600100614,2023년 5월 16일 20시,화요일,대구광역시 동구 동호동,중상사고,0,1,0,0,차대사람 - 보도통행중,기타,건조,맑음,기타 - 기타,승용,남,32세,상해없음,보행자,남,43세,중상
2023051600100615,2023년 5월 16일 20시,화요일,대구광역시 달서구 송현동,경상사고,0,0,1,1,차대차 - 측면충돌,안전운전불이행,건조,맑음,단일로 - 기타,승용,여,60세,부상신고,승용,여,61세,경상
2023051600100659,2023년 5월 16일 22시,화요일,대구광역시 수성구 상동,경상사고,0,0,1,0,차대차 - 측면충돌,안전운전불이행,건조,맑음,교차로 - 교차로횡단보도내,승용,남,70세,상해없음,자전거,남,13세,경상
2023051700100027,2023년 5월 17일 04시,수요일,대구광역시 동구 신암동,경상사고,0,0,1,0,차대차 - 기타,교차로운행방법위반,건조,맑음,교차로 - 교차로안,승용,남,70세,상해없음,승용,남,26세,상해없음
2023051700100129,2023년 5월 17일 08시,수요일,대구광역시 동구 신천동,경상사고,0,0,1,0,차대차 - 측면충돌,안전운전불이행,건조,맑음,교차로 - 교차로안,승용,남,68세,상해없음,승용,여,33세,경상
2023051700100130,2023년 5월 17일 08시,수요일,대구광역시 달성군 화원읍,부상신고사고,0,0,0,1,차대차 - 추돌,안전거리미확보,건조,맑음,교차로 - 교차로부근,승용,남,77세,상해없음,승용,여,61세,부상신고
2023051700100131,2023년 5월 17일 08시,수요일,대구광역시 서구 비산동,경상사고,0,0,4,0,차대차 - 측면충돌,안전거리미확보,건조,맑음,단일로 - 기타,화물,남,62세,경상,화물,남,32세,경상
2023051700100183,2023년 5월 17일 09시,수요일,대구광역시 동구 미대동,중상사고,0,2,0,0,차량단독 - 기타,안전운전불이행,건조,맑음,단일로 - 기타,화물,남,68세,중상,,,,
2023051700100184,2023년 5월 17일 09시,수요일,대구광역시 달서구 대곡동,경상사고,0,0,1,0,차대사람 - 차도통행중,안전운전불이행,건조,맑음,단일로 - 기타,승용,여,63세,상해없음,보행자,여,39세,경상
2023051700100185,2023년 5월 17일 09시,수요일,대구광역시 달서구 두류동,경상사고,0,0,2,0,차대차 - 추돌,안전거리미확보,건조,맑음,단일로 - 기타,이륜,남,68세,경상,승용,남,54세,상해없음
2023051700100226,2023년 5월 17일 10시,수요일,대구광역시 달서구 월성동,경상사고,0,0,1,0,차대차 - 측면충돌,안전거리미확보,건조,맑음,단일로 - 기타,건설기계,남,44세,상해없음,승용,남,60세,경상
2023051700100227,2023년 5월 17일 10시,수요일,대구광역시 북구 산격동,중상사고,0,1,0,0,차대차 - 추돌,신호위반,건조,맑음,교차로 - 교차로안,승용,여,27세,기타불명,승용,남,57세,중상
2023051700100228,2023년 5월 17일 10시,수요일,대구광역시 서구 내당동,중상사고,0,1,0,0,차대차 - 측면충돌,직진우회전진행방해,건조,맑음,교차로 - 교차로안,승용,남,49세,상해없음,자전거,여,61세,중상
2023051700100264,2023년 5월 17일 11시,수요일,대구광역시 북구 산격동,부상신고사고,0,0,0,1,차대차 - 추돌,신호위반,건조,맑음,단일로 - 기타,이륜,남,39세,부상신고,승용,여,64세,상해없음
2023051700100296,2023년 5월 17일 12시,수요일,대구광역시 동구 효목동,경상사고,0,0,1,0,차대차 - 측면충돌,안전운전불이행,건조,맑음,단일로 - 지하차도(도로)내,자전거,남,29세,경상,승용,남,39세,상해없음
2023051700100349,2023년 5월 17일 13시,수요일,대구광역시 수성구 황금동,경상사고,0,0,2,0,차대차 - 후진중충돌,안전운전불이행,건조,맑음,교차로 - 교차로부근,승용,남,51세,상해없음,승용,남,27세,경상
2023051700100350,2023년 5월 17일 13시,수요일,대구광역시 북구 산격동,중상사고,0,1,0,0,차대차 - 측면충돌,안전거리미확보,건조,맑음,단일로 - 기타,승용,남,23세,상해없음,승용,여,40세,중상
2023051700100351,2023년 5월 17일 13시,수요일,대구광역시 서구 비산동,경상사고,0,0,1,0,차대차 - 후진중충돌,안전운전불이행,건조,맑음,단일로 - 기타,승용,남,58세,상해없음,승용,여,49세,경상
2023051700100352,2023년 5월 17일 13시,수요일,대구광역시 중구 삼덕동2가,경상사고,0,0,2,0,차대차 - 측면충돌,교차로운행방법위반,건조,맑음,교차로 - 교차로안,승용,남,20세,상해없음,승용,여,44세,경상
2023051700100386,2023년 5월 17일 14시,수요일,대구광역시 동구 효목동,경상사고,0,0,1,1,차대차 - 측면충돌,안전운전불이행,건조,맑음,단일로 - 기타,승용,남,63세,부상신고,이륜,남,30세,경상
2023051700100387,2023년 5월 17일 14시,수요일,대구광역시 수성구 범어동,경상사고,0,0,1,0,차대차 - 측면충돌,안전운전불이행,건조,맑음,교차로 - 교차로안,이륜,남,36세,상해없음,승용,남,55세,경상
2023051700100388,2023년 5월 17일 14시,수요일,대구광역시 수성구 두산동,중상사고,0,1,0,0,차대사람 - 횡단중,안전운전불이행,건조,맑음,교차로 - 교차로횡단보도내,승용,남,26세,상해없음,보행자,여,21세,중상
2023051700100389,2023년 5월 17일 14시,수요일,대구광역시 수성구 신매동,중상사고,0,1,0,0,차대사람 - 기타,안전운전불이행,건조,맑음,단일로 - 기타,승합,남,55세,상해없음,보행자,남,82세,중상
2023051700100390,2023년 5월 17일 14시,수요일,대구광역시 달성군 구지면,중상사고,0,1,0,0,차대차 - 측면충돌,안전운전불이행,건조,맑음,기타 - 기타,승합,남,38세,기타불명,이륜,남,31세,중상
2023051700100391,2023년 5월 17일 14시,수요일,대구광역시 달성군 논공읍,경상사고,0,0,1,0,차대차 - 기타,교차로운행방법위반,건조,맑음,교차로 - 교차로안,건설기계,남,55세,상해없음,화물,남,24세,경상
2023051700100392,2023년 5월 17일 14시,수요일,대구광역시 북구 침산동,경상사고,0,0,1,0,차대차 - 측면충돌,신호위반,건조,맑음,단일로 - 기타,승용,남,79세,상해없음,승용,남,44세,경상
2023051700100393,2023년 5월 17일 14시,수요일,대구광역시 중구 삼덕동1가,경상사고,0,0,1,0,차대사람 - 횡단중,보행자보호의무위반,건조,맑음,교차로 - 교차로부근,화물,남,39세,상해없음,보행자,여,25세,경상
2023051700100436,2023년 5월 17일 15시,수요일,대구광역시 동구 신암동,경상사고,0,0,1,0,차대차 - 추돌,교차로운행방법위반,건조,맑음,교차로 - 교차로부근,화물,여,63세,상해없음,승용,남,36세,경상
2023051700100437,2023년 5월 17일 15시,수요일,대구광역시 북구 태전동,경상사고,0,0,1,0,차대차 - 추돌,안전운전불이행,건조,맑음,단일로 - 기타,승용,남,70세,상해없음,승용,남,59세,경상
2023051700100473,2023년 5월 17일 16시,수요일,대구광역시 달성군 옥포읍,부상신고사고,0,0,0,4,차량단독 - 공작물충돌,안전운전불이행,건조,맑음,교차로 - 교차로부근,승합,남,59세,상해없음,,,,
2023051700100531,2023년 5월 17일 17시,수요일,대구광역시 서구 비산동,경상사고,0,0,1,0,차대차 - 측면충돌,기타,건조,맑음,단일로 - 기타,승용,남,69세,상해없음,원동기,여,32세,경상
2023051700100532,2023년 5월 17일 17시,수요일,대구광역시 달서구 이곡동,중상사고,0,1,1,0,차대차 - 정면충돌,안전운전불이행,건조,맑음,단일로 - 기타,원동기,남,27세,중상,승용,남,51세,경상
2023051700100584,2023년 5월 17일 18시,수요일,대구광역시 달서구 대천동,경상사고,0,0,1,0,차대차 - 추돌,안전운전불이행,건조,맑음,단일로 - 기타,승용,남,24세,상해없음,승용,남,38세,경상
2023051700100585,2023년 5월 17일 18시,수요일,대구광역시 북구 검단동,경상사고,0,0,1,0,차대사람 - 기타,안전운전불이행,건조,맑음,단일로 - 기타,자전거,남,73세,상해없음,보행자,남,30세,경상
2023051700100586,2023년 5월 17일 18시,수요일,대구광역시 달서구 호산동,경상사고,0,0,1,0,차대차 - 측면충돌,신호위반,건조,맑음,단일로 - 기타,승용,남,56세,상해없음,이륜,남,47세,경상
2023051700100624,2023년 5월 17일 19시,수요일,대구광역시 동구 신서동,경상사고,0,0,2,0,차대사람 - 기타,안전운전불이행,건조,맑음,단일로 - 지하차도(도로)내,승용,남,54세,상해없음,보행자,남,34세,경상
2023051700100650,2023년 5월 17일 20시,수요일,대구광역시 수성구 범어동,경상사고,0,0,1,0,차대차 - 측면충돌,안전운전불이행,건조,맑음,교차로 - 교차로부근,승용,남,64세,상해없음,이륜,남,36세,경상
2023051700100651,2023년 5월 17일 20시,수요일,대구광역시 중구 삼덕동3가,경상사고,0,0,1,0,차대차 - 기타,안전운전불이행,건조,맑음,단일로 - 기타,승용,남,81세,상해없음,승용,남,41세,경상
2023051700100675,2023년 5월 17일 21시,수요일,대구광역시 수성구 만촌동,경상사고,0,0,1,0,차대차 - 측면충돌,신호위반,건조,맑음,교차로 - 교차로안,승용,남,40세,상해없음,승용,여,37세,경상
2023051700100691,2023년 5월 17일 22시,수요일,대구광역시 동구 신암동,경상사고,0,0,2,0,차대차 - 측면충돌,안전운전불이행,건조,맑음,단일로 - 지하차도(도로)내,승용,남,32세,기타불명,승합,남,36세,경상