사고번호,사고일시,요일,시군구,사고내용,사망자수,중상자수,경상자수,부상신고자수,사고유형,법규위반,노면상태,기상상태,도로형태,가해운전자 차종,가해운전자 성별,가해운전자 연령,가해운전자 상해정도,피해운전자 차종,피해운전자 성별,피해운전자 연령,피해운전자 상해정도
2023051800100009,2023년 5월 18일 00시,목요일,대구광역시 달서구 진천동,경상사고,0,0,1,0,차대차 - 기타,안전운전불이행,건조,맑음,기타 - 기타,개인형이동수단(PM),남,31세,경상,승용,남,22세,상해없음
2023051800100020,2023년 5월 18일 01시,목요일,대구광역시 수성구 중동,경상사고,0,0,2,0,차대차 - 기타,신호위반,건조,맑음,교차로 - 교차로안,승용,남,65세,상해없음,이륜,여,22세,경상
2023051800100021,2023년 5월 18일 01시,목요일,대구광역시 달서구 상인동,경상사고,0,0,1,0,차대사람 - 기타,안전운전불이행,건조,맑음,기타 - 기타,승용,남,63세,상해없음,보행자,여,41세,경상
2023051800100028,2023년 5월 18일 02시,목요일,대구광역시 동구 신기동,사망사고,1,0,0,0,차대사람 - 길가장자리구역통행중,안전운전불이행,건조,맑음,교차로 - 교차로부근,승용,여,57세,상해없음,보행자,여,40세,사망
2023051800100029,2023년 5월 18일 02시,목요일,대구광역시 달서구 신당동,경상사고,0,0,1,0,차대차 - 측면충돌,안전운전불이행,건조,맑음,단일로 - 지하차도(도로)내,이륜,남,16세,기타불명,승용,남,21세,경상
2023051800100088,2023년 5월 18일 07시,목요일,대구광역시 달성군 옥포읍,경상사고,0,0,1,0,차대차 - 측면충돌,안전운전불이행,건조,맑음,단일로 - 기타,승용,남,50세,상해없음,승용,남,45세,경상
2023051800100089,2023년 5월 18일 07시,목요일,대구광역시 북구 복현동,경상사고,0,0,1,0,차대차 - 측면충돌,안전운전불이행,젖음/습기,비,교차로 - 교차로안,승용,남,76세,상해없음,승용,남,27세,경상
2023051800100126,2023년 5월 18일 08시,목요일,대구광역시 남구 대명동,경상사고,0,0,1,0,차대사람 - 보도통행중,기타,젖음/습기,비,단일로 - 기타,화물,남,47세,상해없음,보행자,여,48세,경상
2023051800100177,2023년 5월 18일 09시,목요일,대구광역시 동구 서호동,경상사고,0,0,1,0,차대차 - 측면충돌,안전운전불이행,젖음/습기,비,교차로 - 교차로안,특수,남,61세,상해없음,승용,여,53세,경상
2023051800100178,2023년 5월 18일 09시,목요일,대구광역시 수성구 두산동,경상사고,0,0,1,0,차대차 - 후진중충돌,안전운전불이행,젖음/습기,비,단일로 - 기타,승용,남,68세,기타불명,승용,여,27세,경상
2023051800100179,2023년 5월 18일 09시,목요일,대구광역시 북구 대현동,중상사고,0,1,0,0,차대차 - 기타,직진우회전진행방해,젖음/습기,비,교차로 - 교차로안,이륜,남,62세,상해없음,자전거,여,59세,중상
2023051800100201,2023년 5월 18일 10시,목요일,대구광역시 서구 이현동,경상사고,0,0,1,0,차대차 - 측면충돌,안전운전불이행,건조,맑음,교차로 - 교차로안,승용,여,76세,상해없음,승용,여,50세,경상
2023051800100228,2023년 5월 18일 11시,목요일,대구광역시 동구 신천동,부상신고사고,0,0,0,1,차대사람 - 차도통행중,안전운전불이행,건조,맑음,단일로 - 기타,승용,남,68세,상해없음,보행자,남,67세,부상신고
2023051800100259,2023년 5월 18일 12시,목요일,대구광역시 수성구 범물동,경상사고,0,0,1,0,차대사람 - 기타,안전운전불이행,건조,맑음,단일로 - 기타,승용,여,79세,상해없음,보행자,여,55세,경상
2023051800100294,2023년 5월 18일 13시,목요일,대구광역시 수성구 시지동,경상사고,0,0,1,0,차대차 - 추돌,안전운전불이행,건조,맑음,단일로 - 기타,승용,여,42세,상해없음,승용,남,54세,경상
2023051800100296,2023년 5월 18일 13시,목요일,대구광역시 중구 동인동4가,경상사고,0,0,2,0,차대차 - 추돌,안전운전불이행,건조,맑음,단일로 - 기타,승용,여,55세,기타불명,승용,남,71세,경상
2023051800100369,2023년 5월 18일 15시,목요일,대구광역시 달서구 월성동,경상사고,0,0,1,0,차대차 - 기타,안전운전불이행,젖음/습기,비,교차로 - 교차로안,승용,남,23세,상해없음,자전거,남,80세,경상
2023051800100370,2023년 5월 18일 15시,목요일,대구광역시 달서구 감삼동,경상사고,0,0,1,0,차대차 - 기타,안전운전불이행,건조,맑음,기타 - 기타,승용,남,52세,상해없음,승용,여,55세,경상
2023051800100408,2023년 5월 18일 16시,목요일,대구광역시 달서구 상인동,경상사고,0,0,1,0,차대차 - 추돌,안전운전불이행,젖음/습기,비,교차로 - 교차로부근,화물,남,61세,상해없음,이륜,남,29세,경상
2023051800100511,2023년 5월 18일 18시,목요일,대구광역시 달서구 파호동,경상사고,0,0,1,0,차대차 - 추돌,안전운전불이행,젖음/습기,비,단일로 - 기타,화물,남,57세,상해없음,승용,남,26세,경상
2023051800100512,2023년 5월 18일 18시,목요일,대구광역시 북구 동천동,경상사고,0,0,2,0,차대차 - 추돌,안전운전불이행,젖음/습기,비,단일로 - 기타,이륜,남,37세,상해없음,승용,남,25세,경상
2023051800100587,2023년 5월 18일 21시,목요일,대구광역시 수성구 범어동,중상사고,0,2,3,0,차대차 - 추돌,안전운전불이행,건조,맑음,기타 - 기타,승합,남,50세,상해없음,승합,남,68세,상해없음
2023051800100588,2023년 5월 18일 21시,목요일,대구광역시 중구 삼덕동1가,경상사고,0,0,1,0,차대차 - 추돌,안전운전불이행,건조,흐림,기타 - 기타,승용,남,22세,상해없음,승용,여,24세,상해없음
2023051800100589,2023년 5월 18일 21시,목요일,대구광역시 달서구 죽전동,중상사고,0,1,0,0,차대사람 - 횡단중,안전운전불이행,건조,맑음,단일로 - 기타,승용,남,34세,상해없음,보행자,남,49세,중상
2023051800100590,2023년 5월 18일 21시,목요일,대구광역시 달서구 용산동,경상사고,0,0,1,0,차대차 - 측면충돌,신호위반,젖음/습기,비,교차로 - 교차로횡단보도내,승용,여,57세,상해없음,이륜,남,40세,경상
2023051800100612,2023년 5월 18일 22시,목요일,대구광역시 수성구 황금동,경상사고,0,0,1,0,차대사람 - 횡단중,안전운전불이행,젖음/습기,비,단일로 - 기타,승용,남,29세,상해없음,보행자,남,35세,경상
2023051800100622,2023년 5월 18일 23시,목요일,대구광역시 달성군 구지면,경상사고,0,0,1,0,차대차 - 측면충돌,안전운전불이행,젖음/습기,비,교차로 - 교차로안,승용,남,63세,상해없음,승용,남,25세,경상
2023051900100006,2023년 5월 19일 00시,금요일,대구광역시 북구 노곡동,중상사고,0,1,0,0,차대차 - 기타,안전운전불이행,건조,맑음,단일로 - 기타,승용,남,35세,중상,화물,남,20세,상해없음
2023051900100021,2023년 5월 19일 02시,금요일,대구광역시 달서구 상인동,경상사고,0,0,1,0,차대차 - 후진중충돌,안전운전불이행,건조,맑음,교차로 - 교차로부근,승용,여,55세,상해없음,승용,여,53세,경상
2023051900100026,2023년 5월 19일 03시,금요일,대구광역시 서구 비산동,경상사고,0,0,1,0,차대사람 - 횡단중,안전운전불이행,건조,맑음,단일로 - 기타,이륜,남,19세,경상,보행자,여,82세,상해없음
2023051900100032,2023년 5월 19일 04시,금요일,대구광역시 수성구 수성동2가,경상사고,0,0,1,0,차대차 - 추돌,안전운전불이행,젖음/습기,흐림,단일로 - 기타,승용,여,30세,상해없음,승용,남,56세,경상
2023051900100041,2023년 5월 19일 05시,금요일,대구광역시 동구 효목동,경상사고,0,0,2,1,차대차 - 측면충돌,교차로운행방법위반,건조,맑음,교차로 - 교차로안,승용,남,57세,경상,승용,남,59세,경상
2023051900100042,2023년 5월 19일 05시,금요일,대구광역시 중구 태평로2가,경상사고,0,0,1,0,차대차 - 측면충돌,안전운전불이행,건조,맑음,단일로 - 기타,승용,남,38세,상해없음,승용,남,70세,경상
2023051900100059,2023년 5월 19일 06시,금요일,대구광역시 북구 매천동,중상사고,0,1,0,0,차대사람 - 차도통행중,안전운전불이행,건조,맑음,교차로 - 교차로안,화물,남,47세,상해없음,보행자,여,78세,중상
2023051900100086,2023년 5월 19일 07시,금요일,대구광역시 중구 동인동4가,부상신고사고,0,0,0,1,차대차 - 기타,안전운전불이행,건조,맑음,교차로 - 교차로안,기타불명,기타불명,미분류,기타불명,자전거,남,13세,부상신고
2023051900100130,2023년 5월 19일 08시,금요일,대구광역시 동구 신암동,경상사고,0,0,1,0,차대사람 - 길가장자리구역통행중,안전운전불이행,젖음/습기,비,단일로 - 기타,승용,여,55세,상해없음,보행자,여,25세,경상
2023051900100131,2023년 5월 19일 08시,금요일,대구광역시 수성구 황금동,경상사고,0,0,2,0,차대차 - 기타,안전운전불이행,건조,맑음,단일로 - 기타,승용,여,51세,상해없음,승용,여,50세,경상
2023051900100132,2023년 5월 19일 08시,금요일,대구광역시 달서구 본동,경상사고,0,0,1,0,차대차 - 추돌,안전운전불이행,건조,맑음,단일로 - 기타,승용,남,33세,상해없음,승용,남,34세,경상
2023051900100217,2023년 5월 19일 10시,금요일,대구광역시 수성구 두산동,경상사고,0,0,1,0,차대사람 - 횡단중,안전운전불이행,건조,맑음,교차로 - 교차로횡단보도내,화물,남,64세,상해없음,보행자,남,48세,경상
2023051900100218,2023년 5월 19일 10시,금요일,대구광역시 서구 비산동,경상사고,0,0,1,0,차대차 - 측면충돌,안전운전불이행,건조,맑음,단일로 - 기타,자전거,남,78세,경상,승용,남,64세,상해없음
2023051900100219,2023년 5월 19일 10시,금요일,대구광역시 달서구 두류동,경상사고,0,0,1,0,차대차 - 측면충돌,직진우회전진행방해,건조,맑음,교차로 - 교차로안,승용,남,35세,상해없음,화물,남,56세,경상
2023051900100261,2023년 5월 19일 11시,금요일,대구광역시 남구 대명동,경상사고,0,0,2,0,차대차 - 측면충돌,안전거리미확보,건조,맑음,교차로 - 교차로안,승용,남,74세,상해없음,승용,여,42세,경상
2023051900100262,2023년 5월 19일 11시,금요일,대구광역시 북구 구암동,부상신고사고,0,0,0,1,차대사람 - 기타,안전운전불이행,건조,맑음,기타 - 기타,기타불명,기타불명,미분류,기타불명,보행자,여,63세,부상신고
2023051900100311,2023년 5월 19일 12시,금요일,대구광역시 북구 팔달동,경상사고,0,0,1,0,차대차 - 기타,신호위반,건조,맑음,단일로 - 교량,승용,남,72세,상해없음,승용,남,43세,경상
2023051900100352,2023년 5월 19일 13시,금요일,대구광역시 수성구 범어동,중상사고,0,1,0,0,차대차 - 측면충돌,안전운전불이행,건조,맑음,교차로 - 교차로안,승용,여,42세,상해없음,자전거,남,67세,중상
2023051900100353,2023년 5월 19일 13시,금요일,대구광역시 달서구 상인동,중상사고,0,1,0,0,차량단독 - 공작물충돌,안전운전불이행,건조,맑음,단일로 - 터널,승용,여,58세,중상,,,,
2023051900100354,2023년 5월 19일 13시,금요일,대구광역시 북구 대현동,중상사고,0,1,0,1,차대차 - 측면충돌,중앙선침범,건조,맑음,단일로 - 기타,승용,여,37세,부상신고,승용,여,67세,중상
2023051900100387,2023년 5월 19일 14시,금요일,대구광역시 동구 신천동,경상사고,0,0,2,0,차대차 - 측면충돌,안전운전불이행,기타,흐림,교차로 - 교차로부근,화물,남,63세,상해없음,승합,남,48세,경상
2023051900100388,2023년 5월 19일 14시,금요일,대구광역시 달서구 유천동,중상사고,0,1,0,0,차대차 - 측면충돌,안전운전불이행,건조,맑음,교차로 - 교차로횡단보도내,승용,여,49세,상해없음,자전거,여,53세,중상
2023051900100389,2023년 5월 19일 14시,금요일,대구광역시 서구 내당동,경상사고,0,0,1,0,차대차 - 측면충돌,안전운전불이행,건조,맑음,교차로 - 교차로부근,승용,남,60세,상해없음,자전거,여,67세,경상
2023051900100420,2023년 5월 19일 15시,금요일,대구광역시 북구 복현동,경상사고,0,0,2,0,차대차 - 측면충돌,교차로운행방법위반,건조,맑음,교차로 - 교차로안,승용,남,52세,상해없음,승용,남,42세,경상
2023051900100421,2023년 5월 19일 15시,금요일,대구광역시 서구 평리동,경상사고,0,0,1,0,차대사람 - 길가장자리구역통행중,안전운전불이행,건조,맑음,교차로 - 교차로부근,화물,남,58세,상해없음,보행자,남,70세,경상
2023051900100521,2023년 5월 19일 17시,금요일,대구광역시 남구 대명동,경상사고,0,0,1,0,차대차 - 측면충돌,불법유턴,건조,맑음,단일로 - 기타,이륜,남,44세,경상,승용,남,52세,상해없음
2023051900100522,2023년 5월 19일 17시,금요일,대구광역시 수성구 연호동,경상사고,0,0,1,0,차대차 - 측면충돌,안전거리미확보,건조,맑음,단일로 - 기타,화물,남,46세,상해없음,승합,여,44세,경상
2023051900100524,2023년 5월 19일 17시,금요일,대구광역시 북구 침산동,중상사고,0,1,0,0,차대차 - 측면충돌,신호위반,건조,맑음,단일로 - 기타,승용,남,29세,상해없음,자전거,남,12세,중상
2023051900100573,2023년 5월 19일 18시,금요일,대구광역시 남구 봉덕동,경상사고,0,0,2,0,차대차 - 추돌,안전거리미확보,건조,맑음,단일로 - 기타,승용,남,32세,상해없음,승용,남,65세,경상
2023051900100574,2023년 5월 19일 18시,금요일,대구광역시 동구 봉무동,경상사고,0,0,1,0,차대차 - 측면충돌,안전운전불이행,건조,맑음,단일로 - 기타,승용,남,26세,상해없음,이륜,남,51세,경상
2023051900100575,2023년 5월 19일 18시,금요일,대구광역시 중구 봉산동,경상사고,0,0,1,0,차대사람 - 기타,안전운전불이행,건조,맑음,기타 - 기타,승용,여,35세,상해없음,보행자,여,32세,경상
2023051900100615,2023년 5월 19일 19시,금요일,대구광역시 북구 태전동,중상사고,0,1,4,0,차대차 - 측면충돌,안전운전불이행,건조,맑음,교차로 - 교차로안,승용,남,73세,경상,승용,남,59세,경상
2023051900100650,2023년 5월 19일 20시,금요일,대구광역시 동구 효목동,중상사고,0,1,1,0,차대차 - 측면충돌,안전운전불이행,건조,맑음,교차로 - 교차로안,이륜,남,52세,경상,승용,여,48세,중상
2023051900100679,2023년 5월 19일 21시,금요일,대구광역시 달서구 월성동,경상사고,0,0,1,0,차대차 - 측면충돌,안전거리미확보,건조,맑음,교차로 - 교차로부근,원동기,남,17세,기타불명,승용,남,48세,경상
2023051900100680,2023년 5월 19일 21시,금요일,대구광역시 달서구 이곡동,중상사고,0,1,0,0,차대사람 - 횡단중,신호위반,건조,맑음,단일로 - 기타,이륜,남,23세,상해없음,보행자,남,43세,중상
2023051900100707,2023년 5월 19일 22시,금요일,대구광역시 수성구 범어동,경상사고,0,0,1,0,차대사람 - 횡단중,안전운전불이행,건조,맑음,기타 - 기타,승용,남,66세,상해없음,보행자,여,16세,경상
2023051900100708,2023년 5월 19일 22시,금요일,대구광역시 수성구 범어동,경상사고,0,0,1,0,차대차 - 정면충돌,신호위반,건조,맑음,교차로 - 교차로안,이륜,남,27세,경상,승용,남,28세,상해없음
2023051900100709,2023년 5월 19일 22시,금요일,대구광역시 달성군 하빈면,경상사고,0,0,1,0,차량단독 - 공작물충돌,기타,건조,맑음,기타 - 기타,화물,남,54세,경상,,,,
2023051900100710,2023년 5월 19일 22시,금요일,대구광역시 북구 산격동,경상사고,0,0,5,0,차대차 - 추돌,안전운전불이행,건조,맑음,교차로 - 교차로부근,화물,남,57세,상해없음,승용,남,54세,경상
2023052000100021,2023년 5월 20일 01시,토요일,대구광역시 수성구 범어동,경상사고,0,0,1,0,차대사람 - 차도통행중,안전운전불이행,건조,맑음,단일로 - 기타,승용,여,56세,상해없음,보행자,남,43세,경상
2023052000100029,2023년 5월 20일 02시,토요일,대구광역시 중구 삼덕동1가,경상사고,0,0,1,0,차대사람 - 기타,안전운전불이행,건조,맑음,단일로 - 기타,승용,남,21세,상해없음,보행자,남,28세,경상
2023052000100030,2023년 5월 20일 02시,토요일,대구광역시 중구 태평로1가,경상사고,0,0,1,1,차대차 - 기타,중앙선침범,건조,맑음,교차로 - 교차로부근,승용,남,24세,부상신고,승용,남,61세,경상
2023052000100126,2023년 5월 20일 09시,토요일,대구광역시 북구 복현동,경상사고,0,0,1,0,차대차 - 기타,안전운전불이행,건조,맑음,단일로 - 기타,승용,남,38세,기타불명,이륜,남,54세,경상
2023052000100210,2023년 5월 20일 11시,토요일,대구광역시 동구 방촌동,부상신고사고,0,0,0,1,차대차 - 측면충돌,안전운전불이행,건조,맑음,교차로 - 교차로횡단보도내,자전거,남,55세,상해없음,개인형이동수단(PM),여,24세,부상신고
2023052000100211,2023년 5월 20일 11시,토요일,대구광역시 수성구 연호동,중상사고,0,1,0,0,차대차 - 추돌,신호위반,건조,맑음,교차로 - 교차로안,승용,여,25세,상해없음,승용,여,63세,중상
2023052000100212,2023년 5월 20일 11시,토요일,대구광역시 달성군 유가읍,경상사고,0,0,2,0,차대차 - 기타,안전운전불이행,건조,맑음,주차장 - 주차장,승용,남,42세,상해없음,승용,여,41세,경상
2023052000100214,2023년 5월 20일 11시,토요일,대구광역시 중구 남산동,중상사고,0,2,2,1,차대차 - 추돌,안전거리미확보,건조,맑음,단일로 - 기타,승용,여,58세,부상신고,승용,남,35세,중상
2023052000100309,2023년 5월 20일 13시,토요일,대구광역시 수성구 지산동,경상사고,0,0,1,0,차대차 - 추돌,안전운전불이행,건조,맑음,단일로 - 기타,승용,남,72세,상해없음,이륜,남,26세,경상
2023052000100355,2023년 5월 20일 14시,토요일,대구광역시 동구 신천동,부상신고사고,0,0,0,1,차대차 - 측면충돌,안전거리미확보,건조,맑음,단일로 - 기타,승용,남,64세,상해없음,승합,남,40세,상해없음
2023052000100356,2023년 5월 20일 14시,토요일,대구광역시 수성구 상동,경상사고,0,0,1,0,차대차 - 기타,교차로운행방법위반,건조,맑음,기타 - 기타,화물,남,56세,상해없음,자전거,여,25세,경상
2023052000100358,2023년 5월 20일 14시,토요일,대구광역시 달서구 용산동,중상사고,0,1,0,0,차대차 - 기타,신호위반,건조,맑음,교차로 - 교차로안,승용,남,20세,상해없음,승용,남,72세,중상
2023052000100401,2023년 5월 20일 15시,토요일,대구광역시 동구 신천동,부상신고사고,0,0,0,1,차대차 - 추돌,안전운전불이행,건조,맑음,교차로 - 교차로부근,기타불명,기타불명,미분류,기타불명,승용,남,73세,상해없음
2023052000100402,2023년 5월 20일 15시,토요일,대구광역시 달서구 송현동,경상사고,0,0,1,0,차대사람 - 길가장자리구역통행중,교차로운행방법위반,건조,맑음,교차로 - 교차로안,승용,남,48세,상해없음,보행자,여,77세,경상
2023052000100403,2023년 5월 20일 15시,토요일,대구광역시 달성군 하빈면,경상사고,0,0,2,0,차대차 - 측면충돌,중앙선침범,건조,맑음,교차로 - 교차로부근,화물,남,63세,상해없음,승용,남,47세,경상
2023052000100441,2023년 5월 20일 16시,토요일,대구광역시 동구 신암동,부상신고사고,0,0,0,1,차대차 - 측면충돌,안전운전불이행,건조,맑음,단일로 - 기타,승용,남,30세,상해없음,승용,여,37세,부상신고
2023052000100477,2023년 5월 20일 17시,토요일,대구광역시 달성군 구지면,경상사고,0,0,1,0,차대차 - 추돌,안전운전불이행,건조,맑음,교차로 - 교차로안,승용,남,68세,상해없음,승용,남,35세,경상
2023052000100502,2023년 5월 20일 18시,토요일,대구광역시 남구 대명동,경상사고,0,0,1,0,차대차 - 측면충돌,안전운전불이행,건조,맑음,단일로 - 기타,승용,남,30세,상해없음,자전거,남,28세,경상
2023052000100529,2023년 5월 20일 19시,토요일,대구광역시 북구 서변동,경상사고,0,0,1,0,차대차 - 추돌,안전운전불이행,건조,맑음,교차로 - 교차로부근,승용,여,52세,상해없음,승용,남,33세,경상
2023052100100063,2023년 5월 21일 08시,일요일,대구광역시 수성구 노변동,경상사고,0,0,3,0,차대차 - 추돌,안전운전불이행,건조,맑음,교차로 - 교차로부근,승용,남,64세,상해없음,승용,남,48세,경상
2023052100100126,2023년 5월 21일 11시,일요일,대구광역시 수성구 황금동,부상신고사고,0,0,0,1,차대사람 - 기타,보행자보호의무위반,건조,맑음,단일로 - 기타,승용,남,71세,상해없음,보행자,남,7세,부상신고
2023052100100155,2023년 5월 21일 12시,일요일,대구광역시 중구 사일동,경상사고,0,0,1,0,차대사람 - 기타,기타,건조,맑음,교차로 - 교차로부근,이륜,남,56세,상해없음,보행자,여,22세,경상
2023052100100193,2023년 5월 21일 13시,일요일,대구광역시 수성구 지산동,경상사고,0,0,1,0,차대사람 - 횡단중,보행자보호의무위반,건조,맑음,단일로 - 기타,승용,여,78세,상해없음,보행자,여,38세,경상
2023052100100194,2023년 5월 21일 13시,일요일,대구광역시 달서구 월성동,경상사고,0,0,2,0,차대차 - 기타,안전운전불이행,건조,맑음,교차로 - 교차로안,승용,남,39세,경상,이륜,남,37세,경상
2023052100100195,2023년 5월 21일 13시,일요일,대구광역시 북구 침산동,경상사고,0,0,1,0,차대차 - 정면충돌,신호위반,건조,맑음,단일로 - 기타,이륜,남,24세,기타불명,이륜,남,29세,경상
2023052100100219,2023년 5월 21일 14시,일요일,대구광역시 달성군 화원읍,경상사고,0,0,2,0,차대차 - 정면충돌,안전운전불이행,건조,맑음,교차로 - 교차로안,승용,여,40세,경상,화물,남,58세,경상
2023052100100220,2023년 5월 21일 14시,일요일,대구광역시 북구 산격동,중상사고,0,1,0,0,차대차 - 기타,안전운전불이행,건조,맑음,단일로 - 기타,승용,남,59세,상해없음,자전거,남,63세,중상
2023052100100249,2023년 5월 21일 15시,일요일,대구광역시 남구 대명동,경상사고,0,0,1,0,차대사람 - 기타,기타,건조,맑음,교차로 - 교차로안,승용,남,58세,상해없음,보행자,여,21세,경상
2023052100100250,2023년 5월 21일 15시,일요일,대구광역시 달서구 상인동,경상사고,0,0,2,1,차대차 - 측면충돌,안전거리미확보,건조,맑음,교차로 - 교차로부근,이륜,남,42세,부상신고,승용,남,42세,경상
2023052100100251,2023년 5월 21일 15시,일요일,대구광역시 달성군 화원읍,경상사고,0,0,2,0,차대차 - 측면충돌,안전운전불이행,건조,맑음,교차로 - 교차로횡단보도내,승용,남,57세,상해없음,자전거,남,62세,경상
2023052100100252,2023년 5월 21일 15시,일요일,대구광역시 북구 서변동,경상사고,0,0,1,0,차대차 - 측면충돌,교차로운행방법위반,건조,맑음,단일로 - 지하차도(도로)내,화물,여,37세,상해없음,승용,여,26세,경상
2023052100100288,2023년 5월 21일 16시,일요일,대구광역시 북구 서변동,부상신고사고,0,0,0,1,차대차 - 측면충돌,안전거리미확보,건조,맑음,단일로 - 기타,화물,남,60세,상해없음,승용,여,64세,부상신고
2023052100100289,2023년 5월 21일 16시,일요일,대구광역시 북구 동천동,경상사고,0,0,2,0,차대차 - 측면충돌,안전운전불이행,건조,맑음,단일로 - 기타,화물,남,60세,경상,화물,남,35세,경상
2023052100100319,2023년 5월 21일 17시,일요일,대구광역시 달성군 유가읍,경상사고,0,0,1,0,차대차 - 기타,안전운전불이행,건조,맑음,단일로 - 기타,화물,남,52세,상해없음,승용,남,23세,경상
2023052100100320,2023년 5월 21일 17시,일요일,대구광역시 달성군 화원읍,경상사고,0,0,3,0,차대차 - 추돌,안전운전불이행,건조,맑음,단일로 - 기타,승용,남,61세,상해없음,승용,여,63세,경상
2023052100100321,2023년 5월 21일 17시,일요일,대구광역시 서구 중리동,경상사고,0,0,1,0,차대사람 - 기타,안전운전불이행,건조,맑음,단일로 - 기타,승용,남,61세,상해없음,보행자,남,37세,경상
2023052100100344,2023년 5월 21일 18시,일요일,대구광역시 수성구 범어동,경상사고,0,0,1,0,차대차 - 측면충돌,안전거리미확보,건조,맑음,단일로 - 기타,승용,남,33세,상해없음,승합,남,48세,경상
2023052100100367,2023년 5월 21일 19시,일요일,대구광역시 동구 방촌동,경상사고,0,0,2,0,차대차 - 측면충돌,직진우회전진행방해,건조,맑음,교차로 - 교차로안,원동기,남,22세,상해없음,승합,여,52세,경상
2023052100100368,2023년 5월 21일 19시,일요일,대구광역시 수성구 삼덕동,중상사고,0,1,0,0,차량단독 - 기타,안전운전불이행,건조,맑음,단일로 - 기타,자전거,남,69세,중상,,,,
2023052100100369,2023년 5월 21일 19시,일요일,대구광역시 서구 비산동,경상사고,0,0,2,0,차대사람 - 보도통행중,기타,건조,맑음,단일로 - 기타,원동기,남,23세,상해없음,보행자,남,51세,경상
2023052100100395,2023년 5월 21일 20시,일요일,대구광역시 달성군 다사읍,경상사고,0,0,1,0,차대차 - 기타,안전운전불이행,건조,맑음,단일로 - 기타,이륜,남,18세,경상,승용,남,31세,기타불명
2023052100100430,2023년 5월 21일 21시,일요일,대구광역시 달서구 상인동,경상사고,0,0,1,0,차대사람 - 기타,안전운전불이행,건조,맑음,단일로 - 기타,승용,여,19세,상해없음,보행자,남,65세,경상
2023052100100431,2023년 5월 21일 21시,일요일,대구광역시 달서구 진천동,경상사고,0,0,1,0,차대차 - 기타,교차로운행방법위반,건조,맑음,교차로 - 교차로안,승용,남,63세,상해없음,승용,남,63세,상해없음
2023052100100432,2023년 5월 21일 21시,일요일,대구광역시 북구 침산동,경상사고,0,0,1,0,차대차 - 정면충돌,안전운전불이행,건조,맑음,단일로 - 기타,승용,여,49세,상해없음,자전거,여,25세,경상
2023052100100433,2023년 5월 21일 21시,일요일,대구광역시 중구 태평로1가,부상신고사고,0,0,0,1,차대차 - 측면충돌,신호위반,건조,맑음,단일로 - 기타,기타불명,기타불명,미분류,기타불명,개인형이동수단(PM),남,26세,부상신고
2023052100100434,2023년 5월 21일 21시,일요일,대구광역시 달서구 본리동,중상사고,0,1,0,0,차대차 - 측면충돌,안전거리미확보,건조,기타,단일로 - 기타,승용,여,31세,상해없음,이륜,남,16세,중상
2023052200100035,2023년 5월 22일 06시,월요일,대구광역시 서구 중리동,경상사고,0,0,1,0,차대차 - 측면충돌,안전운전불이행,건조,맑음,단일로 - 기타,화물,남,57세,상해없음,승용,남,64세,상해없음
2023052200100036,2023년 5월 22일 06시,월요일,대구광역시 달서구 성당동,경상사고,0,0,1,0,차대차 - 측면충돌,안전운전불이행,건조,맑음,단일로 - 기타,승용,여,42세,경상,화물,남,53세,상해없음
2023052200100054,2023년 5월 22일 07시,월요일,대구광역시 달서구 본동,경상사고,0,0,2,0,차대차 - 측면충돌,신호위반,건조,맑음,교차로 - 교차로안,화물,남,60세,상해없음,승용,여,52세,경상
2023052200100055,2023년 5월 22일 07시,월요일,대구광역시 북구 침산동,중상사고,0,1,0,0,차대차 - 측면충돌,신호위반,건조,맑음,교차로 - 교차로안,이륜,남,29세,기타불명,이륜,남,65세,중상
2023052200100093,2023년 5월 22일 08시,월요일,대구광역시 달서구 도원동,경상사고,0,0,2,0,차대차 - 추돌,안전거리미확보,건조,맑음,교차로 - 교차로부근,화물,남,45세,상해없음,승용,여,33세,경상
2023052200100094,2023년 5월 22일 08시,월요일,대구광역시 중구 대봉동,경상사고,0,0,1,0,차대차 - 기타,안전운전불이행,건조,맑음,단일로 - 기타,승용,남,60세,상해없음,승용,여,35세,경상
2023052200100096,2023년 5월 22일 08시,월요일,대구광역시 북구 태전동,경상사고,0,0,1,0,차대차 - 추돌,안전운전불이행,건조,맑음,단일로 - 기타,화물,남,62세,상해없음,승용,남,68세,경상
2023052200100126,2023년 5월 22일 09시,월요일,대구광역시 동구 율하동,경상사고,0,0,1,0,차대차 - 측면충돌,직진우회전진행방해,젖음/습기,흐림,교차로 - 교차로안,승용,남,71세,상해없음,자전거,여,59세,경상
2023052200100127,2023년 5월 22일 09시,월요일,대구광역시 수성구 중동,경상사고,0,0,1,0,차대차 - 후진중충돌,안전운전불이행,젖음/습기,맑음,교차로 - 교차로안,승용,남,71세,상해없음,화물,남,53세,경상
2023052200100159,2023년 5월 22일 10시,월요일,대구광역시 수성구 연호동,경상사고,0,0,1,0,차대차 - 기타,안전운전불이행,건조,맑음,기타 - 기타,승용,남,30세,상해없음,승용,남,28세,경상
2023052200100160,2023년 5월 22일 10시,월요일,대구광역시 달성군 현풍읍,경상사고,0,0,1,0,차대차 - 기타,안전운전불이행,건조,맑음,기타 - 기타,승용,여,49세,상해없음,승용,여,29세,경상