사고번호,사고일시,요일,시군구,사고내용,사망자수,중상자수,경상자수,부상신고자수,사고유형,법규위반,노면상태,기상상태,도로형태,가해운전자 차종,가해운전자 성별,가해운전자 연령,가해운전자 상해정도,피해운전자 차종,피해운전자 성별,피해운전자 연령,피해운전자 상해정도
2023052600100072,2023년 5월 26일 07시,금요일,대구광역시 남구 이천동,중상사고,0,1,1,1,차대차 - 추돌,안전거리미확보,건조,맑음,단일로 - 지하차도(도로)내,승용,여,26세,기타불명,승용,남,41세,부상신고
2023052600100120,2023년 5월 26일 08시,금요일,대구광역시 수성구 수성동1가,경상사고,0,0,1,1,차대차 - 측면충돌,안전거리미확보,건조,맑음,단일로 - 기타,승용,여,50세,부상신고,승용,여,33세,경상
2023052600100156,2023년 5월 26일 09시,금요일,대구광역시 수성구 중동,경상사고,0,0,2,0,차대차 - 측면충돌,교차로운행방법위반,건조,맑음,교차로 - 교차로안,승용,남,64세,상해없음,승용,남,38세,경상
2023052600100157,2023년 5월 26일 09시,금요일,대구광역시 북구 산격동,경상사고,0,0,1,0,차대차 - 측면충돌,안전거리미확보,건조,맑음,교차로 - 교차로부근,승용,여,65세,기타불명,승용,남,22세,경상
2023052600100158,2023년 5월 26일 09시,금요일,대구광역시 서구 비산동,경상사고,0,0,1,0,차대차 - 추돌,안전운전불이행,건조,맑음,단일로 - 기타,승용,남,42세,기타불명,승용,남,29세,경상
2023052600100159,2023년 5월 26일 09시,금요일,대구광역시 북구 국우동,경상사고,0,0,1,0,차대차 - 측면충돌,안전운전불이행,건조,맑음,교차로 - 교차로횡단보도내,화물,남,63세,상해없음,자전거,여,77세,경상
2023052600100194,2023년 5월 26일 10시,금요일,대구광역시 동구 신천동,경상사고,0,0,2,0,차대차 - 추돌,안전거리미확보,건조,맑음,단일로 - 기타,승용,여,66세,상해없음,승용,여,40세,경상
2023052600100195,2023년 5월 26일 10시,금요일,대구광역시 수성구 상동,경상사고,0,0,1,0,차대차 - 측면충돌,안전운전불이행,건조,맑음,단일로 - 기타,승용,여,57세,상해없음,이륜,남,22세,경상
2023052600100196,2023년 5월 26일 10시,금요일,대구광역시 북구 침산동,경상사고,0,0,1,0,차대차 - 측면충돌,안전거리미확보,건조,맑음,단일로 - 교량,화물,남,31세,상해없음,승용,여,19세,경상
2023052600100197,2023년 5월 26일 10시,금요일,대구광역시 달서구 죽전동,경상사고,0,0,1,0,차대사람 - 기타,안전운전불이행,건조,맑음,교차로 - 교차로부근,승용,여,51세,상해없음,보행자,남,79세,경상
2023052600100236,2023년 5월 26일 11시,금요일,대구광역시 북구 노원동3가,중상사고,0,1,0,0,차대차 - 추돌,안전거리미확보,건조,맑음,단일로 - 기타,승용,남,29세,상해없음,승용,남,35세,중상
2023052600100237,2023년 5월 26일 11시,금요일,대구광역시 서구 원대동1가,경상사고,0,0,2,0,차대차 - 측면충돌,신호위반,건조,맑음,교차로 - 교차로안,이륜,남,59세,경상,승용,남,50세,경상
2023052600100274,2023년 5월 26일 12시,금요일,대구광역시 동구 용계동,중상사고,0,1,0,0,차대차 - 측면충돌,중앙선침범,건조,맑음,교차로 - 교차로부근,승용,여,62세,상해없음,이륜,남,32세,중상
2023052600100275,2023년 5월 26일 12시,금요일,대구광역시 수성구 범물동,경상사고,0,0,1,0,차대차 - 정면충돌,안전운전불이행,건조,맑음,단일로 - 기타,승용,여,53세,상해없음,이륜,남,37세,경상
2023052600100276,2023년 5월 26일 12시,금요일,대구광역시 수성구 상동,부상신고사고,0,0,0,1,차대사람 - 기타,기타,건조,맑음,단일로 - 기타,승합,남,62세,상해없음,보행자,남,79세,부상신고
2023052600100277,2023년 5월 26일 12시,금요일,대구광역시 달서구 상인동,경상사고,0,0,1,0,차대차 - 측면충돌,안전운전불이행,건조,맑음,단일로 - 기타,이륜,남,38세,경상,승용,여,66세,상해없음
2023052600100313,2023년 5월 26일 13시,금요일,대구광역시 수성구 지산동,중상사고,0,1,0,0,차대차 - 추돌,안전거리미확보,건조,맑음,단일로 - 기타,승용,여,51세,상해없음,승용,남,66세,중상
2023052600100314,2023년 5월 26일 13시,금요일,대구광역시 수성구 만촌동,경상사고,0,0,1,0,차대차 - 측면충돌,안전운전불이행,건조,맑음,주차장 - 주차장,승용,남,53세,상해없음,승용,여,47세,경상
2023052600100315,2023년 5월 26일 13시,금요일,대구광역시 달서구 진천동,경상사고,0,0,1,0,차대차 - 기타,안전운전불이행,건조,맑음,단일로 - 기타,승용,남,40세,상해없음,승용,남,27세,경상
2023052600100316,2023년 5월 26일 13시,금요일,대구광역시 달서구 감삼동,중상사고,0,1,0,0,차대차 - 측면충돌,차로위반,건조,맑음,단일로 - 기타,승용,여,58세,상해없음,원동기,남,27세,중상
2023052600100352,2023년 5월 26일 14시,금요일,대구광역시 북구 침산동,경상사고,0,0,1,0,차대차 - 기타,안전운전불이행,건조,맑음,교차로 - 교차로안,자전거,여,81세,경상,화물,남,70세,상해없음
2023052600100392,2023년 5월 26일 15시,금요일,대구광역시 남구 대명동,경상사고,0,0,1,0,차대사람 - 길가장자리구역통행중,안전운전불이행,건조,맑음,단일로 - 기타,화물,남,54세,상해없음,보행자,여,63세,경상
2023052600100393,2023년 5월 26일 15시,금요일,대구광역시 북구 노원동2가,경상사고,0,0,1,0,차대차 - 정면충돌,직진우회전진행방해,건조,맑음,교차로 - 교차로안,승용,남,38세,기타불명,이륜,여,55세,경상
2023052600100427,2023년 5월 26일 16시,금요일,대구광역시 북구 노곡동,경상사고,0,0,2,0,차대차 - 기타,차로위반,건조,맑음,단일로 - 기타,화물,남,57세,상해없음,승용,여,39세,경상
2023052600100431,2023년 5월 26일 16시,금요일,대구광역시 수성구 만촌동,경상사고,0,0,1,0,차대차 - 측면충돌,안전운전불이행,건조,맑음,교차로 - 교차로부근,승용,남,70세,상해없음,개인형이동수단(PM),여,22세,경상
2023052600100432,2023년 5월 26일 16시,금요일,대구광역시 수성구 시지동,경상사고,0,0,1,0,차대차 - 기타,안전거리미확보,건조,맑음,단일로 - 기타,승용,여,24세,상해없음,승용,여,41세,경상
2023052600100433,2023년 5월 26일 16시,금요일,대구광역시 중구 동인동2가,중상사고,0,1,0,0,차대차 - 추돌,안전운전불이행,건조,맑음,단일로 - 기타,승용,여,48세,상해없음,승용,남,65세,중상
2023052600100434,2023년 5월 26일 16시,금요일,대구광역시 북구 읍내동,부상신고사고,0,0,0,1,차대차 - 측면충돌,직진우회전진행방해,건조,맑음,교차로 - 교차로안,승용,남,81세,부상신고,승용,남,23세,상해없음
2023052600100493,2023년 5월 26일 17시,금요일,대구광역시 북구 노곡동,경상사고,0,0,1,1,차대차 - 추돌,안전운전불이행,건조,맑음,단일로 - 기타,승용,남,60세,부상신고,승용,남,50세,경상
2023052600100497,2023년 5월 26일 17시,금요일,대구광역시 달성군 유가읍,경상사고,0,0,1,0,차대차 - 측면충돌,안전운전불이행,건조,맑음,교차로 - 교차로횡단보도내,승용,남,38세,기타불명,이륜,남,47세,경상
2023052600100498,2023년 5월 26일 17시,금요일,대구광역시 중구 동인동1가,경상사고,0,0,1,0,차대차 - 추돌,안전운전불이행,건조,맑음,교차로 - 교차로부근,승용,남,68세,기타불명,승용,여,51세,경상
2023052600100550,2023년 5월 26일 18시,금요일,대구광역시 중구 남산동,경상사고,0,0,1,0,차대사람 - 횡단중,보행자보호의무위반,건조,맑음,단일로 - 기타,승용,남,35세,상해없음,보행자,남,48세,경상
2023052600100551,2023년 5월 26일 18시,금요일,대구광역시 북구 관음동,중상사고,0,1,3,0,차대차 - 정면충돌,안전운전불이행,건조,맑음,교차로 - 교차로안,승용,여,49세,상해없음,승용,남,70세,경상
2023052600100552,2023년 5월 26일 18시,금요일,대구광역시 북구 태전동,경상사고,0,0,1,0,차량단독 - 기타,안전운전불이행,건조,맑음,단일로 - 기타,승합,남,63세,상해없음,,,,
2023052600100597,2023년 5월 26일 19시,금요일,대구광역시 북구 태전동,경상사고,0,0,1,0,차대사람 - 차도통행중,안전운전불이행,건조,맑음,단일로 - 기타,승용,여,42세,상해없음,보행자,남,64세,경상
2023052600100627,2023년 5월 26일 20시,금요일,대구광역시 서구 내당동,경상사고,0,0,1,0,차대사람 - 기타,안전운전불이행,건조,맑음,교차로 - 교차로횡단보도내,승용,남,69세,상해없음,보행자,남,67세,경상
2023052600100628,2023년 5월 26일 20시,금요일,대구광역시 중구 동문동,경상사고,0,0,2,0,차대차 - 측면충돌,안전거리미확보,건조,맑음,교차로 - 교차로부근,승용,남,52세,상해없음,승용,남,22세,경상
2023052600100651,2023년 5월 26일 21시,금요일,대구광역시 남구 대명동,경상사고,0,0,1,0,차대차 - 측면충돌,안전운전불이행,건조,맑음,교차로 - 교차로부근,승용,남,25세,상해없음,승용,여,58세,경상
2023052600100652,2023년 5월 26일 21시,금요일,대구광역시 북구 관음동,경상사고,0,0,2,0,차대차 - 후진중충돌,안전운전불이행,건조,맑음,단일로 - 기타,승용,남,68세,상해없음,승용,여,41세,경상
2023052600100674,2023년 5월 26일 22시,금요일,대구광역시 북구 산격동,경상사고,0,0,1,0,차대차 - 추돌,안전운전불이행,건조,맑음,단일로 - 기타,승용,여,64세,상해없음,승용,남,28세,경상
2023052700100008,2023년 5월 27일 00시,토요일,대구광역시 수성구 수성동4가,경상사고,0,0,1,0,차대차 - 기타,안전운전불이행,건조,맑음,단일로 - 기타,개인형이동수단(PM),남,28세,경상,승용,남,29세,기타불명
2023052700100020,2023년 5월 27일 01시,토요일,대구광역시 수성구 지산동,경상사고,0,0,2,0,차대차 - 측면충돌,안전운전불이행,건조,맑음,미분류 - 미분류,승용,남,51세,상해없음,승용,남,24세,경상
2023052700100032,2023년 5월 27일 02시,토요일,대구광역시 동구 불로동,경상사고,0,0,1,0,차대차 - 추돌,안전운전불이행,건조,맑음,단일로 - 지하차도(도로)내,이륜,남,26세,경상,승용,남,67세,상해없음
2023052700100061,2023년 5월 27일 06시,토요일,대구광역시 동구 신서동,사망사고,1,0,0,0,차대사람 - 횡단중,안전운전불이행,건조,흐림,교차로 - 교차로부근,화물,남,63세,상해없음,보행자,여,83세,사망
2023052700100073,2023년 5월 27일 07시,토요일,대구광역시 북구 칠성동1가,경상사고,0,0,1,0,차대차 - 추돌,안전운전불이행,건조,맑음,단일로 - 기타,승용,남,21세,상해없음,화물,남,58세,경상
2023052700100116,2023년 5월 27일 09시,토요일,대구광역시 달서구 송현동,중상사고,0,1,0,0,차대사람 - 기타,교차로운행방법위반,건조,맑음,교차로 - 교차로안,화물,남,49세,상해없음,보행자,남,82세,중상
2023052700100142,2023년 5월 27일 10시,토요일,대구광역시 달서구 상인동,경상사고,0,0,1,0,차대차 - 기타,신호위반,건조,맑음,교차로 - 교차로부근,승합,여,52세,상해없음,승합,남,58세,상해없음
2023052700100143,2023년 5월 27일 10시,토요일,대구광역시 달성군 옥포읍,경상사고,0,0,1,0,차대차 - 기타,안전운전불이행,건조,맑음,단일로 - 기타,승용,남,79세,경상,화물,남,37세,상해없음
2023052700100181,2023년 5월 27일 11시,토요일,대구광역시 동구 용수동,경상사고,0,0,3,0,차대차 - 측면충돌,안전운전불이행,건조,맑음,단일로 - 기타,승용,여,69세,기타불명,승용,남,36세,경상
2023052700100182,2023년 5월 27일 11시,토요일,대구광역시 달서구 송현동,중상사고,0,1,1,0,차대차 - 추돌,안전운전불이행,건조,맑음,단일로 - 기타,승용,여,68세,상해없음,승용,남,56세,경상
2023052700100223,2023년 5월 27일 12시,토요일,대구광역시 달서구 감삼동,경상사고,0,0,2,0,차대차 - 정면충돌,직진우회전진행방해,건조,맑음,교차로 - 교차로안,승용,남,28세,기타불명,승용,여,41세,경상
2023052700100264,2023년 5월 27일 13시,토요일,대구광역시 동구 동호동,경상사고,0,0,1,0,차대차 - 측면충돌,안전운전불이행,건조,맑음,교차로 - 교차로부근,승용,남,70세,상해없음,자전거,남,69세,경상
2023052700100265,2023년 5월 27일 13시,토요일,대구광역시 동구 용계동,경상사고,0,0,2,0,차대차 - 측면충돌,안전거리미확보,건조,맑음,단일로 - 기타,승용,남,26세,상해없음,승용,남,37세,경상
2023052700100266,2023년 5월 27일 13시,토요일,대구광역시 달서구 대곡동,경상사고,0,0,2,0,차대차 - 추돌,안전운전불이행,건조,맑음,교차로 - 교차로부근,승용,남,69세,상해없음,승용,남,71세,경상
2023052700100299,2023년 5월 27일 14시,토요일,대구광역시 동구 신암동,중상사고,0,1,0,0,차대사람 - 기타,안전운전불이행,건조,맑음,교차로 - 교차로부근,승합,남,29세,상해없음,보행자,남,78세,중상
2023052700100300,2023년 5월 27일 14시,토요일,대구광역시 동구 지묘동,중상사고,0,1,0,0,차대차 - 측면충돌,안전운전불이행,건조,맑음,교차로 - 교차로안,승용,남,56세,상해없음,승용,남,62세,중상
2023052700100301,2023년 5월 27일 14시,토요일,대구광역시 북구 노원동3가,중상사고,0,1,0,0,차대차 - 기타,안전운전불이행,건조,맑음,교차로 - 교차로횡단보도내,자전거,여,61세,중상,승용,남,59세,상해없음
2023052700100339,2023년 5월 27일 15시,토요일,대구광역시 중구 덕산동,경상사고,0,0,1,0,차대사람 - 기타,안전운전불이행,건조,맑음,단일로 - 기타,승용,남,51세,상해없음,보행자,남,27세,경상
2023052700100410,2023년 5월 27일 17시,토요일,대구광역시 달서구 송현동,경상사고,0,0,3,2,차대차 - 후진중충돌,안전운전불이행,건조,맑음,교차로 - 교차로안,승용,남,31세,경상,이륜,남,22세,경상
2023052700100411,2023년 5월 27일 17시,토요일,대구광역시 중구 삼덕동1가,경상사고,0,0,1,0,차대사람 - 기타,안전운전불이행,건조,맑음,교차로 - 교차로부근,승용,남,29세,상해없음,보행자,여,27세,경상
2023052700100439,2023년 5월 27일 18시,토요일,대구광역시 달서구 도원동,경상사고,0,0,2,0,차대차 - 측면충돌,안전운전불이행,건조,맑음,교차로 - 교차로안,승용,남,31세,상해없음,승용,남,33세,경상
2023052700100440,2023년 5월 27일 18시,토요일,대구광역시 달서구 이곡동,경상사고,0,0,1,0,차대차 - 측면충돌,안전거리미확보,건조,맑음,단일로 - 기타,승용,남,55세,상해없음,승합,남,55세,경상
2023052700100473,2023년 5월 27일 19시,토요일,대구광역시 서구 내당동,경상사고,0,0,2,0,차대차 - 측면충돌,중앙선침범,건조,맑음,단일로 - 기타,이륜,남,45세,경상,승용,남,51세,경상
2023052700100474,2023년 5월 27일 19시,토요일,대구광역시 북구 구암동,경상사고,0,0,2,0,차대차 - 측면충돌,직진우회전진행방해,건조,맑음,교차로 - 교차로안,승용,남,19세,상해없음,승용,남,23세,경상
2023052700100513,2023년 5월 27일 20시,토요일,대구광역시 서구 비산동,중상사고,0,1,0,0,차대차 - 측면충돌,안전거리미확보,건조,맑음,기타 - 기타,승용,남,56세,상해없음,이륜,남,50세,중상
2023052700100514,2023년 5월 27일 20시,토요일,대구광역시 서구 내당동,경상사고,0,0,1,0,차대차 - 후진중충돌,안전운전불이행,건조,맑음,교차로 - 교차로안,승용,남,55세,상해없음,이륜,남,36세,경상
2023052700100515,2023년 5월 27일 20시,토요일,대구광역시 북구 구암동,경상사고,0,0,1,0,차대차 - 측면충돌,불법유턴,건조,맑음,단일로 - 기타,승용,남,81세,상해없음,이륜,남,23세,경상
2023052700100553,2023년 5월 27일 21시,토요일,대구광역시 수성구 신매동,경상사고,0,0,2,0,차대차 - 측면충돌,안전거리미확보,건조,맑음,단일로 - 기타,승용,여,42세,경상,승용,남,62세,경상
2023052700100554,2023년 5월 27일 21시,토요일,대구광역시 수성구 중동,경상사고,0,0,1,0,차대사람 - 길가장자리구역통행중,기타,건조,맑음,단일로 - 기타,승용,여,57세,상해없음,보행자,남,60세,경상
2023052700100583,2023년 5월 27일 22시,토요일,대구광역시 동구 동호동,경상사고,0,0,1,0,차대차 - 측면충돌,안전운전불이행,건조,맑음,교차로 - 교차로안,승용,남,62세,상해없음,이륜,남,17세,경상
2023052700100584,2023년 5월 27일 22시,토요일,대구광역시 달서구 상인동,경상사고,0,0,1,0,차대사람 - 기타,안전운전불이행,건조,맑음,교차로 - 교차로안,승용,남,18세,상해없음,보행자,남,26세,경상
2023052700100585,2023년 5월 27일 22시,토요일,대구광역시 중구 삼덕동1가,경상사고,0,0,1,0,차대사람 - 차도통행중,안전운전불이행,건조,맑음,단일로 - 기타,승용,남,28세,상해없음,보행자,남,22세,경상
2023052700100596,2023년 5월 27일 23시,토요일,대구광역시 수성구 중동,경상사고,0,0,1,1,차대사람 - 횡단중,안전운전불이행,건조,맑음,단일로 - 기타,이륜,남,51세,부상신고,보행자,여,62세,경상
2023052800100057,2023년 5월 28일 05시,일요일,대구광역시 서구 내당동,중상사고,0,2,0,0,차대차 - 측면충돌,안전운전불이행,건조,맑음,단일로 - 기타,승용,남,56세,중상,승용,남,49세,기타불명
2023052800100058,2023년 5월 28일 05시,일요일,대구광역시 중구 삼덕동1가,부상신고사고,0,0,0,1,차대사람 - 기타,안전운전불이행,젖음/습기,비,단일로 - 기타,승용,남,25세,상해없음,보행자,여,25세,부상신고
2023052800100086,2023년 5월 28일 08시,일요일,대구광역시 남구 봉덕동,경상사고,0,0,1,0,차대차 - 측면충돌,안전운전불이행,건조,맑음,교차로 - 교차로안,승용,남,67세,상해없음,승용,남,76세,경상
2023052800100087,2023년 5월 28일 08시,일요일,대구광역시 북구 대현동,경상사고,0,0,1,0,차대차 - 측면충돌,교차로운행방법위반,젖음/습기,비,교차로 - 교차로안,승용,남,63세,상해없음,승용,남,58세,경상
2023052800100117,2023년 5월 28일 10시,일요일,대구광역시 달서구 상인동,경상사고,0,0,1,0,차대차 - 측면충돌,직진우회전진행방해,건조,맑음,교차로 - 교차로안,이륜,남,31세,경상,승용,남,45세,상해없음
2023052800100161,2023년 5월 28일 12시,일요일,대구광역시 동구 덕곡동,경상사고,0,0,3,0,차대차 - 측면충돌,안전운전불이행,건조,맑음,교차로 - 교차로안,승용,남,78세,상해없음,승용,여,53세,경상
2023052800100162,2023년 5월 28일 12시,일요일,대구광역시 중구 남산동,경상사고,0,0,1,0,차대차 - 정면충돌,신호위반,건조,맑음,단일로 - 기타,이륜,남,29세,상해없음,승용,남,30세,경상
2023052800100191,2023년 5월 28일 13시,일요일,대구광역시 북구 침산동,부상신고사고,0,0,0,1,차대차 - 기타,안전운전불이행,건조,맑음,단일로 - 기타,자전거,남,76세,기타불명,자전거,남,54세,부상신고
2023052800100221,2023년 5월 28일 14시,일요일,대구광역시 수성구 두산동,경상사고,0,0,1,0,차대차 - 측면충돌,안전운전불이행,건조,맑음,주차장 - 주차장,승용,여,47세,상해없음,승용,남,55세,경상
2023052800100258,2023년 5월 28일 15시,일요일,대구광역시 수성구 중동,경상사고,0,0,1,0,차대차 - 추돌,안전운전불이행,건조,맑음,단일로 - 기타,승용,여,75세,기타불명,승용,여,61세,경상
2023052800100286,2023년 5월 28일 16시,일요일,대구광역시 수성구 만촌동,부상신고사고,0,0,0,1,차대차 - 기타,안전운전불이행,젖음/습기,비,단일로 - 기타,이륜,남,32세,부상신고,승용,여,42세,상해없음
2023052800100287,2023년 5월 28일 16시,일요일,대구광역시 달성군 유가읍,경상사고,0,0,1,0,차대사람 - 횡단중,보행자보호의무위반,건조,맑음,교차로 - 교차로안,승용,여,34세,상해없음,보행자,남,26세,경상
2023052800100288,2023년 5월 28일 16시,일요일,대구광역시 북구 관음동,경상사고,0,0,2,0,차대차 - 측면충돌,안전거리미확보,건조,맑음,단일로 - 기타,승용,남,65세,경상,승합,남,42세,경상
2023052800100307,2023년 5월 28일 17시,일요일,대구광역시 북구 대현동,중상사고,0,1,0,0,차대차 - 측면충돌,안전거리미확보,젖음/습기,비,단일로 - 기타,승용,남,25세,상해없음,이륜,남,37세,중상
2023052800100308,2023년 5월 28일 17시,일요일,대구광역시 달서구 용산동,경상사고,0,0,2,0,차대차 - 기타,안전운전불이행,건조,맑음,기타 - 기타,승용,남,63세,상해없음,승용,남,34세,경상
2023052800100327,2023년 5월 28일 18시,일요일,대구광역시 북구 팔달동,경상사고,0,0,3,0,차대차 - 측면충돌,안전거리미확보,젖음/습기,흐림,단일로 - 기타,승용,남,65세,경상,승용,남,32세,경상
2023052800100351,2023년 5월 28일 19시,일요일,대구광역시 동구 신암동,부상신고사고,0,0,0,1,차대차 - 기타,안전운전불이행,건조,맑음,교차로 - 교차로안,승용,여,47세,상해없음,화물,남,46세,부상신고
2023052800100352,2023년 5월 28일 19시,일요일,대구광역시 달서구 송현동,경상사고,0,0,2,0,차대차 - 측면충돌,신호위반,건조,맑음,교차로 - 교차로부근,승용,남,55세,상해없음,승용,남,41세,경상
2023052800100422,2023년 5월 28일 21시,일요일,대구광역시 북구 산격동,부상신고사고,0,0,0,1,차대차 - 기타,안전운전불이행,젖음/습기,비,단일로 - 기타,이륜,남,29세,부상신고,이륜,남,21세,상해없음
2023052800100423,2023년 5월 28일 21시,일요일,대구광역시 북구 대현동,경상사고,0,0,2,0,차량단독 - 기타,안전운전불이행,젖음/습기,비,단일로 - 기타,승용,남,64세,상해없음,,,,
2023052800100448,2023년 5월 28일 22시,일요일,대구광역시 달서구 송현동,경상사고,0,0,1,0,차대사람 - 횡단중,보행자보호의무위반,젖음/습기,비,교차로 - 교차로횡단보도내,이륜,남,28세,상해없음,보행자,여,64세,경상
2023052800100449,2023년 5월 28일 22시,일요일,대구광역시 달성군 다사읍,경상사고,0,0,1,0,차대사람 - 횡단중,보행자보호의무위반,젖음/습기,비,교차로 - 교차로안,이륜,남,17세,상해없음,보행자,남,66세,경상
2023052900100034,2023년 5월 29일 03시,월요일,대구광역시 중구 교동,경상사고,0,0,2,0,차대차 - 기타,신호위반,젖음/습기,비,교차로 - 교차로안,승용,남,49세,상해없음,승용,남,30세,경상
2023052900100047,2023년 5월 29일 05시,월요일,대구광역시 남구 대명동,부상신고사고,0,0,0,1,차대사람 - 횡단중,안전운전불이행,젖음/습기,비,교차로 - 교차로횡단보도내,기타불명,기타불명,미분류,기타불명,보행자,남,23세,부상신고
2023052900100048,2023년 5월 29일 05시,월요일,대구광역시 북구 태전동,부상신고사고,0,0,0,1,차량단독 - 공작물충돌,안전운전불이행,젖음/습기,비,단일로 - 지하차도(도로)내,승용,남,61세,부상신고,,,,
2023052900100059,2023년 5월 29일 06시,월요일,대구광역시 서구 비산동,경상사고,0,0,1,0,차대차 - 추돌,안전운전불이행,건조,맑음,단일로 - 기타,승용,남,65세,상해없음,화물,남,54세,상해없음
2023052900100154,2023년 5월 29일 12시,월요일,대구광역시 동구 신암동,경상사고,0,0,1,0,차대사람 - 횡단중,기타,건조,맑음,단일로 - 기타,승용,남,79세,상해없음,보행자,남,31세,경상
2023052900100178,2023년 5월 29일 13시,월요일,대구광역시 남구 봉덕동,경상사고,0,0,1,0,차대차 - 측면충돌,안전운전불이행,젖음/습기,비,단일로 - 기타,승용,남,30세,상해없음,이륜,남,26세,경상
2023052900100179,2023년 5월 29일 13시,월요일,대구광역시 수성구 시지동,경상사고,0,0,1,0,차대사람 - 길가장자리구역통행중,안전운전불이행,젖음/습기,비,단일로 - 기타,승용,여,70세,상해없음,보행자,남,33세,경상
2023052900100219,2023년 5월 29일 14시,월요일,대구광역시 달서구 상인동,부상신고사고,0,0,0,1,차대차 - 기타,안전운전불이행,건조,맑음,단일로 - 기타,이륜,남,49세,부상신고,기타불명,기타불명,미분류,기타불명
2023052900100220,2023년 5월 29일 14시,월요일,대구광역시 북구 동천동,경상사고,0,0,1,0,차대차 - 측면충돌,안전운전불이행,젖음/습기,비,교차로 - 교차로안,화물,남,50세,상해없음,승용,여,37세,경상
2023052900100286,2023년 5월 29일 16시,월요일,대구광역시 달성군 다사읍,경상사고,0,0,3,0,차대차 - 기타,안전운전불이행,건조,맑음,기타 - 기타,승용,여,21세,상해없음,승용,여,27세,경상
2023052900100287,2023년 5월 29일 16시,월요일,대구광역시 서구 중리동,경상사고,0,0,5,0,차대차 - 측면충돌,중앙선침범,건조,맑음,단일로 - 기타,승용,남,23세,상해없음,승용,남,36세,경상
2023052900100324,2023년 5월 29일 17시,월요일,대구광역시 동구 중대동,중상사고,0,1,2,0,차대차 - 정면충돌,중앙선침범,젖음/습기,비,단일로 - 기타,승용,남,26세,경상,승용,남,60세,경상
2023052900100325,2023년 5월 29일 17시,월요일,대구광역시 달성군 화원읍,경상사고,0,0,1,0,차대차 - 기타,안전운전불이행,젖음/습기,비,단일로 - 기타,승합,남,43세,상해없음,승용,남,32세,경상
2023052900100326,2023년 5월 29일 17시,월요일,대구광역시 북구 침산동,중상사고,0,1,0,0,차대차 - 측면충돌,기타,젖음/습기,비,단일로 - 기타,이륜,남,33세,기타불명,자전거,남,69세,중상
2023052900100327,2023년 5월 29일 17시,월요일,대구광역시 서구 원대동3가,경상사고,0,0,1,0,차대차 - 측면충돌,안전운전불이행,건조,맑음,교차로 - 교차로부근,화물,남,52세,상해없음,자전거,여,64세,경상
2023052900100328,2023년 5월 29일 17시,월요일,대구광역시 북구 읍내동,경상사고,0,0,1,0,차대차 - 측면충돌,교차로운행방법위반,젖음/습기,비,교차로 - 교차로안,승용,남,51세,경상,이륜,남,17세,상해없음
2023052900100372,2023년 5월 29일 18시,월요일,대구광역시 달성군 현풍읍,경상사고,0,0,2,0,차대차 - 추돌,안전운전불이행,건조,맑음,기타 - 기타,화물,남,56세,상해없음,승용,남,43세,경상
2023052900100398,2023년 5월 29일 19시,월요일,대구광역시 달서구 본리동,중상사고,0,1,0,0,차대차 - 기타,안전운전불이행,건조,맑음,교차로 - 교차로부근,기타불명,기타불명,미분류,기타불명,자전거,여,25세,중상
2023052900100421,2023년 5월 29일 20시,월요일,대구광역시 동구 신천동,중상사고,0,1,0,0,차대차 - 측면충돌,안전거리미확보,건조,맑음,단일로 - 지하차도(도로)내,승용,남,61세,상해없음,승용,남,69세,중상
2023052900100422,2023년 5월 29일 20시,월요일,대구광역시 북구 침산동,경상사고,0,0,1,0,차대사람 - 기타,안전운전불이행,건조,맑음,단일로 - 기타,승합,남,50세,기타불명,보행자,남,72세,경상
2023052900100439,2023년 5월 29일 21시,월요일,대구광역시 수성구 신매동,중상사고,0,1,0,0,차량단독 - 기타,안전운전불이행,젖음/습기,비,교차로 - 교차로부근,승합,남,57세,상해없음,,,,
2023052900100460,2023년 5월 29일 22시,월요일,대구광역시 남구 대명동,경상사고,0,0,2,0,차량단독 - 기타,안전운전불이행,건조,맑음,단일로 - 기타,승용,남,54세,상해없음,,,,
2023052900100470,2023년 5월 29일 23시,월요일,대구광역시 동구 불로동,경상사고,0,0,2,0,차대차 - 정면충돌,신호위반,젖음/습기,비,교차로 - 교차로안,승용,남,61세,기타불명,승용,남,30세,경상
2023052900100471,2023년 5월 29일 23시,월요일,대구광역시 수성구 범어동,경상사고,0,0,1,0,차대차 - 추돌,안전운전불이행,건조,맑음,단일로 - 기타,승용,남,62세,상해없음,승용,남,34세,경상
2023053000100009,2023년 5월 30일 00시,화요일,대구광역시 남구 봉덕동,경상사고,0,0,3,0,차대차 - 측면충돌,신호위반,건조,맑음,교차로 - 교차로안,승용,여,49세,상해없음,승용,남,29세,경상
2023053000100102,2023년 5월 30일 08시,화요일,대구광역시 수성구 가천동,중상사고,0,1,2,0,차대차 - 추돌,안전운전불이행,건조,맑음,단일로 - 기타,승용,남,24세,경상,승용,남,34세,상해없음
2023053000100103,2023년 5월 30일 08시,화요일,대구광역시 수성구 수성동4가,경상사고,0,0,1,0,차대차 - 기타,안전운전불이행,건조,맑음,교차로 - 교차로부근,승용,여,38세,상해없음,승용,남,27세,경상
2023053000100147,2023년 5월 30일 09시,화요일,대구광역시 동구 불로동,경상사고,0,0,3,0,차대차 - 측면충돌,안전거리미확보,건조,맑음,교차로 - 교차로부근,승용,여,46세,경상,화물,남,26세,경상