사고번호,사고일시,요일,시군구,사고내용,사망자수,중상자수,경상자수,부상신고자수,사고유형,법규위반,노면상태,기상상태,도로형태,가해운전자 차종,가해운전자 성별,가해운전자 연령,가해운전자 상해정도,피해운전자 차종,피해운전자 성별,피해운전자 연령,피해운전자 상해정도
2023060700100100,2023년 6월 7일 08시,수요일,대구광역시 동구 신암동,중상사고,0,1,0,0,차대차 - 측면충돌,안전운전불이행,건조,맑음,교차로 - 교차로안,승용,남,46세,상해없음,자전거,남,54세,중상
2023060700100101,2023년 6월 7일 08시,수요일,대구광역시 달서구 대곡동,경상사고,0,0,1,0,차대사람 - 기타,안전운전불이행,건조,맑음,단일로 - 기타,승용,남,62세,상해없음,보행자,남,46세,경상
2023060700100102,2023년 6월 7일 08시,수요일,대구광역시 달서구 대천동,경상사고,0,0,1,0,차대사람 - 횡단중,안전운전불이행,건조,맑음,단일로 - 기타,승용,여,43세,상해없음,보행자,남,38세,경상
2023060700100103,2023년 6월 7일 08시,수요일,대구광역시 북구 산격동,경상사고,0,0,1,0,차대차 - 추돌,안전운전불이행,건조,맑음,단일로 - 기타,승합,남,71세,상해없음,승용,남,65세,경상
2023060700100145,2023년 6월 7일 09시,수요일,대구광역시 달서구 상인동,경상사고,0,0,1,0,차대차 - 측면충돌,안전거리미확보,건조,맑음,단일로 - 기타,승용,남,78세,상해없음,승용,남,50세,경상
2023060700100146,2023년 6월 7일 09시,수요일,대구광역시 북구 칠성동2가,경상사고,0,0,1,0,차대차 - 측면충돌,안전거리미확보,건조,맑음,단일로 - 기타,승용,남,31세,상해없음,화물,남,60세,경상
2023060700100185,2023년 6월 7일 10시,수요일,대구광역시 동구 봉무동,경상사고,0,0,1,0,차대차 - 측면충돌,안전거리미확보,건조,맑음,단일로 - 기타,화물,남,75세,상해없음,화물,남,37세,경상
2023060700100217,2023년 6월 7일 11시,수요일,대구광역시 북구 서변동,경상사고,0,0,1,0,차대차 - 측면충돌,신호위반,건조,맑음,교차로 - 교차로안,승용,남,63세,상해없음,승용,여,31세,경상
2023060700100252,2023년 6월 7일 12시,수요일,대구광역시 수성구 대흥동,경상사고,0,0,2,0,차대차 - 측면충돌,안전거리미확보,건조,맑음,단일로 - 기타,승용,여,49세,상해없음,승용,남,31세,경상
2023060700100281,2023년 6월 7일 13시,수요일,대구광역시 동구 신천동,경상사고,0,0,1,0,차대차 - 추돌,안전운전불이행,건조,맑음,단일로 - 기타,승용,남,76세,상해없음,이륜,남,39세,경상
2023060700100313,2023년 6월 7일 14시,수요일,대구광역시 동구 신기동,중상사고,0,1,1,0,차대사람 - 차도통행중,안전운전불이행,건조,맑음,단일로 - 기타,이륜,남,41세,경상,보행자,남,64세,중상
2023060700100314,2023년 6월 7일 14시,수요일,대구광역시 동구 봉무동,경상사고,0,0,4,0,차대차 - 측면충돌,안전운전불이행,건조,맑음,단일로 - 기타,원동기,남,68세,경상,승용,여,52세,경상
2023060700100315,2023년 6월 7일 14시,수요일,대구광역시 달서구 유천동,경상사고,0,0,1,0,차대사람 - 차도통행중,안전운전불이행,건조,맑음,단일로 - 기타,승용,남,73세,상해없음,보행자,여,24세,경상
2023060700100316,2023년 6월 7일 14시,수요일,대구광역시 북구 관음동,경상사고,0,0,1,0,차대사람 - 횡단중,보행자보호의무위반,건조,맑음,교차로 - 교차로횡단보도내,승용,남,68세,상해없음,보행자,여,8세,경상
2023060700100401,2023년 6월 7일 16시,수요일,대구광역시 수성구 지산동,중상사고,0,1,1,0,차대사람 - 횡단중,안전운전불이행,건조,맑음,단일로 - 기타,자전거,여,65세,중상,보행자,여,16세,경상
2023060700100443,2023년 6월 7일 17시,수요일,대구광역시 동구 도동,중상사고,0,1,0,0,차대사람 - 기타,안전운전불이행,건조,맑음,단일로 - 기타,승용,여,68세,상해없음,보행자,남,68세,중상
2023060700100444,2023년 6월 7일 17시,수요일,대구광역시 동구 신암동,경상사고,0,0,3,0,차대차 - 추돌,안전운전불이행,건조,맑음,단일로 - 기타,승용,여,55세,상해없음,승용,여,38세,경상
2023060700100445,2023년 6월 7일 17시,수요일,대구광역시 수성구 시지동,경상사고,0,0,1,0,차대사람 - 보도통행중,기타,건조,맑음,기타 - 기타,이륜,남,59세,상해없음,보행자,여,9세,경상
2023060700100446,2023년 6월 7일 17시,수요일,대구광역시 달서구 상인동,경상사고,0,0,1,0,차대차 - 기타,안전운전불이행,건조,맑음,단일로 - 기타,자전거,남,13세,경상,화물,기타불명,98세 이상,기타불명
2023060700100487,2023년 6월 7일 18시,수요일,대구광역시 동구 불로동,경상사고,0,0,3,0,차대차 - 기타,교차로운행방법위반,건조,맑음,교차로 - 교차로안,승용,남,22세,상해없음,승용,여,58세,경상
2023060700100488,2023년 6월 7일 18시,수요일,대구광역시 동구 방촌동,경상사고,0,0,1,0,차대사람 - 기타,안전운전불이행,건조,맑음,교차로 - 교차로안,승용,여,65세,기타불명,보행자,남,50세,경상
2023060700100489,2023년 6월 7일 18시,수요일,대구광역시 수성구 범어동,경상사고,0,0,1,0,차대차 - 측면충돌,안전운전불이행,건조,맑음,교차로 - 교차로부근,이륜,남,56세,상해없음,이륜,남,32세,경상
2023060700100490,2023년 6월 7일 18시,수요일,대구광역시 달서구 송현동,중상사고,0,1,0,0,차대사람 - 길가장자리구역통행중,안전운전불이행,건조,맑음,단일로 - 기타,승용,남,55세,상해없음,보행자,여,33세,중상
2023060700100491,2023년 6월 7일 18시,수요일,대구광역시 달성군 다사읍,중상사고,0,1,1,0,차대차 - 추돌,중앙선침범,건조,맑음,단일로 - 기타,이륜,남,16세,중상,승용,남,30세,경상
2023060700100492,2023년 6월 7일 18시,수요일,대구광역시 서구 비산동,경상사고,0,0,1,0,차대사람 - 보도통행중,안전운전불이행,건조,맑음,단일로 - 기타,자전거,여,53세,상해없음,보행자,남,7세,경상
2023060700100520,2023년 6월 7일 19시,수요일,대구광역시 동구 지묘동,중상사고,0,1,2,0,차대차 - 추돌,교차로운행방법위반,건조,맑음,단일로 - 기타,승용,남,64세,경상,화물,남,65세,중상
2023060700100521,2023년 6월 7일 19시,수요일,대구광역시 수성구 만촌동,경상사고,0,0,1,0,차대차 - 추돌,안전운전불이행,건조,맑음,단일로 - 기타,승용,여,52세,상해없음,승용,여,37세,경상
2023060700100549,2023년 6월 7일 20시,수요일,대구광역시 북구 동천동,경상사고,0,0,1,0,차대사람 - 횡단중,신호위반,건조,맑음,교차로 - 교차로횡단보도내,승용,여,54세,상해없음,보행자,남,3세,경상
2023060700100572,2023년 6월 7일 21시,수요일,대구광역시 동구 신천동,중상사고,0,1,0,0,차대차 - 측면충돌,교차로운행방법위반,건조,맑음,교차로 - 교차로부근,승용,남,24세,상해없음,이륜,남,27세,중상
2023060700100593,2023년 6월 7일 22시,수요일,대구광역시 수성구 만촌동,중상사고,0,1,0,0,차대사람 - 기타,안전운전불이행,건조,기타,기타 - 기타,승용,여,55세,상해없음,보행자,남,66세,중상
2023060700100594,2023년 6월 7일 22시,수요일,대구광역시 수성구 범어동,경상사고,0,0,2,0,차대차 - 추돌,안전운전불이행,건조,기타,기타 - 기타,승용,남,45세,상해없음,승용,남,32세,경상
2023060700100595,2023년 6월 7일 22시,수요일,대구광역시 달성군 옥포읍,경상사고,0,0,2,0,차대차 - 기타,안전운전불이행,건조,맑음,교차로 - 교차로안,승용,여,65세,경상,승용,남,45세,경상
2023060700100596,2023년 6월 7일 22시,수요일,대구광역시 서구 평리동,경상사고,0,0,2,0,차대차 - 추돌,안전운전불이행,건조,맑음,단일로 - 기타,승합,남,62세,상해없음,승용,여,53세,경상
2023060800100077,2023년 6월 8일 07시,목요일,대구광역시 북구 동변동,경상사고,0,0,3,0,차대차 - 측면충돌,안전운전불이행,건조,맑음,단일로 - 기타,승용,여,54세,경상,승용,남,50세,경상
2023060800100111,2023년 6월 8일 08시,목요일,대구광역시 동구 검사동,중상사고,0,1,0,0,차대차 - 측면충돌,안전운전불이행,건조,맑음,교차로 - 교차로안,이륜,남,17세,중상,화물,남,48세,상해없음
2023060800100112,2023년 6월 8일 08시,목요일,대구광역시 북구 태전동,경상사고,0,0,2,0,차대차 - 기타,안전운전불이행,건조,맑음,교차로 - 교차로부근,승용,여,41세,경상,이륜,남,68세,경상
2023060800100150,2023년 6월 8일 09시,목요일,대구광역시 달성군 구지면,경상사고,0,0,2,0,차대차 - 기타,안전운전불이행,건조,맑음,교차로 - 교차로안,승용,남,22세,경상,화물,남,65세,경상
2023060800100151,2023년 6월 8일 09시,목요일,대구광역시 북구 구암동,부상신고사고,0,0,0,1,차대차 - 기타,안전운전불이행,건조,맑음,기타 - 기타,자전거,여,66세,부상신고,승용,여,50세,상해없음
2023060800100184,2023년 6월 8일 10시,목요일,대구광역시 남구 대명동,경상사고,0,0,1,0,차대차 - 측면충돌,안전운전불이행,건조,맑음,단일로 - 기타,승용,남,63세,상해없음,승용,여,39세,경상
2023060800100185,2023년 6월 8일 10시,목요일,대구광역시 수성구 지산동,경상사고,0,0,1,0,차대차 - 기타,안전거리미확보,건조,맑음,단일로 - 기타,승용,남,62세,상해없음,승용,여,38세,상해없음
2023060800100186,2023년 6월 8일 10시,목요일,대구광역시 달서구 장동,중상사고,0,1,2,1,차대차 - 기타,안전운전불이행,건조,맑음,기타 - 기타,승용,남,76세,경상,승용,남,53세,경상
2023060800100187,2023년 6월 8일 10시,목요일,대구광역시 북구 학정동,경상사고,0,0,2,0,차대차 - 추돌,안전운전불이행,건조,맑음,단일로 - 기타,화물,남,42세,경상,승합,남,59세,경상
2023060800100208,2023년 6월 8일 11시,목요일,대구광역시 동구 검사동,경상사고,0,0,1,0,차대차 - 측면충돌,안전운전불이행,건조,맑음,교차로 - 교차로부근,승용,남,59세,상해없음,이륜,남,23세,경상
2023060800100294,2023년 6월 8일 14시,목요일,대구광역시 북구 노원동3가,중상사고,0,1,0,0,차대사람 - 보도통행중,안전운전불이행,건조,맑음,교차로 - 교차로부근,자전거,남,89세,상해없음,보행자,여,80세,중상
2023060800100322,2023년 6월 8일 15시,목요일,대구광역시 서구 원대동3가,경상사고,0,0,1,0,차대사람 - 차도통행중,안전운전불이행,건조,맑음,교차로 - 교차로부근,승용,여,43세,상해없음,보행자,남,68세,경상
2023060800100356,2023년 6월 8일 16시,목요일,대구광역시 동구 신천동,경상사고,0,0,2,0,차대차 - 추돌,안전운전불이행,건조,맑음,단일로 - 교량,승용,여,61세,상해없음,승용,남,49세,경상
2023060800100357,2023년 6월 8일 16시,목요일,대구광역시 달서구 유천동,부상신고사고,0,0,0,1,차대사람 - 횡단중,보행자보호의무위반,건조,맑음,단일로 - 기타,승용,여,36세,상해없음,보행자,여,4세,부상신고
2023060800100398,2023년 6월 8일 17시,목요일,대구광역시 수성구 범어동,경상사고,0,0,1,0,차대차 - 기타,안전운전불이행,건조,맑음,교차로 - 교차로부근,이륜,남,33세,경상,승용,여,61세,상해없음
2023060800100431,2023년 6월 8일 18시,목요일,대구광역시 동구 신서동,경상사고,0,0,2,0,차량단독 - 기타,안전운전불이행,건조,맑음,단일로 - 기타,이륜,남,16세,경상,,,,
2023060800100432,2023년 6월 8일 18시,목요일,대구광역시 수성구 지산동,경상사고,0,0,1,0,차대차 - 측면충돌,직진우회전진행방해,건조,맑음,교차로 - 교차로안,승용,여,58세,상해없음,승용,남,33세,경상
2023060800100433,2023년 6월 8일 18시,목요일,대구광역시 서구 평리동,경상사고,0,0,1,0,차대차 - 추돌,안전거리미확보,건조,맑음,단일로 - 기타,승용,남,63세,상해없음,승용,남,25세,경상
2023060800100434,2023년 6월 8일 18시,목요일,대구광역시 북구 구암동,경상사고,0,0,2,0,차대차 - 측면충돌,직진우회전진행방해,건조,맑음,교차로 - 교차로안,승용,여,60세,경상,이륜,남,25세,경상
2023060800100435,2023년 6월 8일 18시,목요일,대구광역시 북구 학정동,경상사고,0,0,3,0,차대차 - 후진중충돌,불법유턴,건조,맑음,교차로 - 교차로부근,승용,남,45세,상해없음,승용,남,28세,경상
2023060800100491,2023년 6월 8일 20시,목요일,대구광역시 북구 복현동,경상사고,0,0,2,0,차대차 - 정면충돌,신호위반,건조,맑음,교차로 - 교차로안,이륜,남,42세,기타불명,승용,여,42세,경상
2023060800100529,2023년 6월 8일 21시,목요일,대구광역시 동구 신암동,경상사고,0,0,2,0,차대차 - 추돌,안전거리미확보,건조,맑음,단일로 - 기타,승용,남,37세,상해없음,승용,여,57세,경상
2023060800100530,2023년 6월 8일 21시,목요일,대구광역시 수성구 두산동,경상사고,0,0,2,0,차대차 - 기타,안전운전불이행,건조,맑음,단일로 - 기타,승용,남,62세,경상,승용,남,45세,경상
2023060800100570,2023년 6월 8일 23시,목요일,대구광역시 남구 대명동,경상사고,0,0,1,0,차대사람 - 횡단중,보행자보호의무위반,건조,맑음,교차로 - 교차로안,승용,남,70세,상해없음,보행자,여,23세,경상
2023060800100571,2023년 6월 8일 23시,목요일,대구광역시 달성군 다사읍,경상사고,0,0,3,0,차대사람 - 기타,안전운전불이행,건조,맑음,기타 - 기타,이륜,남,18세,상해없음,보행자,여,61세,경상
2023060900100017,2023년 6월 9일 00시,금요일,대구광역시 북구 침산동,경상사고,0,0,2,0,차대차 - 추돌,안전운전불이행,건조,맑음,교차로 - 교차로안,승용,남,41세,상해없음,승용,여,21세,경상
2023060900100026,2023년 6월 9일 01시,금요일,대구광역시 서구 평리동,경상사고,0,0,1,0,차대차 - 추돌,안전운전불이행,건조,맑음,교차로 - 교차로부근,화물,남,74세,상해없음,이륜,남,50세,경상
2023060900100069,2023년 6월 9일 07시,금요일,대구광역시 달성군 구지면,경상사고,0,0,1,0,차대차 - 측면충돌,안전운전불이행,건조,맑음,교차로 - 교차로안,자전거,여,29세,경상,승용,남,29세,상해없음
2023060900100101,2023년 6월 9일 08시,금요일,대구광역시 북구 태전동,경상사고,0,0,1,0,차대차 - 측면충돌,안전운전불이행,건조,맑음,단일로 - 기타,이륜,남,44세,경상,화물,남,53세,상해없음
2023060900100140,2023년 6월 9일 09시,금요일,대구광역시 동구 신암동,경상사고,0,0,1,0,차대사람 - 길가장자리구역통행중,보행자보호의무위반,건조,맑음,단일로 - 지하차도(도로)내,승용,남,55세,상해없음,보행자,남,48세,경상
2023060900100141,2023년 6월 9일 09시,금요일,대구광역시 달성군 화원읍,중상사고,0,1,0,0,차대차 - 기타,안전운전불이행,건조,맑음,단일로 - 기타,자전거,여,46세,중상,승용,남,65세,상해없음
2023060900100142,2023년 6월 9일 09시,금요일,대구광역시 중구 덕산동,중상사고,0,1,0,0,차대차 - 기타,안전거리미확보,건조,맑음,교차로 - 교차로부근,승용,여,37세,상해없음,승용,남,30세,중상
2023060900100178,2023년 6월 9일 10시,금요일,대구광역시 동구 율하동,경상사고,0,0,1,0,차대차 - 측면충돌,안전거리미확보,건조,맑음,단일로 - 기타,승용,남,76세,상해없음,승용,여,34세,경상
2023060900100212,2023년 6월 9일 11시,금요일,대구광역시 북구 관음동,경상사고,0,0,1,0,차대차 - 측면충돌,안전운전불이행,건조,맑음,기타 - 기타,승용,여,52세,상해없음,승용,남,40세,경상
2023060900100216,2023년 6월 9일 11시,금요일,대구광역시 동구 율하동,경상사고,0,0,1,0,차대차 - 측면충돌,신호위반,건조,맑음,교차로 - 교차로안,승용,남,44세,기타불명,승용,여,42세,경상
2023060900100217,2023년 6월 9일 11시,금요일,대구광역시 동구 신천동,경상사고,0,0,1,0,차대사람 - 기타,안전운전불이행,건조,맑음,단일로 - 지하차도(도로)내,승합,남,43세,기타불명,보행자,여,71세,경상
2023060900100218,2023년 6월 9일 11시,금요일,대구광역시 북구 노원동1가,경상사고,0,0,2,0,차대차 - 측면충돌,교차로운행방법위반,건조,맑음,교차로 - 교차로안,승용,남,73세,기타불명,승용,여,39세,경상
2023060900100219,2023년 6월 9일 11시,금요일,대구광역시 중구 태평로1가,중상사고,0,1,0,0,차대사람 - 횡단중,보행자보호의무위반,건조,맑음,교차로 - 교차로횡단보도내,승용,여,60세,상해없음,보행자,여,73세,중상
2023060900100255,2023년 6월 9일 12시,금요일,대구광역시 달성군 현풍읍,경상사고,0,0,1,0,차대차 - 측면충돌,안전운전불이행,건조,맑음,교차로 - 교차로안,이륜,여,79세,기타불명,승용,남,29세,경상
2023060900100278,2023년 6월 9일 13시,금요일,대구광역시 수성구 범어동,경상사고,0,0,3,0,차대차 - 측면충돌,안전운전불이행,건조,맑음,단일로 - 기타,이륜,남,54세,경상,승용,여,34세,경상
2023060900100309,2023년 6월 9일 14시,금요일,대구광역시 달서구 파호동,경상사고,0,0,1,0,차대차 - 기타,안전거리미확보,건조,맑음,단일로 - 기타,기타불명,기타불명,미분류,기타불명,화물,남,47세,경상
2023060900100310,2023년 6월 9일 14시,금요일,대구광역시 북구 동천동,경상사고,0,0,1,0,차대사람 - 보도통행중,기타,건조,맑음,단일로 - 기타,자전거,남,14세,상해없음,보행자,여,56세,경상
2023060900100345,2023년 6월 9일 15시,금요일,대구광역시 수성구 욱수동,경상사고,0,0,1,0,차대차 - 추돌,안전운전불이행,건조,맑음,단일로 - 기타,승용,남,26세,상해없음,승용,남,41세,경상
2023060900100398,2023년 6월 9일 16시,금요일,대구광역시 달서구 월성동,경상사고,0,0,1,0,차대차 - 측면충돌,안전운전불이행,건조,맑음,교차로 - 교차로부근,승용,여,41세,기타불명,승용,여,35세,경상
2023060900100399,2023년 6월 9일 16시,금요일,대구광역시 중구 계산동2가,부상신고사고,0,0,0,1,차대차 - 측면충돌,안전운전불이행,건조,맑음,교차로 - 교차로부근,자전거,남,16세,부상신고,승용,여,51세,상해없음
2023060900100456,2023년 6월 9일 17시,금요일,대구광역시 남구 대명동,경상사고,0,0,1,0,차대차 - 기타,안전운전불이행,건조,맑음,교차로 - 교차로안,승용,여,66세,상해없음,이륜,남,35세,경상
2023060900100457,2023년 6월 9일 17시,금요일,대구광역시 동구 신천동,경상사고,0,0,2,0,차대차 - 측면충돌,불법유턴,건조,맑음,단일로 - 지하차도(도로)내,화물,남,29세,상해없음,승용,남,31세,경상
2023060900100458,2023년 6월 9일 17시,금요일,대구광역시 동구 각산동,중상사고,0,1,0,0,차대차 - 추돌,안전거리미확보,건조,맑음,교차로 - 교차로안,승용,남,31세,상해없음,승용,남,33세,중상
2023060900100459,2023년 6월 9일 17시,금요일,대구광역시 수성구 범어동,경상사고,0,0,1,0,차대차 - 기타,차로위반,건조,맑음,단일로 - 기타,승용,남,51세,상해없음,승합,남,59세,상해없음
2023060900100460,2023년 6월 9일 17시,금요일,대구광역시 달서구 진천동,경상사고,0,0,1,0,차대차 - 측면충돌,안전거리미확보,건조,맑음,단일로 - 기타,화물,남,59세,상해없음,승용,남,48세,경상
2023060900100461,2023년 6월 9일 17시,금요일,대구광역시 북구 산격동,중상사고,0,1,0,0,차대차 - 측면충돌,안전거리미확보,건조,맑음,단일로 - 기타,이륜,남,36세,중상,승용,남,23세,상해없음
2023060900100462,2023년 6월 9일 17시,금요일,대구광역시 달서구 감삼동,경상사고,0,0,2,0,차대차 - 측면충돌,안전운전불이행,건조,맑음,교차로 - 교차로부근,자전거,남,52세,경상,이륜,남,22세,경상
2023060900100514,2023년 6월 9일 18시,금요일,대구광역시 서구 내당동,중상사고,0,1,0,0,차대사람 - 차도통행중,안전운전불이행,건조,맑음,교차로 - 교차로부근,승용,남,65세,상해없음,보행자,여,57세,중상
2023060900100515,2023년 6월 9일 18시,금요일,대구광역시 달서구 감삼동,경상사고,0,0,1,0,차대차 - 측면충돌,교차로운행방법위반,건조,맑음,교차로 - 교차로부근,승용,여,39세,상해없음,승용,여,44세,경상
2023060900100550,2023년 6월 9일 19시,금요일,대구광역시 동구 신암동,경상사고,0,0,1,0,차대차 - 정면충돌,안전운전불이행,건조,맑음,단일로 - 기타,승용,남,70세,상해없음,이륜,남,31세,경상
2023060900100583,2023년 6월 9일 20시,금요일,대구광역시 달서구 진천동,경상사고,0,0,1,0,차대차 - 추돌,안전운전불이행,건조,맑음,교차로 - 교차로부근,승용,여,45세,상해없음,승용,여,49세,경상
2023060900100608,2023년 6월 9일 21시,금요일,대구광역시 북구 읍내동,경상사고,0,0,1,0,차대차 - 추돌,안전거리미확보,건조,맑음,단일로 - 기타,승용,남,62세,상해없음,승용,남,38세,경상
2023060900100648,2023년 6월 9일 23시,금요일,대구광역시 동구 신암동,경상사고,0,0,1,0,차대차 - 기타,불법유턴,건조,맑음,단일로 - 지하차도(도로)내,승용,남,80세,상해없음,이륜,남,21세,경상
2023060900100649,2023년 6월 9일 23시,금요일,대구광역시 수성구 황금동,경상사고,0,0,1,0,차대차 - 기타,안전운전불이행,건조,맑음,단일로 - 기타,승용,남,29세,기타불명,이륜,남,23세,경상
2023061000100029,2023년 6월 10일 01시,토요일,대구광역시 동구 용수동,중상사고,0,1,1,0,차량단독 - 공작물충돌,안전운전불이행,건조,맑음,단일로 - 기타,승용,남,18세,상해없음,,,,
2023061000100056,2023년 6월 10일 05시,토요일,대구광역시 달서구 상인동,중상사고,0,1,0,0,차량단독 - 기타,기타,건조,맑음,단일로 - 기타,승용,남,71세,상해없음,,,,
2023061000100063,2023년 6월 10일 06시,토요일,대구광역시 남구 봉덕동,중상사고,0,1,0,0,차대차 - 측면충돌,안전운전불이행,건조,맑음,단일로 - 기타,승용,남,52세,상해없음,승용,남,46세,중상
2023061000100064,2023년 6월 10일 06시,토요일,대구광역시 달성군 화원읍,경상사고,0,0,1,0,차대차 - 기타,안전운전불이행,건조,맑음,교차로 - 교차로안,승용,남,69세,상해없음,승용,남,39세,경상
2023061000100107,2023년 6월 10일 09시,토요일,대구광역시 수성구 범어동,경상사고,0,0,2,0,차대차 - 측면충돌,안전운전불이행,건조,맑음,단일로 - 기타,승용,남,32세,상해없음,승용,여,42세,경상
2023061000100108,2023년 6월 10일 09시,토요일,대구광역시 중구 동인동1가,경상사고,0,0,1,0,차대차 - 측면충돌,안전운전불이행,건조,흐림,교차로 - 교차로부근,승용,여,61세,상해없음,자전거,남,60세,경상
2023061000100131,2023년 6월 10일 10시,토요일,대구광역시 북구 금호동,경상사고,0,0,4,0,차대차 - 측면충돌,안전운전불이행,건조,맑음,단일로 - 기타,승용,남,70세,상해없음,승용,여,54세,경상
2023061000100176,2023년 6월 10일 11시,토요일,대구광역시 동구 지저동,경상사고,0,0,1,0,차대차 - 측면충돌,안전운전불이행,건조,맑음,교차로 - 교차로안,자전거,여,68세,경상,이륜,남,49세,상해없음
2023061000100177,2023년 6월 10일 11시,토요일,대구광역시 수성구 시지동,경상사고,0,0,1,0,차대차 - 측면충돌,직진우회전진행방해,건조,맑음,교차로 - 교차로안,승용,남,52세,상해없음,승용,남,39세,경상
2023061000100207,2023년 6월 10일 12시,토요일,대구광역시 동구 용계동,경상사고,0,0,1,0,차대차 - 기타,안전운전불이행,건조,맑음,기타 - 기타,승용,여,67세,상해없음,승용,남,74세,상해없음
2023061000100208,2023년 6월 10일 12시,토요일,대구광역시 동구 괴전동,경상사고,0,0,2,0,차대차 - 측면충돌,안전운전불이행,건조,맑음,교차로 - 교차로횡단보도내,이륜,남,31세,상해없음,승용,남,31세,경상
2023061000100209,2023년 6월 10일 12시,토요일,대구광역시 수성구 수성동1가,경상사고,0,0,5,0,차대차 - 추돌,안전거리미확보,건조,맑음,단일로 - 기타,승용,여,35세,상해없음,승용,여,36세,경상
2023061000100210,2023년 6월 10일 12시,토요일,대구광역시 달서구 상인동,중상사고,0,1,3,0,차대차 - 추돌,안전운전불이행,건조,맑음,기타 - 기타,이륜,남,37세,상해없음,이륜,남,41세,경상
2023061000100211,2023년 6월 10일 12시,토요일,대구광역시 달서구 장동,경상사고,0,0,5,0,차대차 - 측면충돌,교차로운행방법위반,건조,맑음,교차로 - 교차로안,승용,남,22세,경상,승용,여,62세,경상
2023061000100244,2023년 6월 10일 13시,토요일,대구광역시 북구 산격동,중상사고,0,1,0,0,차대차 - 측면충돌,안전운전불이행,건조,맑음,교차로 - 교차로안,승용,남,57세,상해없음,이륜,남,47세,중상
2023061000100245,2023년 6월 10일 13시,토요일,대구광역시 서구 비산동,경상사고,0,0,1,0,차대사람 - 기타,안전운전불이행,건조,맑음,기타 - 기타,자전거,남,14세,상해없음,보행자,여,9세,경상
2023061000100282,2023년 6월 10일 14시,토요일,대구광역시 동구 지저동,경상사고,0,0,3,0,차대차 - 측면충돌,안전운전불이행,건조,맑음,단일로 - 지하차도(도로)내,승용,남,64세,상해없음,승용,여,54세,경상
2023061000100283,2023년 6월 10일 14시,토요일,대구광역시 수성구 범어동,경상사고,0,0,2,0,차대차 - 측면충돌,신호위반,건조,맑음,단일로 - 기타,승용,남,48세,상해없음,화물,남,43세,경상
2023061000100284,2023년 6월 10일 14시,토요일,대구광역시 서구 내당동,경상사고,0,0,2,0,차대차 - 측면충돌,안전운전불이행,건조,맑음,교차로 - 교차로부근,승용,남,35세,상해없음,승용,남,60세,상해없음
2023061000100325,2023년 6월 10일 15시,토요일,대구광역시 수성구 범물동,경상사고,0,0,2,0,차대차 - 정면충돌,안전운전불이행,건조,맑음,교차로 - 교차로부근,승용,여,30세,경상,승용,여,63세,경상
2023061000100351,2023년 6월 10일 16시,토요일,대구광역시 남구 이천동,중상사고,0,1,0,0,차대차 - 기타,신호위반,건조,맑음,교차로 - 교차로안,이륜,남,57세,중상,승용,남,58세,상해없음
2023061000100384,2023년 6월 10일 17시,토요일,대구광역시 수성구 시지동,경상사고,0,0,1,0,차대차 - 기타,안전운전불이행,건조,맑음,기타 - 기타,승용,남,59세,상해없음,승용,남,40세,경상
2023061000100388,2023년 6월 10일 17시,토요일,대구광역시 북구 칠성동2가,중상사고,0,1,0,0,차대차 - 기타,차로위반,건조,맑음,교차로 - 교차로안,승용,여,43세,상해없음,이륜,남,48세,중상
2023061000100417,2023년 6월 10일 18시,토요일,대구광역시 동구 효목동,중상사고,0,2,0,0,차대차 - 측면충돌,안전거리미확보,건조,맑음,교차로 - 교차로안,승용,남,72세,상해없음,승용,남,31세,중상
2023061000100418,2023년 6월 10일 18시,토요일,대구광역시 수성구 범어동,경상사고,0,0,1,0,차대차 - 측면충돌,안전운전불이행,건조,맑음,기타 - 기타,화물,여,72세,상해없음,이륜,남,68세,경상
2023061000100419,2023년 6월 10일 18시,토요일,대구광역시 수성구 두산동,경상사고,0,0,1,0,차대차 - 정면충돌,안전운전불이행,건조,맑음,교차로 - 교차로안,승용,남,54세,상해없음,승용,여,26세,경상
2023061000100420,2023년 6월 10일 18시,토요일,대구광역시 북구 태전동,중상사고,0,1,0,0,차대차 - 측면충돌,안전운전불이행,건조,맑음,단일로 - 기타,승용,남,35세,상해없음,자전거,남,66세,중상
2023061000100445,2023년 6월 10일 19시,토요일,대구광역시 달성군 구지면,중상사고,0,1,0,0,차대사람 - 기타,안전운전불이행,건조,맑음,기타 - 기타,승용,여,42세,상해없음,보행자,여,8세,중상
2023061000100446,2023년 6월 10일 19시,토요일,대구광역시 북구 서변동,경상사고,0,0,2,0,차대차 - 측면충돌,안전운전불이행,건조,맑음,교차로 - 교차로안,승용,남,63세,경상,화물,남,26세,경상
2023061000100471,2023년 6월 10일 20시,토요일,대구광역시 서구 비산동,경상사고,0,0,2,1,차대차 - 측면충돌,안전운전불이행,건조,맑음,단일로 - 기타,승용,남,62세,부상신고,승용,남,48세,경상
2023061000100495,2023년 6월 10일 21시,토요일,대구광역시 달서구 월성동,경상사고,0,0,1,0,차대사람 - 횡단중,보행자보호의무위반,건조,맑음,교차로 - 교차로횡단보도내,승용,남,29세,상해없음,보행자,남,43세,경상
2023061000100496,2023년 6월 10일 21시,토요일,대구광역시 서구 내당동,경상사고,0,0,1,0,차대차 - 정면충돌,교차로운행방법위반,건조,맑음,교차로 - 교차로안,승용,남,58세,상해없음,이륜,남,44세,경상
2023061000100521,2023년 6월 10일 22시,토요일,대구광역시 북구 복현동,중상사고,0,1,0,0,차대차 - 기타,안전운전불이행,건조,맑음,단일로 - 기타,승용,남,68세,기타불명,승용,남,60세,중상