사고번호,사고일시,요일,시군구,사고내용,사망자수,중상자수,경상자수,부상신고자수,사고유형,법규위반,노면상태,기상상태,도로형태,가해운전자 차종,가해운전자 성별,가해운전자 연령,가해운전자 상해정도,피해운전자 차종,피해운전자 성별,피해운전자 연령,피해운전자 상해정도
2023061000100536,2023년 6월 10일 23시,토요일,대구광역시 달성군 유가읍,경상사고,0,0,1,0,차대사람 - 기타,안전운전불이행,건조,맑음,단일로 - 기타,승용,남,37세,상해없음,보행자,남,27세,경상
2023061000100537,2023년 6월 10일 23시,토요일,대구광역시 서구 내당동,중상사고,0,1,2,0,차대차 - 측면충돌,신호위반,건조,맑음,교차로 - 교차로안,원동기,남,68세,중상,승용,여,62세,경상
2023061100100009,2023년 6월 11일 00시,일요일,대구광역시 북구 칠성동1가,경상사고,0,0,1,0,차대사람 - 차도통행중,보행자보호의무위반,건조,맑음,단일로 - 기타,승용,남,20세,상해없음,보행자,남,37세,경상
2023061100100025,2023년 6월 11일 01시,일요일,대구광역시 서구 내당동,경상사고,0,0,2,0,차대차 - 기타,교차로운행방법위반,건조,맑음,교차로 - 교차로부근,승용,남,73세,상해없음,승용,남,61세,경상
2023061100100057,2023년 6월 11일 04시,일요일,대구광역시 달서구 호산동,경상사고,0,0,1,0,차대차 - 측면충돌,직진우회전진행방해,건조,맑음,교차로 - 교차로안,승용,남,58세,기타불명,승용,남,42세,경상
2023061100100065,2023년 6월 11일 06시,일요일,대구광역시 달성군 가창면,경상사고,0,0,1,0,차량단독 - 공작물충돌,안전운전불이행,건조,맑음,교차로 - 교차로부근,승용,남,66세,경상,,,,
2023061100100078,2023년 6월 11일 07시,일요일,대구광역시 달서구 이곡동,경상사고,0,0,1,0,차대차 - 추돌,안전운전불이행,건조,맑음,단일로 - 지하차도(도로)내,승용,남,38세,기타불명,승합,남,38세,경상
2023061100100112,2023년 6월 11일 10시,일요일,대구광역시 남구 대명동,경상사고,0,0,2,0,차대차 - 후진중충돌,안전운전불이행,건조,맑음,주차장 - 주차장,승용,여,33세,경상,승용,여,37세,경상
2023061100100113,2023년 6월 11일 10시,일요일,대구광역시 달서구 진천동,경상사고,0,0,3,1,차대차 - 측면충돌,교차로운행방법위반,건조,맑음,교차로 - 교차로안,승용,여,33세,상해없음,승용,여,43세,경상
2023061100100135,2023년 6월 11일 11시,일요일,대구광역시 동구 신기동,경상사고,0,0,1,0,차대사람 - 횡단중,보행자보호의무위반,건조,맑음,교차로 - 교차로부근,승용,여,63세,상해없음,보행자,남,62세,경상
2023061100100162,2023년 6월 11일 12시,일요일,대구광역시 중구 삼덕동2가,경상사고,0,0,2,0,차대차 - 기타,안전운전불이행,건조,맑음,단일로 - 기타,승용,남,72세,상해없음,승용,남,25세,경상
2023061100100190,2023년 6월 11일 13시,일요일,대구광역시 동구 율하동,경상사고,0,0,1,0,차대차 - 기타,신호위반,건조,맑음,교차로 - 교차로안,승용,여,62세,상해없음,승용,남,60세,경상
2023061100100191,2023년 6월 11일 13시,일요일,대구광역시 수성구 두산동,경상사고,0,0,3,0,차대차 - 기타,교차로운행방법위반,건조,맑음,교차로 - 교차로안,승용,남,32세,상해없음,승용,여,58세,경상
2023061100100219,2023년 6월 11일 14시,일요일,대구광역시 북구 복현동,부상신고사고,0,0,0,1,차대차 - 추돌,차로위반,건조,맑음,교차로 - 교차로부근,승용,남,63세,부상신고,승용,남,29세,상해없음
2023061100100260,2023년 6월 11일 15시,일요일,대구광역시 동구 입석동,중상사고,0,1,0,0,차대차 - 측면충돌,직진우회전진행방해,건조,맑음,교차로 - 교차로안,이륜,남,28세,중상,승용,남,72세,상해없음
2023061100100261,2023년 6월 11일 15시,일요일,대구광역시 달서구 본리동,경상사고,0,0,1,0,차대차 - 후진중충돌,불법유턴,건조,맑음,교차로 - 교차로부근,화물,남,43세,상해없음,승용,남,45세,경상
2023061100100340,2023년 6월 11일 18시,일요일,대구광역시 남구 대명동,경상사고,0,0,2,0,차대차 - 측면충돌,안전운전불이행,건조,맑음,기타 - 기타,승용,남,48세,경상,승용,여,61세,경상
2023061100100359,2023년 6월 11일 19시,일요일,대구광역시 수성구 연호동,경상사고,0,0,2,0,차대차 - 추돌,안전운전불이행,건조,맑음,교차로 - 교차로부근,승용,남,67세,상해없음,승용,남,27세,경상
2023061100100360,2023년 6월 11일 19시,일요일,대구광역시 서구 비산동,경상사고,0,0,1,0,차대차 - 측면충돌,신호위반,건조,맑음,교차로 - 교차로부근,승용,남,79세,상해없음,승합,남,43세,경상
2023061100100389,2023년 6월 11일 20시,일요일,대구광역시 서구 내당동,경상사고,0,0,1,0,차대차 - 추돌,안전운전불이행,건조,맑음,단일로 - 기타,승용,남,57세,상해없음,승용,남,64세,경상
2023061100100401,2023년 6월 11일 21시,일요일,대구광역시 동구 봉무동,경상사고,0,0,1,0,차대차 - 추돌,안전운전불이행,건조,맑음,교차로 - 교차로안,승용,남,48세,상해없음,승용,남,21세,경상
2023061100100419,2023년 6월 11일 22시,일요일,대구광역시 동구 율하동,경상사고,0,0,1,0,차대차 - 기타,기타,건조,맑음,교차로 - 교차로횡단보도내,화물,남,36세,상해없음,승용,남,48세,경상
2023061100100420,2023년 6월 11일 22시,일요일,대구광역시 동구 신천동,경상사고,0,0,1,0,차대사람 - 기타,안전운전불이행,건조,맑음,단일로 - 기타,자전거,남,33세,상해없음,보행자,남,49세,경상
2023061100100429,2023년 6월 11일 23시,일요일,대구광역시 남구 대명동,중상사고,0,1,0,0,차대차 - 정면충돌,신호위반,건조,맑음,교차로 - 교차로안,승용,남,30세,상해없음,승용,남,49세,중상
2023061200100004,2023년 6월 12일 00시,월요일,대구광역시 서구 원대동3가,경상사고,0,0,1,0,차대차 - 측면충돌,안전거리미확보,건조,맑음,단일로 - 기타,승용,남,28세,상해없음,승용,남,34세,경상
2023061200100064,2023년 6월 12일 07시,월요일,대구광역시 중구 동인동4가,경상사고,0,0,1,0,차대차 - 기타,신호위반,건조,맑음,교차로 - 교차로안,승용,여,79세,기타불명,승용,남,69세,경상
2023061200100065,2023년 6월 12일 07시,월요일,대구광역시 달서구 본리동,중상사고,0,1,0,0,차대차 - 측면충돌,안전운전불이행,건조,맑음,교차로 - 교차로안,승용,남,54세,상해없음,자전거,남,58세,중상
2023061200100066,2023년 6월 12일 07시,월요일,대구광역시 달서구 용산동,경상사고,0,0,1,0,차대차 - 측면충돌,안전거리미확보,건조,맑음,단일로 - 기타,승용,남,38세,상해없음,승용,남,40세,경상
2023061200100110,2023년 6월 12일 08시,월요일,대구광역시 동구 용계동,중상사고,0,1,0,0,차대차 - 추돌,안전거리미확보,건조,맑음,단일로 - 기타,승용,남,33세,상해없음,승용,여,41세,중상
2023061200100111,2023년 6월 12일 08시,월요일,대구광역시 달서구 대천동,경상사고,0,0,1,0,차대차 - 추돌,안전운전불이행,건조,맑음,교차로 - 교차로안,승용,여,33세,상해없음,승용,여,42세,경상
2023061200100112,2023년 6월 12일 08시,월요일,대구광역시 달서구 진천동,경상사고,0,0,1,0,차대차 - 추돌,안전운전불이행,건조,맑음,교차로 - 교차로부근,승용,남,49세,상해없음,승용,남,36세,경상
2023061200100113,2023년 6월 12일 08시,월요일,대구광역시 서구 원대동3가,중상사고,0,1,0,0,차대차 - 측면충돌,안전운전불이행,건조,맑음,단일로 - 기타,자전거,남,14세,중상,승용,남,26세,상해없음
2023061200100114,2023년 6월 12일 08시,월요일,대구광역시 중구 포정동,중상사고,0,1,0,0,차대사람 - 횡단중,신호위반,건조,맑음,교차로 - 교차로안,승용,남,64세,상해없음,보행자,여,64세,중상
2023061200100115,2023년 6월 12일 08시,월요일,대구광역시 달서구 감삼동,경상사고,0,0,1,0,차대차 - 측면충돌,안전거리미확보,건조,맑음,단일로 - 기타,승용,남,81세,상해없음,승용,남,57세,경상
2023061200100161,2023년 6월 12일 09시,월요일,대구광역시 서구 이현동,중상사고,0,1,0,0,차대사람 - 횡단중,보행자보호의무위반,건조,맑음,교차로 - 교차로부근,승용,남,52세,상해없음,보행자,남,84세,중상
2023061200100162,2023년 6월 12일 09시,월요일,대구광역시 달서구 감삼동,경상사고,0,0,1,0,차대차 - 측면충돌,직진우회전진행방해,건조,맑음,교차로 - 교차로안,승용,남,45세,상해없음,이륜,남,57세,경상
2023061200100163,2023년 6월 12일 09시,월요일,대구광역시 북구 국우동,경상사고,0,0,2,1,차대차 - 측면충돌,신호위반,건조,맑음,교차로 - 교차로부근,승용,남,69세,부상신고,승용,남,30세,경상
2023061200100186,2023년 6월 12일 10시,월요일,대구광역시 달서구 두류동,경상사고,0,0,1,0,차대차 - 기타,안전운전불이행,건조,맑음,기타 - 기타,승용,여,52세,상해없음,자전거,남,68세,경상
2023061200100187,2023년 6월 12일 10시,월요일,대구광역시 북구 서변동,경상사고,0,0,1,0,차대차 - 측면충돌,안전운전불이행,건조,맑음,단일로 - 고가도로위,화물,남,60세,상해없음,자전거,남,83세,경상
2023061200100256,2023년 6월 12일 12시,월요일,대구광역시 북구 노원동1가,부상신고사고,0,0,0,1,차대차 - 측면충돌,안전운전불이행,건조,맑음,교차로 - 교차로부근,자전거,여,61세,부상신고,승용,남,79세,상해없음
2023061200100257,2023년 6월 12일 12시,월요일,대구광역시 달서구 감삼동,경상사고,0,0,1,0,차대차 - 측면충돌,신호위반,건조,맑음,단일로 - 기타,승용,여,42세,상해없음,이륜,남,25세,경상
2023061200100283,2023년 6월 12일 13시,월요일,대구광역시 북구 서변동,경상사고,0,0,1,0,차대차 - 추돌,안전운전불이행,건조,맑음,기타 - 기타,승용,남,60세,상해없음,화물,남,64세,경상
2023061200100317,2023년 6월 12일 14시,월요일,대구광역시 수성구 수성동3가,경상사고,0,0,1,0,차대차 - 측면충돌,교차로운행방법위반,건조,맑음,단일로 - 터널,승용,여,35세,상해없음,이륜,여,27세,경상
2023061200100318,2023년 6월 12일 14시,월요일,대구광역시 달서구 죽전동,경상사고,0,0,1,0,차대차 - 기타,안전운전불이행,건조,맑음,기타 - 기타,승용,남,53세,상해없음,자전거,여,20세,경상
2023061200100349,2023년 6월 12일 15시,월요일,대구광역시 동구 용계동,중상사고,0,1,0,0,차대사람 - 횡단중,보행자보호의무위반,건조,맑음,단일로 - 기타,승용,여,66세,상해없음,보행자,여,73세,중상
2023061200100350,2023년 6월 12일 15시,월요일,대구광역시 수성구 신매동,경상사고,0,0,5,0,차대차 - 측면충돌,안전거리미확보,건조,맑음,단일로 - 기타,승용,여,39세,경상,승용,여,51세,경상
2023061200100351,2023년 6월 12일 15시,월요일,대구광역시 달서구 상인동,경상사고,0,0,3,0,차대차 - 측면충돌,안전거리미확보,건조,맑음,단일로 - 기타,화물,남,63세,경상,승용,남,71세,경상
2023061200100352,2023년 6월 12일 15시,월요일,대구광역시 달서구 본동,중상사고,0,1,0,0,차대차 - 측면충돌,안전운전불이행,건조,맑음,단일로 - 기타,승용,남,38세,상해없음,이륜,남,68세,중상
2023061200100353,2023년 6월 12일 15시,월요일,대구광역시 중구 태평로3가,부상신고사고,0,0,0,1,차대차 - 기타,안전운전불이행,건조,맑음,단일로 - 기타,이륜,남,67세,상해없음,화물,남,64세,상해없음
2023061200100354,2023년 6월 12일 15시,월요일,대구광역시 달서구 신당동,경상사고,0,0,3,0,차대차 - 추돌,안전거리미확보,건조,맑음,단일로 - 기타,화물,남,56세,상해없음,승용,여,41세,경상
2023061200100355,2023년 6월 12일 15시,월요일,대구광역시 북구 태전동,중상사고,0,1,0,0,차량단독 - 기타,안전운전불이행,건조,맑음,교차로 - 교차로안,이륜,남,24세,중상,,,,
2023061200100400,2023년 6월 12일 16시,월요일,대구광역시 서구 내당동,중상사고,0,1,0,0,차대사람 - 길가장자리구역통행중,안전운전불이행,건조,맑음,단일로 - 기타,승용,남,52세,상해없음,보행자,여,53세,중상
2023061200100401,2023년 6월 12일 16시,월요일,대구광역시 달서구 두류동,경상사고,0,0,1,0,차대사람 - 횡단중,신호위반,건조,맑음,단일로 - 지하차도(도로)내,승용,여,60세,상해없음,보행자,여,17세,경상
2023061200100440,2023년 6월 12일 17시,월요일,대구광역시 수성구 만촌동,경상사고,0,0,1,0,차대차 - 측면충돌,안전운전불이행,건조,맑음,교차로 - 교차로안,승용,남,70세,상해없음,승용,남,43세,경상
2023061200100441,2023년 6월 12일 17시,월요일,대구광역시 서구 평리동,경상사고,0,0,3,0,차대차 - 추돌,안전운전불이행,건조,맑음,교차로 - 교차로부근,승용,남,59세,경상,승용,남,69세,경상
2023061200100482,2023년 6월 12일 18시,월요일,대구광역시 동구 용계동,경상사고,0,0,1,0,차대차 - 측면충돌,안전운전불이행,건조,맑음,교차로 - 교차로안,승용,남,64세,상해없음,승용,여,43세,경상
2023061200100483,2023년 6월 12일 18시,월요일,대구광역시 수성구 황금동,중상사고,0,1,0,0,차대차 - 측면충돌,교차로운행방법위반,젖음/습기,맑음,교차로 - 교차로안,화물,남,69세,상해없음,자전거,여,59세,중상
2023061200100484,2023년 6월 12일 18시,월요일,대구광역시 수성구 성동,경상사고,0,0,2,0,차대차 - 측면충돌,안전운전불이행,젖음/습기,비,교차로 - 교차로안,승용,남,65세,상해없음,승용,남,28세,경상
2023061200100485,2023년 6월 12일 18시,월요일,대구광역시 달서구 송현동,경상사고,0,0,2,0,차대차 - 측면충돌,교차로운행방법위반,건조,맑음,교차로 - 교차로안,화물,남,59세,상해없음,승용,남,58세,경상
2023061200100486,2023년 6월 12일 18시,월요일,대구광역시 달서구 상인동,경상사고,0,0,1,0,차대차 - 추돌,안전운전불이행,건조,맑음,기타 - 기타,승용,남,32세,상해없음,이륜,남,28세,경상
2023061200100516,2023년 6월 12일 19시,월요일,대구광역시 동구 율하동,경상사고,0,0,1,0,차대사람 - 기타,안전운전불이행,젖음/습기,비,기타 - 기타,자전거,기타불명,미분류,기타불명,보행자,여,16세,경상
2023061200100550,2023년 6월 12일 20시,월요일,대구광역시 동구 신서동,경상사고,0,0,1,0,차량단독 - 공작물충돌,안전운전불이행,젖음/습기,비,단일로 - 기타,승합,남,74세,상해없음,,,,
2023061200100551,2023년 6월 12일 20시,월요일,대구광역시 수성구 파동,경상사고,0,0,1,0,차대차 - 기타,안전운전불이행,젖음/습기,비,교차로 - 교차로부근,승용,남,57세,상해없음,자전거,여,58세,경상
2023061200100552,2023년 6월 12일 20시,월요일,대구광역시 서구 평리동,경상사고,0,0,2,0,차대차 - 추돌,안전운전불이행,건조,맑음,단일로 - 기타,화물,남,66세,상해없음,승용,남,31세,경상
2023061200100553,2023년 6월 12일 20시,월요일,대구광역시 달서구 성당동,경상사고,0,0,2,0,차대차 - 측면충돌,신호위반,건조,맑음,교차로 - 교차로부근,승용,남,57세,경상,승용,남,25세,경상
2023061200100570,2023년 6월 12일 21시,월요일,대구광역시 달서구 죽전동,경상사고,0,0,1,0,차대차 - 추돌,안전운전불이행,젖음/습기,흐림,단일로 - 지하차도(도로)내,승용,남,39세,기타불명,승용,남,39세,경상
2023061200100571,2023년 6월 12일 21시,월요일,대구광역시 달서구 용산동,경상사고,0,0,1,0,차대차 - 기타,안전운전불이행,젖음/습기,비,교차로 - 교차로안,승용,여,27세,기타불명,이륜,남,38세,경상
2023061200100592,2023년 6월 12일 22시,월요일,대구광역시 달성군 구지면,중상사고,0,1,1,0,차대차 - 기타,안전운전불이행,젖음/습기,비,단일로 - 기타,승용,남,64세,상해없음,특수,남,46세,경상
2023061200100594,2023년 6월 12일 22시,월요일,대구광역시 동구 신암동,경상사고,0,0,1,0,차대차 - 추돌,안전운전불이행,젖음/습기,비,단일로 - 기타,승용,여,30세,상해없음,승용,남,33세,경상
2023061200100605,2023년 6월 12일 23시,월요일,대구광역시 수성구 가천동,중상사고,0,1,0,0,차대차 - 추돌,안전거리미확보,젖음/습기,비,교차로 - 교차로안,승용,여,47세,상해없음,승용,남,68세,상해없음
2023061300100010,2023년 6월 13일 00시,화요일,대구광역시 수성구 황금동,중상사고,0,1,0,0,차대차 - 기타,안전운전불이행,건조,맑음,교차로 - 교차로안,승용,남,34세,상해없음,자전거,남,34세,중상
2023061300100018,2023년 6월 13일 01시,화요일,대구광역시 북구 침산동,경상사고,0,0,1,0,차대차 - 추돌,안전운전불이행,건조,맑음,단일로 - 기타,승용,남,42세,기타불명,승용,남,34세,경상
2023061300100030,2023년 6월 13일 04시,화요일,대구광역시 수성구 가천동,중상사고,0,1,0,1,차량단독 - 공작물충돌,안전운전불이행,건조,맑음,단일로 - 기타,승용,남,62세,부상신고,,,,
2023061300100061,2023년 6월 13일 07시,화요일,대구광역시 달성군 다사읍,경상사고,0,0,1,0,차대차 - 기타,안전운전불이행,건조,맑음,단일로 - 기타,승용,남,60세,상해없음,승용,여,34세,경상
2023061300100062,2023년 6월 13일 07시,화요일,대구광역시 북구 검단동,중상사고,0,1,0,0,차대차 - 추돌,안전운전불이행,건조,맑음,단일로 - 기타,승용,남,75세,상해없음,승용,남,50세,중상
2023061300100063,2023년 6월 13일 07시,화요일,대구광역시 달서구 신당동,경상사고,0,0,1,0,차대차 - 측면충돌,안전거리미확보,건조,맑음,단일로 - 기타,원동기,남,40세,기타불명,승용,남,43세,경상
2023061300100106,2023년 6월 13일 08시,화요일,대구광역시 수성구 만촌동,경상사고,0,0,2,0,차대차 - 측면충돌,안전운전불이행,건조,맑음,교차로 - 교차로부근,승용,남,68세,경상,승용,여,41세,경상
2023061300100185,2023년 6월 13일 10시,화요일,대구광역시 달성군 구지면,경상사고,0,0,2,0,차대차 - 측면충돌,안전운전불이행,건조,맑음,단일로 - 기타,이륜,남,77세,기타불명,승용,남,51세,경상
2023061300100208,2023년 6월 13일 11시,화요일,대구광역시 남구 대명동,중상사고,0,1,0,0,차대차 - 기타,안전운전불이행,건조,맑음,단일로 - 기타,승용,여,49세,상해없음,이륜,남,25세,중상
2023061300100209,2023년 6월 13일 11시,화요일,대구광역시 북구 구암동,경상사고,0,0,1,0,차대사람 - 횡단중,보행자보호의무위반,건조,맑음,교차로 - 교차로안,승용,남,56세,상해없음,보행자,여,20세,경상
2023061300100210,2023년 6월 13일 11시,화요일,대구광역시 북구 태전동,경상사고,0,0,1,1,차대차 - 측면충돌,안전거리미확보,건조,맑음,교차로 - 교차로부근,승용,남,57세,부상신고,이륜,남,31세,경상
2023061300100241,2023년 6월 13일 12시,화요일,대구광역시 동구 효목동,중상사고,0,1,0,0,차대차 - 정면충돌,안전운전불이행,건조,맑음,교차로 - 교차로부근,승용,여,68세,상해없음,자전거,남,70세,중상
2023061300100242,2023년 6월 13일 12시,화요일,대구광역시 동구 신암동,경상사고,0,0,2,0,차대차 - 측면충돌,안전운전불이행,건조,맑음,단일로 - 기타,승용,여,28세,경상,승용,남,43세,경상
2023061300100243,2023년 6월 13일 12시,화요일,대구광역시 수성구 신매동,중상사고,0,1,0,0,차량단독 - 기타,기타,건조,맑음,단일로 - 기타,승용,남,67세,상해없음,,,,
2023061300100342,2023년 6월 13일 15시,화요일,대구광역시 동구 신암동,경상사고,0,0,1,0,차대차 - 측면충돌,안전거리미확보,건조,맑음,단일로 - 지하차도(도로)내,승용,여,49세,상해없음,승용,남,25세,경상
2023061300100388,2023년 6월 13일 16시,화요일,대구광역시 수성구 범어동,경상사고,0,0,1,0,차대사람 - 기타,보행자보호의무위반,건조,맑음,단일로 - 기타,승용,남,39세,상해없음,보행자,여,10세,경상
2023061300100389,2023년 6월 13일 16시,화요일,대구광역시 북구 산격동,경상사고,0,0,1,0,차대차 - 기타,안전운전불이행,건조,맑음,단일로 - 기타,승용,남,46세,상해없음,이륜,남,44세,경상
2023061300100445,2023년 6월 13일 17시,화요일,대구광역시 수성구 지산동,경상사고,0,0,1,0,차대사람 - 횡단중,보행자보호의무위반,건조,맑음,기타 - 기타,승용,남,56세,상해없음,보행자,남,8세,경상
2023061300100446,2023년 6월 13일 17시,화요일,대구광역시 달서구 진천동,경상사고,0,0,1,0,차대차 - 측면충돌,안전거리미확보,건조,맑음,단일로 - 기타,승용,남,59세,상해없음,승용,남,53세,경상
2023061300100447,2023년 6월 13일 17시,화요일,대구광역시 달서구 상인동,경상사고,0,0,1,0,차대차 - 측면충돌,불법유턴,건조,맑음,교차로 - 교차로부근,승용,여,58세,상해없음,승용,여,32세,경상
2023061300100448,2023년 6월 13일 17시,화요일,대구광역시 달서구 용산동,경상사고,0,0,1,0,차대차 - 기타,안전운전불이행,건조,맑음,단일로 - 기타,승용,남,19세,상해없음,화물,남,41세,경상
2023061300100500,2023년 6월 13일 18시,화요일,대구광역시 수성구 노변동,경상사고,0,0,1,0,차대차 - 기타,안전운전불이행,건조,맑음,교차로 - 교차로횡단보도내,승용,여,44세,상해없음,자전거,남,17세,경상
2023061300100501,2023년 6월 13일 18시,화요일,대구광역시 서구 내당동,경상사고,0,0,2,0,차대차 - 측면충돌,안전운전불이행,건조,맑음,단일로 - 기타,승용,여,50세,상해없음,승용,남,32세,경상
2023061300100502,2023년 6월 13일 18시,화요일,대구광역시 달서구 이곡동,경상사고,0,0,1,0,차대차 - 정면충돌,안전운전불이행,건조,맑음,기타 - 기타,승용,여,25세,기타불명,승용,남,28세,경상
2023061300100503,2023년 6월 13일 18시,화요일,대구광역시 북구 읍내동,부상신고사고,0,0,0,1,차대차 - 측면충돌,직진우회전진행방해,건조,맑음,교차로 - 교차로안,이륜,남,23세,부상신고,승용,여,36세,상해없음
2023061300100536,2023년 6월 13일 19시,화요일,대구광역시 동구 효목동,경상사고,0,0,1,0,차대사람 - 길가장자리구역통행중,안전운전불이행,건조,맑음,단일로 - 기타,승용,남,72세,상해없음,보행자,여,69세,경상
2023061300100537,2023년 6월 13일 19시,화요일,대구광역시 달성군 화원읍,중상사고,0,1,0,0,차대차 - 기타,안전운전불이행,건조,맑음,기타 - 기타,화물,남,79세,상해없음,이륜,남,71세,중상
2023061300100538,2023년 6월 13일 19시,화요일,대구광역시 서구 중리동,경상사고,0,0,1,0,차대차 - 측면충돌,안전거리미확보,건조,맑음,단일로 - 기타,승용,남,71세,상해없음,이륜,남,25세,경상
2023061300100614,2023년 6월 13일 23시,화요일,대구광역시 남구 이천동,경상사고,0,0,1,0,차대사람 - 횡단중,신호위반,건조,맑음,교차로 - 교차로횡단보도내,승용,남,45세,상해없음,보행자,남,24세,경상
2023061300100615,2023년 6월 13일 23시,화요일,대구광역시 수성구 범어동,경상사고,0,0,1,0,차대차 - 측면충돌,신호위반,건조,맑음,교차로 - 교차로안,승용,남,51세,상해없음,승용,여,50세,경상
2023061400100024,2023년 6월 14일 04시,수요일,대구광역시 수성구 두산동,중상사고,0,1,0,0,차대사람 - 기타,안전운전불이행,기타,기타,단일로 - 기타,기타불명,기타불명,미분류,기타불명,보행자,여,61세,중상
2023061400100047,2023년 6월 14일 06시,수요일,대구광역시 동구 불로동,중상사고,0,3,1,0,차대사람 - 기타,안전운전불이행,건조,맑음,단일로 - 기타,승용,남,79세,상해없음,보행자,남,70세,중상
2023061400100048,2023년 6월 14일 06시,수요일,대구광역시 중구 동인동4가,중상사고,0,1,0,0,차대차 - 기타,안전운전불이행,건조,맑음,교차로 - 교차로부근,자전거,남,42세,상해없음,자전거,남,68세,중상
2023061400100073,2023년 6월 14일 07시,수요일,대구광역시 달성군 유가읍,경상사고,0,0,1,0,차대차 - 기타,안전운전불이행,건조,맑음,기타 - 기타,승용,남,29세,상해없음,승용,남,51세,경상
2023061400100112,2023년 6월 14일 08시,수요일,대구광역시 수성구 매호동,경상사고,0,0,1,0,차대차 - 기타,안전거리미확보,기타,맑음,단일로 - 기타,승용,남,68세,상해없음,승용,남,43세,경상
2023061400100113,2023년 6월 14일 08시,수요일,대구광역시 수성구 범어동,중상사고,0,1,0,0,차대차 - 측면충돌,안전거리미확보,건조,맑음,단일로 - 기타,승용,여,48세,상해없음,이륜,남,41세,중상
2023061400100114,2023년 6월 14일 08시,수요일,대구광역시 달서구 송현동,경상사고,0,0,2,0,차대차 - 정면충돌,교차로운행방법위반,건조,맑음,교차로 - 교차로안,승용,남,53세,상해없음,승용,남,33세,경상
2023061400100115,2023년 6월 14일 08시,수요일,대구광역시 서구 평리동,경상사고,0,0,1,0,차대차 - 측면충돌,신호위반,건조,맑음,단일로 - 기타,승용,남,36세,상해없음,승용,남,57세,경상
2023061400100116,2023년 6월 14일 08시,수요일,대구광역시 달서구 용산동,경상사고,0,0,1,0,차대사람 - 횡단중,보행자보호의무위반,건조,맑음,교차로 - 교차로횡단보도내,승합,남,70세,상해없음,보행자,남,7세,경상
2023061400100151,2023년 6월 14일 09시,수요일,대구광역시 동구 신암동,경상사고,0,0,2,1,차대차 - 추돌,안전운전불이행,건조,맑음,단일로 - 기타,승용,남,63세,상해없음,승용,남,62세,경상
2023061400100152,2023년 6월 14일 09시,수요일,대구광역시 수성구 대흥동,경상사고,0,0,2,0,차대차 - 추돌,안전운전불이행,건조,맑음,단일로 - 기타,승용,남,43세,상해없음,특수,남,29세,경상
2023061400100153,2023년 6월 14일 09시,수요일,대구광역시 달성군 다사읍,경상사고,0,0,1,0,차대차 - 기타,안전운전불이행,건조,맑음,기타 - 기타,화물,남,66세,상해없음,승용,여,57세,상해없음
2023061400100182,2023년 6월 14일 10시,수요일,대구광역시 달서구 본리동,경상사고,0,0,1,0,차대차 - 측면충돌,신호위반,건조,맑음,교차로 - 교차로안,승용,남,24세,상해없음,승용,남,64세,상해없음
2023061400100183,2023년 6월 14일 10시,수요일,대구광역시 달서구 장동,경상사고,0,0,1,0,차대차 - 측면충돌,안전운전불이행,건조,맑음,단일로 - 기타,건설기계,남,49세,상해없음,승용,남,61세,경상
2023061400100184,2023년 6월 14일 10시,수요일,대구광역시 달서구 본리동,경상사고,0,0,2,0,차대차 - 측면충돌,안전거리미확보,건조,맑음,단일로 - 기타,승용,남,78세,상해없음,승용,남,21세,경상
2023061400100221,2023년 6월 14일 11시,수요일,대구광역시 수성구 범어동,부상신고사고,0,0,0,2,차대사람 - 기타,안전운전불이행,건조,맑음,기타 - 기타,승용,남,55세,상해없음,보행자,남,54세,부상신고
2023061400100223,2023년 6월 14일 11시,수요일,대구광역시 달성군 다사읍,경상사고,0,0,1,0,차대차 - 후진중충돌,안전운전불이행,건조,맑음,교차로 - 교차로부근,화물,남,72세,상해없음,승용,여,53세,경상
2023061400100224,2023년 6월 14일 11시,수요일,대구광역시 중구 종로1가,경상사고,0,0,1,0,차대차 - 기타,안전운전불이행,건조,맑음,단일로 - 기타,화물,남,44세,상해없음,자전거,남,70세,경상
2023061400100262,2023년 6월 14일 12시,수요일,대구광역시 북구 대현동,부상신고사고,0,0,0,1,차대차 - 측면충돌,직진우회전진행방해,건조,맑음,교차로 - 교차로안,승용,남,39세,상해없음,이륜,남,24세,부상신고
2023061400100288,2023년 6월 14일 13시,수요일,대구광역시 수성구 파동,경상사고,0,0,1,0,차대차 - 측면충돌,안전운전불이행,건조,맑음,기타 - 기타,승용,여,47세,상해없음,이륜,남,66세,경상
2023061400100359,2023년 6월 14일 15시,수요일,대구광역시 동구 동호동,경상사고,0,0,1,1,차대차 - 후진중충돌,안전운전불이행,젖음/습기,비,교차로 - 교차로안,승용,여,49세,부상신고,원동기,남,45세,경상
2023061400100360,2023년 6월 14일 15시,수요일,대구광역시 달서구 진천동,중상사고,0,1,2,0,차대차 - 추돌,안전운전불이행,건조,맑음,교차로 - 교차로부근,승용,여,67세,상해없음,승용,여,61세,중상
2023061400100390,2023년 6월 14일 16시,수요일,대구광역시 남구 대명동,경상사고,0,0,2,0,차대차 - 기타,안전운전불이행,건조,맑음,단일로 - 기타,승용,남,66세,상해없음,승용,여,40세,경상
2023061400100392,2023년 6월 14일 16시,수요일,대구광역시 북구 대현동,경상사고,0,0,1,1,차대차 - 측면충돌,신호위반,건조,맑음,교차로 - 교차로안,승용,남,30세,부상신고,화물,남,46세,경상