사고번호,사고일시,요일,시군구,사고내용,사망자수,중상자수,경상자수,부상신고자수,사고유형,법규위반,노면상태,기상상태,도로형태,가해운전자 차종,가해운전자 성별,가해운전자 연령,가해운전자 상해정도,피해운전자 차종,피해운전자 성별,피해운전자 연령,피해운전자 상해정도
2023061400100393,2023년 6월 14일 16시,수요일,대구광역시 달서구 호산동,경상사고,0,0,1,0,차대사람 - 횡단중,보행자보호의무위반,건조,맑음,교차로 - 교차로횡단보도내,화물,남,30세,상해없음,보행자,남,60세,경상
2023061400100440,2023년 6월 14일 17시,수요일,대구광역시 서구 비산동,중상사고,0,1,0,0,차대차 - 기타,안전운전불이행,건조,맑음,기타 - 기타,이륜,남,57세,상해없음,자전거,남,70세,중상
2023061400100441,2023년 6월 14일 17시,수요일,대구광역시 서구 내당동,경상사고,0,0,2,0,차대차 - 측면충돌,기타,건조,흐림,교차로 - 교차로안,원동기,남,26세,경상,화물,남,46세,상해없음
2023061400100492,2023년 6월 14일 18시,수요일,대구광역시 남구 봉덕동,경상사고,0,0,1,0,차대차 - 추돌,안전운전불이행,건조,맑음,기타 - 기타,화물,남,25세,상해없음,승용,여,52세,경상
2023061400100493,2023년 6월 14일 18시,수요일,대구광역시 달성군 화원읍,경상사고,0,0,1,0,차대차 - 기타,안전운전불이행,젖음/습기,비,교차로 - 교차로안,승용,남,58세,상해없음,이륜,남,68세,경상
2023061400100528,2023년 6월 14일 19시,수요일,대구광역시 수성구 범어동,부상신고사고,0,0,0,1,차대차 - 후진중충돌,안전운전불이행,기타,기타,미분류 - 미분류,기타불명,기타불명,미분류,기타불명,승용,남,52세,부상신고
2023061400100529,2023년 6월 14일 19시,수요일,대구광역시 수성구 황금동,부상신고사고,0,0,0,1,차대차 - 추돌,안전운전불이행,젖음/습기,비,교차로 - 교차로안,기타불명,기타불명,미분류,기타불명,원동기,남,45세,부상신고
2023061400100530,2023년 6월 14일 19시,수요일,대구광역시 북구 침산동,중상사고,0,1,1,0,차대차 - 측면충돌,불법유턴,젖음/습기,비,단일로 - 기타,승용,여,46세,경상,승용,남,74세,중상
2023061400100531,2023년 6월 14일 19시,수요일,대구광역시 북구 산격동,중상사고,0,1,0,0,차대차 - 추돌,안전운전불이행,젖음/습기,비,교차로 - 교차로안,승용,남,36세,상해없음,승용,여,34세,중상
2023061400100556,2023년 6월 14일 20시,수요일,대구광역시 북구 국우동,경상사고,0,0,2,0,차대차 - 측면충돌,안전운전불이행,젖음/습기,비,교차로 - 교차로횡단보도내,개인형이동수단(PM),남,17세,경상,승용,여,27세,경상
2023061400100577,2023년 6월 14일 21시,수요일,대구광역시 달서구 죽전동,경상사고,0,0,1,0,차대차 - 기타,안전운전불이행,건조,맑음,교차로 - 교차로부근,승용,남,49세,상해없음,화물,남,62세,경상
2023061400100600,2023년 6월 14일 22시,수요일,대구광역시 달서구 대천동,경상사고,0,0,1,0,차대사람 - 차도통행중,안전운전불이행,건조,맑음,단일로 - 기타,승용,남,72세,상해없음,보행자,남,40세,경상
2023061400100611,2023년 6월 14일 23시,수요일,대구광역시 달성군 화원읍,사망사고,2,2,0,0,차대차 - 정면충돌,중앙선침범,젖음/습기,흐림,단일로 - 기타,승용,여,54세,사망,승합,남,60세,중상
2023061500100034,2023년 6월 15일 03시,목요일,대구광역시 북구 산격동,부상신고사고,0,0,0,1,차량단독 - 공작물충돌,안전운전불이행,건조,맑음,단일로 - 기타,승용,남,54세,부상신고,,,,
2023061500100046,2023년 6월 15일 05시,목요일,대구광역시 동구 신천동,중상사고,0,1,0,0,차대차 - 측면충돌,안전운전불이행,건조,맑음,단일로 - 지하차도(도로)내,승용,남,35세,상해없음,승용,남,59세,중상
2023061500100053,2023년 6월 15일 06시,목요일,대구광역시 달서구 상인동,경상사고,0,0,1,0,차대사람 - 횡단중,보행자보호의무위반,건조,맑음,교차로 - 교차로안,승용,여,50세,상해없음,보행자,여,41세,경상
2023061500100078,2023년 6월 15일 07시,목요일,대구광역시 서구 평리동,경상사고,0,0,2,0,차대차 - 추돌,안전운전불이행,건조,흐림,단일로 - 기타,승용,여,48세,상해없음,승용,남,61세,경상
2023061500100136,2023년 6월 15일 08시,목요일,대구광역시 동구 신암동,경상사고,0,0,1,0,차대차 - 측면충돌,안전운전불이행,건조,맑음,교차로 - 교차로안,자전거,남,35세,경상,승용,남,69세,상해없음
2023061500100137,2023년 6월 15일 08시,목요일,대구광역시 달서구 용산동,경상사고,0,0,1,0,차대차 - 추돌,안전운전불이행,건조,맑음,단일로 - 기타,승용,남,31세,상해없음,승용,여,37세,경상
2023061500100170,2023년 6월 15일 09시,목요일,대구광역시 동구 신서동,경상사고,0,0,1,0,차대사람 - 보도통행중,보행자보호의무위반,건조,맑음,기타 - 기타,화물,남,62세,상해없음,보행자,여,57세,경상
2023061500100171,2023년 6월 15일 09시,목요일,대구광역시 동구 방촌동,경상사고,0,0,1,0,차량단독 - 기타,안전운전불이행,건조,맑음,단일로 - 기타,승합,남,64세,상해없음,,,,
2023061500100172,2023년 6월 15일 09시,목요일,대구광역시 북구 산격동,부상신고사고,0,0,0,1,차대사람 - 보도통행중,안전운전불이행,건조,맑음,기타 - 기타,자전거,기타불명,미분류,기타불명,보행자,여,62세,부상신고
2023061500100173,2023년 6월 15일 09시,목요일,대구광역시 북구 읍내동,경상사고,0,0,1,0,차대차 - 기타,안전거리미확보,건조,맑음,교차로 - 교차로부근,승용,여,53세,상해없음,건설기계,남,53세,경상
2023061500100194,2023년 6월 15일 10시,목요일,대구광역시 동구 불로동,중상사고,0,1,0,1,차대차 - 추돌,안전운전불이행,건조,맑음,단일로 - 기타,화물,남,35세,부상신고,화물,남,66세,중상
2023061500100198,2023년 6월 15일 10시,목요일,대구광역시 수성구 이천동,중상사고,0,1,0,1,차량단독 - 공작물충돌,안전운전불이행,건조,맑음,단일로 - 기타,승용,남,70세,부상신고,,,,
2023061500100199,2023년 6월 15일 10시,목요일,대구광역시 북구 국우동,중상사고,0,1,0,0,차대차 - 측면충돌,안전거리미확보,건조,맑음,단일로 - 기타,승용,남,63세,상해없음,건설기계,남,45세,중상
2023061500100228,2023년 6월 15일 11시,목요일,대구광역시 달서구 성당동,중상사고,0,1,0,0,차대차 - 측면충돌,안전거리미확보,건조,맑음,단일로 - 기타,자전거,여,72세,중상,승용,남,33세,상해없음
2023061500100303,2023년 6월 15일 13시,목요일,대구광역시 달서구 이곡동,경상사고,0,0,1,0,차대차 - 후진중충돌,안전운전불이행,건조,맑음,기타 - 기타,승용,남,80세,상해없음,이륜,남,27세,경상
2023061500100337,2023년 6월 15일 14시,목요일,대구광역시 북구 대현동,경상사고,0,0,1,0,차대차 - 기타,안전운전불이행,건조,맑음,단일로 - 기타,승용,여,66세,상해없음,이륜,남,75세,경상
2023061500100378,2023년 6월 15일 15시,목요일,대구광역시 동구 동호동,경상사고,0,0,1,0,차대차 - 추돌,안전운전불이행,건조,맑음,교차로 - 교차로부근,승용,여,76세,상해없음,승용,남,46세,경상
2023061500100379,2023년 6월 15일 15시,목요일,대구광역시 동구 율하동,경상사고,0,0,1,0,차대사람 - 횡단중,안전운전불이행,건조,맑음,교차로 - 교차로부근,승용,여,32세,상해없음,보행자,여,59세,경상
2023061500100418,2023년 6월 15일 16시,목요일,대구광역시 수성구 두산동,경상사고,0,0,1,0,차대차 - 기타,직진우회전진행방해,건조,맑음,교차로 - 교차로안,승용,여,60세,상해없음,승용,여,51세,경상
2023061500100419,2023년 6월 15일 16시,목요일,대구광역시 수성구 범어동,경상사고,0,0,1,0,차대사람 - 길가장자리구역통행중,안전운전불이행,건조,맑음,단일로 - 기타,승용,남,77세,상해없음,보행자,남,13세,경상
2023061500100420,2023년 6월 15일 16시,목요일,대구광역시 달성군 다사읍,경상사고,0,0,1,0,차대차 - 측면충돌,안전운전불이행,건조,맑음,교차로 - 교차로안,승용,여,43세,상해없음,승용,여,64세,경상
2023061500100469,2023년 6월 15일 17시,목요일,대구광역시 북구 침산동,경상사고,0,0,1,0,차대차 - 추돌,안전거리미확보,건조,맑음,단일로 - 기타,승용,남,78세,기타불명,승용,남,63세,경상
2023061500100502,2023년 6월 15일 18시,목요일,대구광역시 북구 팔달동,중상사고,0,1,1,1,차대차 - 기타,안전운전불이행,건조,맑음,단일로 - 기타,화물,남,44세,상해없음,화물,남,32세,경상
2023061500100506,2023년 6월 15일 18시,목요일,대구광역시 동구 신암동,경상사고,0,0,1,0,차대사람 - 보도통행중,기타,건조,맑음,단일로 - 기타,승용,여,37세,상해없음,보행자,남,17세,경상
2023061500100507,2023년 6월 15일 18시,목요일,대구광역시 서구 평리동,중상사고,0,1,0,0,차대차 - 기타,기타,건조,맑음,단일로 - 기타,승용,남,67세,상해없음,자전거,남,57세,중상
2023061500100540,2023년 6월 15일 19시,목요일,대구광역시 남구 대명동,중상사고,0,1,0,0,차대차 - 측면충돌,안전운전불이행,건조,맑음,단일로 - 기타,화물,남,50세,상해없음,자전거,남,54세,중상
2023061500100541,2023년 6월 15일 19시,목요일,대구광역시 달서구 성당동,경상사고,0,0,1,0,차대사람 - 기타,안전운전불이행,건조,맑음,단일로 - 기타,이륜,남,22세,상해없음,보행자,여,57세,경상
2023061500100571,2023년 6월 15일 20시,목요일,대구광역시 달서구 신당동,중상사고,0,1,0,0,차대차 - 기타,안전운전불이행,건조,맑음,교차로 - 교차로안,승용,남,33세,기타불명,이륜,남,48세,중상
2023061500100599,2023년 6월 15일 21시,목요일,대구광역시 수성구 범어동,부상신고사고,0,0,0,1,차대사람 - 횡단중,보행자보호의무위반,건조,기타,기타 - 기타,승합,남,34세,상해없음,보행자,남,56세,부상신고
2023061500100600,2023년 6월 15일 21시,목요일,대구광역시 서구 비산동,경상사고,0,0,1,0,차대차 - 측면충돌,안전거리미확보,건조,맑음,단일로 - 기타,승용,남,21세,상해없음,승용,남,69세,경상
2023061500100621,2023년 6월 15일 22시,목요일,대구광역시 북구 노원동3가,경상사고,0,0,1,0,차대차 - 기타,신호위반,건조,맑음,교차로 - 교차로안,승용,여,68세,상해없음,이륜,남,29세,경상
2023061500100622,2023년 6월 15일 22시,목요일,대구광역시 서구 비산동,중상사고,0,1,0,0,차대차 - 측면충돌,신호위반,건조,맑음,교차로 - 교차로횡단보도내,이륜,남,34세,상해없음,자전거,남,49세,중상
2023061500100630,2023년 6월 15일 23시,목요일,대구광역시 달서구 성당동,중상사고,0,1,1,0,차대차 - 측면충돌,중앙선침범,건조,맑음,단일로 - 기타,승용,남,44세,상해없음,승용,남,55세,중상
2023061600100069,2023년 6월 16일 07시,금요일,대구광역시 수성구 만촌동,경상사고,0,0,2,0,차대차 - 추돌,안전운전불이행,건조,맑음,기타 - 기타,승용,여,30세,상해없음,승용,남,56세,경상
2023061600100104,2023년 6월 16일 08시,금요일,대구광역시 북구 대현동,경상사고,0,0,2,0,차대차 - 추돌,안전운전불이행,건조,맑음,단일로 - 기타,이륜,남,17세,상해없음,승용,남,34세,경상
2023061600100105,2023년 6월 16일 08시,금요일,대구광역시 달서구 상인동,경상사고,0,0,1,0,차대사람 - 차도통행중,안전운전불이행,건조,맑음,교차로 - 교차로부근,승용,여,37세,상해없음,보행자,남,30세,경상
2023061600100106,2023년 6월 16일 08시,금요일,대구광역시 달서구 송현동,경상사고,0,0,1,0,차대차 - 추돌,안전운전불이행,건조,맑음,단일로 - 기타,승용,여,47세,상해없음,승용,남,40세,경상
2023061600100107,2023년 6월 16일 08시,금요일,대구광역시 서구 비산동,중상사고,0,1,0,0,차대차 - 추돌,안전운전불이행,건조,맑음,교차로 - 교차로부근,승용,남,31세,상해없음,이륜,남,83세,중상
2023061600100134,2023년 6월 16일 09시,금요일,대구광역시 서구 비산동,중상사고,0,1,0,0,차대차 - 추돌,안전운전불이행,건조,맑음,단일로 - 교량,승용,남,31세,상해없음,자전거,남,64세,중상
2023061600100135,2023년 6월 16일 09시,금요일,대구광역시 북구 태전동,경상사고,0,0,1,0,차대차 - 기타,안전운전불이행,건조,맑음,단일로 - 기타,자전거,남,21세,경상,특수,남,48세,기타불명
2023061600100167,2023년 6월 16일 10시,금요일,대구광역시 동구 방촌동,경상사고,0,0,1,0,차대사람 - 횡단중,보행자보호의무위반,건조,맑음,교차로 - 교차로횡단보도내,승용,남,73세,상해없음,보행자,남,57세,경상
2023061600100168,2023년 6월 16일 10시,금요일,대구광역시 북구 칠성동1가,중상사고,0,1,1,0,차대사람 - 횡단중,안전운전불이행,건조,맑음,교차로 - 교차로안,승용,여,35세,상해없음,보행자,여,65세,중상
2023061600100206,2023년 6월 16일 11시,금요일,대구광역시 수성구 범어동,경상사고,0,0,1,0,차대차 - 측면충돌,차로위반,건조,맑음,교차로 - 교차로안,승용,남,52세,상해없음,승용,남,43세,경상
2023061600100207,2023년 6월 16일 11시,금요일,대구광역시 수성구 중동,경상사고,0,0,1,0,차대차 - 추돌,안전운전불이행,건조,맑음,교차로 - 교차로안,화물,남,37세,상해없음,승용,여,51세,경상
2023061600100208,2023년 6월 16일 11시,금요일,대구광역시 중구 남성로,경상사고,0,0,1,0,차대차 - 기타,안전운전불이행,건조,맑음,단일로 - 기타,승용,여,49세,상해없음,이륜,남,32세,경상
2023061600100209,2023년 6월 16일 11시,금요일,대구광역시 달서구 장기동,경상사고,0,0,1,0,차대차 - 측면충돌,안전운전불이행,건조,맑음,단일로 - 기타,화물,남,55세,상해없음,승용,남,71세,경상
2023061600100250,2023년 6월 16일 12시,금요일,대구광역시 동구 입석동,경상사고,0,0,1,0,차대사람 - 보도통행중,기타,건조,맑음,단일로 - 기타,화물,남,46세,상해없음,보행자,남,68세,경상
2023061600100251,2023년 6월 16일 12시,금요일,대구광역시 달서구 유천동,중상사고,0,1,0,0,차대차 - 측면충돌,중앙선침범,건조,맑음,교차로 - 교차로안,자전거,남,58세,중상,승용,여,57세,상해없음
2023061600100289,2023년 6월 16일 13시,금요일,대구광역시 북구 침산동,중상사고,0,1,0,0,차대차 - 추돌,안전운전불이행,건조,맑음,기타 - 기타,승용,여,26세,기타불명,화물,남,71세,중상
2023061600100290,2023년 6월 16일 13시,금요일,대구광역시 중구 삼덕동2가,경상사고,0,0,1,0,차대차 - 추돌,안전거리미확보,건조,맑음,교차로 - 교차로부근,승용,남,75세,상해없음,승용,여,55세,경상
2023061600100291,2023년 6월 16일 13시,금요일,대구광역시 북구 동천동,경상사고,0,0,1,0,차대차 - 측면충돌,안전운전불이행,건조,맑음,교차로 - 교차로부근,승용,남,58세,상해없음,승용,여,42세,경상
2023061600100331,2023년 6월 16일 14시,금요일,대구광역시 동구 율암동,중상사고,0,1,0,0,차대사람 - 기타,안전운전불이행,건조,맑음,교차로 - 교차로안,화물,남,71세,상해없음,보행자,여,65세,중상
2023061600100332,2023년 6월 16일 14시,금요일,대구광역시 중구 종로2가,경상사고,0,0,1,0,차대사람 - 기타,안전운전불이행,건조,맑음,단일로 - 기타,승용,여,61세,기타불명,보행자,여,57세,경상
2023061600100369,2023년 6월 16일 15시,금요일,대구광역시 동구 도동,사망사고,1,0,1,0,차대차 - 추돌,안전운전불이행,건조,맑음,단일로 - 기타,화물,남,40세,경상,화물,남,63세,사망
2023061600100373,2023년 6월 16일 15시,금요일,대구광역시 동구 신천동,경상사고,0,0,1,0,차대차 - 기타,안전운전불이행,건조,맑음,단일로 - 기타,승합,남,74세,상해없음,개인형이동수단(PM),여,27세,경상
2023061600100374,2023년 6월 16일 15시,금요일,대구광역시 달서구 송현동,중상사고,0,1,4,0,차대차 - 측면충돌,안전거리미확보,건조,맑음,단일로 - 기타,승용,여,39세,경상,승합,남,62세,경상
2023061600100375,2023년 6월 16일 15시,금요일,대구광역시 달서구 송현동,경상사고,0,0,1,0,차대차 - 측면충돌,안전운전불이행,건조,맑음,교차로 - 교차로안,승용,남,80세,상해없음,승용,여,30세,경상
2023061600100376,2023년 6월 16일 15시,금요일,대구광역시 중구 봉산동,경상사고,0,0,1,0,차대차 - 측면충돌,차로위반,건조,맑음,단일로 - 기타,승용,여,77세,상해없음,승용,남,43세,경상
2023061600100377,2023년 6월 16일 15시,금요일,대구광역시 달서구 두류동,부상신고사고,0,0,0,1,차대사람 - 기타,안전운전불이행,건조,맑음,단일로 - 기타,화물,남,28세,상해없음,보행자,남,43세,부상신고
2023061600100423,2023년 6월 16일 16시,금요일,대구광역시 동구 효목동,중상사고,0,2,0,0,차대차 - 기타,안전운전불이행,건조,맑음,단일로 - 기타,화물,남,57세,상해없음,이륜,남,58세,중상
2023061600100424,2023년 6월 16일 16시,금요일,대구광역시 달서구 월암동,중상사고,0,1,0,0,차대차 - 측면충돌,중앙선침범,건조,맑음,단일로 - 기타,이륜,여,77세,중상,승용,여,34세,상해없음
2023061600100480,2023년 6월 16일 17시,금요일,대구광역시 북구 검단동,경상사고,0,0,3,0,차대차 - 기타,차로위반,건조,맑음,단일로 - 기타,특수,남,60세,상해없음,승용,여,37세,경상
2023061600100486,2023년 6월 16일 17시,금요일,대구광역시 남구 대명동,경상사고,0,0,1,0,차대차 - 추돌,안전운전불이행,건조,맑음,단일로 - 기타,승용,남,61세,상해없음,승용,여,49세,경상
2023061600100487,2023년 6월 16일 17시,금요일,대구광역시 동구 율하동,중상사고,0,1,0,0,차대사람 - 차도통행중,안전운전불이행,건조,맑음,단일로 - 기타,승용,남,37세,상해없음,보행자,여,11세,중상
2023061600100546,2023년 6월 16일 18시,금요일,대구광역시 수성구 중동,중상사고,0,1,1,0,차대차 - 측면충돌,신호위반,건조,맑음,교차로 - 교차로안,이륜,남,72세,중상,승용,여,56세,경상
2023061600100549,2023년 6월 16일 18시,금요일,대구광역시 북구 노원동2가,경상사고,0,0,3,0,차대차 - 측면충돌,안전운전불이행,건조,맑음,교차로 - 교차로부근,화물,남,58세,상해없음,승용,남,52세,경상
2023061600100550,2023년 6월 16일 18시,금요일,대구광역시 서구 이현동,경상사고,0,0,1,1,차대차 - 정면충돌,안전운전불이행,건조,맑음,교차로 - 교차로안,승용,남,60세,부상신고,승용,남,54세,경상
2023061600100551,2023년 6월 16일 18시,금요일,대구광역시 달서구 용산동,경상사고,0,0,1,0,차대차 - 추돌,안전운전불이행,건조,맑음,교차로 - 교차로부근,승용,남,67세,상해없음,승용,여,27세,경상
2023061600100593,2023년 6월 16일 19시,금요일,대구광역시 달서구 송현동,경상사고,0,0,1,0,차대차 - 추돌,안전운전불이행,건조,맑음,교차로 - 교차로안,승용,남,66세,상해없음,이륜,남,39세,경상
2023061600100629,2023년 6월 16일 20시,금요일,대구광역시 수성구 성동,경상사고,0,0,1,1,차대차 - 측면충돌,차로위반,건조,맑음,교차로 - 교차로부근,승용,남,35세,경상,승용,남,25세,부상신고
2023061600100630,2023년 6월 16일 20시,금요일,대구광역시 달서구 상인동,경상사고,0,0,1,0,차대차 - 측면충돌,직진우회전진행방해,건조,맑음,교차로 - 교차로안,승용,여,26세,상해없음,자전거,남,61세,경상
2023061600100651,2023년 6월 16일 21시,금요일,대구광역시 중구 삼덕동1가,경상사고,0,0,1,0,차대차 - 기타,안전운전불이행,건조,맑음,교차로 - 교차로안,이륜,남,30세,경상,승용,남,30세,상해없음
2023061600100652,2023년 6월 16일 21시,금요일,대구광역시 북구 관음동,중상사고,0,1,0,0,차대차 - 측면충돌,안전거리미확보,건조,맑음,단일로 - 기타,승용,남,43세,상해없음,이륜,남,53세,중상
2023061700100009,2023년 6월 17일 00시,토요일,대구광역시 동구 용계동,중상사고,0,1,0,0,차대차 - 측면충돌,안전운전불이행,건조,맑음,단일로 - 기타,승용,남,43세,상해없음,원동기,남,58세,중상
2023061700100010,2023년 6월 17일 00시,토요일,대구광역시 수성구 수성동1가,중상사고,0,1,1,0,차대차 - 측면충돌,신호위반,건조,맑음,단일로 - 기타,승용,남,48세,상해없음,이륜,남,30세,중상
2023061700100011,2023년 6월 17일 00시,토요일,대구광역시 달서구 본리동,경상사고,0,0,1,0,차대사람 - 기타,안전운전불이행,건조,맑음,단일로 - 기타,승용,남,62세,상해없음,보행자,여,42세,경상
2023061700100026,2023년 6월 17일 01시,토요일,대구광역시 남구 봉덕동,경상사고,0,0,1,0,차대사람 - 기타,안전운전불이행,건조,맑음,단일로 - 기타,승용,남,58세,상해없음,보행자,남,36세,경상
2023061700100057,2023년 6월 17일 04시,토요일,대구광역시 동구 방촌동,부상신고사고,0,0,0,1,차대차 - 측면충돌,안전운전불이행,건조,맑음,기타 - 기타,자전거,남,57세,부상신고,승용,남,47세,상해없음
2023061700100058,2023년 6월 17일 04시,토요일,대구광역시 서구 상리동,경상사고,0,0,1,0,차대차 - 측면충돌,안전거리미확보,건조,맑음,단일로 - 기타,승용,남,72세,상해없음,건설기계,남,63세,경상
2023061700100062,2023년 6월 17일 05시,토요일,대구광역시 수성구 중동,부상신고사고,0,0,0,2,차대차 - 측면충돌,안전운전불이행,건조,맑음,교차로 - 교차로안,자전거,남,49세,부상신고,자전거,남,74세,부상신고
2023061700100114,2023년 6월 17일 08시,토요일,대구광역시 중구 삼덕동3가,경상사고,0,0,1,0,차대차 - 측면충돌,안전거리미확보,건조,맑음,단일로 - 기타,승용,남,82세,상해없음,승용,남,24세,경상
2023061700100145,2023년 6월 17일 09시,토요일,대구광역시 북구 침산동,중상사고,0,1,4,0,차대차 - 추돌,안전운전불이행,건조,맑음,단일로 - 기타,화물,남,68세,중상,화물,남,53세,경상
2023061700100181,2023년 6월 17일 10시,토요일,대구광역시 수성구 만촌동,경상사고,0,0,1,0,차대사람 - 횡단중,보행자보호의무위반,건조,맑음,교차로 - 교차로횡단보도내,승용,남,69세,상해없음,보행자,여,30세,경상
2023061700100182,2023년 6월 17일 10시,토요일,대구광역시 북구 침산동,경상사고,0,0,1,0,차대차 - 기타,안전운전불이행,건조,맑음,교차로 - 교차로부근,승용,남,56세,상해없음,이륜,남,61세,경상
2023061700100183,2023년 6월 17일 10시,토요일,대구광역시 서구 내당동,중상사고,0,1,0,0,차대차 - 측면충돌,안전운전불이행,건조,맑음,교차로 - 교차로안,자전거,여,59세,중상,승용,남,70세,상해없음
2023061700100184,2023년 6월 17일 10시,토요일,대구광역시 북구 동천동,경상사고,0,0,1,1,차대차 - 추돌,안전운전불이행,건조,맑음,단일로 - 기타,이륜,남,18세,부상신고,승용,남,59세,경상
2023061700100226,2023년 6월 17일 11시,토요일,대구광역시 수성구 범어동,경상사고,0,0,1,0,차대사람 - 기타,안전운전불이행,건조,맑음,단일로 - 기타,승용,남,45세,상해없음,보행자,여,16세,경상
2023061700100269,2023년 6월 17일 12시,토요일,대구광역시 수성구 지산동,경상사고,0,0,1,0,차대사람 - 길가장자리구역통행중,보행자보호의무위반,건조,맑음,단일로 - 기타,승용,여,36세,상해없음,보행자,여,52세,경상
2023061700100316,2023년 6월 17일 13시,토요일,대구광역시 수성구 만촌동,경상사고,0,0,1,0,차대차 - 추돌,안전운전불이행,건조,맑음,교차로 - 교차로부근,승용,여,40세,상해없음,이륜,남,39세,경상
2023061700100317,2023년 6월 17일 13시,토요일,대구광역시 서구 비산동,경상사고,0,0,2,0,차대차 - 측면충돌,안전운전불이행,건조,맑음,단일로 - 기타,화물,남,68세,상해없음,승용,남,27세,경상
2023061700100318,2023년 6월 17일 13시,토요일,대구광역시 서구 내당동,중상사고,0,1,0,0,차대차 - 측면충돌,안전운전불이행,건조,맑음,단일로 - 기타,승용,남,37세,상해없음,원동기,남,54세,중상
2023061700100319,2023년 6월 17일 13시,토요일,대구광역시 중구 대신동,경상사고,0,0,2,0,차대차 - 측면충돌,안전운전불이행,건조,맑음,교차로 - 교차로부근,승용,여,52세,상해없음,승용,여,70세,경상
2023061700100362,2023년 6월 17일 14시,토요일,대구광역시 동구 율암동,경상사고,0,0,1,0,차대차 - 정면충돌,직진우회전진행방해,건조,맑음,교차로 - 교차로안,화물,남,63세,상해없음,자전거,남,81세,경상
2023061700100363,2023년 6월 17일 14시,토요일,대구광역시 달서구 도원동,경상사고,0,0,1,0,차대차 - 기타,안전운전불이행,건조,맑음,교차로 - 교차로횡단보도내,원동기,남,49세,상해없음,자전거,남,15세,경상
2023061700100364,2023년 6월 17일 14시,토요일,대구광역시 달성군 현풍읍,부상신고사고,0,0,0,1,차대사람 - 기타,안전운전불이행,건조,맑음,단일로 - 기타,승합,남,58세,상해없음,보행자,여,77세,부상신고
2023061700100397,2023년 6월 17일 15시,토요일,대구광역시 북구 칠성동1가,경상사고,0,0,1,0,차대차 - 기타,안전운전불이행,건조,맑음,단일로 - 기타,승용,남,67세,기타불명,승용,여,49세,경상
2023061700100398,2023년 6월 17일 15시,토요일,대구광역시 서구 내당동,경상사고,0,0,1,0,차대사람 - 기타,안전운전불이행,건조,맑음,단일로 - 기타,승용,여,30세,상해없음,보행자,남,73세,경상
2023061700100437,2023년 6월 17일 16시,토요일,대구광역시 동구 신암동,경상사고,0,0,1,0,차대차 - 추돌,안전운전불이행,건조,맑음,단일로 - 기타,승용,남,40세,상해없음,승용,여,35세,경상
2023061700100438,2023년 6월 17일 16시,토요일,대구광역시 수성구 지산동,경상사고,0,0,1,0,차대사람 - 횡단중,보행자보호의무위반,건조,맑음,단일로 - 기타,승용,남,41세,상해없음,보행자,여,64세,경상
2023061700100439,2023년 6월 17일 16시,토요일,대구광역시 수성구 황금동,중상사고,0,1,0,0,차대차 - 측면충돌,신호위반,건조,맑음,교차로 - 교차로안,승용,남,61세,상해없음,이륜,남,22세,중상
2023061700100440,2023년 6월 17일 16시,토요일,대구광역시 달서구 도원동,경상사고,0,0,1,0,차대차 - 측면충돌,차로위반,건조,맑음,단일로 - 기타,승용,남,77세,상해없음,승용,남,28세,경상
2023061700100441,2023년 6월 17일 16시,토요일,대구광역시 중구 남산동,경상사고,0,0,1,0,차대차 - 측면충돌,안전거리미확보,건조,맑음,교차로 - 교차로부근,승용,남,73세,상해없음,이륜,남,44세,경상
2023061700100442,2023년 6월 17일 16시,토요일,대구광역시 중구 계산동2가,경상사고,0,0,1,0,차대사람 - 보도통행중,기타,건조,맑음,단일로 - 기타,자전거,여,25세,상해없음,보행자,여,75세,경상
2023061700100443,2023년 6월 17일 16시,토요일,대구광역시 북구 태전동,경상사고,0,0,2,0,차대차 - 측면충돌,교차로운행방법위반,건조,맑음,교차로 - 교차로안,승용,여,28세,상해없음,승용,남,36세,경상
2023061700100483,2023년 6월 17일 17시,토요일,대구광역시 달서구 상인동,중상사고,0,1,1,0,차대차 - 측면충돌,직진우회전진행방해,건조,맑음,교차로 - 교차로안,승용,남,73세,경상,원동기,여,65세,중상
2023061700100514,2023년 6월 17일 18시,토요일,대구광역시 서구 평리동,중상사고,0,1,0,0,차대차 - 측면충돌,중앙선침범,건조,맑음,교차로 - 교차로부근,이륜,남,27세,중상,승용,남,51세,상해없음
2023061700100539,2023년 6월 17일 19시,토요일,대구광역시 수성구 상동,경상사고,0,0,1,0,차대차 - 측면충돌,안전거리미확보,건조,맑음,교차로 - 교차로부근,승용,남,43세,상해없음,승용,여,28세,경상
2023061700100540,2023년 6월 17일 19시,토요일,대구광역시 달서구 이곡동,경상사고,0,0,1,0,차대차 - 기타,안전운전불이행,건조,맑음,교차로 - 교차로부근,자전거,남,26세,경상,승용,남,43세,상해없음
2023061700100584,2023년 6월 17일 21시,토요일,대구광역시 동구 신천동,경상사고,0,0,1,0,차대차 - 측면충돌,직진우회전진행방해,건조,맑음,교차로 - 교차로부근,승용,남,29세,상해없음,이륜,남,44세,경상
2023061700100605,2023년 6월 17일 22시,토요일,대구광역시 수성구 상동,경상사고,0,0,2,0,차대차 - 추돌,안전운전불이행,건조,맑음,단일로 - 기타,승용,남,26세,상해없음,승용,남,40세,경상
2023061800100010,2023년 6월 18일 00시,일요일,대구광역시 달서구 진천동,중상사고,0,1,0,1,차량단독 - 기타,안전운전불이행,건조,맑음,기타 - 기타,이륜,남,17세,부상신고,,,,