사고번호,사고일시,요일,시군구,사고내용,사망자수,중상자수,경상자수,부상신고자수,사고유형,법규위반,노면상태,기상상태,도로형태,가해운전자 차종,가해운전자 성별,가해운전자 연령,가해운전자 상해정도,피해운전자 차종,피해운전자 성별,피해운전자 연령,피해운전자 상해정도
2023061800100011,2023년 6월 18일 00시,일요일,대구광역시 달서구 이곡동,중상사고,0,2,4,0,차대차 - 추돌,안전운전불이행,건조,맑음,단일로 - 기타,승용,남,62세,상해없음,승용,남,30세,중상
2023061800100037,2023년 6월 18일 03시,일요일,대구광역시 달서구 진천동,경상사고,0,0,3,0,차대차 - 측면충돌,교차로운행방법위반,건조,맑음,교차로 - 교차로안,승용,남,21세,상해없음,승용,여,61세,경상
2023061800100069,2023년 6월 18일 07시,일요일,대구광역시 중구 삼덕동1가,경상사고,0,0,1,0,차대사람 - 기타,안전운전불이행,건조,맑음,단일로 - 기타,승용,남,27세,상해없음,보행자,남,18세,경상
2023061800100081,2023년 6월 18일 08시,일요일,대구광역시 수성구 만촌동,경상사고,0,0,1,0,차대차 - 추돌,안전운전불이행,건조,맑음,교차로 - 교차로부근,자전거,남,78세,경상,승용,남,47세,기타불명
2023061800100115,2023년 6월 18일 10시,일요일,대구광역시 동구 신서동,중상사고,0,2,0,0,차대차 - 측면충돌,직진우회전진행방해,건조,맑음,교차로 - 교차로안,승용,여,67세,상해없음,이륜,남,60세,중상
2023061800100116,2023년 6월 18일 10시,일요일,대구광역시 달서구 상인동,경상사고,0,0,1,0,차대차 - 정면충돌,교차로운행방법위반,건조,맑음,교차로 - 교차로안,승용,여,43세,상해없음,이륜,남,54세,경상
2023061800100162,2023년 6월 18일 12시,일요일,대구광역시 수성구 범물동,경상사고,0,0,1,0,차대차 - 측면충돌,안전운전불이행,건조,맑음,교차로 - 교차로안,승용,여,42세,경상,승용,남,63세,상해없음
2023061800100226,2023년 6월 18일 14시,일요일,대구광역시 달서구 상인동,경상사고,0,0,1,0,차대차 - 기타,교차로운행방법위반,건조,맑음,교차로 - 교차로안,화물,남,65세,상해없음,이륜,남,35세,경상
2023061800100227,2023년 6월 18일 14시,일요일,대구광역시 북구 대현동,경상사고,0,0,1,0,차대사람 - 기타,안전운전불이행,건조,맑음,단일로 - 기타,승용,남,45세,상해없음,보행자,여,14세,경상
2023061800100295,2023년 6월 18일 16시,일요일,대구광역시 서구 내당동,경상사고,0,0,1,0,차대차 - 측면충돌,안전운전불이행,건조,맑음,단일로 - 기타,이륜,남,61세,상해없음,이륜,남,44세,경상
2023061800100319,2023년 6월 18일 17시,일요일,대구광역시 달성군 화원읍,중상사고,0,1,0,0,차대사람 - 기타,안전운전불이행,건조,맑음,단일로 - 기타,자전거,남,70세,상해없음,보행자,여,49세,중상
2023061800100320,2023년 6월 18일 17시,일요일,대구광역시 서구 비산동,부상신고사고,0,0,0,1,차대차 - 측면충돌,안전운전불이행,건조,맑음,단일로 - 기타,이륜,남,37세,부상신고,승용,남,43세,상해없음
2023061800100347,2023년 6월 18일 18시,일요일,대구광역시 달서구 송현동,경상사고,0,0,3,0,차대차 - 측면충돌,교차로운행방법위반,건조,맑음,교차로 - 교차로안,승용,남,55세,경상,승용,여,63세,경상
2023061800100348,2023년 6월 18일 18시,일요일,대구광역시 달서구 상인동,경상사고,0,0,4,0,차대차 - 측면충돌,안전거리미확보,건조,맑음,단일로 - 기타,승용,남,63세,상해없음,승용,남,41세,경상
2023061800100375,2023년 6월 18일 19시,일요일,대구광역시 달서구 감삼동,경상사고,0,0,4,0,차대차 - 측면충돌,안전운전불이행,건조,맑음,교차로 - 교차로부근,승용,남,21세,경상,승용,남,19세,경상
2023061800100419,2023년 6월 18일 21시,일요일,대구광역시 중구 종로1가,경상사고,0,0,1,0,차대사람 - 기타,안전운전불이행,건조,맑음,단일로 - 기타,승합,남,54세,기타불명,보행자,남,56세,경상
2023061900100006,2023년 6월 19일 00시,월요일,대구광역시 수성구 수성동4가,경상사고,0,0,1,1,차대차 - 측면충돌,안전운전불이행,건조,맑음,교차로 - 교차로안,승용,남,30세,경상,이륜,남,31세,부상신고
2023061900100007,2023년 6월 19일 00시,월요일,대구광역시 서구 이현동,중상사고,0,1,0,1,차량단독 - 공작물충돌,안전운전불이행,건조,맑음,교차로 - 교차로안,승용,여,26세,부상신고,,,,
2023061900100014,2023년 6월 19일 01시,월요일,대구광역시 수성구 두산동,경상사고,0,0,2,0,차대차 - 측면충돌,안전운전불이행,건조,맑음,교차로 - 교차로안,승용,남,43세,상해없음,승용,남,53세,경상
2023061900100015,2023년 6월 19일 01시,월요일,대구광역시 수성구 수성동2가,경상사고,0,0,2,0,차대차 - 후진중충돌,안전운전불이행,건조,맑음,교차로 - 교차로부근,승용,남,54세,상해없음,승용,남,19세,경상
2023061900100049,2023년 6월 19일 06시,월요일,대구광역시 북구 대현동,중상사고,0,1,0,0,차대차 - 기타,안전운전불이행,건조,맑음,단일로 - 기타,승용,여,31세,기타불명,이륜,남,69세,중상
2023061900100076,2023년 6월 19일 07시,월요일,대구광역시 수성구 만촌동,경상사고,0,0,2,0,차대차 - 측면충돌,안전운전불이행,건조,맑음,단일로 - 기타,승용,남,35세,경상,승용,남,57세,경상
2023061900100124,2023년 6월 19일 08시,월요일,대구광역시 중구 계산동2가,경상사고,0,0,2,0,차대차 - 측면충돌,안전운전불이행,건조,맑음,교차로 - 교차로부근,승용,여,53세,상해없음,승용,남,35세,경상
2023061900100168,2023년 6월 19일 09시,월요일,대구광역시 동구 금강동,경상사고,0,0,1,0,차대차 - 측면충돌,안전운전불이행,건조,맑음,단일로 - 기타,승용,여,65세,상해없음,자전거,남,71세,경상
2023061900100169,2023년 6월 19일 09시,월요일,대구광역시 수성구 연호동,경상사고,0,0,1,0,차대차 - 기타,안전거리미확보,건조,맑음,단일로 - 기타,승용,남,59세,상해없음,화물,남,31세,상해없음
2023061900100171,2023년 6월 19일 09시,월요일,대구광역시 중구 서문로1가,경상사고,0,0,1,0,차대사람 - 횡단중,보행자보호의무위반,건조,맑음,교차로 - 교차로횡단보도내,승용,여,42세,상해없음,보행자,여,26세,경상
2023061900100172,2023년 6월 19일 09시,월요일,대구광역시 달서구 감삼동,경상사고,0,0,1,0,차대차 - 측면충돌,안전거리미확보,건조,맑음,단일로 - 기타,승용,남,28세,기타불명,이륜,남,31세,경상
2023061900100208,2023년 6월 19일 10시,월요일,대구광역시 달성군 논공읍,중상사고,0,1,0,0,차대차 - 측면충돌,신호위반,건조,맑음,교차로 - 교차로안,승용,남,49세,상해없음,승용,남,51세,중상
2023061900100209,2023년 6월 19일 10시,월요일,대구광역시 달서구 감삼동,경상사고,0,0,1,0,차대차 - 측면충돌,신호위반,건조,맑음,교차로 - 교차로안,화물,남,71세,상해없음,승용,남,73세,경상
2023061900100243,2023년 6월 19일 11시,월요일,대구광역시 동구 신암동,경상사고,0,0,1,0,차대사람 - 횡단중,보행자보호의무위반,건조,맑음,교차로 - 교차로부근,승용,여,81세,상해없음,보행자,남,67세,경상
2023061900100244,2023년 6월 19일 11시,월요일,대구광역시 서구 내당동,경상사고,0,0,1,0,차대사람 - 횡단중,신호위반,건조,맑음,단일로 - 기타,개인형이동수단(PM),남,29세,상해없음,보행자,남,66세,경상
2023061900100328,2023년 6월 19일 13시,월요일,대구광역시 달성군 다사읍,중상사고,0,1,0,0,차대차 - 기타,안전운전불이행,건조,맑음,교차로 - 교차로안,이륜,남,44세,상해없음,자전거,남,62세,중상
2023061900100329,2023년 6월 19일 13시,월요일,대구광역시 서구 내당동,중상사고,0,1,2,0,차대차 - 측면충돌,신호위반,건조,맑음,교차로 - 교차로안,승용,남,27세,경상,이륜,남,31세,중상
2023061900100362,2023년 6월 19일 14시,월요일,대구광역시 동구 신암동,중상사고,0,1,0,0,차대차 - 측면충돌,직진우회전진행방해,건조,맑음,교차로 - 교차로안,승용,남,26세,상해없음,개인형이동수단(PM),여,56세,중상
2023061900100403,2023년 6월 19일 15시,월요일,대구광역시 동구 신천동,부상신고사고,0,0,0,1,차대차 - 측면충돌,안전운전불이행,건조,맑음,단일로 - 기타,승용,여,42세,상해없음,승용,여,37세,부상신고
2023061900100404,2023년 6월 19일 15시,월요일,대구광역시 수성구 범어동,경상사고,0,0,2,0,차대차 - 기타,신호위반,건조,맑음,교차로 - 교차로안,승용,여,58세,상해없음,승용,남,70세,경상
2023061900100405,2023년 6월 19일 15시,월요일,대구광역시 달서구 월성동,경상사고,0,0,1,0,차대차 - 추돌,안전운전불이행,건조,맑음,단일로 - 기타,승용,여,59세,상해없음,승용,여,61세,경상
2023061900100406,2023년 6월 19일 15시,월요일,대구광역시 달성군 현풍읍,부상신고사고,0,0,0,1,차대사람 - 기타,안전운전불이행,건조,맑음,단일로 - 기타,기타불명,기타불명,미분류,기타불명,보행자,여,26세,부상신고
2023061900100407,2023년 6월 19일 15시,월요일,대구광역시 달성군 유가읍,경상사고,0,0,1,0,차대차 - 기타,안전운전불이행,건조,맑음,기타 - 기타,화물,남,60세,상해없음,승용,여,24세,경상
2023061900100408,2023년 6월 19일 15시,월요일,대구광역시 북구 산격동,중상사고,0,1,0,1,차대차 - 측면충돌,신호위반,건조,맑음,교차로 - 교차로안,승용,여,64세,부상신고,승용,여,34세,중상
2023061900100409,2023년 6월 19일 15시,월요일,대구광역시 서구 내당동,부상신고사고,0,0,0,1,차대사람 - 차도통행중,안전운전불이행,건조,맑음,단일로 - 기타,화물,여,68세,상해없음,보행자,여,10세,부상신고
2023061900100410,2023년 6월 19일 15시,월요일,대구광역시 북구 구암동,부상신고사고,0,0,0,1,차대사람 - 기타,안전운전불이행,건조,맑음,단일로 - 기타,승용,남,80세,상해없음,보행자,여,7세,부상신고
2023061900100466,2023년 6월 19일 16시,월요일,대구광역시 남구 대명동,중상사고,0,1,0,0,차대사람 - 기타,안전운전불이행,건조,맑음,단일로 - 기타,승용,여,65세,상해없음,보행자,남,56세,중상
2023061900100467,2023년 6월 19일 16시,월요일,대구광역시 동구 각산동,경상사고,0,0,2,0,차대차 - 기타,안전운전불이행,건조,맑음,교차로 - 교차로부근,승용,여,67세,상해없음,승용,여,32세,경상
2023061900100468,2023년 6월 19일 16시,월요일,대구광역시 수성구 황금동,경상사고,0,0,2,0,차대차 - 정면충돌,기타,건조,맑음,교차로 - 교차로안,화물,남,31세,상해없음,개인형이동수단(PM),여,13세,경상
2023061900100469,2023년 6월 19일 16시,월요일,대구광역시 달서구 상인동,경상사고,0,0,1,0,차대차 - 기타,안전운전불이행,건조,맑음,단일로 - 기타,자전거,여,58세,경상,승용,남,61세,상해없음
2023061900100470,2023년 6월 19일 16시,월요일,대구광역시 서구 중리동,중상사고,0,1,0,0,차량단독 - 전도전복 - 전도,안전운전불이행,건조,맑음,단일로 - 기타,자전거,여,62세,중상,,,,
2023061900100471,2023년 6월 19일 16시,월요일,대구광역시 달서구 신당동,경상사고,0,0,1,0,차대사람 - 횡단중,안전운전불이행,건조,맑음,단일로 - 기타,승용,여,35세,상해없음,보행자,남,73세,경상
2023061900100472,2023년 6월 19일 16시,월요일,대구광역시 달서구 감삼동,부상신고사고,0,0,0,1,차대차 - 기타,안전운전불이행,건조,맑음,단일로 - 기타,자전거,남,15세,부상신고,승용,여,48세,상해없음
2023061900100509,2023년 6월 19일 17시,월요일,대구광역시 동구 신천동,경상사고,0,0,2,0,차대차 - 기타,안전운전불이행,건조,맑음,단일로 - 기타,화물,남,58세,상해없음,승용,여,25세,경상
2023061900100510,2023년 6월 19일 17시,월요일,대구광역시 북구 산격동,경상사고,0,0,1,0,차대차 - 추돌,안전운전불이행,건조,맑음,교차로 - 교차로부근,승용,남,67세,기타불명,승용,여,34세,경상
2023061900100511,2023년 6월 19일 17시,월요일,대구광역시 북구 국우동,경상사고,0,0,1,0,차대사람 - 보도통행중,신호위반,건조,맑음,교차로 - 교차로안,승용,여,20세,상해없음,보행자,남,미분류,경상
2023061900100548,2023년 6월 19일 18시,월요일,대구광역시 달서구 진천동,중상사고,0,1,0,0,차대사람 - 횡단중,안전운전불이행,건조,맑음,교차로 - 교차로안,승용,남,30세,상해없음,보행자,여,69세,중상
2023061900100549,2023년 6월 19일 18시,월요일,대구광역시 달성군 옥포읍,경상사고,0,0,2,0,차대차 - 기타,안전운전불이행,건조,맑음,교차로 - 교차로안,승용,남,69세,상해없음,승용,남,29세,경상
2023061900100550,2023년 6월 19일 18시,월요일,대구광역시 달서구 호산동,경상사고,0,0,1,0,차대사람 - 횡단중,보행자보호의무위반,건조,맑음,교차로 - 교차로횡단보도내,승용,남,48세,상해없음,보행자,여,44세,경상
2023061900100583,2023년 6월 19일 19시,월요일,대구광역시 동구 입석동,경상사고,0,0,1,0,차대차 - 측면충돌,안전운전불이행,건조,맑음,단일로 - 지하차도(도로)내,승용,남,60세,기타불명,승용,여,50세,경상
2023061900100584,2023년 6월 19일 19시,월요일,대구광역시 동구 신암동,경상사고,0,0,1,0,차대차 - 측면충돌,직진우회전진행방해,건조,맑음,교차로 - 교차로안,승용,남,74세,상해없음,승용,여,42세,경상
2023061900100618,2023년 6월 19일 20시,월요일,대구광역시 수성구 범어동,경상사고,0,0,2,0,차대차 - 추돌,안전거리미확보,건조,기타,기타 - 기타,승용,남,74세,상해없음,승용,남,40세,경상
2023061900100619,2023년 6월 19일 20시,월요일,대구광역시 북구 침산동,경상사고,0,0,1,0,차대차 - 측면충돌,안전운전불이행,건조,맑음,단일로 - 기타,승용,남,69세,상해없음,승용,남,53세,경상
2023061900100620,2023년 6월 19일 20시,월요일,대구광역시 서구 비산동,부상신고사고,0,0,0,1,차대차 - 측면충돌,안전운전불이행,건조,맑음,교차로 - 교차로부근,자전거,여,66세,부상신고,승용,여,58세,상해없음
2023061900100639,2023년 6월 19일 21시,월요일,대구광역시 동구 중대동,경상사고,0,0,1,0,차대차 - 측면충돌,신호위반,건조,맑음,교차로 - 교차로안,승용,남,76세,상해없음,승용,남,33세,경상
2023061900100640,2023년 6월 19일 21시,월요일,대구광역시 서구 평리동,중상사고,0,1,0,0,차대사람 - 기타,안전운전불이행,건조,흐림,단일로 - 기타,승용,남,60세,상해없음,보행자,남,47세,중상
2023061900100665,2023년 6월 19일 22시,월요일,대구광역시 북구 산격동,경상사고,0,0,1,0,차대차 - 기타,안전운전불이행,건조,맑음,교차로 - 교차로부근,승용,남,36세,경상,승용,남,64세,상해없음
2023061900100674,2023년 6월 19일 23시,월요일,대구광역시 수성구 범어동,경상사고,0,0,2,0,차대차 - 측면충돌,안전운전불이행,건조,기타,기타 - 기타,승용,남,57세,상해없음,승용,남,74세,경상
2023062000100020,2023년 6월 20일 03시,화요일,대구광역시 달서구 상인동,경상사고,0,0,1,0,차대차 - 측면충돌,안전운전불이행,건조,맑음,단일로 - 기타,승용,남,32세,상해없음,이륜,남,41세,경상
2023062000100031,2023년 6월 20일 05시,화요일,대구광역시 수성구 범어동,경상사고,0,0,1,0,차대차 - 기타,안전운전불이행,건조,맑음,기타 - 기타,승용,남,55세,상해없음,자전거,남,35세,경상
2023062000100040,2023년 6월 20일 06시,화요일,대구광역시 달서구 용산동,경상사고,0,0,2,0,차대차 - 추돌,안전거리미확보,건조,맑음,단일로 - 기타,승용,여,63세,경상,화물,남,58세,상해없음
2023062000100096,2023년 6월 20일 08시,화요일,대구광역시 수성구 시지동,중상사고,0,1,0,0,차대차 - 측면충돌,안전거리미확보,건조,맑음,단일로 - 기타,승용,남,51세,상해없음,승용,여,65세,중상
2023062000100097,2023년 6월 20일 08시,화요일,대구광역시 달서구 진천동,경상사고,0,0,1,0,차대사람 - 보도통행중,신호위반,건조,맑음,교차로 - 교차로횡단보도내,승용,남,69세,상해없음,보행자,남,70세,경상
2023062000100098,2023년 6월 20일 08시,화요일,대구광역시 달성군 구지면,경상사고,0,0,1,0,차대차 - 추돌,안전운전불이행,건조,맑음,교차로 - 교차로부근,승용,여,61세,상해없음,승용,여,25세,경상
2023062000100135,2023년 6월 20일 09시,화요일,대구광역시 달서구 월성동,중상사고,0,1,0,0,차대차 - 측면충돌,안전거리미확보,건조,맑음,단일로 - 기타,화물,남,68세,상해없음,승용,남,50세,중상
2023062000100136,2023년 6월 20일 09시,화요일,대구광역시 북구 노원동3가,부상신고사고,0,0,0,1,차대차 - 정면충돌,안전운전불이행,건조,맑음,교차로 - 교차로안,이륜,남,28세,부상신고,화물,남,42세,상해없음
2023062000100137,2023년 6월 20일 09시,화요일,대구광역시 중구 태평로2가,경상사고,0,0,1,0,차대차 - 추돌,안전운전불이행,건조,맑음,단일로 - 기타,개인형이동수단(PM),여,27세,상해없음,자전거,남,63세,경상
2023062000100198,2023년 6월 20일 11시,화요일,대구광역시 동구 신천동,경상사고,0,0,1,0,차대사람 - 기타,안전운전불이행,건조,맑음,단일로 - 기타,승용,남,75세,상해없음,보행자,남,65세,경상
2023062000100199,2023년 6월 20일 11시,화요일,대구광역시 달서구 호산동,중상사고,0,1,0,0,차대차 - 측면충돌,안전거리미확보,건조,맑음,단일로 - 기타,승용,남,70세,상해없음,이륜,남,53세,중상
2023062000100200,2023년 6월 20일 11시,화요일,대구광역시 달서구 감삼동,중상사고,0,1,0,0,차대차 - 측면충돌,안전운전불이행,건조,맑음,교차로 - 교차로안,승용,여,32세,상해없음,승용,남,63세,중상
2023062000100234,2023년 6월 20일 12시,화요일,대구광역시 달서구 상인동,경상사고,0,0,1,0,차대차 - 측면충돌,안전거리미확보,건조,맑음,단일로 - 기타,승용,여,59세,상해없음,승용,남,49세,경상
2023062000100235,2023년 6월 20일 12시,화요일,대구광역시 중구 동인동4가,중상사고,0,1,0,0,차대차 - 기타,차로위반,건조,맑음,단일로 - 기타,화물,남,54세,상해없음,이륜,남,29세,중상
2023062000100236,2023년 6월 20일 12시,화요일,대구광역시 달서구 용산동,중상사고,0,1,0,0,차대차 - 기타,안전운전불이행,건조,맑음,단일로 - 기타,승용,남,69세,상해없음,자전거,남,54세,중상
2023062000100237,2023년 6월 20일 12시,화요일,대구광역시 북구 노곡동,중상사고,0,1,0,0,차대차 - 기타,안전운전불이행,건조,맑음,단일로 - 기타,승용,여,51세,상해없음,이륜,남,73세,상해없음
2023062000100300,2023년 6월 20일 14시,화요일,대구광역시 수성구 황금동,경상사고,0,0,1,0,차대차 - 측면충돌,신호위반,건조,맑음,교차로 - 교차로안,승용,남,83세,상해없음,승용,여,52세,경상
2023062000100301,2023년 6월 20일 14시,화요일,대구광역시 수성구 범물동,경상사고,0,0,1,0,차대사람 - 보도통행중,보행자보호의무위반,건조,맑음,단일로 - 기타,승용,남,51세,상해없음,보행자,여,69세,경상
2023062000100335,2023년 6월 20일 15시,화요일,대구광역시 수성구 만촌동,경상사고,0,0,1,0,차대사람 - 횡단중,안전운전불이행,건조,맑음,단일로 - 기타,승용,여,44세,상해없음,보행자,여,11세,경상
2023062000100336,2023년 6월 20일 15시,화요일,대구광역시 수성구 범어동,경상사고,0,0,1,0,차대차 - 후진중충돌,안전운전불이행,건조,기타,기타 - 기타,승용,여,44세,상해없음,승용,남,25세,경상
2023062000100337,2023년 6월 20일 15시,화요일,대구광역시 달서구 상인동,경상사고,0,0,3,0,차대차 - 측면충돌,안전거리미확보,건조,맑음,단일로 - 기타,승용,여,59세,상해없음,승용,남,71세,경상
2023062000100338,2023년 6월 20일 15시,화요일,대구광역시 달성군 화원읍,경상사고,0,0,1,0,차대사람 - 기타,안전운전불이행,건조,맑음,단일로 - 기타,승합,여,51세,상해없음,보행자,남,13세,경상
2023062000100373,2023년 6월 20일 16시,화요일,대구광역시 동구 방촌동,경상사고,0,0,2,0,차대차 - 추돌,안전운전불이행,건조,맑음,교차로 - 교차로부근,승용,남,69세,상해없음,승용,남,57세,경상
2023062000100374,2023년 6월 20일 16시,화요일,대구광역시 수성구 수성동3가,경상사고,0,0,1,0,차대차 - 기타,안전운전불이행,건조,맑음,교차로 - 교차로부근,화물,남,66세,상해없음,화물,남,60세,경상
2023062000100375,2023년 6월 20일 16시,화요일,대구광역시 중구 삼덕동3가,경상사고,0,0,1,0,차대차 - 측면충돌,안전운전불이행,건조,맑음,교차로 - 교차로안,승용,여,34세,기타불명,승용,남,80세,경상
2023062000100376,2023년 6월 20일 16시,화요일,대구광역시 중구 동인동3가,경상사고,0,0,4,0,차대차 - 추돌,안전운전불이행,건조,맑음,단일로 - 지하차도(도로)내,승용,남,27세,상해없음,승용,남,73세,경상
2023062000100377,2023년 6월 20일 16시,화요일,대구광역시 달서구 용산동,경상사고,0,0,1,0,차대차 - 측면충돌,신호위반,건조,맑음,교차로 - 교차로안,승용,남,65세,상해없음,승용,남,35세,경상
2023062000100421,2023년 6월 20일 17시,화요일,대구광역시 동구 신천동,경상사고,0,0,1,0,차대차 - 추돌,안전운전불이행,건조,맑음,교차로 - 교차로부근,승용,남,62세,상해없음,승용,남,51세,경상
2023062000100422,2023년 6월 20일 17시,화요일,대구광역시 수성구 지산동,경상사고,0,0,1,0,차대차 - 후진중충돌,안전운전불이행,건조,맑음,기타 - 기타,승용,여,60세,상해없음,이륜,남,54세,경상
2023062000100496,2023년 6월 20일 19시,화요일,대구광역시 수성구 만촌동,경상사고,0,0,1,0,차대차 - 기타,교차로운행방법위반,건조,맑음,교차로 - 교차로안,화물,남,66세,상해없음,이륜,남,34세,경상
2023062000100521,2023년 6월 20일 20시,화요일,대구광역시 수성구 두산동,경상사고,0,0,1,0,차대차 - 추돌,안전운전불이행,건조,맑음,기타 - 기타,승용,남,54세,상해없음,승용,여,29세,경상
2023062000100522,2023년 6월 20일 20시,화요일,대구광역시 달서구 상인동,부상신고사고,0,0,0,1,차대사람 - 기타,안전운전불이행,건조,맑음,기타 - 기타,기타불명,기타불명,미분류,기타불명,보행자,남,22세,부상신고
2023062000100547,2023년 6월 20일 21시,화요일,대구광역시 달성군 하빈면,중상사고,0,1,0,0,차대사람 - 기타,안전운전불이행,건조,맑음,기타 - 기타,승용,남,28세,상해없음,보행자,남,61세,중상
2023062000100573,2023년 6월 20일 22시,화요일,대구광역시 북구 칠성동2가,부상신고사고,0,0,0,1,차대사람 - 보도통행중,기타,건조,맑음,기타 - 기타,자전거,남,15세,상해없음,보행자,여,46세,부상신고
2023062000100600,2023년 6월 20일 23시,화요일,대구광역시 동구 봉무동,경상사고,0,0,1,0,차대차 - 기타,안전운전불이행,건조,맑음,교차로 - 교차로부근,승용,여,64세,상해없음,승합,남,52세,경상
2023062000100601,2023년 6월 20일 23시,화요일,대구광역시 수성구 상동,경상사고,0,0,1,0,차대차 - 기타,안전운전불이행,건조,맑음,교차로 - 교차로부근,승용,남,31세,상해없음,이륜,남,33세,경상
2023062100100014,2023년 6월 21일 00시,수요일,대구광역시 남구 대명동,경상사고,0,0,1,0,차대차 - 측면충돌,안전운전불이행,젖음/습기,비,단일로 - 기타,이륜,남,50세,상해없음,승용,남,26세,경상
2023062100100031,2023년 6월 21일 02시,수요일,대구광역시 중구 남산동,경상사고,0,0,2,0,차대차 - 측면충돌,차로위반,건조,맑음,단일로 - 기타,승용,남,40세,경상,승용,남,23세,경상
2023062100100063,2023년 6월 21일 06시,수요일,대구광역시 수성구 상동,경상사고,0,0,3,0,차대차 - 기타,신호위반,젖음/습기,비,교차로 - 교차로안,승용,남,43세,경상,승용,남,44세,경상
2023062100100077,2023년 6월 21일 07시,수요일,대구광역시 달서구 상인동,경상사고,0,0,1,0,차대차 - 측면충돌,교차로운행방법위반,건조,맑음,교차로 - 교차로안,승용,여,42세,상해없음,승용,남,71세,경상
2023062100100078,2023년 6월 21일 07시,수요일,대구광역시 북구 노원동3가,경상사고,0,0,1,0,차대차 - 추돌,안전거리미확보,젖음/습기,맑음,단일로 - 기타,승용,남,25세,상해없음,승용,여,58세,경상
2023062100100119,2023년 6월 21일 08시,수요일,대구광역시 남구 봉덕동,경상사고,0,0,1,0,차대차 - 기타,안전운전불이행,젖음/습기,비,단일로 - 기타,승용,남,36세,상해없음,자전거,여,65세,경상
2023062100100120,2023년 6월 21일 08시,수요일,대구광역시 달서구 대곡동,경상사고,0,0,1,0,차대차 - 기타,안전운전불이행,건조,맑음,기타 - 기타,기타불명,기타불명,미분류,기타불명,승용,남,38세,경상
2023062100100121,2023년 6월 21일 08시,수요일,대구광역시 북구 태전동,중상사고,0,1,0,0,차대차 - 측면충돌,안전운전불이행,젖음/습기,흐림,단일로 - 터널,이륜,남,46세,중상,승용,남,57세,상해없음
2023062100100153,2023년 6월 21일 09시,수요일,대구광역시 북구 팔달동,경상사고,0,0,3,0,차대차 - 측면충돌,안전운전불이행,젖음/습기,비,단일로 - 기타,화물,남,70세,경상,이륜,남,30세,경상
2023062100100175,2023년 6월 21일 10시,수요일,대구광역시 수성구 시지동,경상사고,0,0,5,0,차대차 - 추돌,중앙선침범,젖음/습기,비,교차로 - 교차로부근,승용,남,68세,상해없음,승용,남,39세,경상
2023062100100176,2023년 6월 21일 10시,수요일,대구광역시 수성구 만촌동,경상사고,0,0,1,0,차대차 - 측면충돌,신호위반,건조,맑음,단일로 - 기타,승용,남,19세,상해없음,승용,남,58세,경상
2023062100100177,2023년 6월 21일 10시,수요일,대구광역시 달서구 성당동,경상사고,0,0,2,0,차대차 - 정면충돌,교차로운행방법위반,건조,맑음,교차로 - 교차로안,승용,여,50세,기타불명,승용,남,63세,경상
2023062100100201,2023년 6월 21일 11시,수요일,대구광역시 서구 중리동,경상사고,0,0,1,0,차대차 - 기타,안전운전불이행,건조,맑음,단일로 - 기타,이륜,남,45세,경상,승용,여,63세,상해없음
2023062100100232,2023년 6월 21일 12시,수요일,대구광역시 북구 읍내동,경상사고,0,0,1,0,차대사람 - 기타,안전운전불이행,건조,맑음,단일로 - 기타,승용,남,65세,상해없음,보행자,남,53세,경상
2023062100100267,2023년 6월 21일 13시,수요일,대구광역시 남구 봉덕동,중상사고,0,1,0,0,차대사람 - 차도통행중,안전운전불이행,건조,맑음,교차로 - 교차로안,승용,여,66세,상해없음,보행자,여,64세,중상
2023062100100296,2023년 6월 21일 14시,수요일,대구광역시 달서구 진천동,경상사고,0,0,2,0,차대차 - 측면충돌,불법유턴,건조,맑음,단일로 - 기타,화물,남,51세,상해없음,이륜,남,66세,경상
2023062100100329,2023년 6월 21일 15시,수요일,대구광역시 동구 신암동,경상사고,0,0,1,0,차대차 - 측면충돌,안전운전불이행,건조,맑음,단일로 - 기타,승용,여,63세,상해없음,승용,남,64세,경상
2023062100100385,2023년 6월 21일 17시,수요일,대구광역시 동구 신천동,경상사고,0,0,2,0,차대차 - 추돌,안전운전불이행,건조,맑음,단일로 - 기타,승용,여,27세,상해없음,승용,여,54세,경상
2023062100100386,2023년 6월 21일 17시,수요일,대구광역시 수성구 황금동,중상사고,0,1,2,0,차대차 - 기타,차로위반,건조,맑음,교차로 - 교차로부근,승용,남,53세,상해없음,승합,남,48세,상해없음
2023062100100387,2023년 6월 21일 17시,수요일,대구광역시 달서구 진천동,중상사고,0,1,0,0,차대차 - 측면충돌,차로위반,건조,맑음,단일로 - 기타,승용,남,39세,상해없음,이륜,남,53세,중상
2023062100100388,2023년 6월 21일 17시,수요일,대구광역시 북구 노원동3가,중상사고,0,1,0,0,차대차 - 기타,안전운전불이행,건조,맑음,교차로 - 교차로안,승용,남,80세,상해없음,자전거,여,57세,중상
2023062100100389,2023년 6월 21일 17시,수요일,대구광역시 북구 대현동,부상신고사고,0,0,0,1,차대사람 - 기타,안전운전불이행,건조,맑음,단일로 - 기타,승용,남,31세,상해없음,보행자,여,72세,부상신고
2023062100100390,2023년 6월 21일 17시,수요일,대구광역시 서구 평리동,경상사고,0,0,1,0,차대차 - 측면충돌,안전운전불이행,건조,맑음,단일로 - 기타,개인형이동수단(PM),남,17세,경상,승용,여,46세,상해없음