사고번호,사고일시,요일,시군구,사고내용,사망자수,중상자수,경상자수,부상신고자수,사고유형,법규위반,노면상태,기상상태,도로형태,가해운전자 차종,가해운전자 성별,가해운전자 연령,가해운전자 상해정도,피해운전자 차종,피해운전자 성별,피해운전자 연령,피해운전자 상해정도
2023062600100111,2023년 6월 26일 08시,월요일,대구광역시 중구 남일동,경상사고,0,0,1,0,차대차 - 측면충돌,신호위반,건조,맑음,교차로 - 교차로부근,승용,남,28세,상해없음,승용,여,28세,경상
2023062600100142,2023년 6월 26일 09시,월요일,대구광역시 동구 용계동,사망사고,1,0,1,0,차대사람 - 횡단중,신호위반,건조,맑음,교차로 - 교차로횡단보도내,승용,여,31세,경상,보행자,남,71세,사망
2023062600100143,2023년 6월 26일 09시,월요일,대구광역시 수성구 두산동,경상사고,0,0,1,0,차대사람 - 차도통행중,중앙선침범,젖음/습기,비,단일로 - 기타,승용,남,69세,상해없음,보행자,남,54세,경상
2023062600100144,2023년 6월 26일 09시,월요일,대구광역시 북구 칠성동1가,경상사고,0,0,1,0,차대차 - 측면충돌,안전운전불이행,젖음/습기,비,단일로 - 기타,화물,남,77세,상해없음,승용,여,53세,경상
2023062600100145,2023년 6월 26일 09시,월요일,대구광역시 달서구 본리동,경상사고,0,0,1,0,차대차 - 측면충돌,안전운전불이행,젖음/습기,비,단일로 - 기타,승용,남,75세,상해없음,승용,여,51세,경상
2023062600100173,2023년 6월 26일 10시,월요일,대구광역시 수성구 황금동,경상사고,0,0,1,0,차대차 - 기타,안전운전불이행,젖음/습기,기타,기타 - 기타,승용,여,50세,상해없음,이륜,남,55세,경상
2023062600100174,2023년 6월 26일 10시,월요일,대구광역시 서구 비산동,경상사고,0,0,1,0,차량단독 - 기타,안전운전불이행,건조,맑음,단일로 - 기타,승합,남,50세,상해없음,,,,
2023062600100175,2023년 6월 26일 10시,월요일,대구광역시 달서구 두류동,경상사고,0,0,1,0,차대차 - 측면충돌,신호위반,건조,맑음,단일로 - 기타,승용,여,51세,상해없음,이륜,남,64세,경상
2023062600100230,2023년 6월 26일 12시,월요일,대구광역시 달서구 대곡동,경상사고,0,0,2,0,차대차 - 후진중충돌,안전운전불이행,건조,맑음,주차장 - 주차장,승용,남,61세,상해없음,승용,여,36세,경상
2023062600100231,2023년 6월 26일 12시,월요일,대구광역시 북구 동천동,경상사고,0,0,3,0,차대차 - 측면충돌,신호위반,젖음/습기,비,교차로 - 교차로안,승용,여,49세,상해없음,승용,남,62세,경상
2023062600100264,2023년 6월 26일 13시,월요일,대구광역시 동구 율하동,경상사고,0,0,2,0,차대차 - 추돌,안전운전불이행,건조,맑음,단일로 - 기타,화물,남,51세,상해없음,승용,남,73세,상해없음
2023062600100265,2023년 6월 26일 13시,월요일,대구광역시 수성구 범어동,경상사고,0,0,1,0,차대차 - 측면충돌,교차로운행방법위반,건조,맑음,교차로 - 교차로부근,승용,남,64세,상해없음,이륜,남,31세,경상
2023062600100266,2023년 6월 26일 13시,월요일,대구광역시 달성군 다사읍,경상사고,0,0,1,0,차대차 - 추돌,안전운전불이행,건조,맑음,교차로 - 교차로안,승용,여,30세,상해없음,승용,여,40세,경상
2023062600100267,2023년 6월 26일 13시,월요일,대구광역시 달서구 본리동,경상사고,0,0,1,0,차대차 - 기타,안전운전불이행,건조,흐림,교차로 - 교차로부근,승용,남,53세,상해없음,승용,남,48세,경상
2023062600100295,2023년 6월 26일 14시,월요일,대구광역시 수성구 범어동,경상사고,0,0,1,0,차대사람 - 길가장자리구역통행중,안전운전불이행,젖음/습기,비,단일로 - 기타,화물,남,62세,상해없음,보행자,남,37세,경상
2023062600100296,2023년 6월 26일 14시,월요일,대구광역시 중구 계산동2가,경상사고,0,0,1,0,차대차 - 측면충돌,안전거리미확보,건조,맑음,단일로 - 기타,승용,남,59세,상해없음,승용,남,70세,상해없음
2023062600100362,2023년 6월 26일 16시,월요일,대구광역시 수성구 범어동,경상사고,0,0,2,0,차대차 - 측면충돌,안전운전불이행,건조,맑음,단일로 - 기타,승용,남,25세,경상,승용,여,49세,경상
2023062600100363,2023년 6월 26일 16시,월요일,대구광역시 서구 평리동,중상사고,0,1,0,0,차대차 - 측면충돌,직진우회전진행방해,건조,맑음,교차로 - 교차로안,승용,남,20세,상해없음,이륜,남,45세,중상
2023062600100400,2023년 6월 26일 17시,월요일,대구광역시 동구 율하동,경상사고,0,0,1,0,차대차 - 추돌,안전운전불이행,건조,맑음,교차로 - 교차로부근,승용,남,27세,상해없음,승용,여,63세,경상
2023062600100401,2023년 6월 26일 17시,월요일,대구광역시 중구 대봉동,경상사고,0,0,1,0,차대사람 - 기타,보행자보호의무위반,건조,맑음,단일로 - 기타,승용,남,64세,상해없음,보행자,여,60세,경상
2023062600100402,2023년 6월 26일 17시,월요일,대구광역시 북구 금호동,경상사고,0,0,1,0,차대차 - 추돌,안전운전불이행,건조,맑음,단일로 - 기타,승용,남,53세,상해없음,승용,남,62세,경상
2023062600100447,2023년 6월 26일 18시,월요일,대구광역시 달성군 논공읍,중상사고,0,1,0,0,차대차 - 측면충돌,안전운전불이행,건조,맑음,교차로 - 교차로안,승합,여,50세,상해없음,승용,여,53세,중상
2023062600100470,2023년 6월 26일 19시,월요일,대구광역시 북구 동호동,중상사고,0,1,0,0,차대사람 - 길가장자리구역통행중,안전운전불이행,젖음/습기,흐림,단일로 - 기타,승용,여,47세,상해없음,보행자,여,63세,중상
2023062600100491,2023년 6월 26일 20시,월요일,대구광역시 서구 내당동,중상사고,0,1,0,0,차대사람 - 기타,안전운전불이행,젖음/습기,흐림,교차로 - 교차로안,승용,여,50세,상해없음,보행자,여,74세,중상
2023062600100546,2023년 6월 26일 22시,월요일,대구광역시 수성구 만촌동,경상사고,0,0,1,0,차대차 - 추돌,안전운전불이행,젖음/습기,비,교차로 - 교차로부근,승용,남,27세,상해없음,승용,여,41세,경상
2023062600100547,2023년 6월 26일 22시,월요일,대구광역시 북구 침산동,중상사고,0,1,0,0,차대사람 - 기타,기타,건조,맑음,단일로 - 기타,승합,남,25세,상해없음,보행자,남,72세,중상
2023062600100548,2023년 6월 26일 22시,월요일,대구광역시 서구 내당동,경상사고,0,0,1,0,차대차 - 측면충돌,안전운전불이행,건조,맑음,단일로 - 기타,승용,남,59세,상해없음,승용,남,41세,기타불명
2023062700100027,2023년 6월 27일 04시,화요일,대구광역시 달서구 감삼동,중상사고,0,2,1,0,차대차 - 정면충돌,신호위반,젖음/습기,비,교차로 - 교차로안,승용,남,59세,중상,화물,남,65세,경상
2023062700100058,2023년 6월 27일 07시,화요일,대구광역시 달성군 구지면,경상사고,0,0,2,0,차대차 - 추돌,안전운전불이행,건조,맑음,기타 - 기타,승용,남,28세,상해없음,승용,남,68세,경상
2023062700100098,2023년 6월 27일 08시,화요일,대구광역시 수성구 범물동,경상사고,0,0,1,1,차대차 - 측면충돌,안전운전불이행,건조,맑음,교차로 - 교차로부근,승용,남,61세,부상신고,승용,여,54세,경상
2023062700100099,2023년 6월 27일 08시,화요일,대구광역시 달성군 옥포읍,경상사고,0,0,2,1,차대차 - 측면충돌,차로위반,건조,맑음,단일로 - 기타,승용,남,29세,부상신고,승용,여,41세,경상
2023062700100160,2023년 6월 27일 10시,화요일,대구광역시 중구 삼덕동2가,중상사고,0,1,0,0,차대차 - 측면충돌,안전운전불이행,건조,맑음,단일로 - 기타,승용,남,57세,기타불명,이륜,남,37세,중상
2023062700100192,2023년 6월 27일 11시,화요일,대구광역시 수성구 상동,경상사고,0,0,1,0,차대차 - 기타,차로위반,건조,맑음,단일로 - 기타,기타불명,기타불명,미분류,기타불명,승용,남,63세,상해없음
2023062700100229,2023년 6월 27일 12시,화요일,대구광역시 달서구 대천동,경상사고,0,0,1,0,차대차 - 측면충돌,안전운전불이행,건조,맑음,교차로 - 교차로부근,승용,여,44세,상해없음,자전거,여,45세,경상
2023062700100230,2023년 6월 27일 12시,화요일,대구광역시 중구 삼덕동2가,중상사고,0,1,0,0,차대차 - 측면충돌,안전운전불이행,건조,맑음,단일로 - 기타,자전거,남,67세,중상,이륜,남,59세,상해없음
2023062700100258,2023년 6월 27일 13시,화요일,대구광역시 동구 도동,경상사고,0,0,5,0,차대차 - 기타,안전운전불이행,건조,맑음,단일로 - 기타,화물,남,28세,상해없음,승용,여,31세,경상
2023062700100260,2023년 6월 27일 13시,화요일,대구광역시 동구 각산동,경상사고,0,0,1,0,차대차 - 측면충돌,안전운전불이행,건조,맑음,교차로 - 교차로부근,승용,여,62세,상해없음,승용,남,57세,상해없음
2023062700100299,2023년 6월 27일 14시,화요일,대구광역시 동구 중대동,중상사고,0,1,0,0,차대차 - 추돌,안전거리미확보,건조,맑음,단일로 - 기타,승용,남,77세,상해없음,승용,여,69세,중상
2023062700100300,2023년 6월 27일 14시,화요일,대구광역시 동구 효목동,경상사고,0,0,1,0,차대차 - 측면충돌,안전거리미확보,건조,맑음,단일로 - 기타,화물,남,37세,상해없음,승용,남,38세,경상
2023062700100301,2023년 6월 27일 14시,화요일,대구광역시 북구 산격동,부상신고사고,0,0,0,1,차대차 - 정면충돌,불법유턴,건조,맑음,단일로 - 기타,화물,남,54세,상해없음,자전거,남,71세,부상신고
2023062700100341,2023년 6월 27일 15시,화요일,대구광역시 달서구 상인동,경상사고,0,0,1,0,차대차 - 측면충돌,안전거리미확보,건조,맑음,기타 - 기타,승용,남,78세,상해없음,승용,여,56세,경상
2023062700100342,2023년 6월 27일 15시,화요일,대구광역시 달성군 화원읍,중상사고,0,1,0,0,차대사람 - 기타,안전운전불이행,건조,맑음,단일로 - 기타,자전거,여,57세,상해없음,보행자,여,71세,중상
2023062700100369,2023년 6월 27일 16시,화요일,대구광역시 수성구 수성동1가,경상사고,0,0,1,0,차대차 - 기타,안전거리미확보,건조,기타,기타 - 기타,승용,남,39세,상해없음,승합,남,52세,상해없음
2023062700100420,2023년 6월 27일 17시,화요일,대구광역시 남구 봉덕동,경상사고,0,0,2,0,차대차 - 측면충돌,안전운전불이행,건조,맑음,교차로 - 교차로안,승용,남,39세,상해없음,개인형이동수단(PM),남,24세,경상
2023062700100421,2023년 6월 27일 17시,화요일,대구광역시 동구 신천동,경상사고,0,0,1,0,차대차 - 측면충돌,교차로운행방법위반,건조,맑음,교차로 - 교차로안,승용,여,31세,상해없음,자전거,남,75세,경상
2023062700100422,2023년 6월 27일 17시,화요일,대구광역시 동구 동호동,경상사고,0,0,1,0,차대차 - 측면충돌,교차로운행방법위반,건조,맑음,교차로 - 교차로안,승용,남,68세,상해없음,자전거,남,80세,경상
2023062700100423,2023년 6월 27일 17시,화요일,대구광역시 동구 신천동,경상사고,0,0,1,0,차대차 - 추돌,안전운전불이행,건조,맑음,단일로 - 기타,승용,남,76세,상해없음,승용,여,49세,경상
2023062700100472,2023년 6월 27일 18시,화요일,대구광역시 동구 신서동,경상사고,0,0,2,0,차대차 - 측면충돌,안전운전불이행,건조,맑음,교차로 - 교차로안,이륜,남,63세,경상,승용,여,33세,경상
2023062700100473,2023년 6월 27일 18시,화요일,대구광역시 중구 동인동3가,경상사고,0,0,2,0,차대차 - 측면충돌,신호위반,건조,맑음,단일로 - 기타,화물,남,67세,경상,승용,남,36세,경상
2023062700100537,2023년 6월 27일 20시,화요일,대구광역시 달서구 송현동,경상사고,0,0,1,0,차대사람 - 기타,기타,건조,맑음,단일로 - 기타,승용,남,77세,상해없음,보행자,남,39세,경상
2023062700100538,2023년 6월 27일 20시,화요일,대구광역시 달성군 현풍읍,경상사고,0,0,2,0,차대차 - 측면충돌,안전운전불이행,건조,맑음,단일로 - 기타,승용,남,32세,기타불명,승용,남,48세,경상
2023062700100563,2023년 6월 27일 21시,화요일,대구광역시 수성구 지산동,경상사고,0,0,2,0,차대차 - 추돌,안전운전불이행,건조,맑음,단일로 - 기타,승용,남,32세,상해없음,승용,남,27세,경상
2023062700100564,2023년 6월 27일 21시,화요일,대구광역시 달서구 진천동,경상사고,0,0,1,0,차대차 - 기타,중앙선침범,건조,맑음,교차로 - 교차로안,기타불명,기타불명,미분류,기타불명,개인형이동수단(PM),남,38세,경상
2023062700100603,2023년 6월 27일 23시,화요일,대구광역시 남구 대명동,경상사고,0,0,1,0,차대사람 - 기타,안전운전불이행,젖음/습기,비,기타 - 기타,기타불명,기타불명,미분류,기타불명,보행자,여,41세,경상
2023062700100604,2023년 6월 27일 23시,화요일,대구광역시 북구 복현동,경상사고,0,0,1,0,차량단독 - 기타,안전운전불이행,건조,맑음,단일로 - 기타,승용,남,68세,기타불명,,,,
2023062800100015,2023년 6월 28일 00시,수요일,대구광역시 수성구 만촌동,경상사고,0,0,4,0,차대차 - 측면충돌,신호위반,젖음/습기,비,교차로 - 교차로안,승용,여,50세,상해없음,승용,남,35세,경상
2023062800100045,2023년 6월 28일 04시,수요일,대구광역시 중구 대봉동,중상사고,0,1,0,0,차량단독 - 공작물충돌,안전운전불이행,적설,비,기타 - 기타,승용,남,31세,중상,,,,
2023062800100046,2023년 6월 28일 04시,수요일,대구광역시 서구 이현동,경상사고,0,0,2,0,차대차 - 측면충돌,직진우회전진행방해,젖음/습기,비,교차로 - 교차로안,화물,남,54세,상해없음,승용,남,19세,경상
2023062800100058,2023년 6월 28일 06시,수요일,대구광역시 북구 칠성동2가,경상사고,0,0,1,0,차대사람 - 횡단중,신호위반,젖음/습기,비,교차로 - 교차로횡단보도내,승용,남,60세,상해없음,보행자,남,32세,경상
2023062800100082,2023년 6월 28일 07시,수요일,대구광역시 달서구 본리동,경상사고,0,0,1,0,차대차 - 추돌,안전운전불이행,젖음/습기,흐림,단일로 - 기타,승용,남,69세,기타불명,승용,남,33세,경상
2023062800100108,2023년 6월 28일 08시,수요일,대구광역시 달서구 본리동,중상사고,0,1,0,0,차대사람 - 횡단중,보행자보호의무위반,건조,맑음,교차로 - 교차로안,승용,여,47세,상해없음,보행자,여,81세,중상
2023062800100144,2023년 6월 28일 09시,수요일,대구광역시 수성구 중동,중상사고,0,1,0,0,차대차 - 측면충돌,안전운전불이행,건조,맑음,단일로 - 기타,승용,남,62세,상해없음,자전거,남,65세,중상
2023062800100145,2023년 6월 28일 09시,수요일,대구광역시 달서구 대곡동,경상사고,0,0,1,0,차대사람 - 횡단중,보행자보호의무위반,젖음/습기,비,교차로 - 교차로횡단보도내,승용,여,57세,상해없음,보행자,여,69세,경상
2023062800100172,2023년 6월 28일 10시,수요일,대구광역시 동구 신천동,경상사고,0,0,1,0,차대사람 - 횡단중,안전운전불이행,건조,맑음,단일로 - 기타,승용,여,63세,상해없음,보행자,여,25세,경상
2023062800100173,2023년 6월 28일 10시,수요일,대구광역시 달서구 상인동,중상사고,0,2,0,0,차대차 - 측면충돌,안전거리미확보,건조,맑음,교차로 - 교차로부근,승용,남,83세,상해없음,승용,여,21세,중상
2023062800100203,2023년 6월 28일 11시,수요일,대구광역시 달성군 가창면,경상사고,0,0,1,0,차대사람 - 기타,기타,건조,맑음,단일로 - 기타,승합,남,58세,상해없음,보행자,여,59세,경상
2023062800100233,2023년 6월 28일 12시,수요일,대구광역시 수성구 지산동,경상사고,0,0,1,0,차대차 - 기타,기타,건조,맑음,단일로 - 기타,승합,남,54세,상해없음,승용,여,49세,경상
2023062800100262,2023년 6월 28일 13시,수요일,대구광역시 달서구 도원동,중상사고,0,1,0,0,차대차 - 추돌,안전거리미확보,건조,맑음,교차로 - 교차로부근,승용,남,38세,상해없음,화물,남,57세,중상
2023062800100289,2023년 6월 28일 14시,수요일,대구광역시 달서구 죽전동,부상신고사고,0,0,0,1,차대차 - 측면충돌,안전거리미확보,건조,맑음,단일로 - 기타,승용,여,36세,상해없음,승용,남,56세,부상신고
2023062800100315,2023년 6월 28일 15시,수요일,대구광역시 달서구 진천동,경상사고,0,0,1,0,차대차 - 측면충돌,안전운전불이행,건조,맑음,교차로 - 교차로부근,승용,남,61세,상해없음,승용,남,53세,경상
2023062800100316,2023년 6월 28일 15시,수요일,대구광역시 서구 내당동,경상사고,0,0,1,0,차대차 - 추돌,안전운전불이행,건조,맑음,단일로 - 기타,승용,남,40세,상해없음,승용,남,48세,경상
2023062800100366,2023년 6월 28일 16시,수요일,대구광역시 수성구 지산동,경상사고,0,0,1,0,차대차 - 기타,안전운전불이행,건조,맑음,기타 - 기타,자전거,남,14세,경상,승용,여,43세,상해없음
2023062800100367,2023년 6월 28일 16시,수요일,대구광역시 달성군 다사읍,중상사고,0,1,0,0,차대차 - 기타,안전운전불이행,건조,맑음,단일로 - 교량,화물,남,47세,상해없음,자전거,여,60세,중상
2023062800100368,2023년 6월 28일 16시,수요일,대구광역시 달성군 유가읍,경상사고,0,0,1,0,차대차 - 측면충돌,안전운전불이행,젖음/습기,비,단일로 - 기타,승용,남,39세,상해없음,승용,남,26세,경상
2023062800100369,2023년 6월 28일 16시,수요일,대구광역시 중구 대신동,중상사고,0,1,2,0,차대사람 - 기타,안전운전불이행,건조,맑음,단일로 - 기타,승용,여,72세,경상,보행자,여,73세,중상
2023062800100408,2023년 6월 28일 17시,수요일,대구광역시 수성구 만촌동,경상사고,0,0,5,0,차대차 - 추돌,안전운전불이행,건조,맑음,단일로 - 기타,승용,여,51세,경상,승용,여,52세,경상
2023062800100409,2023년 6월 28일 17시,수요일,대구광역시 북구 노원동2가,중상사고,0,1,4,1,차대차 - 추돌,안전운전불이행,건조,맑음,단일로 - 기타,승용,남,82세,부상신고,화물,남,43세,중상
2023062800100410,2023년 6월 28일 17시,수요일,대구광역시 서구 평리동,경상사고,0,0,1,0,차대사람 - 보도통행중,기타,건조,맑음,기타 - 기타,개인형이동수단(PM),여,14세,상해없음,보행자,여,87세,경상
2023062800100459,2023년 6월 28일 18시,수요일,대구광역시 동구 율하동,경상사고,0,0,1,0,차대차 - 추돌,안전운전불이행,건조,맑음,단일로 - 지하차도(도로)내,화물,여,59세,상해없음,승용,여,32세,경상
2023062800100460,2023년 6월 28일 18시,수요일,대구광역시 북구 침산동,중상사고,0,1,0,0,차대사람 - 길가장자리구역통행중,안전운전불이행,건조,맑음,단일로 - 기타,승용,남,73세,상해없음,보행자,여,82세,중상
2023062800100461,2023년 6월 28일 18시,수요일,대구광역시 북구 서변동,경상사고,0,0,1,0,차대사람 - 횡단중,안전운전불이행,건조,맑음,단일로 - 지하차도(도로)내,화물,남,83세,상해없음,보행자,남,46세,경상
2023062800100488,2023년 6월 28일 19시,수요일,대구광역시 북구 태전동,경상사고,0,0,1,0,차대사람 - 횡단중,안전운전불이행,건조,맑음,단일로 - 기타,이륜,남,60세,상해없음,보행자,여,46세,경상
2023062800100520,2023년 6월 28일 20시,수요일,대구광역시 동구 효목동,부상신고사고,0,0,0,1,차대차 - 측면충돌,안전거리미확보,건조,맑음,교차로 - 교차로부근,승용,남,51세,상해없음,이륜,남,22세,부상신고
2023062800100521,2023년 6월 28일 20시,수요일,대구광역시 수성구 지산동,사망사고,1,0,0,0,차대차 - 기타,안전운전불이행,건조,맑음,단일로 - 기타,승용,남,57세,사망,승용,여,23세,상해없음
2023062800100548,2023년 6월 28일 21시,수요일,대구광역시 동구 불로동,경상사고,0,0,2,0,차대차 - 기타,안전운전불이행,건조,맑음,단일로 - 기타,승용,여,53세,경상,화물,남,47세,경상
2023062800100567,2023년 6월 28일 22시,수요일,대구광역시 수성구 범어동,경상사고,0,0,1,0,차대차 - 정면충돌,안전운전불이행,건조,맑음,교차로 - 교차로안,승용,남,73세,상해없음,이륜,남,36세,경상
2023062800100568,2023년 6월 28일 22시,수요일,대구광역시 달성군 현풍읍,경상사고,0,0,1,0,차대차 - 기타,안전운전불이행,건조,맑음,교차로 - 교차로부근,화물,남,54세,상해없음,승용,남,45세,경상
2023062800100583,2023년 6월 28일 23시,수요일,대구광역시 동구 효목동,경상사고,0,0,1,0,차대차 - 측면충돌,안전거리미확보,건조,맑음,교차로 - 교차로안,승용,남,80세,상해없음,승용,남,55세,경상
2023062800100584,2023년 6월 28일 23시,수요일,대구광역시 달성군 유가읍,경상사고,0,0,1,0,차대사람 - 기타,신호위반,건조,맑음,기타 - 기타,기타불명,기타불명,미분류,기타불명,보행자,남,24세,경상
2023062800100585,2023년 6월 28일 23시,수요일,대구광역시 중구 동인동1가,경상사고,0,0,1,0,차대차 - 기타,안전거리미확보,건조,맑음,단일로 - 기타,승용,여,56세,상해없음,승용,남,64세,경상
2023062900100016,2023년 6월 29일 01시,목요일,대구광역시 동구 신천동,경상사고,0,0,1,0,차대차 - 측면충돌,안전운전불이행,건조,맑음,단일로 - 기타,승용,남,22세,상해없음,승용,남,33세,경상
2023062900100028,2023년 6월 29일 03시,목요일,대구광역시 서구 내당동,중상사고,0,1,0,1,차대차 - 추돌,안전거리미확보,건조,맑음,단일로 - 기타,승용,남,73세,상해없음,이륜,남,16세,부상신고
2023062900100104,2023년 6월 29일 08시,목요일,대구광역시 서구 내당동,경상사고,0,0,1,0,차대차 - 기타,안전운전불이행,건조,맑음,교차로 - 교차로부근,승용,여,53세,상해없음,승용,남,30세,상해없음
2023062900100134,2023년 6월 29일 09시,목요일,대구광역시 북구 칠성동2가,경상사고,0,0,1,0,차대차 - 기타,안전운전불이행,건조,맑음,교차로 - 교차로횡단보도내,자전거,여,54세,경상,승용,여,40세,상해없음
2023062900100135,2023년 6월 29일 09시,목요일,대구광역시 서구 평리동,경상사고,0,0,1,0,차대차 - 측면충돌,안전운전불이행,건조,맑음,단일로 - 기타,자전거,남,83세,경상,화물,남,62세,상해없음
2023062900100199,2023년 6월 29일 11시,목요일,대구광역시 달서구 월암동,경상사고,0,0,1,0,차대차 - 측면충돌,불법유턴,건조,맑음,단일로 - 기타,승용,남,61세,상해없음,화물,남,60세,경상
2023062900100200,2023년 6월 29일 11시,목요일,대구광역시 서구 상리동,경상사고,0,0,1,1,차대차 - 추돌,안전운전불이행,건조,맑음,단일로 - 기타,화물,남,52세,부상신고,승용,남,73세,경상
2023062900100241,2023년 6월 29일 12시,목요일,대구광역시 수성구 수성동1가,경상사고,0,0,1,0,차대차 - 측면충돌,안전운전불이행,건조,맑음,교차로 - 교차로안,승용,남,47세,상해없음,이륜,남,52세,경상
2023062900100242,2023년 6월 29일 12시,목요일,대구광역시 달성군 논공읍,경상사고,0,0,1,0,차대차 - 기타,안전운전불이행,건조,맑음,단일로 - 기타,기타불명,기타불명,미분류,기타불명,승용,남,45세,기타불명
2023062900100283,2023년 6월 29일 13시,목요일,대구광역시 수성구 범어동,중상사고,0,1,1,0,차대차 - 추돌,안전운전불이행,젖음/습기,흐림,교차로 - 교차로부근,승용,여,24세,상해없음,승용,여,27세,상해없음
2023062900100284,2023년 6월 29일 13시,목요일,대구광역시 수성구 범어동,경상사고,0,0,1,0,차대사람 - 기타,보행자보호의무위반,젖음/습기,비,단일로 - 기타,승용,여,60세,상해없음,보행자,여,39세,경상
2023062900100285,2023년 6월 29일 13시,목요일,대구광역시 서구 내당동,경상사고,0,0,1,0,차대사람 - 횡단중,보행자보호의무위반,젖음/습기,비,단일로 - 기타,승용,남,57세,상해없음,보행자,여,51세,경상
2023062900100286,2023년 6월 29일 13시,목요일,대구광역시 중구 대신동,경상사고,0,0,2,1,차대차 - 추돌,안전운전불이행,건조,맑음,교차로 - 교차로안,승용,남,50세,부상신고,화물,남,48세,경상
2023062900100319,2023년 6월 29일 14시,목요일,대구광역시 동구 검사동,경상사고,0,0,2,0,차대차 - 추돌,안전거리미확보,건조,맑음,단일로 - 지하차도(도로)내,승용,여,63세,경상,승용,여,69세,경상
2023062900100320,2023년 6월 29일 14시,목요일,대구광역시 달서구 진천동,경상사고,0,0,2,0,차대차 - 측면충돌,차로위반,젖음/습기,비,단일로 - 기타,승용,남,80세,상해없음,승용,남,23세,경상
2023062900100321,2023년 6월 29일 14시,목요일,대구광역시 달서구 본동,경상사고,0,0,1,0,차대차 - 기타,안전운전불이행,건조,맑음,교차로 - 교차로부근,승용,남,71세,상해없음,승용,남,23세,경상
2023062900100347,2023년 6월 29일 15시,목요일,대구광역시 달서구 본동,경상사고,0,0,2,0,차대사람 - 횡단중,신호위반,젖음/습기,비,교차로 - 교차로횡단보도내,승용,여,61세,상해없음,보행자,여,12세,경상
2023062900100348,2023년 6월 29일 15시,목요일,대구광역시 북구 칠성동2가,경상사고,0,0,1,0,차대차 - 기타,교차로운행방법위반,건조,맑음,기타 - 기타,승용,여,52세,상해없음,자전거,남,36세,경상
2023062900100386,2023년 6월 29일 16시,목요일,대구광역시 중구 대봉동,중상사고,0,1,0,0,차대사람 - 기타,안전운전불이행,젖음/습기,비,단일로 - 기타,화물,남,26세,기타불명,보행자,여,57세,중상
2023062900100388,2023년 6월 29일 16시,목요일,대구광역시 달서구 대곡동,경상사고,0,0,2,0,차대차 - 추돌,안전거리미확보,젖음/습기,비,단일로 - 기타,승용,여,64세,상해없음,승용,남,63세,경상
2023062900100389,2023년 6월 29일 16시,목요일,대구광역시 달성군 화원읍,경상사고,0,0,1,0,차대차 - 기타,안전운전불이행,건조,맑음,교차로 - 교차로안,승용,남,50세,기타불명,이륜,남,45세,경상
2023062900100422,2023년 6월 29일 17시,목요일,대구광역시 수성구 범어동,경상사고,0,0,2,0,차대차 - 추돌,안전운전불이행,젖음/습기,비,단일로 - 기타,승용,남,29세,상해없음,승용,여,40세,경상
2023062900100486,2023년 6월 29일 19시,목요일,대구광역시 수성구 범어동,경상사고,0,0,3,0,차대차 - 추돌,안전운전불이행,젖음/습기,비,단일로 - 기타,승용,남,26세,상해없음,승용,여,62세,경상
2023062900100487,2023년 6월 29일 19시,목요일,대구광역시 달서구 신당동,경상사고,0,0,1,0,차대차 - 추돌,안전운전불이행,건조,맑음,교차로 - 교차로부근,승용,여,57세,상해없음,승용,남,68세,경상
2023062900100540,2023년 6월 29일 21시,목요일,대구광역시 남구 이천동,경상사고,0,0,1,0,차대차 - 기타,안전운전불이행,젖음/습기,비,기타 - 기타,승용,여,63세,상해없음,승용,남,45세,경상
2023062900100541,2023년 6월 29일 21시,목요일,대구광역시 수성구 범어동,경상사고,0,0,3,0,차대차 - 측면충돌,기타,젖음/습기,비,교차로 - 교차로안,이륜,남,33세,경상,승용,남,38세,경상
2023062900100560,2023년 6월 29일 22시,목요일,대구광역시 동구 신암동,중상사고,0,1,0,0,차대사람 - 횡단중,안전운전불이행,젖음/습기,비,단일로 - 기타,승용,남,62세,상해없음,보행자,남,64세,중상
2023062900100561,2023년 6월 29일 22시,목요일,대구광역시 북구 산격동,경상사고,0,0,3,0,차대차 - 기타,안전운전불이행,건조,맑음,교차로 - 교차로안,승용,여,61세,상해없음,승용,남,20세,경상
2023063000100015,2023년 6월 30일 00시,금요일,대구광역시 수성구 신매동,중상사고,0,1,0,0,차대차 - 측면충돌,신호위반,젖음/습기,비,교차로 - 교차로안,이륜,남,18세,중상,승용,남,28세,상해없음
2023063000100016,2023년 6월 30일 00시,금요일,대구광역시 중구 동인동3가,경상사고,0,0,1,0,차대차 - 추돌,안전운전불이행,젖음/습기,비,단일로 - 지하차도(도로)내,승용,여,25세,상해없음,승용,남,24세,경상
2023063000100034,2023년 6월 30일 02시,금요일,대구광역시 북구 읍내동,중상사고,0,1,0,0,차대차 - 정면충돌,교차로운행방법위반,젖음/습기,비,교차로 - 교차로안,승용,남,48세,상해없음,원동기,남,22세,중상
2023063000100040,2023년 6월 30일 04시,금요일,대구광역시 달서구 송현동,중상사고,0,1,1,0,차량단독 - 공작물충돌,기타,젖음/습기,비,단일로 - 기타,승합,남,26세,상해없음,,,,
2023063000100046,2023년 6월 30일 05시,금요일,대구광역시 동구 불로동,중상사고,0,2,0,0,차대차 - 기타,신호위반,젖음/습기,비,교차로 - 교차로안,승용,남,60세,중상,승용,남,48세,중상
2023063000100072,2023년 6월 30일 07시,금요일,대구광역시 북구 산격동,경상사고,0,0,2,0,차대차 - 측면충돌,직진우회전진행방해,젖음/습기,비,교차로 - 교차로안,승용,남,54세,상해없음,승용,남,71세,상해없음