사고번호,사고일시,요일,시군구,사고내용,사망자수,중상자수,경상자수,부상신고자수,사고유형,법규위반,노면상태,기상상태,도로형태,가해운전자 차종,가해운전자 성별,가해운전자 연령,가해운전자 상해정도,피해운전자 차종,피해운전자 성별,피해운전자 연령,피해운전자 상해정도
2023070400100245,2023년 7월 4일 12시,화요일,대구광역시 달서구 장기동,사망사고,1,0,0,0,차량단독 - 공작물충돌,안전운전불이행,건조,맑음,기타 - 기타,승용,남,51세,사망,,,,
2023070400100304,2023년 7월 4일 14시,화요일,대구광역시 달서구 장기동,부상신고사고,0,0,0,1,차대차 - 기타,신호위반,젖음/습기,흐림,단일로 - 기타,자전거,남,12세,부상신고,승용,남,61세,상해없음
2023070400100329,2023년 7월 4일 15시,화요일,대구광역시 군위군 효령면,중상사고,0,1,1,0,차대사람 - 기타,안전운전불이행,건조,맑음,주차장 - 주차장,승용,여,81세,경상,보행자,남,56세,중상
2023070400100335,2023년 7월 4일 15시,화요일,대구광역시 서구 평리동,경상사고,0,0,2,0,차대차 - 기타,안전거리미확보,젖음/습기,비,단일로 - 기타,승용,남,63세,상해없음,승용,남,37세,경상
2023070400100376,2023년 7월 4일 16시,화요일,대구광역시 북구 노원동2가,경상사고,0,0,1,0,차대차 - 추돌,안전운전불이행,건조,맑음,교차로 - 교차로안,승용,남,67세,상해없음,승용,남,27세,경상
2023070400100377,2023년 7월 4일 16시,화요일,대구광역시 달서구 장기동,경상사고,0,0,1,0,차대차 - 정면충돌,안전운전불이행,젖음/습기,비,교차로 - 교차로안,승용,남,36세,상해없음,승용,남,42세,경상
2023070400100412,2023년 7월 4일 17시,화요일,대구광역시 동구 율하동,부상신고사고,0,0,0,1,차대차 - 후진중충돌,불법유턴,젖음/습기,비,단일로 - 지하차도(도로)내,승용,남,62세,상해없음,승용,남,40세,부상신고
2023070400100413,2023년 7월 4일 17시,화요일,대구광역시 수성구 수성동2가,중상사고,0,1,0,0,차량단독 - 기타,안전운전불이행,젖음/습기,비,기타 - 기타,승합,남,64세,상해없음,,,,
2023070400100453,2023년 7월 4일 18시,화요일,대구광역시 동구 율하동,경상사고,0,0,1,0,차대차 - 측면충돌,신호위반,젖음/습기,비,교차로 - 교차로안,승용,남,73세,상해없음,승용,여,62세,경상
2023070400100454,2023년 7월 4일 18시,화요일,대구광역시 서구 평리동,경상사고,0,0,1,0,차대차 - 기타,안전운전불이행,젖음/습기,비,단일로 - 기타,승용,여,37세,상해없음,승합,남,25세,상해없음
2023070400100499,2023년 7월 4일 19시,화요일,대구광역시 군위군 군위읍,중상사고,0,1,0,0,차량단독 - 공작물충돌,안전운전불이행,젖음/습기,비,단일로 - 기타,화물,남,66세,중상,,,,
2023070400100503,2023년 7월 4일 19시,화요일,대구광역시 동구 신기동,경상사고,0,0,1,0,차대사람 - 차도통행중,안전운전불이행,건조,맑음,주차장 - 주차장,승용,남,27세,상해없음,보행자,남,56세,경상
2023070400100544,2023년 7월 4일 20시,화요일,대구광역시 달서구 상인동,부상신고사고,0,0,0,1,차대사람 - 기타,안전운전불이행,젖음/습기,비,기타 - 기타,승용,남,70세,부상신고,보행자,남,24세,상해없음
2023070400100545,2023년 7월 4일 20시,화요일,대구광역시 북구 칠성동2가,경상사고,0,0,1,0,차대차 - 기타,안전운전불이행,건조,맑음,단일로 - 기타,승용,남,71세,상해없음,승용,남,43세,경상
2023070400100546,2023년 7월 4일 20시,화요일,대구광역시 북구 노원동1가,중상사고,0,1,0,0,차대사람 - 횡단중,신호위반,젖음/습기,비,교차로 - 교차로횡단보도내,이륜,남,28세,상해없음,보행자,여,61세,중상
2023070400100547,2023년 7월 4일 20시,화요일,대구광역시 북구 산격동,경상사고,0,0,3,0,차대차 - 측면충돌,안전거리미확보,젖음/습기,비,단일로 - 기타,승용,여,32세,상해없음,승용,남,26세,경상
2023070400100578,2023년 7월 4일 21시,화요일,대구광역시 달성군 현풍읍,경상사고,0,0,2,0,차대차 - 측면충돌,안전운전불이행,건조,흐림,단일로 - 기타,화물,남,59세,상해없음,승용,여,33세,경상
2023070400100598,2023년 7월 4일 22시,화요일,대구광역시 달서구 호산동,경상사고,0,0,1,0,차대차 - 추돌,안전운전불이행,젖음/습기,비,단일로 - 기타,승용,남,63세,상해없음,이륜,남,31세,경상
2023070500100005,2023년 7월 5일 00시,수요일,대구광역시 북구 칠성동2가,중상사고,0,1,0,0,차대차 - 추돌,안전운전불이행,젖음/습기,비,교차로 - 교차로부근,승합,남,23세,상해없음,이륜,남,80세,중상
2023070500100022,2023년 7월 5일 02시,수요일,대구광역시 수성구 연호동,경상사고,0,0,1,0,차대차 - 측면충돌,신호위반,젖음/습기,흐림,교차로 - 교차로안,승용,남,32세,상해없음,승용,남,26세,상해없음
2023070500100027,2023년 7월 5일 03시,수요일,대구광역시 서구 내당동,중상사고,0,1,0,0,차대차 - 추돌,안전운전불이행,건조,맑음,단일로 - 기타,승용,남,35세,상해없음,승용,남,48세,중상
2023070500100045,2023년 7월 5일 06시,수요일,대구광역시 북구 서변동,경상사고,0,0,2,0,차대차 - 기타,안전운전불이행,젖음/습기,흐림,기타 - 기타,승용,남,22세,상해없음,화물,남,39세,경상
2023070500100059,2023년 7월 5일 07시,수요일,대구광역시 달서구 월성동,중상사고,0,1,2,0,차대차 - 기타,안전운전불이행,건조,맑음,단일로 - 기타,승용,남,38세,상해없음,승용,여,29세,중상
2023070500100098,2023년 7월 5일 08시,수요일,대구광역시 동구 효목동,중상사고,0,1,1,0,차량단독 - 공작물충돌,안전운전불이행,건조,맑음,단일로 - 기타,승용,여,55세,경상,,,,
2023070500100099,2023년 7월 5일 08시,수요일,대구광역시 달서구 유천동,경상사고,0,0,1,0,차대차 - 측면충돌,안전거리미확보,건조,맑음,단일로 - 기타,승용,남,44세,경상,화물,남,68세,상해없음
2023070500100100,2023년 7월 5일 08시,수요일,대구광역시 중구 동인동4가,경상사고,0,0,1,0,차대차 - 추돌,안전거리미확보,건조,맑음,단일로 - 기타,화물,남,62세,기타불명,승용,남,58세,경상
2023070500100129,2023년 7월 5일 09시,수요일,대구광역시 동구 지저동,경상사고,0,0,1,0,차대차 - 측면충돌,안전거리미확보,건조,맑음,교차로 - 교차로부근,승용,여,51세,상해없음,승용,남,63세,경상
2023070500100130,2023년 7월 5일 09시,수요일,대구광역시 수성구 가천동,경상사고,0,0,1,0,차대차 - 기타,안전거리미확보,건조,맑음,단일로 - 기타,승용,남,61세,상해없음,승용,남,63세,경상
2023070500100165,2023년 7월 5일 10시,수요일,대구광역시 달서구 상인동,경상사고,0,0,1,0,차대사람 - 기타,안전운전불이행,건조,맑음,기타 - 기타,승용,남,30세,상해없음,보행자,여,60세,경상
2023070500100166,2023년 7월 5일 10시,수요일,대구광역시 달서구 본리동,경상사고,0,0,1,0,차대차 - 정면충돌,안전운전불이행,건조,맑음,교차로 - 교차로부근,이륜,남,37세,경상,승용,남,71세,상해없음
2023070500100207,2023년 7월 5일 11시,수요일,대구광역시 남구 대명동,경상사고,0,0,2,0,차대차 - 측면충돌,안전운전불이행,건조,맑음,교차로 - 교차로부근,승용,남,59세,상해없음,승용,남,45세,경상
2023070500100208,2023년 7월 5일 11시,수요일,대구광역시 수성구 두산동,경상사고,0,0,1,0,차대차 - 추돌,안전운전불이행,건조,맑음,단일로 - 기타,승용,여,49세,기타불명,화물,남,43세,경상
2023070500100232,2023년 7월 5일 12시,수요일,대구광역시 달성군 화원읍,경상사고,0,0,1,0,차대차 - 기타,차로위반,건조,맑음,단일로 - 기타,승용,남,50세,상해없음,화물,남,44세,경상
2023070500100233,2023년 7월 5일 12시,수요일,대구광역시 남구 대명동,중상사고,0,1,0,0,차대사람 - 횡단중,신호위반,건조,맑음,교차로 - 교차로횡단보도내,화물,남,75세,상해없음,보행자,여,67세,중상
2023070500100234,2023년 7월 5일 12시,수요일,대구광역시 수성구 사월동,중상사고,0,1,0,0,차대차 - 추돌,안전운전불이행,건조,맑음,단일로 - 기타,승용,여,44세,상해없음,이륜,남,59세,중상
2023070500100267,2023년 7월 5일 13시,수요일,대구광역시 수성구 상동,경상사고,0,0,1,0,차대차 - 측면충돌,교차로운행방법위반,건조,맑음,교차로 - 교차로안,승용,여,64세,상해없음,승용,여,68세,경상
2023070500100268,2023년 7월 5일 13시,수요일,대구광역시 북구 침산동,부상신고사고,0,0,0,1,차대차 - 정면충돌,안전운전불이행,건조,맑음,교차로 - 교차로안,승용,여,25세,기타불명,자전거,남,11세,부상신고
2023070500100295,2023년 7월 5일 14시,수요일,대구광역시 남구 대명동,경상사고,0,0,1,0,차대사람 - 기타,안전운전불이행,건조,맑음,단일로 - 기타,승용,남,58세,상해없음,보행자,남,45세,경상
2023070500100296,2023년 7월 5일 14시,수요일,대구광역시 달서구 본리동,경상사고,0,0,1,0,차대차 - 측면충돌,안전운전불이행,건조,맑음,교차로 - 교차로부근,승용,남,66세,상해없음,자전거,남,62세,경상
2023070500100368,2023년 7월 5일 16시,수요일,대구광역시 동구 신기동,중상사고,0,1,1,0,차대차 - 정면충돌,교차로운행방법위반,건조,맑음,교차로 - 교차로부근,승용,여,64세,경상,승용,여,48세,중상
2023070500100369,2023년 7월 5일 16시,수요일,대구광역시 달성군 다사읍,중상사고,0,1,0,0,차대차 - 기타,안전운전불이행,건조,맑음,기타 - 기타,화물,남,69세,상해없음,자전거,여,60세,중상
2023070500100420,2023년 7월 5일 17시,수요일,대구광역시 북구 동천동,중상사고,0,1,0,0,차대사람 - 차도통행중,안전운전불이행,건조,맑음,단일로 - 기타,이륜,남,60세,상해없음,보행자,여,56세,중상
2023070500100450,2023년 7월 5일 18시,수요일,대구광역시 수성구 중동,경상사고,0,0,1,0,차대차 - 기타,안전운전불이행,건조,맑음,교차로 - 교차로횡단보도내,승용,여,38세,상해없음,자전거,남,70세,경상
2023070500100451,2023년 7월 5일 18시,수요일,대구광역시 북구 노원동3가,중상사고,0,1,0,0,차대사람 - 횡단중,안전운전불이행,건조,맑음,교차로 - 교차로안,승용,여,49세,상해없음,보행자,남,23세,중상
2023070500100483,2023년 7월 5일 19시,수요일,대구광역시 달서구 감삼동,경상사고,0,0,1,0,차대차 - 후진중충돌,안전운전불이행,건조,맑음,단일로 - 기타,승용,남,81세,상해없음,승용,남,49세,경상
2023070500100506,2023년 7월 5일 20시,수요일,대구광역시 남구 대명동,사망사고,1,0,1,0,차대차 - 기타,신호위반,건조,맑음,기타 - 기타,이륜,남,27세,사망,이륜,남,29세,경상
2023070500100507,2023년 7월 5일 20시,수요일,대구광역시 달서구 월성동,중상사고,0,1,0,0,차대차 - 측면충돌,교차로운행방법위반,건조,맑음,교차로 - 교차로안,승용,남,50세,상해없음,이륜,남,26세,중상
2023070500100508,2023년 7월 5일 20시,수요일,대구광역시 북구 동천동,경상사고,0,0,1,0,차대차 - 추돌,안전운전불이행,건조,맑음,단일로 - 기타,승용,남,21세,상해없음,화물,남,64세,경상
2023070500100535,2023년 7월 5일 21시,수요일,대구광역시 북구 고성동2가,경상사고,0,0,1,0,차대차 - 추돌,안전운전불이행,건조,맑음,교차로 - 교차로부근,승용,여,23세,상해없음,승용,남,57세,경상
2023070500100554,2023년 7월 5일 22시,수요일,대구광역시 서구 내당동,경상사고,0,0,2,0,차대차 - 측면충돌,안전운전불이행,건조,맑음,교차로 - 교차로부근,이륜,남,17세,경상,승용,남,52세,경상
2023070600100019,2023년 7월 6일 01시,목요일,대구광역시 달서구 본리동,경상사고,0,0,2,0,차대차 - 추돌,안전운전불이행,건조,맑음,교차로 - 교차로부근,승용,남,26세,기타불명,승용,남,50세,경상
2023070600100032,2023년 7월 6일 04시,목요일,대구광역시 북구 조야동,경상사고,0,0,1,0,차대차 - 측면충돌,안전운전불이행,건조,맑음,단일로 - 기타,화물,남,62세,상해없음,승용,남,24세,경상
2023070600100033,2023년 7월 6일 04시,목요일,대구광역시 동구 방촌동,경상사고,0,0,1,0,차대차 - 정면충돌,신호위반,건조,맑음,교차로 - 교차로부근,승용,여,35세,상해없음,승용,남,68세,경상
2023070600100078,2023년 7월 6일 07시,목요일,대구광역시 수성구 범어동,경상사고,0,0,2,0,차대차 - 측면충돌,안전거리미확보,건조,맑음,단일로 - 기타,승용,여,51세,경상,승용,남,51세,경상
2023070600100079,2023년 7월 6일 07시,목요일,대구광역시 달성군 다사읍,중상사고,0,1,1,0,차대차 - 측면충돌,신호위반,건조,맑음,교차로 - 교차로안,승용,여,47세,경상,승용,여,46세,중상
2023070600100132,2023년 7월 6일 08시,목요일,대구광역시 수성구 지산동,경상사고,0,0,2,0,차대차 - 측면충돌,안전운전불이행,건조,맑음,교차로 - 교차로안,승용,여,47세,경상,승용,남,53세,경상
2023070600100173,2023년 7월 6일 09시,목요일,대구광역시 중구 대봉동,경상사고,0,0,2,0,차대차 - 추돌,안전운전불이행,건조,맑음,기타 - 기타,승용,여,57세,상해없음,화물,남,42세,경상
2023070600100174,2023년 7월 6일 09시,목요일,대구광역시 북구 구암동,경상사고,0,0,1,0,차대사람 - 횡단중,신호위반,건조,맑음,교차로 - 교차로횡단보도내,승용,남,64세,상해없음,보행자,여,30세,경상
2023070600100201,2023년 7월 6일 10시,목요일,대구광역시 수성구 연호동,경상사고,0,0,1,0,차대차 - 기타,안전운전불이행,건조,맑음,단일로 - 기타,승용,남,59세,상해없음,승용,여,54세,경상
2023070600100202,2023년 7월 6일 10시,목요일,대구광역시 달서구 두류동,중상사고,0,1,1,0,차대차 - 측면충돌,안전운전불이행,건조,맑음,교차로 - 교차로안,승용,여,53세,상해없음,승용,남,38세,중상
2023070600100239,2023년 7월 6일 11시,목요일,대구광역시 서구 이현동,경상사고,0,0,1,0,차대차 - 측면충돌,안전운전불이행,건조,맑음,교차로 - 교차로부근,화물,남,55세,상해없음,승용,남,66세,경상
2023070600100265,2023년 7월 6일 12시,목요일,대구광역시 수성구 수성동3가,경상사고,0,0,1,0,차대차 - 측면충돌,안전운전불이행,건조,맑음,교차로 - 교차로안,승용,남,82세,상해없음,이륜,남,37세,경상
2023070600100266,2023년 7월 6일 12시,목요일,대구광역시 수성구 범물동,중상사고,0,1,0,0,차대차 - 기타,안전운전불이행,건조,맑음,교차로 - 교차로부근,승용,남,61세,상해없음,자전거,남,30세,중상
2023070600100267,2023년 7월 6일 12시,목요일,대구광역시 달성군 가창면,경상사고,0,0,1,0,차대차 - 기타,안전운전불이행,건조,맑음,교차로 - 교차로안,승용,남,71세,상해없음,승용,여,54세,경상
2023070600100268,2023년 7월 6일 12시,목요일,대구광역시 북구 산격동,경상사고,0,0,1,0,차대차 - 추돌,안전운전불이행,건조,맑음,단일로 - 기타,승용,남,65세,상해없음,승용,여,39세,경상
2023070600100294,2023년 7월 6일 13시,목요일,대구광역시 남구 대명동,경상사고,0,0,1,0,차대차 - 측면충돌,기타,건조,맑음,단일로 - 기타,승용,여,54세,상해없음,승용,남,56세,경상
2023070600100295,2023년 7월 6일 13시,목요일,대구광역시 북구 구암동,경상사고,0,0,1,0,차대차 - 추돌,안전운전불이행,건조,흐림,교차로 - 교차로안,승용,남,56세,상해없음,승용,남,81세,경상
2023070600100350,2023년 7월 6일 15시,목요일,대구광역시 수성구 범어동,경상사고,0,0,1,0,차대차 - 측면충돌,안전운전불이행,젖음/습기,비,단일로 - 기타,승용,남,77세,상해없음,승용,남,83세,경상
2023070600100394,2023년 7월 6일 16시,목요일,대구광역시 달서구 송현동,경상사고,0,0,1,0,차대사람 - 기타,안전운전불이행,건조,맑음,기타 - 기타,화물,남,38세,상해없음,보행자,여,89세,경상
2023070600100395,2023년 7월 6일 16시,목요일,대구광역시 북구 검단동,경상사고,0,0,1,0,차대차 - 측면충돌,안전운전불이행,건조,맑음,교차로 - 교차로안,승용,여,55세,기타불명,승용,여,39세,경상
2023070600100396,2023년 7월 6일 16시,목요일,대구광역시 서구 평리동,경상사고,0,0,1,0,차대차 - 후진중충돌,직진우회전진행방해,건조,맑음,교차로 - 교차로안,화물,남,61세,상해없음,화물,남,40세,경상
2023070600100428,2023년 7월 6일 17시,목요일,대구광역시 북구 산격동,경상사고,0,0,1,0,차대사람 - 횡단중,안전운전불이행,건조,맑음,단일로 - 기타,승용,남,56세,상해없음,보행자,남,65세,경상
2023070600100429,2023년 7월 6일 17시,목요일,대구광역시 중구 대봉동,중상사고,0,1,0,0,차대사람 - 기타,안전운전불이행,건조,맑음,단일로 - 기타,승용,여,64세,상해없음,보행자,남,69세,중상
2023070600100500,2023년 7월 6일 19시,목요일,대구광역시 서구 평리동,경상사고,0,0,1,0,차대차 - 추돌,안전운전불이행,건조,맑음,교차로 - 교차로부근,승용,여,38세,상해없음,승용,남,63세,경상
2023070600100520,2023년 7월 6일 20시,목요일,대구광역시 서구 내당동,경상사고,0,0,1,0,차대차 - 측면충돌,안전운전불이행,건조,맑음,단일로 - 기타,승용,여,54세,기타불명,승용,여,26세,경상
2023070600100539,2023년 7월 6일 21시,목요일,대구광역시 수성구 지산동,중상사고,0,1,0,0,차대사람 - 횡단중,보행자보호의무위반,건조,맑음,교차로 - 교차로횡단보도내,승용,여,61세,상해없음,보행자,여,48세,중상
2023070600100540,2023년 7월 6일 21시,목요일,대구광역시 달서구 송현동,경상사고,0,0,1,0,차대사람 - 길가장자리구역통행중,안전운전불이행,건조,맑음,단일로 - 기타,승용,여,53세,상해없음,보행자,남,41세,경상
2023070600100541,2023년 7월 6일 21시,목요일,대구광역시 달서구 진천동,경상사고,0,0,1,0,차대차 - 측면충돌,안전운전불이행,건조,맑음,교차로 - 교차로안,승용,여,36세,상해없음,자전거,여,46세,경상
2023070600100542,2023년 7월 6일 21시,목요일,대구광역시 달서구 용산동,경상사고,0,0,2,0,차대차 - 추돌,안전운전불이행,건조,맑음,교차로 - 교차로부근,승용,여,20세,상해없음,승용,여,51세,경상
2023070600100563,2023년 7월 6일 22시,목요일,대구광역시 달성군 현풍읍,중상사고,0,1,0,0,차량단독 - 주/정차차량 충돌,안전운전불이행,건조,맑음,교차로 - 교차로부근,승용,남,74세,중상,,,,
2023070600100564,2023년 7월 6일 22시,목요일,대구광역시 서구 내당동,중상사고,0,1,0,0,차대사람 - 차도통행중,안전운전불이행,건조,맑음,교차로 - 교차로안,승용,남,48세,상해없음,보행자,여,69세,중상
2023070600100565,2023년 7월 6일 22시,목요일,대구광역시 달서구 신당동,경상사고,0,0,1,0,차대차 - 추돌,안전운전불이행,건조,맑음,단일로 - 기타,승용,남,42세,상해없음,승용,남,45세,경상
2023070700100002,2023년 7월 7일 00시,금요일,대구광역시 중구 동산동,경상사고,0,0,1,0,차대차 - 측면충돌,차로위반,건조,맑음,단일로 - 기타,승용,여,48세,상해없음,승용,남,59세,경상
2023070700100035,2023년 7월 7일 05시,금요일,대구광역시 동구 율하동,중상사고,0,1,0,0,차대차 - 측면충돌,교차로운행방법위반,건조,맑음,교차로 - 교차로안,승용,남,59세,상해없음,개인형이동수단(PM),남,85세,중상
2023070700100036,2023년 7월 7일 05시,금요일,대구광역시 동구 신평동,중상사고,0,1,0,0,차대사람 - 횡단중,안전운전불이행,건조,맑음,교차로 - 교차로안,화물,남,63세,상해없음,보행자,여,82세,중상
2023070700100071,2023년 7월 7일 07시,금요일,대구광역시 수성구 수성동4가,경상사고,0,0,1,0,차대차 - 측면충돌,안전운전불이행,건조,맑음,교차로 - 교차로부근,이륜,남,32세,상해없음,승용,여,48세,경상
2023070700100113,2023년 7월 7일 08시,금요일,대구광역시 달성군 화원읍,경상사고,0,0,1,0,차대차 - 측면충돌,안전거리미확보,건조,맑음,단일로 - 기타,승용,남,76세,상해없음,승용,남,46세,경상
2023070700100114,2023년 7월 7일 08시,금요일,대구광역시 서구 비산동,중상사고,0,1,0,0,차대차 - 측면충돌,신호위반,건조,흐림,교차로 - 교차로안,화물,남,45세,기타불명,승용,여,50세,중상
2023070700100115,2023년 7월 7일 08시,금요일,대구광역시 북구 태전동,경상사고,0,0,1,0,차대차 - 측면충돌,신호위반,건조,맑음,교차로 - 교차로안,승용,남,23세,상해없음,승용,여,50세,경상
2023070700100142,2023년 7월 7일 09시,금요일,대구광역시 수성구 시지동,경상사고,0,0,1,0,차대차 - 기타,안전거리미확보,건조,맑음,단일로 - 기타,승용,남,46세,상해없음,승용,여,46세,경상
2023070700100173,2023년 7월 7일 10시,금요일,대구광역시 달서구 월성동,경상사고,0,0,1,0,차대차 - 측면충돌,교차로운행방법위반,건조,맑음,교차로 - 교차로안,승용,여,57세,상해없음,화물,남,57세,경상
2023070700100214,2023년 7월 7일 11시,금요일,대구광역시 동구 용계동,부상신고사고,0,0,0,1,차대차 - 측면충돌,불법유턴,젖음/습기,비,교차로 - 교차로횡단보도내,자전거,남,69세,부상신고,승용,남,64세,상해없음
2023070700100250,2023년 7월 7일 12시,금요일,대구광역시 남구 대명동,경상사고,0,0,1,0,차대사람 - 차도통행중,안전운전불이행,젖음/습기,비,단일로 - 기타,승용,남,66세,상해없음,보행자,남,39세,경상
2023070700100252,2023년 7월 7일 12시,금요일,대구광역시 서구 상리동,경상사고,0,0,1,0,차대차 - 추돌,안전운전불이행,젖음/습기,비,단일로 - 기타,승용,남,56세,상해없음,승용,여,63세,경상
2023070700100253,2023년 7월 7일 12시,금요일,대구광역시 북구 구암동,경상사고,0,0,1,0,차대사람 - 차도통행중,안전운전불이행,젖음/습기,흐림,단일로 - 기타,승용,남,20세,상해없음,보행자,남,28세,경상
2023070700100293,2023년 7월 7일 13시,금요일,대구광역시 수성구 연호동,경상사고,0,0,1,0,차대차 - 측면충돌,기타,젖음/습기,비,단일로 - 기타,승용,남,71세,상해없음,승용,남,58세,경상
2023070700100294,2023년 7월 7일 13시,금요일,대구광역시 중구 덕산동,부상신고사고,0,0,0,1,차대차 - 측면충돌,안전거리미확보,건조,맑음,단일로 - 기타,이륜,남,63세,부상신고,승용,여,28세,상해없음
2023070700100295,2023년 7월 7일 13시,금요일,대구광역시 중구 남산동,중상사고,0,1,0,0,차대사람 - 횡단중,보행자보호의무위반,젖음/습기,비,교차로 - 교차로횡단보도내,승용,남,50세,상해없음,보행자,여,22세,중상
2023070700100296,2023년 7월 7일 13시,금요일,대구광역시 북구 사수동,경상사고,0,0,1,0,차대차 - 기타,안전거리미확보,젖음/습기,흐림,교차로 - 교차로부근,승용,남,41세,상해없음,승용,여,52세,경상
2023070700100324,2023년 7월 7일 14시,금요일,대구광역시 북구 태전동,경상사고,0,0,1,0,차대차 - 추돌,안전운전불이행,젖음/습기,비,단일로 - 기타,승용,남,28세,기타불명,원동기,여,60세,경상
2023070700100360,2023년 7월 7일 15시,금요일,대구광역시 달서구 도원동,중상사고,0,1,0,0,차대차 - 측면충돌,불법유턴,젖음/습기,비,교차로 - 교차로안,개인형이동수단(PM),남,14세,중상,승용,남,52세,상해없음
2023070700100361,2023년 7월 7일 15시,금요일,대구광역시 달성군 다사읍,경상사고,0,0,1,0,차대차 - 측면충돌,안전운전불이행,건조,맑음,교차로 - 교차로안,승용,남,57세,상해없음,화물,남,31세,경상
2023070700100362,2023년 7월 7일 15시,금요일,대구광역시 서구 평리동,경상사고,0,0,1,0,차대사람 - 차도통행중,안전운전불이행,건조,맑음,단일로 - 기타,승용,여,64세,상해없음,보행자,남,35세,경상
2023070700100416,2023년 7월 7일 16시,금요일,대구광역시 달성군 유가읍,경상사고,0,0,1,0,차대차 - 기타,안전운전불이행,건조,맑음,단일로 - 기타,승용,여,39세,상해없음,승용,여,38세,경상
2023070700100470,2023년 7월 7일 17시,금요일,대구광역시 수성구 범물동,중상사고,0,1,0,0,차대차 - 추돌,안전운전불이행,젖음/습기,비,단일로 - 기타,승용,남,58세,중상,화물,남,65세,기타불명
2023070700100471,2023년 7월 7일 17시,금요일,대구광역시 중구 동인동4가,중상사고,0,1,1,0,차대차 - 추돌,안전운전불이행,건조,맑음,단일로 - 기타,승합,남,55세,상해없음,승용,여,55세,중상
2023070700100472,2023년 7월 7일 17시,금요일,대구광역시 중구 동산동,경상사고,0,0,4,0,차대차 - 측면충돌,안전거리미확보,건조,맑음,단일로 - 기타,승용,남,53세,경상,승용,여,30세,경상
2023070700100519,2023년 7월 7일 18시,금요일,대구광역시 수성구 수성동4가,중상사고,0,2,1,0,차대차 - 기타,안전거리미확보,젖음/습기,비,단일로 - 기타,승용,남,34세,상해없음,승용,남,29세,경상
2023070700100520,2023년 7월 7일 18시,금요일,대구광역시 달서구 대곡동,중상사고,0,1,1,0,차대차 - 측면충돌,안전거리미확보,건조,맑음,단일로 - 기타,승용,남,58세,상해없음,승용,여,51세,경상
2023070700100521,2023년 7월 7일 18시,금요일,대구광역시 달성군 다사읍,중상사고,0,1,0,0,차대사람 - 기타,안전운전불이행,건조,맑음,단일로 - 기타,자전거,남,62세,상해없음,보행자,여,50세,중상
2023070700100522,2023년 7월 7일 18시,금요일,대구광역시 중구 달성동,부상신고사고,0,0,0,1,차대사람 - 기타,안전운전불이행,건조,맑음,교차로 - 교차로안,기타불명,기타불명,미분류,기타불명,보행자,여,74세,부상신고
2023070700100523,2023년 7월 7일 18시,금요일,대구광역시 북구 태전동,부상신고사고,0,0,0,1,차대사람 - 기타,안전운전불이행,건조,맑음,교차로 - 교차로안,승용,남,76세,상해없음,보행자,여,21세,부상신고
2023070700100556,2023년 7월 7일 19시,금요일,대구광역시 수성구 신매동,경상사고,0,0,1,0,차대사람 - 기타,안전운전불이행,건조,맑음,단일로 - 기타,승용,남,60세,기타불명,보행자,남,65세,경상
2023070700100557,2023년 7월 7일 19시,금요일,대구광역시 북구 침산동,경상사고,0,0,3,0,차대차 - 추돌,안전거리미확보,젖음/습기,비,기타 - 기타,승용,남,30세,상해없음,승용,남,22세,경상
2023070700100621,2023년 7월 7일 21시,금요일,대구광역시 동구 각산동,경상사고,0,0,1,0,차대차 - 측면충돌,신호위반,젖음/습기,흐림,교차로 - 교차로안,이륜,남,45세,경상,승용,남,31세,상해없음
2023070700100622,2023년 7월 7일 21시,금요일,대구광역시 수성구 상동,경상사고,0,0,2,0,차대차 - 측면충돌,안전운전불이행,건조,맑음,기타 - 기타,승용,남,61세,상해없음,원동기,여,43세,경상
2023070700100623,2023년 7월 7일 21시,금요일,대구광역시 달서구 진천동,경상사고,0,0,1,0,차대차 - 추돌,안전운전불이행,건조,맑음,교차로 - 교차로부근,승용,남,63세,상해없음,승용,여,54세,경상
2023070700100665,2023년 7월 7일 23시,금요일,대구광역시 수성구 시지동,경상사고,0,0,1,0,차대차 - 후진중충돌,안전운전불이행,건조,맑음,단일로 - 기타,승용,남,26세,상해없음,승용,남,26세,기타불명
2023070700100666,2023년 7월 7일 23시,금요일,대구광역시 북구 읍내동,경상사고,0,0,2,0,차대차 - 추돌,안전운전불이행,건조,맑음,교차로 - 교차로안,승용,여,49세,상해없음,승용,남,64세,경상
2023070800100013,2023년 7월 8일 00시,토요일,대구광역시 수성구 두산동,경상사고,0,0,1,0,차대차 - 측면충돌,안전운전불이행,건조,맑음,단일로 - 기타,승용,남,54세,상해없음,승용,남,49세,경상
2023070800100014,2023년 7월 8일 00시,토요일,대구광역시 달서구 이곡동,경상사고,0,0,1,0,차대차 - 추돌,안전운전불이행,건조,맑음,교차로 - 교차로부근,승용,남,58세,상해없음,승용,여,55세,경상
2023070800100037,2023년 7월 8일 02시,토요일,대구광역시 북구 산격동,경상사고,0,0,3,0,차대차 - 추돌,안전운전불이행,건조,맑음,단일로 - 기타,화물,남,40세,상해없음,화물,남,72세,경상
2023070800100059,2023년 7월 8일 05시,토요일,대구광역시 달서구 두류동,경상사고,0,0,3,0,차대차 - 측면충돌,신호위반,건조,맑음,교차로 - 교차로부근,승용,남,69세,기타불명,승용,남,20세,경상
2023070800100123,2023년 7월 8일 09시,토요일,대구광역시 달서구 송현동,경상사고,0,0,1,0,차대차 - 측면충돌,안전거리미확보,건조,맑음,단일로 - 기타,승용,남,72세,상해없음,승용,남,30세,경상
2023070800100147,2023년 7월 8일 10시,토요일,대구광역시 수성구 범어동,경상사고,0,0,5,0,차대차 - 측면충돌,차로위반,건조,맑음,단일로 - 기타,승용,여,59세,상해없음,승용,남,54세,경상