사고번호,사고일시,요일,시군구,사고내용,사망자수,중상자수,경상자수,부상신고자수,사고유형,법규위반,노면상태,기상상태,도로형태,가해운전자 차종,가해운전자 성별,가해운전자 연령,가해운전자 상해정도,피해운전자 차종,피해운전자 성별,피해운전자 연령,피해운전자 상해정도
2023070800100149,2023년 7월 8일 10시,토요일,대구광역시 서구 평리동,경상사고,0,0,1,0,차대차 - 기타,신호위반,건조,맑음,교차로 - 교차로안,승용,남,57세,상해없음,자전거,남,37세,경상
2023070800100150,2023년 7월 8일 10시,토요일,대구광역시 중구 계산동2가,부상신고사고,0,0,0,1,차대차 - 측면충돌,신호위반,건조,맑음,교차로 - 교차로부근,이륜,남,39세,부상신고,승용,남,73세,상해없음
2023070800100178,2023년 7월 8일 11시,토요일,대구광역시 북구 칠성동2가,경상사고,0,0,1,0,차대사람 - 기타,안전운전불이행,건조,맑음,단일로 - 기타,승용,남,63세,상해없음,보행자,여,63세,경상
2023070800100207,2023년 7월 8일 12시,토요일,대구광역시 달서구 송현동,경상사고,0,0,1,0,차대차 - 후진중충돌,안전운전불이행,건조,맑음,교차로 - 교차로안,승용,여,45세,상해없음,승용,여,48세,경상
2023070800100208,2023년 7월 8일 12시,토요일,대구광역시 달성군 다사읍,경상사고,0,0,1,0,차대차 - 정면충돌,안전운전불이행,건조,맑음,기타 - 기타,이륜,남,18세,상해없음,승용,남,58세,경상
2023070800100209,2023년 7월 8일 12시,토요일,대구광역시 중구 삼덕동2가,경상사고,0,0,6,0,차대차 - 측면충돌,안전거리미확보,건조,맑음,단일로 - 기타,승용,남,31세,경상,승용,남,41세,경상
2023070800100255,2023년 7월 8일 13시,토요일,대구광역시 남구 대명동,경상사고,0,0,1,0,차대차 - 추돌,차로위반,건조,맑음,단일로 - 기타,승용,남,62세,상해없음,승합,남,41세,경상
2023070800100256,2023년 7월 8일 13시,토요일,대구광역시 수성구 만촌동,경상사고,0,0,1,0,차대차 - 추돌,안전거리미확보,건조,기타,기타 - 기타,승용,남,27세,상해없음,승용,여,27세,경상
2023070800100257,2023년 7월 8일 13시,토요일,대구광역시 북구 산격동,중상사고,0,1,0,0,차대차 - 기타,안전운전불이행,젖음/습기,흐림,단일로 - 기타,승용,남,25세,상해없음,승용,남,54세,중상
2023070800100285,2023년 7월 8일 14시,토요일,대구광역시 수성구 범물동,경상사고,0,0,1,0,차대차 - 기타,교차로운행방법위반,건조,맑음,단일로 - 기타,승용,남,64세,상해없음,이륜,남,54세,경상
2023070800100317,2023년 7월 8일 15시,토요일,대구광역시 동구 효목동,경상사고,0,0,2,0,차대차 - 측면충돌,신호위반,건조,맑음,기타 - 기타,승용,남,63세,상해없음,승용,남,22세,경상
2023070800100318,2023년 7월 8일 15시,토요일,대구광역시 동구 신천동,경상사고,0,0,2,0,차대차 - 측면충돌,안전거리미확보,건조,맑음,교차로 - 교차로안,승용,남,50세,경상,건설기계,남,63세,경상
2023070800100345,2023년 7월 8일 16시,토요일,대구광역시 동구 신암동,경상사고,0,0,1,0,차대차 - 측면충돌,안전운전불이행,건조,맑음,단일로 - 기타,이륜,남,49세,상해없음,이륜,남,39세,경상
2023070800100346,2023년 7월 8일 16시,토요일,대구광역시 수성구 범어동,중상사고,0,1,0,0,차대차 - 측면충돌,안전운전불이행,건조,맑음,교차로 - 교차로안,승용,남,49세,상해없음,이륜,남,50세,중상
2023070800100347,2023년 7월 8일 16시,토요일,대구광역시 달서구 성당동,중상사고,0,1,0,0,차대사람 - 길가장자리구역통행중,안전운전불이행,건조,맑음,단일로 - 지하차도(도로)내,화물,남,58세,상해없음,보행자,여,83세,중상
2023070800100379,2023년 7월 8일 17시,토요일,대구광역시 달서구 월성동,경상사고,0,0,1,0,차대차 - 추돌,안전운전불이행,건조,맑음,교차로 - 교차로부근,승용,여,51세,상해없음,승용,여,62세,경상
2023070800100380,2023년 7월 8일 17시,토요일,대구광역시 북구 칠성동2가,경상사고,0,0,2,0,차대차 - 측면충돌,신호위반,건조,맑음,교차로 - 교차로안,승용,여,52세,상해없음,승용,남,63세,경상
2023070800100381,2023년 7월 8일 17시,토요일,대구광역시 서구 평리동,경상사고,0,0,1,0,차대사람 - 횡단중,안전운전불이행,건조,맑음,단일로 - 기타,화물,남,57세,상해없음,보행자,남,62세,경상
2023070800100439,2023년 7월 8일 19시,토요일,대구광역시 수성구 수성동3가,경상사고,0,0,1,0,차대차 - 측면충돌,안전운전불이행,건조,맑음,단일로 - 기타,승용,여,43세,상해없음,자전거,여,70세,경상
2023070800100440,2023년 7월 8일 19시,토요일,대구광역시 북구 동호동,경상사고,0,0,1,0,차대차 - 측면충돌,안전운전불이행,건조,맑음,교차로 - 교차로안,승용,남,59세,상해없음,이륜,남,43세,경상
2023070800100461,2023년 7월 8일 20시,토요일,대구광역시 서구 평리동,경상사고,0,0,1,0,차대차 - 추돌,안전운전불이행,건조,맑음,단일로 - 기타,이륜,남,27세,상해없음,승용,남,32세,경상
2023070800100462,2023년 7월 8일 20시,토요일,대구광역시 중구 동일동,경상사고,0,0,1,0,차대사람 - 기타,안전운전불이행,건조,맑음,교차로 - 교차로부근,승용,남,32세,상해없음,보행자,여,31세,경상
2023070800100463,2023년 7월 8일 20시,토요일,대구광역시 북구 태전동,중상사고,0,1,0,0,차대사람 - 횡단중,보행자보호의무위반,건조,맑음,교차로 - 교차로안,승용,남,55세,상해없음,보행자,남,67세,중상
2023070800100512,2023년 7월 8일 22시,토요일,대구광역시 달서구 용산동,경상사고,0,0,2,0,차대차 - 기타,차로위반,건조,맑음,단일로 - 기타,승용,남,69세,상해없음,이륜,남,28세,상해없음
2023070900100010,2023년 7월 9일 00시,일요일,대구광역시 달서구 이곡동,경상사고,0,0,1,0,차대사람 - 횡단중,신호위반,건조,맑음,교차로 - 교차로부근,승용,남,19세,상해없음,보행자,남,38세,경상
2023070900100019,2023년 7월 9일 01시,일요일,대구광역시 북구 칠성동2가,경상사고,0,0,1,0,차대사람 - 기타,안전운전불이행,건조,맑음,단일로 - 기타,승용,남,58세,상해없음,보행자,여,33세,경상
2023070900100073,2023년 7월 9일 09시,일요일,대구광역시 북구 대현동,중상사고,0,2,1,0,차대차 - 측면충돌,안전거리미확보,건조,맑음,교차로 - 교차로부근,승용,남,76세,상해없음,승용,여,44세,중상
2023070900100100,2023년 7월 9일 10시,일요일,대구광역시 동구 방촌동,경상사고,0,0,1,0,차대차 - 측면충돌,교차로운행방법위반,건조,맑음,교차로 - 교차로안,승합,남,51세,상해없음,자전거,여,62세,경상
2023070900100128,2023년 7월 9일 11시,일요일,대구광역시 북구 서변동,중상사고,0,1,0,0,차대차 - 측면충돌,교차로운행방법위반,건조,맑음,교차로 - 교차로부근,승용,남,69세,상해없음,승용,남,29세,중상
2023070900100153,2023년 7월 9일 12시,일요일,대구광역시 달서구 월성동,중상사고,0,1,0,0,차대차 - 측면충돌,교차로운행방법위반,건조,흐림,교차로 - 교차로안,승용,남,60세,기타불명,이륜,남,38세,중상
2023070900100154,2023년 7월 9일 12시,일요일,대구광역시 북구 산격동,경상사고,0,0,1,0,차대차 - 기타,안전운전불이행,건조,맑음,교차로 - 교차로안,이륜,남,36세,경상,승용,여,53세,상해없음
2023070900100155,2023년 7월 9일 12시,일요일,대구광역시 달서구 장기동,경상사고,0,0,1,0,차대사람 - 횡단중,교차로운행방법위반,건조,맑음,교차로 - 교차로안,승용,여,50세,상해없음,보행자,여,40세,경상
2023070900100206,2023년 7월 9일 14시,일요일,대구광역시 남구 대명동,경상사고,0,0,2,0,차대차 - 기타,차로위반,건조,흐림,교차로 - 교차로부근,승용,남,73세,상해없음,승용,남,32세,경상
2023070900100207,2023년 7월 9일 14시,일요일,대구광역시 북구 침산동,경상사고,0,0,1,0,차대차 - 추돌,안전운전불이행,건조,맑음,교차로 - 교차로부근,승용,여,67세,상해없음,승용,남,54세,경상
2023070900100290,2023년 7월 9일 17시,일요일,대구광역시 달서구 장기동,경상사고,0,0,1,0,차대차 - 측면충돌,안전운전불이행,건조,맑음,단일로 - 기타,건설기계,남,63세,상해없음,승용,남,37세,경상
2023070900100311,2023년 7월 9일 18시,일요일,대구광역시 달서구 도원동,중상사고,0,1,0,0,차량단독 - 전도전복 - 전도,안전운전불이행,건조,맑음,교차로 - 교차로안,개인형이동수단(PM),남,54세,중상,,,,
2023070900100332,2023년 7월 9일 19시,일요일,대구광역시 수성구 중동,부상신고사고,0,0,0,1,차대차 - 측면충돌,안전운전불이행,건조,기타,기타 - 기타,자전거,남,11세,부상신고,이륜,남,44세,상해없음
2023070900100346,2023년 7월 9일 20시,일요일,대구광역시 서구 내당동,경상사고,0,0,2,0,차대차 - 측면충돌,안전거리미확보,건조,맑음,단일로 - 기타,승용,여,65세,상해없음,승용,남,45세,경상
2023070900100367,2023년 7월 9일 21시,일요일,대구광역시 달성군 다사읍,경상사고,0,0,1,0,차대사람 - 기타,안전운전불이행,건조,맑음,단일로 - 기타,승용,남,34세,상해없음,보행자,여,31세,경상
2023071000100006,2023년 7월 10일 00시,월요일,대구광역시 달서구 송현동,중상사고,0,1,0,0,차대사람 - 횡단중,안전운전불이행,건조,맑음,단일로 - 기타,이륜,남,20세,상해없음,보행자,여,38세,중상
2023071000100068,2023년 7월 10일 07시,월요일,대구광역시 군위군 군위읍,중상사고,0,1,1,0,차대차 - 측면충돌,안전운전불이행,건조,맑음,단일로 - 기타,원동기,남,80세,중상,승용,여,50세,경상
2023071000100071,2023년 7월 10일 07시,월요일,대구광역시 달성군 화원읍,경상사고,0,0,1,0,차대차 - 기타,안전운전불이행,건조,맑음,교차로 - 교차로안,승용,남,51세,상해없음,건설기계,남,49세,경상
2023071000100072,2023년 7월 10일 07시,월요일,대구광역시 북구 서변동,중상사고,0,1,0,0,차대사람 - 차도통행중,안전운전불이행,건조,맑음,교차로 - 교차로안,승용,여,40세,상해없음,보행자,남,14세,중상
2023071000100102,2023년 7월 10일 08시,월요일,대구광역시 수성구 두산동,경상사고,0,0,1,0,차대차 - 측면충돌,신호위반,건조,맑음,교차로 - 교차로안,승용,남,32세,상해없음,승용,남,45세,경상
2023071000100132,2023년 7월 10일 09시,월요일,대구광역시 수성구 범어동,경상사고,0,0,1,0,차대차 - 후진중충돌,안전운전불이행,건조,맑음,단일로 - 기타,승용,남,60세,상해없음,이륜,남,40세,경상
2023071000100156,2023년 7월 10일 10시,월요일,대구광역시 수성구 범어동,경상사고,0,0,1,0,차대차 - 측면충돌,안전운전불이행,건조,맑음,단일로 - 기타,승용,남,76세,상해없음,승용,남,64세,경상
2023071000100157,2023년 7월 10일 10시,월요일,대구광역시 달성군 논공읍,중상사고,0,1,1,0,차대차 - 기타,안전운전불이행,건조,맑음,단일로 - 기타,화물,남,67세,경상,승용,남,31세,중상
2023071000100158,2023년 7월 10일 10시,월요일,대구광역시 중구 봉산동,경상사고,0,0,1,0,차대차 - 기타,안전운전불이행,건조,맑음,교차로 - 교차로부근,승용,남,60세,상해없음,이륜,남,47세,경상
2023071000100207,2023년 7월 10일 12시,월요일,대구광역시 군위군 군위읍,중상사고,0,1,0,0,차대차 - 측면충돌,교차로운행방법위반,건조,맑음,교차로 - 교차로안,화물,남,60세,상해없음,화물,남,28세,중상
2023071000100241,2023년 7월 10일 13시,월요일,대구광역시 달서구 상인동,경상사고,0,0,1,0,차대사람 - 길가장자리구역통행중,안전운전불이행,건조,맑음,기타 - 기타,승용,남,25세,상해없음,보행자,남,53세,경상
2023071000100242,2023년 7월 10일 13시,월요일,대구광역시 북구 침산동,중상사고,0,1,0,0,차대사람 - 기타,안전운전불이행,건조,맑음,교차로 - 교차로안,승용,남,78세,상해없음,보행자,여,75세,중상
2023071000100243,2023년 7월 10일 13시,월요일,대구광역시 달서구 두류동,중상사고,0,1,0,0,차대차 - 기타,직진우회전진행방해,건조,맑음,교차로 - 교차로안,승용,여,56세,상해없음,이륜,남,55세,중상
2023071000100312,2023년 7월 10일 15시,월요일,대구광역시 동구 동호동,경상사고,0,0,1,0,차대차 - 정면충돌,안전운전불이행,건조,맑음,교차로 - 교차로부근,화물,남,49세,상해없음,승용,남,26세,경상
2023071000100313,2023년 7월 10일 15시,월요일,대구광역시 수성구 범물동,경상사고,0,0,3,0,차대차 - 기타,안전거리미확보,건조,맑음,단일로 - 기타,승용,남,22세,경상,승용,여,41세,경상
2023071000100344,2023년 7월 10일 16시,월요일,대구광역시 수성구 시지동,경상사고,0,0,1,0,차대차 - 추돌,안전운전불이행,건조,맑음,단일로 - 기타,화물,남,54세,상해없음,승용,여,38세,경상
2023071000100397,2023년 7월 10일 17시,월요일,대구광역시 남구 봉덕동,부상신고사고,0,0,0,3,차대차 - 추돌,안전운전불이행,건조,맑음,단일로 - 기타,승합,남,50세,상해없음,화물,남,41세,부상신고
2023071000100398,2023년 7월 10일 17시,월요일,대구광역시 동구 신천동,부상신고사고,0,0,0,1,차대차 - 측면충돌,안전운전불이행,건조,맑음,단일로 - 기타,이륜,남,22세,부상신고,승용,남,26세,상해없음
2023071000100449,2023년 7월 10일 18시,월요일,대구광역시 동구 신암동,경상사고,0,0,1,0,차대차 - 추돌,안전운전불이행,건조,맑음,단일로 - 지하차도(도로)내,승용,여,30세,상해없음,승용,남,73세,경상
2023071000100450,2023년 7월 10일 18시,월요일,대구광역시 동구 방촌동,경상사고,0,0,1,0,차대차 - 측면충돌,안전운전불이행,건조,맑음,교차로 - 교차로부근,승용,남,75세,상해없음,승용,여,45세,경상
2023071000100451,2023년 7월 10일 18시,월요일,대구광역시 수성구 중동,경상사고,0,0,2,1,차대차 - 기타,안전거리미확보,건조,맑음,기타 - 기타,승용,여,74세,부상신고,승용,남,62세,상해없음
2023071000100452,2023년 7월 10일 18시,월요일,대구광역시 수성구 범어동,경상사고,0,0,3,0,차대차 - 측면충돌,교차로운행방법위반,건조,맑음,교차로 - 교차로안,승용,여,36세,경상,승용,여,44세,경상
2023071000100453,2023년 7월 10일 18시,월요일,대구광역시 달서구 용산동,경상사고,0,0,2,0,차대차 - 기타,안전거리미확보,건조,맑음,단일로 - 기타,승용,남,30세,상해없음,승용,남,61세,경상
2023071000100476,2023년 7월 10일 19시,월요일,대구광역시 중구 남산동,경상사고,0,0,1,0,차대차 - 기타,안전운전불이행,건조,맑음,단일로 - 기타,이륜,남,28세,상해없음,승용,남,25세,상해없음
2023071000100506,2023년 7월 10일 20시,월요일,대구광역시 수성구 파동,경상사고,0,0,2,0,차대차 - 기타,안전운전불이행,건조,맑음,단일로 - 기타,기타불명,기타불명,미분류,기타불명,승합,남,56세,경상
2023071000100533,2023년 7월 10일 21시,월요일,대구광역시 달서구 죽전동,경상사고,0,0,1,0,차대차 - 후진중충돌,안전운전불이행,건조,맑음,단일로 - 기타,승용,남,74세,상해없음,승용,남,38세,경상
2023071000100534,2023년 7월 10일 21시,월요일,대구광역시 북구 읍내동,중상사고,0,1,0,0,차대사람 - 기타,안전운전불이행,건조,맑음,단일로 - 기타,화물,남,35세,상해없음,보행자,여,61세,중상
2023071000100559,2023년 7월 10일 23시,월요일,대구광역시 중구 삼덕동1가,부상신고사고,0,0,0,1,차대사람 - 기타,안전운전불이행,건조,맑음,단일로 - 기타,승용,남,18세,상해없음,보행자,남,32세,부상신고
2023071100100074,2023년 7월 11일 07시,화요일,대구광역시 수성구 지산동,부상신고사고,0,0,0,1,차대차 - 기타,안전운전불이행,건조,맑음,단일로 - 기타,승용,여,66세,기타불명,승용,남,61세,부상신고
2023071100100075,2023년 7월 11일 07시,화요일,대구광역시 달성군 가창면,중상사고,0,1,3,0,차대차 - 기타,안전운전불이행,건조,맑음,교차로 - 교차로안,승용,남,38세,경상,승용,여,48세,중상
2023071100100121,2023년 7월 11일 08시,화요일,대구광역시 달성군 화원읍,경상사고,0,0,1,0,차대차 - 기타,신호위반,건조,맑음,교차로 - 교차로안,승용,여,56세,상해없음,승용,여,43세,경상
2023071100100122,2023년 7월 11일 08시,화요일,대구광역시 북구 침산동,중상사고,0,1,1,0,차대차 - 기타,안전거리미확보,건조,맑음,단일로 - 기타,승용,남,69세,경상,승용,남,31세,중상
2023071100100123,2023년 7월 11일 08시,화요일,대구광역시 북구 읍내동,중상사고,0,1,0,1,차대사람 - 보도통행중,기타,건조,맑음,단일로 - 기타,승용,여,50세,부상신고,보행자,여,42세,중상
2023071100100160,2023년 7월 11일 09시,화요일,대구광역시 수성구 범어동,중상사고,0,1,0,1,차대차 - 기타,안전운전불이행,건조,맑음,기타 - 기타,승용,여,57세,부상신고,자전거,여,31세,중상
2023071100100190,2023년 7월 11일 10시,화요일,대구광역시 동구 검사동,중상사고,0,1,0,0,차대차 - 측면충돌,안전거리미확보,건조,맑음,단일로 - 기타,승용,여,50세,상해없음,이륜,남,58세,중상
2023071100100191,2023년 7월 11일 10시,화요일,대구광역시 달성군 다사읍,경상사고,0,0,1,0,차대차 - 기타,안전운전불이행,건조,맑음,기타 - 기타,승합,남,72세,상해없음,승용,남,62세,경상
2023071100100192,2023년 7월 11일 10시,화요일,대구광역시 북구 대현동,경상사고,0,0,1,0,차대사람 - 횡단중,보행자보호의무위반,젖음/습기,맑음,교차로 - 교차로횡단보도내,승용,여,62세,상해없음,보행자,여,34세,경상
2023071100100193,2023년 7월 11일 10시,화요일,대구광역시 서구 비산동,중상사고,0,1,0,0,차대차 - 추돌,안전운전불이행,건조,맑음,단일로 - 기타,승용,남,41세,중상,승용,남,67세,상해없음
2023071100100194,2023년 7월 11일 10시,화요일,대구광역시 북구 구암동,중상사고,0,1,0,0,차대사람 - 횡단중,보행자보호의무위반,젖음/습기,비,교차로 - 교차로횡단보도내,승용,남,53세,상해없음,보행자,여,81세,중상
2023071100100224,2023년 7월 11일 11시,화요일,대구광역시 서구 이현동,경상사고,0,0,1,0,차대차 - 측면충돌,안전운전불이행,건조,맑음,단일로 - 기타,건설기계,남,60세,상해없음,승용,남,47세,경상
2023071100100260,2023년 7월 11일 12시,화요일,대구광역시 서구 평리동,중상사고,0,1,0,0,차대차 - 측면충돌,중앙선침범,건조,맑음,단일로 - 기타,자전거,남,67세,중상,승용,남,38세,상해없음
2023071100100261,2023년 7월 11일 12시,화요일,대구광역시 서구 비산동,경상사고,0,0,1,0,차대차 - 측면충돌,불법유턴,건조,맑음,교차로 - 교차로안,승용,남,59세,상해없음,이륜,남,36세,경상
2023071100100300,2023년 7월 11일 13시,화요일,대구광역시 서구 비산동,경상사고,0,0,1,0,차대차 - 추돌,안전운전불이행,젖음/습기,비,단일로 - 기타,승용,남,73세,상해없음,승용,남,27세,경상
2023071100100333,2023년 7월 11일 14시,화요일,대구광역시 동구 신천동,경상사고,0,0,1,0,차대사람 - 기타,보행자보호의무위반,젖음/습기,비,단일로 - 기타,승용,남,68세,상해없음,보행자,여,26세,경상
2023071100100334,2023년 7월 11일 14시,화요일,대구광역시 수성구 만촌동,경상사고,0,0,1,0,차대사람 - 보도통행중,기타,젖음/습기,비,단일로 - 기타,승용,남,33세,기타불명,보행자,남,43세,경상
2023071100100335,2023년 7월 11일 14시,화요일,대구광역시 달서구 송현동,경상사고,0,0,2,0,차대차 - 추돌,안전거리미확보,건조,맑음,교차로 - 교차로안,승용,남,70세,상해없음,승용,여,43세,경상
2023071100100433,2023년 7월 11일 17시,화요일,대구광역시 동구 입석동,경상사고,0,0,1,0,차대차 - 기타,교차로운행방법위반,건조,맑음,교차로 - 교차로안,승용,여,56세,상해없음,승용,남,49세,경상
2023071100100434,2023년 7월 11일 17시,화요일,대구광역시 서구 중리동,경상사고,0,0,1,1,차대차 - 추돌,안전운전불이행,젖음/습기,흐림,단일로 - 기타,이륜,남,25세,부상신고,승용,여,53세,경상
2023071100100435,2023년 7월 11일 17시,화요일,대구광역시 달서구 갈산동,경상사고,0,0,1,0,차대사람 - 기타,안전운전불이행,건조,맑음,주차장 - 주차장,승용,남,52세,상해없음,보행자,남,41세,경상
2023071100100436,2023년 7월 11일 17시,화요일,대구광역시 달서구 장기동,경상사고,0,0,1,0,차대차 - 측면충돌,안전운전불이행,젖음/습기,비,교차로 - 교차로부근,승용,여,35세,상해없음,승용,남,52세,경상
2023071100100482,2023년 7월 11일 18시,화요일,대구광역시 남구 이천동,경상사고,0,0,4,0,차대차 - 추돌,안전운전불이행,젖음/습기,비,교차로 - 교차로부근,승용,남,37세,상해없음,승용,남,65세,경상
2023071100100483,2023년 7월 11일 18시,화요일,대구광역시 남구 대명동,경상사고,0,0,2,0,차대차 - 추돌,안전운전불이행,젖음/습기,비,단일로 - 기타,승용,남,65세,상해없음,승용,남,18세,경상
2023071100100484,2023년 7월 11일 18시,화요일,대구광역시 중구 태평로1가,경상사고,0,0,1,0,차대차 - 기타,안전거리미확보,젖음/습기,비,단일로 - 기타,승용,남,64세,상해없음,승합,남,29세,경상
2023071100100511,2023년 7월 11일 19시,화요일,대구광역시 남구 대명동,경상사고,0,0,1,0,차대차 - 기타,안전운전불이행,젖음/습기,비,단일로 - 기타,승용,남,28세,상해없음,승용,남,38세,경상
2023071100100512,2023년 7월 11일 19시,화요일,대구광역시 동구 신서동,경상사고,0,0,1,0,차대차 - 측면충돌,안전운전불이행,젖음/습기,비,교차로 - 교차로횡단보도내,승용,여,43세,상해없음,자전거,남,76세,경상
2023071100100568,2023년 7월 11일 21시,화요일,대구광역시 달서구 신당동,경상사고,0,0,1,0,차대사람 - 횡단중,보행자보호의무위반,젖음/습기,흐림,교차로 - 교차로안,승용,남,24세,기타불명,보행자,남,43세,경상
2023071200100007,2023년 7월 12일 00시,수요일,대구광역시 중구 대봉동,중상사고,0,1,2,0,차대차 - 기타,신호위반,건조,흐림,교차로 - 교차로안,승용,남,54세,상해없음,승용,남,52세,경상
2023071200100020,2023년 7월 12일 03시,수요일,대구광역시 북구 태전동,경상사고,0,0,2,0,차대차 - 측면충돌,교차로운행방법위반,건조,맑음,교차로 - 교차로횡단보도내,승용,남,61세,상해없음,승용,남,44세,경상
2023071200100037,2023년 7월 12일 05시,수요일,대구광역시 북구 태전동,경상사고,0,0,1,0,차대사람 - 기타,안전운전불이행,건조,흐림,단일로 - 기타,승합,남,31세,상해없음,보행자,남,61세,경상
2023071200100061,2023년 7월 12일 07시,수요일,대구광역시 북구 서변동,경상사고,0,0,1,0,차대차 - 추돌,안전운전불이행,건조,맑음,단일로 - 기타,승용,남,64세,기타불명,승용,여,28세,경상
2023071200100096,2023년 7월 12일 08시,수요일,대구광역시 수성구 중동,경상사고,0,0,2,0,차대차 - 기타,안전운전불이행,건조,맑음,교차로 - 교차로부근,화물,여,39세,경상,승용,남,25세,경상
2023071200100097,2023년 7월 12일 08시,수요일,대구광역시 달서구 상인동,경상사고,0,0,2,0,차대차 - 측면충돌,안전거리미확보,건조,맑음,교차로 - 교차로부근,승용,남,78세,상해없음,승용,남,25세,경상
2023071200100123,2023년 7월 12일 09시,수요일,대구광역시 남구 대명동,중상사고,0,1,0,0,차대차 - 추돌,안전거리미확보,건조,맑음,단일로 - 기타,이륜,남,66세,상해없음,승용,여,56세,중상
2023071200100124,2023년 7월 12일 09시,수요일,대구광역시 동구 신천동,중상사고,0,1,0,0,차대차 - 측면충돌,중앙선침범,건조,맑음,단일로 - 기타,이륜,남,70세,상해없음,이륜,남,60세,중상
2023071200100125,2023년 7월 12일 09시,수요일,대구광역시 수성구 범어동,중상사고,0,1,0,0,차대사람 - 횡단중,보행자보호의무위반,건조,맑음,교차로 - 교차로횡단보도내,승용,여,53세,상해없음,보행자,여,69세,중상
2023071200100170,2023년 7월 12일 11시,수요일,대구광역시 동구 신천동,중상사고,0,1,0,0,차대차 - 측면충돌,안전거리미확보,건조,맑음,단일로 - 기타,승용,여,68세,상해없음,승용,남,64세,중상
2023071200100171,2023년 7월 12일 11시,수요일,대구광역시 수성구 중동,경상사고,0,0,1,0,차대차 - 측면충돌,안전운전불이행,건조,맑음,기타 - 기타,승용,여,36세,상해없음,화물,남,44세,경상
2023071200100172,2023년 7월 12일 11시,수요일,대구광역시 달서구 본동,경상사고,0,0,1,0,차대차 - 기타,안전운전불이행,건조,맑음,단일로 - 기타,승용,여,33세,기타불명,이륜,남,47세,경상
2023071200100209,2023년 7월 12일 12시,수요일,대구광역시 달서구 대곡동,경상사고,0,0,2,0,차대차 - 측면충돌,안전거리미확보,건조,맑음,교차로 - 교차로부근,화물,남,65세,상해없음,승용,남,44세,경상
2023071200100210,2023년 7월 12일 12시,수요일,대구광역시 북구 복현동,경상사고,0,0,1,0,차대차 - 후진중충돌,안전운전불이행,건조,맑음,단일로 - 기타,승용,남,33세,상해없음,승용,남,31세,경상
2023071200100230,2023년 7월 12일 13시,수요일,대구광역시 달서구 월성동,경상사고,0,0,1,0,차대차 - 추돌,안전운전불이행,건조,맑음,교차로 - 교차로부근,승용,여,48세,상해없음,승용,남,28세,경상
2023071200100258,2023년 7월 12일 14시,수요일,대구광역시 수성구 중동,경상사고,0,0,1,0,차대차 - 측면충돌,안전운전불이행,건조,맑음,교차로 - 교차로안,승용,여,61세,상해없음,자전거,남,10세,경상
2023071200100259,2023년 7월 12일 14시,수요일,대구광역시 수성구 범어동,경상사고,0,0,1,0,차대사람 - 보도통행중,신호위반,건조,맑음,교차로 - 교차로횡단보도내,승용,여,48세,상해없음,보행자,남,10세,경상
2023071200100260,2023년 7월 12일 14시,수요일,대구광역시 수성구 범어동,경상사고,0,0,1,0,차대사람 - 길가장자리구역통행중,안전운전불이행,건조,맑음,기타 - 기타,이륜,남,39세,기타불명,보행자,남,42세,경상
2023071200100261,2023년 7월 12일 14시,수요일,대구광역시 달서구 본동,중상사고,0,1,0,0,차대차 - 기타,안전운전불이행,건조,맑음,단일로 - 기타,승합,남,56세,상해없음,자전거,남,8세,중상
2023071200100262,2023년 7월 12일 14시,수요일,대구광역시 서구 평리동,경상사고,0,0,1,0,차대차 - 추돌,안전거리미확보,건조,맑음,교차로 - 교차로부근,화물,남,46세,상해없음,화물,남,42세,경상
2023071200100302,2023년 7월 12일 15시,수요일,대구광역시 수성구 범어동,중상사고,0,1,2,0,차대차 - 추돌,안전운전불이행,건조,맑음,교차로 - 교차로부근,승용,여,55세,상해없음,승용,여,42세,중상
2023071200100303,2023년 7월 12일 15시,수요일,대구광역시 수성구 지산동,경상사고,0,0,2,0,차대차 - 측면충돌,안전운전불이행,건조,기타,기타 - 기타,승용,남,66세,상해없음,승용,여,72세,경상
2023071200100304,2023년 7월 12일 15시,수요일,대구광역시 달성군 다사읍,경상사고,0,0,1,0,차대차 - 측면충돌,안전운전불이행,건조,맑음,단일로 - 기타,승용,남,58세,상해없음,자전거,남,25세,경상
2023071200100305,2023년 7월 12일 15시,수요일,대구광역시 달서구 장동,경상사고,0,0,1,0,차대차 - 추돌,안전운전불이행,건조,맑음,교차로 - 교차로부근,화물,남,62세,상해없음,승용,남,46세,경상
2023071200100337,2023년 7월 12일 16시,수요일,대구광역시 동구 효목동,경상사고,0,0,1,0,차대사람 - 기타,안전운전불이행,건조,맑음,단일로 - 지하차도(도로)내,자전거,남,74세,상해없음,보행자,여,53세,경상
2023071200100338,2023년 7월 12일 16시,수요일,대구광역시 달서구 월성동,중상사고,0,1,1,0,차대차 - 기타,안전운전불이행,건조,맑음,교차로 - 교차로안,승용,남,35세,상해없음,승합,남,37세,상해없음
2023071200100339,2023년 7월 12일 16시,수요일,대구광역시 달성군 화원읍,경상사고,0,0,1,0,차대차 - 정면충돌,안전운전불이행,건조,맑음,기타 - 기타,화물,남,63세,상해없음,승용,남,61세,경상
2023071200100340,2023년 7월 12일 16시,수요일,대구광역시 서구 이현동,경상사고,0,0,1,0,차대차 - 측면충돌,안전거리미확보,건조,맑음,단일로 - 기타,승용,남,54세,상해없음,승용,남,32세,경상