사고번호,사고일시,요일,시군구,사고내용,사망자수,중상자수,경상자수,부상신고자수,사고유형,법규위반,노면상태,기상상태,도로형태,가해운전자 차종,가해운전자 성별,가해운전자 연령,가해운전자 상해정도,피해운전자 차종,피해운전자 성별,피해운전자 연령,피해운전자 상해정도
2023080100100126,2023년 8월 1일 09시,화요일,대구광역시 달성군 다사읍,경상사고,0,0,1,0,차대사람 - 기타,안전운전불이행,건조,맑음,기타 - 기타,승합,남,57세,상해없음,보행자,남,78세,경상
2023080100100157,2023년 8월 1일 10시,화요일,대구광역시 달서구 도원동,경상사고,0,0,1,0,차대차 - 측면충돌,교차로운행방법위반,건조,맑음,교차로 - 교차로안,승합,남,62세,상해없음,승용,남,47세,경상
2023080100100254,2023년 8월 1일 13시,화요일,대구광역시 동구 신천동,경상사고,0,0,1,0,차대사람 - 길가장자리구역통행중,안전운전불이행,건조,맑음,단일로 - 기타,화물,남,46세,상해없음,보행자,여,31세,경상
2023080100100255,2023년 8월 1일 13시,화요일,대구광역시 수성구 범물동,경상사고,0,0,1,0,차대차 - 추돌,안전운전불이행,건조,맑음,교차로 - 교차로부근,화물,남,43세,상해없음,승용,남,77세,경상
2023080100100256,2023년 8월 1일 13시,화요일,대구광역시 달서구 도원동,경상사고,0,0,1,0,차대차 - 측면충돌,안전거리미확보,건조,맑음,단일로 - 기타,승용,여,49세,상해없음,승용,남,76세,경상
2023080100100257,2023년 8월 1일 13시,화요일,대구광역시 달서구 죽전동,중상사고,0,1,0,0,차대차 - 기타,안전운전불이행,건조,맑음,교차로 - 교차로횡단보도내,승용,남,44세,상해없음,자전거,남,14세,중상
2023080100100258,2023년 8월 1일 13시,화요일,대구광역시 북구 구암동,경상사고,0,0,1,0,차대차 - 측면충돌,교차로운행방법위반,건조,맑음,교차로 - 교차로횡단보도내,화물,남,54세,상해없음,자전거,남,60세,경상
2023080100100296,2023년 8월 1일 14시,화요일,대구광역시 수성구 수성동2가,경상사고,0,0,3,0,차대차 - 기타,중앙선침범,건조,맑음,교차로 - 교차로부근,이륜,남,43세,상해없음,승용,남,79세,경상
2023080100100297,2023년 8월 1일 14시,화요일,대구광역시 달서구 진천동,경상사고,0,0,1,0,차대차 - 후진중충돌,안전운전불이행,건조,맑음,단일로 - 기타,승용,여,41세,상해없음,이륜,남,21세,경상
2023080100100298,2023년 8월 1일 14시,화요일,대구광역시 달성군 옥포읍,경상사고,0,0,2,0,차대차 - 기타,안전운전불이행,건조,맑음,교차로 - 교차로안,승합,여,33세,경상,이륜,남,31세,경상
2023080100100299,2023년 8월 1일 14시,화요일,대구광역시 북구 산격동,경상사고,0,0,2,0,차대차 - 측면충돌,안전운전불이행,건조,맑음,단일로 - 기타,승용,남,24세,기타불명,승용,여,33세,경상
2023080100100333,2023년 8월 1일 15시,화요일,대구광역시 중구 남산동,경상사고,0,0,1,0,차대차 - 추돌,안전운전불이행,건조,맑음,단일로 - 기타,승합,남,58세,상해없음,승용,여,64세,경상
2023080100100430,2023년 8월 1일 18시,화요일,대구광역시 남구 봉덕동,경상사고,0,0,3,1,차량단독 - 기타,안전운전불이행,기타,맑음,기타 - 기타,승용,남,65세,상해없음,,,,
2023080100100431,2023년 8월 1일 18시,화요일,대구광역시 서구 평리동,경상사고,0,0,1,0,차대차 - 측면충돌,안전운전불이행,건조,맑음,단일로 - 기타,자전거,남,12세,경상,이륜,남,45세,상해없음
2023080100100432,2023년 8월 1일 18시,화요일,대구광역시 서구 평리동,경상사고,0,0,2,0,차대차 - 후진중충돌,안전운전불이행,건조,맑음,단일로 - 기타,승용,남,49세,상해없음,승용,여,47세,경상
2023080100100433,2023년 8월 1일 18시,화요일,대구광역시 달서구 용산동,경상사고,0,0,2,0,차대차 - 측면충돌,안전운전불이행,건조,맑음,교차로 - 교차로안,승용,남,44세,기타불명,승용,남,70세,경상
2023080100100434,2023년 8월 1일 18시,화요일,대구광역시 북구 구암동,경상사고,0,0,1,0,차대차 - 측면충돌,안전거리미확보,건조,맑음,단일로 - 터널,승용,남,64세,상해없음,이륜,남,25세,경상
2023080100100465,2023년 8월 1일 19시,화요일,대구광역시 북구 학정동,중상사고,0,1,1,0,차대차 - 기타,안전운전불이행,건조,맑음,기타 - 기타,자전거,남,14세,경상,자전거,남,59세,중상
2023080100100511,2023년 8월 1일 21시,화요일,대구광역시 수성구 지산동,경상사고,0,0,1,0,차대차 - 기타,안전운전불이행,건조,맑음,단일로 - 기타,승용,여,29세,상해없음,이륜,남,18세,경상
2023080100100512,2023년 8월 1일 21시,화요일,대구광역시 서구 내당동,경상사고,0,0,1,0,차대차 - 측면충돌,안전거리미확보,건조,맑음,단일로 - 기타,승용,남,54세,상해없음,자전거,남,53세,경상
2023080100100552,2023년 8월 1일 23시,화요일,대구광역시 동구 각산동,중상사고,0,1,1,0,차대차 - 측면충돌,신호위반,건조,맑음,교차로 - 교차로안,이륜,남,17세,중상,승용,남,42세,경상
2023080200100037,2023년 8월 2일 06시,수요일,대구광역시 수성구 수성동2가,중상사고,0,1,1,0,차대차 - 추돌,안전운전불이행,건조,맑음,단일로 - 기타,화물,남,56세,상해없음,이륜,남,50세,중상
2023080200100038,2023년 8월 2일 06시,수요일,대구광역시 북구 태전동,경상사고,0,0,1,0,차대차 - 측면충돌,안전운전불이행,건조,맑음,단일로 - 기타,승용,여,53세,상해없음,자전거,남,29세,경상
2023080200100059,2023년 8월 2일 07시,수요일,대구광역시 달서구 호림동,중상사고,0,2,0,0,차대차 - 추돌,안전운전불이행,건조,맑음,교차로 - 교차로안,승용,남,66세,중상,승용,남,49세,중상
2023080200100139,2023년 8월 2일 10시,수요일,대구광역시 달서구 상인동,경상사고,0,0,2,0,차대차 - 측면충돌,기타,건조,맑음,교차로 - 교차로안,승용,남,44세,경상,화물,남,33세,경상
2023080200100167,2023년 8월 2일 11시,수요일,대구광역시 동구 율하동,경상사고,0,0,1,0,차대차 - 기타,안전거리미확보,건조,맑음,단일로 - 기타,승용,여,49세,기타불명,승용,남,46세,경상
2023080200100168,2023년 8월 2일 11시,수요일,대구광역시 수성구 수성동2가,경상사고,0,0,1,0,차대차 - 측면충돌,안전운전불이행,건조,맑음,단일로 - 기타,승용,남,73세,상해없음,승용,남,40세,경상
2023080200100169,2023년 8월 2일 11시,수요일,대구광역시 북구 복현동,경상사고,0,0,1,0,차대차 - 기타,안전거리미확보,건조,맑음,단일로 - 기타,승용,남,52세,기타불명,승용,여,31세,경상
2023080200100202,2023년 8월 2일 12시,수요일,대구광역시 동구 입석동,중상사고,0,1,0,0,차대차 - 정면충돌,안전운전불이행,건조,맑음,기타 - 기타,이륜,남,62세,중상,화물,남,65세,상해없음
2023080200100203,2023년 8월 2일 12시,수요일,대구광역시 달서구 감삼동,경상사고,0,0,2,0,차대차 - 추돌,안전거리미확보,건조,맑음,단일로 - 기타,승용,남,68세,경상,승용,남,30세,경상
2023080200100204,2023년 8월 2일 12시,수요일,대구광역시 북구 태전동,경상사고,0,0,1,0,차대차 - 측면충돌,안전운전불이행,건조,맑음,단일로 - 기타,승합,남,70세,상해없음,이륜,남,29세,경상
2023080200100236,2023년 8월 2일 13시,수요일,대구광역시 군위군 군위읍,경상사고,0,0,2,0,차대차 - 후진중충돌,안전운전불이행,건조,맑음,주차장 - 주차장,승용,남,28세,상해없음,승용,남,49세,경상
2023080200100239,2023년 8월 2일 13시,수요일,대구광역시 달서구 성당동,경상사고,0,0,1,0,차대차 - 측면충돌,안전거리미확보,건조,맑음,단일로 - 기타,승용,남,29세,상해없음,승용,남,30세,경상
2023080200100240,2023년 8월 2일 13시,수요일,대구광역시 중구 남산동,부상신고사고,0,0,0,1,차대차 - 기타,기타,건조,맑음,교차로 - 교차로부근,승용,남,57세,상해없음,승용,여,28세,상해없음
2023080200100270,2023년 8월 2일 14시,수요일,대구광역시 중구 대신동,경상사고,0,0,1,0,차량단독 - 기타,안전운전불이행,건조,맑음,단일로 - 기타,승합,남,62세,상해없음,,,,
2023080200100303,2023년 8월 2일 15시,수요일,대구광역시 달서구 월성동,경상사고,0,0,1,0,차대사람 - 횡단중,보행자보호의무위반,건조,맑음,교차로 - 교차로횡단보도내,승용,남,66세,상해없음,보행자,여,47세,경상
2023080200100344,2023년 8월 2일 16시,수요일,대구광역시 남구 대명동,경상사고,0,0,1,0,차대사람 - 기타,안전운전불이행,건조,맑음,단일로 - 기타,승용,여,66세,상해없음,보행자,여,25세,경상
2023080200100395,2023년 8월 2일 17시,수요일,대구광역시 동구 율하동,중상사고,0,1,0,0,차대차 - 측면충돌,안전운전불이행,건조,맑음,기타 - 기타,승용,남,55세,상해없음,자전거,남,64세,중상
2023080200100396,2023년 8월 2일 17시,수요일,대구광역시 북구 서변동,경상사고,0,0,1,0,차대차 - 정면충돌,안전운전불이행,건조,맑음,단일로 - 지하차도(도로)내,승용,남,28세,상해없음,승용,여,64세,경상
2023080200100442,2023년 8월 2일 18시,수요일,대구광역시 달서구 진천동,경상사고,0,0,1,0,차대차 - 측면충돌,안전운전불이행,건조,맑음,단일로 - 기타,승용,남,41세,상해없음,승용,여,67세,경상
2023080200100518,2023년 8월 2일 21시,수요일,대구광역시 수성구 신매동,경상사고,0,0,1,0,차대사람 - 기타,안전운전불이행,건조,맑음,기타 - 기타,자전거,남,14세,상해없음,보행자,여,51세,경상
2023080200100519,2023년 8월 2일 21시,수요일,대구광역시 달성군 화원읍,경상사고,0,0,2,0,차대차 - 정면충돌,교차로운행방법위반,건조,맑음,기타 - 기타,승용,남,29세,경상,승용,여,40세,경상
2023080300100023,2023년 8월 3일 02시,목요일,대구광역시 수성구 상동,경상사고,0,0,2,0,차대차 - 추돌,안전운전불이행,건조,맑음,단일로 - 기타,승용,남,24세,기타불명,승용,여,41세,경상
2023080300100114,2023년 8월 3일 08시,목요일,대구광역시 수성구 만촌동,경상사고,0,0,2,0,차대차 - 측면충돌,교차로운행방법위반,건조,맑음,교차로 - 교차로안,승용,남,54세,경상,승용,여,53세,경상
2023080300100150,2023년 8월 3일 09시,목요일,대구광역시 동구 용계동,중상사고,0,1,0,0,차대사람 - 횡단중,안전운전불이행,건조,맑음,교차로 - 교차로안,승용,여,45세,상해없음,보행자,여,78세,중상
2023080300100151,2023년 8월 3일 09시,목요일,대구광역시 수성구 중동,경상사고,0,0,2,0,차대차 - 추돌,안전운전불이행,건조,맑음,단일로 - 기타,승용,남,36세,상해없음,승합,남,70세,경상
2023080300100152,2023년 8월 3일 09시,목요일,대구광역시 달서구 이곡동,경상사고,0,0,1,0,차대차 - 측면충돌,안전운전불이행,건조,맑음,단일로 - 기타,승용,여,58세,상해없음,자전거,남,68세,경상
2023080300100241,2023년 8월 3일 11시,목요일,대구광역시 수성구 범어동,경상사고,0,0,1,0,차대차 - 측면충돌,안전운전불이행,건조,맑음,교차로 - 교차로횡단보도내,승용,남,41세,상해없음,자전거,남,65세,경상
2023080300100242,2023년 8월 3일 11시,목요일,대구광역시 서구 비산동,경상사고,0,0,1,0,차대차 - 기타,안전거리미확보,건조,맑음,단일로 - 기타,승용,여,64세,기타불명,화물,남,27세,경상
2023080300100243,2023년 8월 3일 11시,목요일,대구광역시 달서구 호산동,경상사고,0,0,1,0,차대차 - 추돌,안전운전불이행,건조,맑음,교차로 - 교차로안,화물,남,40세,상해없음,승용,남,37세,경상
2023080300100276,2023년 8월 3일 12시,목요일,대구광역시 북구 노원동3가,부상신고사고,0,0,0,1,차대차 - 기타,안전운전불이행,건조,맑음,단일로 - 기타,승용,남,70세,부상신고,화물,남,68세,기타불명
2023080300100303,2023년 8월 3일 13시,목요일,대구광역시 달서구 본동,경상사고,0,0,1,0,차대차 - 추돌,안전거리미확보,건조,맑음,단일로 - 기타,승용,여,60세,상해없음,이륜,남,25세,경상
2023080300100304,2023년 8월 3일 13시,목요일,대구광역시 중구 태평로3가,경상사고,0,0,1,0,차대차 - 기타,안전운전불이행,건조,맑음,단일로 - 기타,이륜,남,24세,경상,승용,남,62세,상해없음
2023080300100331,2023년 8월 3일 14시,목요일,대구광역시 수성구 노변동,중상사고,0,1,0,0,차대차 - 추돌,안전운전불이행,건조,맑음,교차로 - 교차로부근,승용,남,67세,상해없음,이륜,남,57세,중상
2023080300100332,2023년 8월 3일 14시,목요일,대구광역시 수성구 만촌동,중상사고,0,1,1,0,차대사람 - 보도통행중,기타,젖음/습기,맑음,단일로 - 기타,개인형이동수단(PM),여,17세,경상,보행자,여,18세,중상
2023080300100374,2023년 8월 3일 15시,목요일,대구광역시 수성구 범어동,중상사고,0,1,0,0,차대사람 - 길가장자리구역통행중,안전운전불이행,건조,맑음,교차로 - 교차로안,승용,여,46세,상해없음,보행자,여,43세,중상
2023080300100375,2023년 8월 3일 15시,목요일,대구광역시 수성구 수성동4가,경상사고,0,0,1,0,차대차 - 측면충돌,안전운전불이행,건조,맑음,단일로 - 기타,승용,여,28세,상해없음,승용,여,31세,경상
2023080300100376,2023년 8월 3일 15시,목요일,대구광역시 서구 내당동,경상사고,0,0,1,0,차대차 - 기타,안전운전불이행,건조,맑음,교차로 - 교차로부근,기타불명,기타불명,미분류,기타불명,이륜,남,32세,경상
2023080300100377,2023년 8월 3일 15시,목요일,대구광역시 북구 태전동,경상사고,0,0,1,0,차대차 - 측면충돌,직진우회전진행방해,건조,맑음,교차로 - 교차로부근,개인형이동수단(PM),여,20세,경상,승용,남,52세,상해없음
2023080300100410,2023년 8월 3일 16시,목요일,대구광역시 수성구 황금동,경상사고,0,0,1,0,차대차 - 측면충돌,직진우회전진행방해,건조,맑음,교차로 - 교차로안,화물,남,26세,상해없음,승용,여,29세,경상
2023080300100411,2023년 8월 3일 16시,목요일,대구광역시 달서구 두류동,경상사고,0,0,3,1,차대차 - 기타,안전운전불이행,건조,맑음,교차로 - 교차로안,승용,남,63세,상해없음,승용,여,53세,경상
2023080300100454,2023년 8월 3일 17시,목요일,대구광역시 북구 연경동,경상사고,0,0,1,0,차대차 - 측면충돌,안전운전불이행,건조,맑음,기타 - 기타,승용,남,83세,상해없음,승용,여,54세,경상
2023080300100517,2023년 8월 3일 18시,목요일,대구광역시 동구 신암동,중상사고,0,1,0,0,차대차 - 기타,안전운전불이행,건조,맑음,단일로 - 지하차도(도로)내,승용,여,56세,상해없음,승합,남,63세,상해없음
2023080300100518,2023년 8월 3일 18시,목요일,대구광역시 수성구 범어동,경상사고,0,0,1,0,차대차 - 추돌,안전운전불이행,건조,맑음,교차로 - 교차로부근,승용,여,39세,상해없음,승용,남,25세,경상
2023080300100556,2023년 8월 3일 19시,목요일,대구광역시 동구 신천동,경상사고,0,0,1,0,차대사람 - 보도통행중,보행자보호의무위반,건조,맑음,교차로 - 교차로횡단보도내,승용,여,43세,상해없음,보행자,남,69세,경상
2023080300100557,2023년 8월 3일 19시,목요일,대구광역시 수성구 신매동,중상사고,0,1,0,0,차대차 - 측면충돌,안전거리미확보,건조,맑음,단일로 - 기타,승용,여,36세,상해없음,이륜,남,37세,중상
2023080300100589,2023년 8월 3일 20시,목요일,대구광역시 동구 효목동,경상사고,0,0,2,0,차대차 - 추돌,안전거리미확보,건조,맑음,교차로 - 교차로안,승용,남,33세,경상,승용,남,56세,상해없음
2023080300100615,2023년 8월 3일 21시,목요일,대구광역시 서구 내당동,경상사고,0,0,1,0,차대사람 - 횡단중,안전운전불이행,건조,맑음,교차로 - 교차로안,승용,남,59세,상해없음,보행자,남,51세,경상
2023080300100630,2023년 8월 3일 22시,목요일,대구광역시 수성구 만촌동,경상사고,0,0,1,0,차대차 - 기타,안전운전불이행,건조,맑음,단일로 - 기타,자전거,남,31세,경상,승용,남,43세,상해없음
2023080300100644,2023년 8월 3일 23시,목요일,대구광역시 수성구 지산동,경상사고,0,0,1,1,차대차 - 기타,안전거리미확보,건조,맑음,기타 - 기타,승용,남,68세,부상신고,승용,여,24세,경상
2023080400100007,2023년 8월 4일 00시,금요일,대구광역시 북구 사수동,경상사고,0,0,4,0,차대차 - 측면충돌,안전운전불이행,건조,맑음,단일로 - 기타,승용,남,49세,상해없음,승용,남,61세,경상
2023080400100010,2023년 8월 4일 00시,금요일,대구광역시 달서구 상인동,경상사고,0,0,1,0,차대차 - 정면충돌,중앙선침범,건조,흐림,단일로 - 기타,승용,남,25세,상해없음,승용,남,54세,경상
2023080400100025,2023년 8월 4일 02시,금요일,대구광역시 달서구 감삼동,경상사고,0,0,2,0,차대차 - 정면충돌,불법유턴,건조,맑음,교차로 - 교차로부근,이륜,남,26세,상해없음,승용,남,66세,경상
2023080400100100,2023년 8월 4일 08시,금요일,대구광역시 달서구 송현동,경상사고,0,0,1,0,차대사람 - 기타,기타,건조,맑음,단일로 - 기타,이륜,남,64세,상해없음,보행자,여,67세,경상
2023080400100127,2023년 8월 4일 09시,금요일,대구광역시 동구 율하동,경상사고,0,0,1,0,차대사람 - 길가장자리구역통행중,안전운전불이행,건조,맑음,단일로 - 기타,화물,남,57세,상해없음,보행자,남,26세,경상
2023080400100128,2023년 8월 4일 09시,금요일,대구광역시 달서구 상인동,경상사고,0,0,1,0,차대차 - 기타,교차로운행방법위반,건조,맑음,기타 - 기타,승용,여,51세,상해없음,개인형이동수단(PM),남,13세,경상
2023080400100155,2023년 8월 4일 10시,금요일,대구광역시 동구 용계동,경상사고,0,0,2,0,차대차 - 정면충돌,중앙선침범,건조,맑음,단일로 - 기타,승용,여,51세,상해없음,승용,남,51세,경상
2023080400100156,2023년 8월 4일 10시,금요일,대구광역시 서구 내당동,중상사고,0,1,0,0,차대차 - 기타,불법유턴,건조,맑음,교차로 - 교차로안,이륜,남,64세,중상,승용,남,82세,상해없음
2023080400100209,2023년 8월 4일 11시,금요일,대구광역시 동구 동호동,경상사고,0,0,1,0,차대차 - 추돌,안전운전불이행,건조,맑음,교차로 - 교차로부근,승용,남,43세,상해없음,승용,남,42세,경상
2023080400100241,2023년 8월 4일 12시,금요일,대구광역시 수성구 만촌동,경상사고,0,0,2,0,차대차 - 기타,안전운전불이행,건조,맑음,교차로 - 교차로부근,승용,여,66세,상해없음,승용,여,42세,경상
2023080400100319,2023년 8월 4일 14시,금요일,대구광역시 달서구 갈산동,중상사고,0,1,0,0,차대차 - 측면충돌,직진우회전진행방해,건조,맑음,교차로 - 교차로부근,승용,남,65세,상해없음,화물,남,68세,중상
2023080400100359,2023년 8월 4일 15시,금요일,대구광역시 중구 삼덕동1가,중상사고,0,1,0,0,차대사람 - 길가장자리구역통행중,기타,건조,맑음,단일로 - 기타,화물,남,57세,상해없음,보행자,여,26세,중상
2023080400100410,2023년 8월 4일 16시,금요일,대구광역시 달서구 본동,경상사고,0,0,1,0,차대차 - 측면충돌,교차로운행방법위반,건조,맑음,교차로 - 교차로안,승용,남,21세,상해없음,승용,여,52세,경상
2023080400100411,2023년 8월 4일 16시,금요일,대구광역시 북구 태전동,경상사고,0,0,2,0,차대차 - 측면충돌,불법유턴,건조,맑음,단일로 - 기타,승용,여,56세,경상,승용,남,53세,경상
2023080400100473,2023년 8월 4일 17시,금요일,대구광역시 서구 비산동,경상사고,0,0,3,0,차대차 - 측면충돌,교차로운행방법위반,건조,맑음,교차로 - 교차로안,승용,남,62세,경상,승용,여,53세,상해없음
2023080400100591,2023년 8월 4일 20시,금요일,대구광역시 북구 노원동2가,경상사고,0,0,1,0,차대사람 - 횡단중,직진우회전진행방해,건조,맑음,교차로 - 교차로안,승용,여,63세,상해없음,보행자,남,63세,경상
2023080400100619,2023년 8월 4일 21시,금요일,대구광역시 북구 노원동2가,경상사고,0,0,1,0,차대차 - 측면충돌,중앙선침범,건조,맑음,단일로 - 기타,승용,남,66세,상해없음,승용,남,59세,경상
2023080400100620,2023년 8월 4일 21시,금요일,대구광역시 북구 금호동,경상사고,0,0,1,0,차량단독 - 공작물충돌,안전운전불이행,건조,맑음,교차로 - 교차로부근,승용,남,73세,상해없음,,,,
2023080400100656,2023년 8월 4일 22시,금요일,대구광역시 동구 신천동,경상사고,0,0,2,0,차대차 - 추돌,안전운전불이행,건조,맑음,교차로 - 교차로부근,승용,남,27세,상해없음,승용,남,24세,경상
2023080400100657,2023년 8월 4일 22시,금요일,대구광역시 북구 동천동,경상사고,0,0,1,0,차대차 - 측면충돌,안전운전불이행,건조,맑음,교차로 - 교차로안,승용,여,40세,상해없음,이륜,남,61세,경상
2023080500100008,2023년 8월 5일 00시,토요일,대구광역시 북구 읍내동,경상사고,0,0,1,0,차대사람 - 횡단중,신호위반,건조,맑음,교차로 - 교차로안,이륜,남,27세,상해없음,보행자,남,23세,경상
2023080500100079,2023년 8월 5일 07시,토요일,대구광역시 수성구 신매동,경상사고,0,0,1,0,차대차 - 추돌,안전운전불이행,건조,맑음,단일로 - 기타,승용,남,61세,상해없음,승용,여,57세,경상
2023080500100101,2023년 8월 5일 08시,토요일,대구광역시 수성구 상동,경상사고,0,0,1,0,차대차 - 기타,신호위반,건조,맑음,교차로 - 교차로안,승용,여,49세,상해없음,승용,여,50세,경상
2023080500100138,2023년 8월 5일 09시,토요일,대구광역시 수성구 수성동2가,중상사고,0,1,5,0,차대차 - 정면충돌,안전운전불이행,건조,맑음,단일로 - 기타,승용,남,28세,상해없음,승용,여,40세,경상
2023080500100139,2023년 8월 5일 09시,토요일,대구광역시 서구 비산동,부상신고사고,0,0,0,1,차대차 - 기타,안전운전불이행,건조,맑음,단일로 - 기타,이륜,남,49세,부상신고,승용,남,61세,상해없음
2023080500100140,2023년 8월 5일 09시,토요일,대구광역시 서구 내당동,중상사고,0,1,0,0,차대차 - 측면충돌,안전운전불이행,건조,맑음,교차로 - 교차로안,승용,남,72세,상해없음,이륜,여,59세,중상
2023080500100176,2023년 8월 5일 10시,토요일,대구광역시 동구 율하동,경상사고,0,0,5,0,차대차 - 측면충돌,신호위반,건조,맑음,단일로 - 기타,승용,남,61세,경상,승용,여,28세,경상
2023080500100177,2023년 8월 5일 10시,토요일,대구광역시 수성구 수성동1가,경상사고,0,0,1,0,차대차 - 기타,안전운전불이행,건조,맑음,교차로 - 교차로부근,자전거,남,84세,경상,승용,남,31세,상해없음
2023080500100215,2023년 8월 5일 11시,토요일,대구광역시 수성구 황금동,경상사고,0,0,1,0,차대차 - 측면충돌,안전운전불이행,건조,맑음,단일로 - 기타,승용,남,34세,상해없음,승용,남,45세,경상
2023080500100252,2023년 8월 5일 12시,토요일,대구광역시 수성구 상동,경상사고,0,0,4,0,차대차 - 추돌,안전운전불이행,건조,맑음,교차로 - 교차로안,승합,남,53세,상해없음,승용,여,40세,경상
2023080500100253,2023년 8월 5일 12시,토요일,대구광역시 북구 복현동,경상사고,0,0,1,0,차대차 - 측면충돌,안전운전불이행,건조,맑음,단일로 - 기타,승용,남,43세,상해없음,승용,남,28세,경상
2023080500100292,2023년 8월 5일 13시,토요일,대구광역시 달서구 본동,부상신고사고,0,0,0,1,차대차 - 측면충돌,교차로운행방법위반,건조,맑음,교차로 - 교차로안,승용,여,64세,상해없음,이륜,남,22세,부상신고
2023080500100293,2023년 8월 5일 13시,토요일,대구광역시 달서구 신당동,경상사고,0,0,2,0,차대차 - 측면충돌,안전운전불이행,건조,맑음,교차로 - 교차로안,승용,여,72세,경상,승합,남,42세,경상
2023080500100351,2023년 8월 5일 15시,토요일,대구광역시 북구 고성동3가,경상사고,0,0,1,0,차대차 - 기타,안전거리미확보,건조,맑음,단일로 - 기타,승용,남,43세,상해없음,승용,남,25세,경상
2023080500100380,2023년 8월 5일 16시,토요일,대구광역시 달서구 감삼동,경상사고,0,0,1,0,차대차 - 정면충돌,안전운전불이행,건조,맑음,교차로 - 교차로부근,승용,남,71세,상해없음,승용,남,58세,경상
2023080500100414,2023년 8월 5일 17시,토요일,대구광역시 북구 동호동,경상사고,0,0,3,0,차대차 - 측면충돌,중앙선침범,건조,맑음,단일로 - 기타,승용,여,70세,기타불명,승용,남,59세,경상
2023080500100457,2023년 8월 5일 18시,토요일,대구광역시 동구 신서동,중상사고,0,1,0,0,차대사람 - 횡단중,보행자보호의무위반,건조,맑음,단일로 - 기타,승용,남,70세,상해없음,보행자,남,49세,중상
2023080500100458,2023년 8월 5일 18시,토요일,대구광역시 수성구 범어동,경상사고,0,0,1,0,차대차 - 측면충돌,안전운전불이행,건조,맑음,단일로 - 지하차도(도로)내,승용,남,70세,상해없음,승용,남,70세,경상
2023080500100459,2023년 8월 5일 18시,토요일,대구광역시 달서구 월성동,중상사고,0,1,0,0,차대차 - 측면충돌,안전운전불이행,건조,맑음,단일로 - 기타,승용,남,62세,상해없음,이륜,남,28세,중상
2023080500100551,2023년 8월 5일 21시,토요일,대구광역시 남구 대명동,중상사고,0,1,0,0,차대사람 - 횡단중,신호위반,건조,맑음,교차로 - 교차로횡단보도내,이륜,남,37세,상해없음,보행자,여,22세,중상
2023080500100552,2023년 8월 5일 21시,토요일,대구광역시 중구 삼덕동1가,경상사고,0,0,1,0,차대사람 - 기타,안전운전불이행,건조,흐림,단일로 - 기타,승용,여,28세,상해없음,보행자,여,26세,경상
2023080500100574,2023년 8월 5일 22시,토요일,대구광역시 북구 구암동,경상사고,0,0,1,0,차대차 - 정면충돌,중앙선침범,건조,맑음,교차로 - 교차로부근,승용,남,51세,상해없음,이륜,남,23세,경상
2023080600100009,2023년 8월 6일 00시,일요일,대구광역시 북구 산격동,중상사고,0,1,0,0,차대사람 - 기타,안전운전불이행,건조,맑음,교차로 - 교차로안,승합,남,50세,상해없음,보행자,남,48세,중상
2023080600100020,2023년 8월 6일 01시,일요일,대구광역시 동구 용계동,사망사고,1,0,0,0,차대차 - 정면충돌,신호위반,건조,맑음,교차로 - 교차로안,승용,남,23세,기타불명,원동기,남,41세,사망
2023080600100034,2023년 8월 6일 02시,일요일,대구광역시 수성구 범어동,경상사고,0,0,1,0,차대사람 - 차도통행중,안전운전불이행,건조,맑음,단일로 - 기타,승용,남,45세,상해없음,보행자,남,27세,경상
2023080600100035,2023년 8월 6일 02시,일요일,대구광역시 달서구 죽전동,중상사고,0,1,0,0,차대차 - 기타,안전운전불이행,건조,맑음,단일로 - 지하차도(도로)내,승용,남,70세,상해없음,승용,남,77세,상해없음
2023080600100043,2023년 8월 6일 03시,일요일,대구광역시 달서구 송현동,사망사고,1,0,0,0,차대차 - 측면충돌,안전거리미확보,건조,맑음,단일로 - 기타,원동기,남,19세,사망,승용,남,53세,상해없음
2023080600100044,2023년 8월 6일 03시,일요일,대구광역시 중구 삼덕동1가,경상사고,0,0,1,0,차대사람 - 길가장자리구역통행중,안전운전불이행,건조,맑음,단일로 - 기타,승용,남,21세,상해없음,보행자,여,31세,경상
2023080600100056,2023년 8월 6일 05시,일요일,대구광역시 달서구 상인동,중상사고,0,1,0,0,차대차 - 측면충돌,안전운전불이행,건조,맑음,교차로 - 교차로부근,승용,여,61세,상해없음,원동기,남,73세,중상
2023080600100063,2023년 8월 6일 06시,일요일,대구광역시 북구 태전동,경상사고,0,0,1,0,차대사람 - 기타,안전운전불이행,건조,맑음,단일로 - 기타,승용,남,25세,상해없음,보행자,여,21세,경상
2023080600100074,2023년 8월 6일 07시,일요일,대구광역시 북구 침산동,중상사고,0,2,0,0,차대차 - 기타,신호위반,건조,맑음,단일로 - 기타,승용,남,51세,상해없음,승용,남,61세,중상
2023080600100107,2023년 8월 6일 09시,일요일,대구광역시 남구 대명동,중상사고,0,1,0,0,차대차 - 추돌,안전운전불이행,건조,맑음,교차로 - 교차로안,승용,남,71세,상해없음,이륜,남,22세,중상
2023080600100126,2023년 8월 6일 10시,일요일,대구광역시 동구 각산동,경상사고,0,0,3,0,차대차 - 측면충돌,직진우회전진행방해,건조,맑음,교차로 - 교차로안,승용,남,49세,상해없음,승용,여,49세,경상
2023080600100127,2023년 8월 6일 10시,일요일,대구광역시 동구 방촌동,경상사고,0,0,1,0,차대사람 - 차도통행중,안전운전불이행,건조,맑음,교차로 - 교차로부근,승용,남,62세,상해없음,보행자,남,32세,경상
2023080600100128,2023년 8월 6일 10시,일요일,대구광역시 동구 신천동,경상사고,0,0,2,0,차대차 - 후진중충돌,안전운전불이행,건조,맑음,교차로 - 교차로부근,승용,여,67세,상해없음,승용,남,66세,경상