사고번호,사고일시,요일,시군구,사고내용,사망자수,중상자수,경상자수,부상신고자수,사고유형,법규위반,노면상태,기상상태,도로형태,가해운전자 차종,가해운전자 성별,가해운전자 연령,가해운전자 상해정도,피해운전자 차종,피해운전자 성별,피해운전자 연령,피해운전자 상해정도
2023081000100021,2023년 8월 10일 02시,목요일,대구광역시 수성구 이천동,부상신고사고,0,0,0,1,차량단독 - 공작물충돌,안전운전불이행,젖음/습기,비,단일로 - 기타,승용,남,71세,기타불명,,,,
2023081000100058,2023년 8월 10일 06시,목요일,대구광역시 달서구 죽전동,중상사고,0,1,0,0,차대차 - 기타,안전운전불이행,젖음/습기,비,교차로 - 교차로부근,승용,남,40세,상해없음,자전거,남,41세,중상
2023081000100091,2023년 8월 10일 08시,목요일,대구광역시 수성구 신매동,경상사고,0,0,1,0,차대사람 - 횡단중,보행자보호의무위반,젖음/습기,비,교차로 - 교차로횡단보도내,승용,남,44세,상해없음,보행자,여,64세,경상
2023081000100092,2023년 8월 10일 08시,목요일,대구광역시 달서구 상인동,경상사고,0,0,1,0,차대차 - 측면충돌,교차로운행방법위반,젖음/습기,비,교차로 - 교차로안,승용,여,36세,상해없음,승용,남,27세,경상
2023081000100093,2023년 8월 10일 08시,목요일,대구광역시 달서구 호산동,경상사고,0,0,2,0,차대차 - 추돌,안전운전불이행,젖음/습기,비,교차로 - 교차로안,승용,남,61세,경상,승용,남,37세,경상
2023081000100094,2023년 8월 10일 08시,목요일,대구광역시 달서구 장동,경상사고,0,0,1,0,차대차 - 후진중충돌,안전운전불이행,젖음/습기,비,교차로 - 교차로부근,화물,남,70세,상해없음,승용,남,45세,경상
2023081000100095,2023년 8월 10일 08시,목요일,대구광역시 북구 매천동,중상사고,0,1,0,0,차대사람 - 횡단중,보행자보호의무위반,젖음/습기,비,교차로 - 교차로횡단보도내,승용,남,63세,상해없음,보행자,여,53세,중상
2023081000100118,2023년 8월 10일 09시,목요일,대구광역시 수성구 시지동,경상사고,0,0,1,0,차대차 - 추돌,안전운전불이행,젖음/습기,비,교차로 - 교차로부근,화물,남,44세,상해없음,화물,남,35세,경상
2023081000100119,2023년 8월 10일 09시,목요일,대구광역시 동구 신서동,중상사고,0,1,0,0,차대차 - 측면충돌,신호위반,젖음/습기,비,교차로 - 교차로안,승용,여,62세,상해없음,승용,여,69세,중상
2023081000100120,2023년 8월 10일 09시,목요일,대구광역시 수성구 파동,경상사고,0,0,1,0,차대차 - 측면충돌,기타,젖음/습기,비,단일로 - 교량,승용,여,39세,상해없음,승용,남,51세,경상
2023081000100143,2023년 8월 10일 10시,목요일,대구광역시 달성군 구지면,부상신고사고,0,0,0,1,차대사람 - 횡단중,안전운전불이행,젖음/습기,비,교차로 - 교차로안,기타불명,기타불명,미분류,기타불명,보행자,남,29세,부상신고
2023081000100144,2023년 8월 10일 10시,목요일,대구광역시 달서구 감삼동,중상사고,0,1,0,0,차대사람 - 기타,기타,건조,맑음,단일로 - 기타,승용,남,33세,상해없음,보행자,여,56세,중상
2023081000100168,2023년 8월 10일 11시,목요일,대구광역시 북구 금호동,중상사고,0,1,0,0,차대차 - 측면충돌,안전운전불이행,젖음/습기,비,기타 - 기타,승용,남,33세,상해없음,화물,남,39세,중상
2023081000100169,2023년 8월 10일 11시,목요일,대구광역시 동구 검사동,부상신고사고,0,0,0,1,차대차 - 기타,직진우회전진행방해,젖음/습기,비,교차로 - 교차로안,이륜,남,37세,부상신고,화물,남,58세,상해없음
2023081000100170,2023년 8월 10일 11시,목요일,대구광역시 동구 신암동,경상사고,0,0,2,0,차대차 - 측면충돌,기타,건조,맑음,교차로 - 교차로안,승용,남,69세,경상,승용,여,47세,경상
2023081000100213,2023년 8월 10일 13시,목요일,대구광역시 중구 남산동,중상사고,0,2,2,0,차대차 - 측면충돌,안전운전불이행,젖음/습기,비,단일로 - 기타,화물,남,38세,상해없음,승용,남,52세,중상
2023081000100265,2023년 8월 10일 15시,목요일,대구광역시 수성구 노변동,경상사고,0,0,1,0,차대차 - 기타,안전운전불이행,건조,맑음,단일로 - 기타,화물,남,59세,상해없음,승용,남,39세,경상
2023081000100266,2023년 8월 10일 15시,목요일,대구광역시 수성구 범어동,경상사고,0,0,1,0,차대차 - 측면충돌,안전운전불이행,건조,맑음,단일로 - 기타,승용,남,32세,기타불명,이륜,남,26세,기타불명
2023081000100293,2023년 8월 10일 16시,목요일,대구광역시 달서구 송현동,경상사고,0,0,1,0,차대차 - 측면충돌,안전운전불이행,건조,맑음,교차로 - 교차로안,이륜,남,48세,경상,승용,남,20세,상해없음
2023081000100294,2023년 8월 10일 16시,목요일,대구광역시 중구 남산동,경상사고,0,0,1,1,차대차 - 기타,교차로운행방법위반,건조,맑음,교차로 - 교차로안,이륜,남,45세,부상신고,승용,남,62세,경상
2023081000100295,2023년 8월 10일 16시,목요일,대구광역시 북구 국우동,경상사고,0,0,1,0,차대차 - 측면충돌,안전거리미확보,건조,맑음,단일로 - 기타,승합,여,63세,상해없음,승용,여,52세,경상
2023081000100331,2023년 8월 10일 17시,목요일,대구광역시 달서구 월암동,경상사고,0,0,2,0,차대차 - 기타,안전거리미확보,건조,맑음,단일로 - 기타,화물,남,60세,상해없음,승용,남,37세,경상
2023081000100366,2023년 8월 10일 18시,목요일,대구광역시 서구 비산동,중상사고,0,1,0,1,차대차 - 측면충돌,안전운전불이행,건조,맑음,단일로 - 기타,승용,여,52세,부상신고,이륜,남,47세,중상
2023081000100367,2023년 8월 10일 18시,목요일,대구광역시 서구 평리동,경상사고,0,0,1,0,차대차 - 정면충돌,안전운전불이행,건조,맑음,교차로 - 교차로부근,승용,남,60세,기타불명,이륜,남,42세,경상
2023081000100392,2023년 8월 10일 19시,목요일,대구광역시 북구 동천동,경상사고,0,0,1,0,차대차 - 추돌,안전운전불이행,건조,맑음,단일로 - 기타,승합,남,31세,상해없음,승용,여,45세,경상
2023081000100445,2023년 8월 10일 21시,목요일,대구광역시 동구 신천동,경상사고,0,0,2,0,차대차 - 측면충돌,안전운전불이행,건조,맑음,단일로 - 지하차도(도로)내,개인형이동수단(PM),남,49세,경상,승용,남,32세,경상
2023081000100464,2023년 8월 10일 22시,목요일,대구광역시 남구 대명동,경상사고,0,0,1,0,차대차 - 기타,안전운전불이행,건조,맑음,기타 - 기타,이륜,남,23세,상해없음,자전거,남,50세,경상
2023081000100465,2023년 8월 10일 22시,목요일,대구광역시 동구 지묘동,사망사고,1,0,0,0,차량단독 - 기타,안전운전불이행,건조,맑음,단일로 - 기타,이륜,남,24세,사망,,,,
2023081000100466,2023년 8월 10일 22시,목요일,대구광역시 달서구 송현동,경상사고,0,0,1,0,차대차 - 기타,안전운전불이행,건조,맑음,단일로 - 기타,승용,남,36세,상해없음,승용,남,45세,경상
2023081000100479,2023년 8월 10일 23시,목요일,대구광역시 남구 봉덕동,경상사고,0,0,2,0,차대차 - 추돌,안전거리미확보,건조,맑음,단일로 - 기타,승용,여,60세,상해없음,승용,남,34세,경상
2023081100100007,2023년 8월 11일 00시,금요일,대구광역시 수성구 만촌동,경상사고,0,0,1,0,차대차 - 추돌,안전운전불이행,건조,맑음,단일로 - 기타,승용,여,34세,상해없음,승용,남,36세,상해없음
2023081100100024,2023년 8월 11일 02시,금요일,대구광역시 서구 비산동,중상사고,0,1,0,0,차대차 - 기타,안전운전불이행,건조,맑음,교차로 - 교차로부근,승용,남,30세,상해없음,원동기,남,61세,중상
2023081100100070,2023년 8월 11일 07시,금요일,대구광역시 동구 효목동,중상사고,0,1,0,0,차대사람 - 기타,안전운전불이행,건조,맑음,교차로 - 교차로부근,화물,남,54세,상해없음,보행자,여,85세,중상
2023081100100071,2023년 8월 11일 07시,금요일,대구광역시 수성구 수성동4가,경상사고,0,0,1,0,차대차 - 기타,안전운전불이행,건조,맑음,단일로 - 기타,승용,여,41세,상해없음,승용,여,46세,경상
2023081100100072,2023년 8월 11일 07시,금요일,대구광역시 달성군 현풍읍,경상사고,0,0,1,0,차대차 - 추돌,안전거리미확보,건조,맑음,교차로 - 교차로부근,승용,남,32세,상해없음,승용,남,60세,경상
2023081100100073,2023년 8월 11일 07시,금요일,대구광역시 북구 산격동,경상사고,0,0,1,0,차대차 - 측면충돌,안전거리미확보,건조,맑음,교차로 - 교차로부근,승용,여,39세,기타불명,화물,남,61세,경상
2023081100100107,2023년 8월 11일 08시,금요일,대구광역시 동구 방촌동,중상사고,0,1,2,0,차대차 - 측면충돌,직진우회전진행방해,건조,맑음,교차로 - 교차로안,승용,남,69세,중상,화물,남,72세,경상
2023081100100108,2023년 8월 11일 08시,금요일,대구광역시 수성구 성동,경상사고,0,0,1,0,차대차 - 측면충돌,기타,건조,맑음,교차로 - 교차로안,승용,남,68세,상해없음,이륜,남,84세,경상
2023081100100109,2023년 8월 11일 08시,금요일,대구광역시 북구 노원동1가,중상사고,0,1,0,0,차대차 - 측면충돌,안전운전불이행,건조,맑음,단일로 - 기타,화물,남,66세,상해없음,이륜,남,58세,중상
2023081100100144,2023년 8월 11일 09시,금요일,대구광역시 북구 복현동,부상신고사고,0,0,0,1,차대사람 - 횡단중,보행자보호의무위반,건조,맑음,교차로 - 교차로부근,승용,여,37세,부상신고,보행자,남,73세,상해없음
2023081100100145,2023년 8월 11일 09시,금요일,대구광역시 서구 비산동,경상사고,0,0,1,0,차대사람 - 기타,기타,건조,맑음,단일로 - 기타,승용,남,53세,상해없음,보행자,여,57세,경상
2023081100100146,2023년 8월 11일 09시,금요일,대구광역시 달서구 월암동,경상사고,0,0,1,0,차대차 - 기타,안전운전불이행,건조,맑음,단일로 - 기타,승용,남,73세,상해없음,화물,남,63세,경상
2023081100100172,2023년 8월 11일 10시,금요일,대구광역시 동구 효목동,경상사고,0,0,1,0,차대차 - 기타,안전운전불이행,건조,맑음,단일로 - 고가도로위,승용,남,66세,상해없음,승용,여,27세,경상
2023081100100173,2023년 8월 11일 10시,금요일,대구광역시 달서구 도원동,중상사고,0,2,2,0,차량단독 - 공작물충돌,안전운전불이행,건조,맑음,단일로 - 기타,승합,남,30세,상해없음,,,,
2023081100100211,2023년 8월 11일 11시,금요일,대구광역시 동구 신천동,중상사고,0,1,0,0,차대차 - 측면충돌,안전운전불이행,건조,맑음,단일로 - 기타,승용,여,59세,상해없음,개인형이동수단(PM),여,54세,중상
2023081100100212,2023년 8월 11일 11시,금요일,대구광역시 수성구 황금동,경상사고,0,0,2,0,차대차 - 측면충돌,안전거리미확보,건조,맑음,단일로 - 기타,승용,남,74세,상해없음,승용,여,71세,경상
2023081100100214,2023년 8월 11일 11시,금요일,대구광역시 북구 매천동,중상사고,0,1,0,0,차대사람 - 횡단중,보행자보호의무위반,건조,맑음,교차로 - 교차로횡단보도내,화물,남,63세,상해없음,보행자,남,49세,중상
2023081100100240,2023년 8월 11일 12시,금요일,대구광역시 수성구 신매동,경상사고,0,0,1,0,차대차 - 측면충돌,안전거리미확보,건조,맑음,단일로 - 기타,건설기계,남,66세,상해없음,이륜,남,28세,경상
2023081100100241,2023년 8월 11일 12시,금요일,대구광역시 수성구 두산동,중상사고,0,1,4,2,차대차 - 추돌,안전운전불이행,건조,맑음,단일로 - 기타,승용,여,74세,경상,화물,여,35세,경상
2023081100100242,2023년 8월 11일 12시,금요일,대구광역시 북구 산격동,중상사고,0,1,1,0,차대차 - 추돌,안전거리미확보,건조,맑음,단일로 - 기타,승용,여,36세,상해없음,승용,남,39세,경상
2023081100100243,2023년 8월 11일 12시,금요일,대구광역시 중구 남성로,경상사고,0,0,1,0,차대차 - 기타,직진우회전진행방해,건조,맑음,교차로 - 교차로안,승용,남,79세,상해없음,개인형이동수단(PM),남,88세,경상
2023081100100287,2023년 8월 11일 13시,금요일,대구광역시 수성구 만촌동,경상사고,0,0,2,0,차대차 - 기타,신호위반,건조,맑음,교차로 - 교차로부근,승용,남,28세,상해없음,승용,여,39세,상해없음
2023081100100288,2023년 8월 11일 13시,금요일,대구광역시 달성군 논공읍,중상사고,0,1,0,0,차대차 - 기타,안전운전불이행,건조,맑음,교차로 - 교차로안,승용,남,80세,중상,화물,남,42세,상해없음
2023081100100289,2023년 8월 11일 13시,금요일,대구광역시 동구 신암동,중상사고,0,1,0,0,차대차 - 기타,안전운전불이행,건조,맑음,교차로 - 교차로부근,승용,남,30세,상해없음,이륜,남,36세,중상
2023081100100290,2023년 8월 11일 13시,금요일,대구광역시 북구 침산동,경상사고,0,0,1,1,차대차 - 측면충돌,교차로운행방법위반,건조,맑음,교차로 - 교차로안,승용,남,73세,부상신고,화물,남,46세,경상
2023081100100319,2023년 8월 11일 14시,금요일,대구광역시 달서구 두류동,중상사고,0,1,3,0,차대차 - 추돌,안전운전불이행,건조,맑음,교차로 - 교차로부근,이륜,남,49세,경상,승용,남,38세,경상
2023081100100362,2023년 8월 11일 15시,금요일,대구광역시 수성구 수성동3가,중상사고,0,1,3,0,차대차 - 기타,신호위반,건조,맑음,교차로 - 교차로부근,승용,여,42세,경상,승용,남,43세,중상
2023081100100402,2023년 8월 11일 16시,금요일,대구광역시 수성구 범어동,경상사고,0,0,1,0,차대차 - 측면충돌,차로위반,건조,맑음,단일로 - 기타,승용,남,33세,상해없음,승용,남,35세,경상
2023081100100403,2023년 8월 11일 16시,금요일,대구광역시 달서구 송현동,중상사고,0,1,2,0,차대차 - 측면충돌,교차로운행방법위반,건조,맑음,교차로 - 교차로안,이륜,남,23세,상해없음,승용,남,65세,경상
2023081100100404,2023년 8월 11일 16시,금요일,대구광역시 북구 산격동,경상사고,0,0,1,1,차대차 - 측면충돌,안전거리미확보,건조,맑음,단일로 - 기타,이륜,남,29세,부상신고,승용,남,28세,경상
2023081100100442,2023년 8월 11일 17시,금요일,대구광역시 수성구 범어동,중상사고,0,1,0,0,차대차 - 측면충돌,안전거리미확보,건조,맑음,단일로 - 기타,승용,여,70세,상해없음,승용,여,52세,중상
2023081100100443,2023년 8월 11일 17시,금요일,대구광역시 중구 대봉동,중상사고,0,1,0,0,차대차 - 추돌,안전운전불이행,건조,맑음,단일로 - 기타,승용,남,55세,상해없음,이륜,남,33세,중상
2023081100100490,2023년 8월 11일 18시,금요일,대구광역시 동구 효목동,중상사고,0,1,0,0,차대차 - 기타,안전운전불이행,건조,맑음,교차로 - 교차로부근,승용,여,54세,상해없음,이륜,남,43세,중상
2023081100100491,2023년 8월 11일 18시,금요일,대구광역시 수성구 중동,경상사고,0,0,1,1,차대차 - 기타,안전운전불이행,건조,맑음,교차로 - 교차로안,승용,여,68세,부상신고,승용,여,39세,경상
2023081100100492,2023년 8월 11일 18시,금요일,대구광역시 달서구 월암동,경상사고,0,0,2,0,차대차 - 측면충돌,기타,건조,맑음,교차로 - 교차로안,승용,여,50세,경상,승용,남,37세,경상
2023081100100493,2023년 8월 11일 18시,금요일,대구광역시 서구 중리동,부상신고사고,0,0,0,1,차대차 - 측면충돌,안전운전불이행,건조,맑음,교차로 - 교차로부근,승합,남,61세,상해없음,화물,남,73세,부상신고
2023081100100494,2023년 8월 11일 18시,금요일,대구광역시 달서구 용산동,경상사고,0,0,1,0,차대사람 - 횡단중,신호위반,건조,맑음,기타 - 기타,승용,여,47세,상해없음,보행자,여,63세,경상
2023081100100495,2023년 8월 11일 18시,금요일,대구광역시 달서구 본리동,경상사고,0,0,1,0,차대차 - 측면충돌,안전운전불이행,건조,맑음,교차로 - 교차로부근,자전거,남,10세,경상,승용,여,28세,상해없음
2023081100100533,2023년 8월 11일 19시,금요일,대구광역시 달성군 현풍읍,중상사고,0,1,0,0,차대차 - 측면충돌,안전운전불이행,건조,맑음,단일로 - 기타,승용,여,49세,상해없음,자전거,여,42세,중상
2023081100100580,2023년 8월 11일 20시,금요일,대구광역시 동구 율하동,중상사고,0,1,1,0,차대차 - 측면충돌,안전운전불이행,건조,맑음,단일로 - 기타,자전거,남,65세,경상,자전거,남,33세,중상
2023081100100614,2023년 8월 11일 21시,금요일,대구광역시 남구 대명동,부상신고사고,0,0,0,1,차대차 - 추돌,안전운전불이행,건조,맑음,교차로 - 교차로부근,승용,여,32세,상해없음,승용,남,36세,부상신고
2023081100100615,2023년 8월 11일 21시,금요일,대구광역시 달성군 옥포읍,경상사고,0,0,1,0,차대차 - 기타,안전운전불이행,건조,맑음,교차로 - 교차로부근,승용,남,29세,상해없음,승용,여,43세,경상
2023081100100664,2023년 8월 11일 23시,금요일,대구광역시 달서구 이곡동,중상사고,0,1,0,0,차대차 - 측면충돌,중앙선침범,건조,맑음,교차로 - 교차로부근,승용,남,36세,상해없음,승용,여,62세,중상
2023081200100039,2023년 8월 12일 03시,토요일,대구광역시 중구 덕산동,경상사고,0,0,1,0,차대차 - 추돌,안전운전불이행,건조,맑음,단일로 - 기타,승용,남,28세,상해없음,이륜,남,27세,경상
2023081200100083,2023년 8월 12일 08시,토요일,대구광역시 달서구 용산동,경상사고,0,0,3,0,차대차 - 추돌,안전운전불이행,건조,맑음,단일로 - 기타,승용,여,26세,상해없음,승용,남,33세,경상
2023081200100112,2023년 8월 12일 09시,토요일,대구광역시 서구 비산동,경상사고,0,0,1,0,차대차 - 기타,안전운전불이행,건조,맑음,단일로 - 기타,원동기,남,29세,상해없음,승용,여,60세,경상
2023081200100135,2023년 8월 12일 10시,토요일,대구광역시 달서구 성당동,중상사고,0,1,0,0,차대차 - 측면충돌,안전운전불이행,건조,맑음,단일로 - 기타,승용,남,70세,상해없음,자전거,남,61세,중상
2023081200100172,2023년 8월 12일 11시,토요일,대구광역시 서구 비산동,사망사고,1,1,0,0,차대차 - 측면충돌,안전운전불이행,건조,맑음,기타 - 기타,자전거,남,62세,중상,이륜,남,70세,사망
2023081200100173,2023년 8월 12일 11시,토요일,대구광역시 달서구 장기동,경상사고,0,0,1,0,차대사람 - 보도통행중,기타,건조,맑음,단일로 - 기타,자전거,남,11세,상해없음,보행자,여,61세,경상
2023081200100208,2023년 8월 12일 12시,토요일,대구광역시 동구 율하동,경상사고,0,0,2,0,차대차 - 기타,안전운전불이행,건조,맑음,단일로 - 기타,승합,남,26세,상해없음,화물,남,63세,경상
2023081200100213,2023년 8월 12일 12시,토요일,대구광역시 수성구 연호동,경상사고,0,0,4,0,차대차 - 추돌,안전운전불이행,건조,맑음,단일로 - 기타,승용,남,87세,기타불명,승용,남,36세,경상
2023081200100252,2023년 8월 12일 13시,토요일,대구광역시 북구 침산동,경상사고,0,0,3,0,차대차 - 측면충돌,안전거리미확보,건조,맑음,단일로 - 기타,승용,남,34세,상해없음,승용,남,29세,경상
2023081200100253,2023년 8월 12일 13시,토요일,대구광역시 북구 태전동,경상사고,0,0,2,0,차대차 - 기타,안전운전불이행,건조,맑음,교차로 - 교차로안,원동기,남,29세,경상,자전거,남,62세,경상
2023081200100307,2023년 8월 12일 15시,토요일,대구광역시 북구 노곡동,중상사고,0,2,0,0,차대차 - 기타,안전운전불이행,건조,맑음,단일로 - 기타,화물,남,50세,중상,건설기계,남,49세,중상
2023081200100314,2023년 8월 12일 15시,토요일,대구광역시 수성구 범어동,경상사고,0,0,2,0,차대차 - 추돌,안전운전불이행,건조,맑음,단일로 - 기타,승용,여,40세,기타불명,승용,남,38세,경상
2023081200100315,2023년 8월 12일 15시,토요일,대구광역시 북구 관음동,부상신고사고,0,0,0,1,차대차 - 기타,안전거리미확보,건조,맑음,기타 - 기타,승용,남,74세,상해없음,승용,남,36세,부상신고
2023081200100345,2023년 8월 12일 16시,토요일,대구광역시 서구 평리동,중상사고,0,1,0,0,차대차 - 측면충돌,안전운전불이행,건조,맑음,교차로 - 교차로안,이륜,남,58세,중상,승합,남,37세,상해없음
2023081200100389,2023년 8월 12일 17시,토요일,대구광역시 서구 평리동,경상사고,0,0,1,0,차대차 - 측면충돌,안전운전불이행,건조,맑음,단일로 - 기타,승용,여,47세,상해없음,승용,여,26세,경상
2023081200100421,2023년 8월 12일 18시,토요일,대구광역시 서구 비산동,경상사고,0,0,1,0,차대사람 - 보도통행중,보행자보호의무위반,건조,맑음,교차로 - 교차로횡단보도내,이륜,남,44세,상해없음,보행자,여,73세,경상
2023081200100441,2023년 8월 12일 19시,토요일,대구광역시 달서구 두류동,중상사고,0,1,0,0,차량단독 - 전도전복 - 전도,안전운전불이행,건조,맑음,단일로 - 기타,자전거,남,34세,중상,,,,
2023081200100482,2023년 8월 12일 21시,토요일,대구광역시 동구 용계동,중상사고,0,1,0,0,차대차 - 측면충돌,안전운전불이행,건조,맑음,단일로 - 기타,승용,남,53세,상해없음,자전거,여,41세,중상
2023081200100501,2023년 8월 12일 22시,토요일,대구광역시 동구 신암동,경상사고,0,0,2,0,차대차 - 측면충돌,안전거리미확보,건조,맑음,단일로 - 기타,승용,여,58세,상해없음,승용,여,51세,경상
2023081200100502,2023년 8월 12일 22시,토요일,대구광역시 달서구 유천동,경상사고,0,0,1,0,차대차 - 측면충돌,안전운전불이행,건조,맑음,교차로 - 교차로안,자전거,남,28세,경상,승용,남,58세,상해없음
2023081200100503,2023년 8월 12일 22시,토요일,대구광역시 서구 평리동,중상사고,0,1,0,0,차대사람 - 횡단중,안전운전불이행,건조,맑음,단일로 - 기타,원동기,남,23세,상해없음,보행자,여,79세,중상
2023081200100523,2023년 8월 12일 23시,토요일,대구광역시 달서구 진천동,경상사고,0,0,1,0,차대차 - 기타,안전운전불이행,건조,맑음,단일로 - 기타,개인형이동수단(PM),남,13세,상해없음,이륜,남,32세,경상
2023081200100524,2023년 8월 12일 23시,토요일,대구광역시 달서구 신당동,경상사고,0,0,2,0,차대차 - 추돌,안전운전불이행,건조,맑음,교차로 - 교차로부근,승용,여,23세,상해없음,승용,여,51세,경상
2023081300100007,2023년 8월 13일 00시,일요일,대구광역시 북구 대현동,중상사고,0,1,2,0,차대차 - 기타,안전운전불이행,건조,맑음,교차로 - 교차로부근,승용,남,41세,상해없음,승용,여,28세,중상
2023081300100052,2023년 8월 13일 06시,일요일,대구광역시 서구 내당동,경상사고,0,0,1,0,차대사람 - 횡단중,안전운전불이행,건조,맑음,교차로 - 교차로안,승용,남,80세,상해없음,보행자,남,88세,경상
2023081300100059,2023년 8월 13일 07시,일요일,대구광역시 군위군 소보면,부상신고사고,0,0,0,1,차량단독 - 전도전복 - 전도,안전운전불이행,건조,맑음,단일로 - 기타,자전거,남,45세,부상신고,,,,
2023081300100131,2023년 8월 13일 11시,일요일,대구광역시 북구 태전동,중상사고,0,1,0,0,차대사람 - 차도통행중,보행자보호의무위반,건조,맑음,단일로 - 지하차도(도로)내,승용,여,21세,상해없음,보행자,여,54세,중상
2023081300100150,2023년 8월 13일 12시,일요일,대구광역시 중구 교동,경상사고,0,0,1,0,차대차 - 측면충돌,신호위반,건조,맑음,교차로 - 교차로안,승용,남,68세,상해없음,이륜,남,29세,경상
2023081300100175,2023년 8월 13일 13시,일요일,대구광역시 달성군 유가읍,경상사고,0,0,1,0,차대차 - 기타,안전운전불이행,건조,맑음,기타 - 기타,승용,여,43세,상해없음,자전거,남,48세,경상
2023081300100176,2023년 8월 13일 13시,일요일,대구광역시 서구 비산동,경상사고,0,0,2,0,차대차 - 추돌,안전운전불이행,건조,맑음,단일로 - 기타,승용,남,32세,상해없음,승용,남,52세,경상
2023081300100204,2023년 8월 13일 14시,일요일,대구광역시 북구 대현동,중상사고,0,1,0,0,차대차 - 측면충돌,안전거리미확보,건조,맑음,단일로 - 기타,이륜,남,31세,기타불명,승용,남,61세,중상
2023081300100279,2023년 8월 13일 17시,일요일,대구광역시 군위군 삼국유사면,중상사고,0,3,0,1,차대차 - 측면충돌,직진우회전진행방해,건조,맑음,교차로 - 교차로안,승용,남,73세,중상,승용,여,19세,중상
2023081300100316,2023년 8월 13일 19시,일요일,대구광역시 동구 율하동,경상사고,0,0,1,0,차대차 - 측면충돌,안전운전불이행,건조,맑음,단일로 - 기타,자전거,남,11세,경상,승용,남,47세,상해없음
2023081300100317,2023년 8월 13일 19시,일요일,대구광역시 북구 산격동,경상사고,0,0,4,0,차대차 - 기타,교차로운행방법위반,건조,맑음,교차로 - 교차로안,승용,남,22세,상해없음,승용,남,40세,경상
2023081300100318,2023년 8월 13일 19시,일요일,대구광역시 서구 내당동,경상사고,0,0,1,0,차대사람 - 보도통행중,기타,건조,맑음,단일로 - 기타,승용,남,33세,상해없음,보행자,남,42세,경상
2023081400100030,2023년 8월 14일 05시,월요일,대구광역시 북구 학정동,경상사고,0,0,1,0,차대차 - 기타,안전운전불이행,건조,맑음,교차로 - 교차로부근,승합,남,55세,상해없음,승용,남,46세,경상
2023081400100059,2023년 8월 14일 07시,월요일,대구광역시 달서구 용산동,중상사고,0,1,0,0,차량단독 - 전도전복 - 전도,안전운전불이행,건조,맑음,단일로 - 기타,이륜,남,75세,중상,,,,
2023081400100089,2023년 8월 14일 08시,월요일,대구광역시 동구 신서동,경상사고,0,0,2,0,차대차 - 추돌,안전운전불이행,건조,맑음,단일로 - 기타,승용,여,40세,상해없음,승용,남,27세,경상
2023081400100090,2023년 8월 14일 08시,월요일,대구광역시 달서구 대곡동,경상사고,0,0,1,0,차대차 - 기타,안전운전불이행,건조,맑음,교차로 - 교차로안,자전거,남,47세,경상,화물,남,52세,상해없음
2023081400100091,2023년 8월 14일 08시,월요일,대구광역시 북구 침산동,경상사고,0,0,2,0,차대차 - 추돌,안전운전불이행,건조,맑음,교차로 - 교차로부근,화물,남,37세,경상,승용,남,72세,경상
2023081400100164,2023년 8월 14일 10시,월요일,대구광역시 수성구 사월동,경상사고,0,0,3,1,차대차 - 추돌,안전운전불이행,건조,맑음,단일로 - 기타,승용,여,53세,부상신고,승용,남,31세,경상
2023081400100165,2023년 8월 14일 10시,월요일,대구광역시 서구 원대동3가,경상사고,0,0,2,0,차대차 - 측면충돌,안전운전불이행,건조,맑음,단일로 - 기타,화물,남,56세,상해없음,승용,여,42세,경상
2023081400100206,2023년 8월 14일 11시,월요일,대구광역시 수성구 신매동,경상사고,0,0,1,0,차대차 - 추돌,안전운전불이행,건조,기타,교차로 - 교차로안,승용,남,71세,상해없음,이륜,남,26세,경상
2023081400100207,2023년 8월 14일 11시,월요일,대구광역시 달성군 현풍읍,경상사고,0,0,2,0,차대차 - 후진중충돌,안전운전불이행,건조,맑음,단일로 - 기타,화물,남,54세,상해없음,승용,남,55세,경상
2023081400100208,2023년 8월 14일 11시,월요일,대구광역시 북구 침산동,중상사고,0,1,0,0,차대사람 - 횡단중,신호위반,건조,맑음,기타 - 기타,승용,여,63세,기타불명,보행자,여,35세,중상
2023081400100241,2023년 8월 14일 12시,월요일,대구광역시 남구 대명동,경상사고,0,0,1,0,차대사람 - 기타,안전운전불이행,건조,맑음,단일로 - 기타,승용,여,70세,상해없음,보행자,남,71세,경상
2023081400100242,2023년 8월 14일 12시,월요일,대구광역시 수성구 만촌동,중상사고,0,1,3,0,차대사람 - 횡단중,보행자보호의무위반,건조,맑음,교차로 - 교차로횡단보도내,승합,남,63세,상해없음,보행자,여,42세,중상
2023081400100282,2023년 8월 14일 13시,월요일,대구광역시 중구 계산동2가,중상사고,0,1,0,0,차대사람 - 기타,안전운전불이행,건조,맑음,단일로 - 기타,이륜,남,68세,상해없음,보행자,여,17세,중상
2023081400100369,2023년 8월 14일 15시,월요일,대구광역시 수성구 범어동,경상사고,0,0,1,0,차대차 - 후진중충돌,안전운전불이행,건조,맑음,기타 - 기타,승용,여,67세,상해없음,승용,남,69세,경상
2023081400100370,2023년 8월 14일 15시,월요일,대구광역시 수성구 만촌동,경상사고,0,0,4,0,차대차 - 측면충돌,안전거리미확보,건조,맑음,단일로 - 기타,승용,여,51세,경상,승용,남,62세,경상
2023081400100412,2023년 8월 14일 16시,월요일,대구광역시 수성구 범물동,경상사고,0,0,2,0,차대차 - 추돌,안전운전불이행,건조,맑음,단일로 - 기타,승용,남,21세,상해없음,승용,남,27세,경상