사고번호,사고일시,요일,시군구,사고내용,사망자수,중상자수,경상자수,부상신고자수,사고유형,법규위반,노면상태,기상상태,도로형태,가해운전자 차종,가해운전자 성별,가해운전자 연령,가해운전자 상해정도,피해운전자 차종,피해운전자 성별,피해운전자 연령,피해운전자 상해정도
2023081400100413,2023년 8월 14일 16시,월요일,대구광역시 달성군 유가읍,경상사고,0,0,1,0,차대사람 - 보도통행중,안전운전불이행,건조,맑음,기타 - 기타,기타불명,기타불명,미분류,기타불명,보행자,여,30세,경상
2023081400100541,2023년 8월 14일 20시,월요일,대구광역시 달성군 다사읍,경상사고,0,0,1,0,차대차 - 측면충돌,안전운전불이행,건조,맑음,단일로 - 기타,승용,남,66세,상해없음,승용,여,33세,경상
2023081400100600,2023년 8월 14일 23시,월요일,대구광역시 북구 태전동,경상사고,0,0,2,0,차대차 - 측면충돌,안전운전불이행,건조,맑음,교차로 - 교차로안,승용,남,24세,상해없음,승용,남,57세,상해없음
2023081500100033,2023년 8월 15일 02시,화요일,대구광역시 동구 신암동,경상사고,0,0,2,0,차대차 - 기타,중앙선침범,건조,맑음,단일로 - 고가도로위,기타불명,기타불명,미분류,기타불명,승용,남,24세,경상
2023081500100034,2023년 8월 15일 02시,화요일,대구광역시 북구 노원동3가,경상사고,0,0,1,1,차대차 - 측면충돌,중앙선침범,건조,맑음,단일로 - 기타,이륜,남,67세,부상신고,승용,남,32세,경상
2023081500100035,2023년 8월 15일 02시,화요일,대구광역시 북구 대현동,부상신고사고,0,0,0,1,차량단독 - 기타,안전운전불이행,건조,맑음,교차로 - 교차로안,개인형이동수단(PM),남,44세,부상신고,,,,
2023081500100044,2023년 8월 15일 03시,화요일,대구광역시 동구 동호동,경상사고,0,0,1,0,차대차 - 추돌,안전운전불이행,건조,맑음,교차로 - 교차로부근,승용,남,45세,상해없음,승용,남,32세,경상
2023081500100065,2023년 8월 15일 06시,화요일,대구광역시 동구 입석동,경상사고,0,0,1,0,차대차 - 측면충돌,안전운전불이행,건조,맑음,단일로 - 기타,승용,남,60세,상해없음,승용,남,51세,경상
2023081500100066,2023년 8월 15일 06시,화요일,대구광역시 서구 비산동,중상사고,0,2,1,0,차대차 - 기타,신호위반,건조,맑음,교차로 - 교차로안,승용,남,54세,상해없음,승용,남,69세,경상
2023081500100090,2023년 8월 15일 08시,화요일,대구광역시 남구 대명동,경상사고,0,0,1,0,차대차 - 측면충돌,안전운전불이행,건조,맑음,기타 - 기타,승용,여,68세,상해없음,이륜,남,62세,경상
2023081500100091,2023년 8월 15일 08시,화요일,대구광역시 달성군 논공읍,경상사고,0,0,1,0,차대사람 - 기타,보행자보호의무위반,건조,맑음,교차로 - 교차로안,승용,남,42세,상해없음,보행자,여,59세,경상
2023081500100092,2023년 8월 15일 08시,화요일,대구광역시 달서구 용산동,중상사고,0,1,0,0,차대차 - 측면충돌,안전운전불이행,건조,맑음,단일로 - 기타,승용,여,57세,상해없음,자전거,남,63세,중상
2023081500100093,2023년 8월 15일 08시,화요일,대구광역시 달서구 용산동,중상사고,0,1,0,0,차대사람 - 기타,안전운전불이행,건조,맑음,단일로 - 기타,자전거,남,54세,상해없음,보행자,여,72세,중상
2023081500100110,2023년 8월 15일 09시,화요일,대구광역시 중구 남산동,경상사고,0,0,1,0,차대차 - 기타,안전운전불이행,건조,맑음,교차로 - 교차로부근,승용,남,66세,상해없음,승용,남,70세,상해없음
2023081500100135,2023년 8월 15일 10시,화요일,대구광역시 군위군 효령면,경상사고,0,0,3,0,차대차 - 측면충돌,신호위반,건조,맑음,교차로 - 교차로안,승용,남,65세,경상,승용,남,54세,경상
2023081500100168,2023년 8월 15일 11시,화요일,대구광역시 달성군 현풍읍,경상사고,0,0,1,0,차대차 - 추돌,안전운전불이행,건조,맑음,기타 - 기타,화물,남,66세,상해없음,화물,남,68세,경상
2023081500100259,2023년 8월 15일 14시,화요일,대구광역시 수성구 두산동,경상사고,0,0,1,0,차대사람 - 기타,안전운전불이행,건조,맑음,기타 - 기타,승용,남,54세,상해없음,보행자,남,58세,경상
2023081500100260,2023년 8월 15일 14시,화요일,대구광역시 북구 동천동,경상사고,0,0,1,0,차대차 - 기타,안전운전불이행,건조,맑음,교차로 - 교차로부근,승용,여,67세,상해없음,자전거,여,61세,경상
2023081500100313,2023년 8월 15일 16시,화요일,대구광역시 남구 이천동,중상사고,0,2,1,0,차대차 - 측면충돌,신호위반,건조,맑음,교차로 - 교차로안,승용,여,71세,상해없음,승용,남,34세,경상
2023081500100314,2023년 8월 15일 16시,화요일,대구광역시 동구 율하동,경상사고,0,0,1,0,차대차 - 측면충돌,안전거리미확보,건조,맑음,단일로 - 기타,승용,여,48세,상해없음,승용,남,22세,경상
2023081500100315,2023년 8월 15일 16시,화요일,대구광역시 달서구 도원동,중상사고,0,1,0,0,차대사람 - 횡단중,보행자보호의무위반,건조,맑음,교차로 - 교차로횡단보도내,승용,남,54세,상해없음,보행자,여,70세,중상
2023081500100356,2023년 8월 15일 17시,화요일,대구광역시 서구 내당동,중상사고,0,1,0,0,차대차 - 측면충돌,안전운전불이행,건조,맑음,교차로 - 교차로안,승용,남,56세,상해없음,이륜,남,57세,중상
2023081500100376,2023년 8월 15일 18시,화요일,대구광역시 북구 관음동,경상사고,0,0,1,0,차대차 - 측면충돌,안전운전불이행,건조,맑음,교차로 - 교차로안,이륜,남,63세,경상,승용,여,58세,상해없음
2023081500100396,2023년 8월 15일 19시,화요일,대구광역시 중구 태평로1가,중상사고,0,1,0,0,차대차 - 기타,차로위반,건조,맑음,단일로 - 기타,승용,남,61세,상해없음,개인형이동수단(PM),남,51세,중상
2023081500100429,2023년 8월 15일 20시,화요일,대구광역시 수성구 지산동,중상사고,0,1,0,0,차대차 - 측면충돌,안전거리미확보,건조,맑음,단일로 - 기타,승용,남,58세,상해없음,승용,남,46세,중상
2023081500100430,2023년 8월 15일 20시,화요일,대구광역시 달성군 현풍읍,경상사고,0,0,4,0,차대차 - 기타,안전운전불이행,건조,맑음,기타 - 기타,승용,여,57세,상해없음,승용,남,20세,경상
2023081500100474,2023년 8월 15일 23시,화요일,대구광역시 수성구 황금동,중상사고,0,1,0,0,차대차 - 기타,안전운전불이행,건조,맑음,기타 - 기타,이륜,여,52세,중상,승용,남,23세,상해없음
2023081600100004,2023년 8월 16일 00시,수요일,대구광역시 동구 신암동,중상사고,0,1,0,0,차대차 - 측면충돌,직진우회전진행방해,건조,맑음,교차로 - 교차로안,원동기,남,24세,중상,승용,남,74세,상해없음
2023081600100055,2023년 8월 16일 07시,수요일,대구광역시 동구 신암동,경상사고,0,0,1,0,차대차 - 측면충돌,안전거리미확보,건조,맑음,단일로 - 기타,승용,남,27세,상해없음,승용,남,68세,경상
2023081600100056,2023년 8월 16일 07시,수요일,대구광역시 중구 서성로2가,경상사고,0,0,2,0,차대차 - 측면충돌,안전거리미확보,건조,맑음,단일로 - 기타,승용,남,61세,경상,승용,남,23세,경상
2023081600100057,2023년 8월 16일 07시,수요일,대구광역시 중구 동산동,경상사고,0,0,1,0,차대차 - 기타,안전운전불이행,건조,맑음,단일로 - 기타,자전거,남,15세,경상,승용,여,46세,상해없음
2023081600100085,2023년 8월 16일 08시,수요일,대구광역시 동구 도동,중상사고,0,1,0,0,차대차 - 측면충돌,직진우회전진행방해,건조,맑음,교차로 - 교차로안,승용,여,60세,상해없음,자전거,남,74세,중상
2023081600100086,2023년 8월 16일 08시,수요일,대구광역시 서구 비산동,부상신고사고,0,0,0,1,차대사람 - 기타,안전운전불이행,건조,맑음,단일로 - 기타,개인형이동수단(PM),남,35세,부상신고,보행자,남,13세,상해없음
2023081600100087,2023년 8월 16일 08시,수요일,대구광역시 중구 남산동,경상사고,0,0,1,0,차대차 - 측면충돌,기타,건조,맑음,교차로 - 교차로부근,승용,여,29세,상해없음,자전거,남,78세,경상
2023081600100088,2023년 8월 16일 08시,수요일,대구광역시 달서구 감삼동,경상사고,0,0,1,0,차대차 - 측면충돌,안전운전불이행,건조,맑음,기타 - 기타,승용,남,41세,상해없음,승용,여,74세,경상
2023081600100138,2023년 8월 16일 09시,수요일,대구광역시 동구 지저동,중상사고,0,1,0,0,차대차 - 추돌,안전운전불이행,건조,맑음,교차로 - 교차로안,화물,남,67세,상해없음,승용,남,68세,중상
2023081600100173,2023년 8월 16일 10시,수요일,대구광역시 동구 용계동,경상사고,0,0,1,0,차대차 - 측면충돌,안전운전불이행,건조,맑음,단일로 - 지하차도(도로)내,승용,여,65세,상해없음,승용,남,29세,경상
2023081600100174,2023년 8월 16일 10시,수요일,대구광역시 수성구 상동,경상사고,0,0,3,0,차대차 - 추돌,안전운전불이행,건조,맑음,단일로 - 기타,승용,남,29세,상해없음,화물,남,46세,경상
2023081600100175,2023년 8월 16일 10시,수요일,대구광역시 수성구 가천동,경상사고,0,0,1,0,차대차 - 추돌,안전운전불이행,건조,맑음,단일로 - 기타,특수,남,60세,기타불명,원동기,여,39세,경상
2023081600100176,2023년 8월 16일 10시,수요일,대구광역시 북구 노원동3가,경상사고,0,0,1,0,차대차 - 추돌,안전운전불이행,건조,맑음,교차로 - 교차로부근,화물,남,41세,상해없음,화물,남,27세,경상
2023081600100177,2023년 8월 16일 10시,수요일,대구광역시 북구 읍내동,경상사고,0,0,1,0,차대차 - 기타,불법유턴,건조,맑음,교차로 - 교차로부근,화물,남,60세,상해없음,승용,남,47세,경상
2023081600100212,2023년 8월 16일 11시,수요일,대구광역시 수성구 신매동,경상사고,0,0,1,0,차대차 - 기타,신호위반,건조,맑음,교차로 - 교차로안,화물,남,35세,상해없음,승용,여,29세,경상
2023081600100213,2023년 8월 16일 11시,수요일,대구광역시 서구 내당동,중상사고,0,1,0,0,차대차 - 추돌,교차로운행방법위반,건조,맑음,교차로 - 교차로안,승용,남,61세,상해없음,이륜,남,57세,중상
2023081600100323,2023년 8월 16일 14시,수요일,대구광역시 수성구 시지동,경상사고,0,0,1,0,차대차 - 측면충돌,신호위반,건조,맑음,교차로 - 교차로안,승용,남,35세,상해없음,이륜,남,46세,경상
2023081600100324,2023년 8월 16일 14시,수요일,대구광역시 중구 동일동,경상사고,0,0,1,0,차대사람 - 횡단중,보행자보호의무위반,건조,맑음,단일로 - 기타,승합,남,51세,상해없음,보행자,여,22세,경상
2023081600100325,2023년 8월 16일 14시,수요일,대구광역시 달서구 신당동,경상사고,0,0,1,0,차대차 - 측면충돌,안전거리미확보,건조,맑음,단일로 - 기타,승용,여,68세,상해없음,승용,남,45세,경상
2023081600100326,2023년 8월 16일 14시,수요일,대구광역시 달서구 송현동,중상사고,0,1,0,0,차대차 - 기타,안전운전불이행,건조,맑음,기타 - 기타,승용,남,50세,상해없음,자전거,여,48세,중상
2023081600100395,2023년 8월 16일 16시,수요일,대구광역시 동구 각산동,경상사고,0,0,1,0,차대차 - 추돌,안전거리미확보,건조,맑음,교차로 - 교차로부근,승용,남,56세,상해없음,이륜,남,46세,경상
2023081600100396,2023년 8월 16일 16시,수요일,대구광역시 달서구 월성동,경상사고,0,0,1,0,차대차 - 측면충돌,차로위반,건조,맑음,단일로 - 기타,승용,남,60세,상해없음,승용,여,49세,경상
2023081600100397,2023년 8월 16일 16시,수요일,대구광역시 달서구 이곡동,중상사고,0,1,0,0,차대차 - 추돌,안전거리미확보,건조,맑음,교차로 - 교차로부근,승용,남,41세,상해없음,승용,남,51세,중상
2023081600100445,2023년 8월 16일 17시,수요일,대구광역시 달서구 본동,중상사고,0,1,0,0,차대차 - 측면충돌,신호위반,건조,맑음,교차로 - 교차로횡단보도내,승용,여,30세,상해없음,개인형이동수단(PM),여,62세,중상
2023081600100446,2023년 8월 16일 17시,수요일,대구광역시 달성군 현풍읍,경상사고,0,0,1,0,차대차 - 기타,직진우회전진행방해,건조,맑음,교차로 - 교차로안,승용,남,56세,상해없음,승용,남,21세,경상
2023081600100447,2023년 8월 16일 17시,수요일,대구광역시 북구 국우동,경상사고,0,0,1,0,차대차 - 정면충돌,안전운전불이행,건조,맑음,교차로 - 교차로안,승용,남,22세,상해없음,승용,남,37세,경상
2023081600100489,2023년 8월 16일 18시,수요일,대구광역시 달서구 상인동,경상사고,0,0,1,0,차대차 - 기타,안전운전불이행,건조,맑음,교차로 - 교차로부근,승용,남,29세,상해없음,승용,여,39세,경상
2023081600100527,2023년 8월 16일 19시,수요일,대구광역시 남구 대명동,경상사고,0,0,2,0,차대차 - 추돌,신호위반,건조,맑음,교차로 - 교차로부근,승용,남,59세,상해없음,승용,남,44세,경상
2023081600100528,2023년 8월 16일 19시,수요일,대구광역시 북구 노원동1가,경상사고,0,0,1,0,차대차 - 측면충돌,중앙선침범,건조,맑음,교차로 - 교차로횡단보도내,자전거,여,56세,경상,화물,남,62세,상해없음
2023081600100529,2023년 8월 16일 19시,수요일,대구광역시 북구 태전동,부상신고사고,0,0,0,1,차대차 - 기타,안전운전불이행,건조,맑음,단일로 - 기타,승용,여,48세,상해없음,승용,여,44세,부상신고
2023081600100552,2023년 8월 16일 20시,수요일,대구광역시 북구 산격동,중상사고,0,1,0,0,차대차 - 기타,교차로운행방법위반,건조,맑음,교차로 - 교차로안,승용,여,46세,상해없음,자전거,남,46세,중상
2023081600100566,2023년 8월 16일 21시,수요일,대구광역시 북구 고성동3가,경상사고,0,0,2,0,차대차 - 기타,안전거리미확보,젖음/습기,비,단일로 - 기타,승용,남,57세,상해없음,승용,남,50세,경상
2023081600100567,2023년 8월 16일 21시,수요일,대구광역시 서구 비산동,경상사고,0,0,2,0,차대차 - 정면충돌,신호위반,젖음/습기,비,교차로 - 교차로안,화물,남,40세,상해없음,승용,남,31세,경상
2023081600100568,2023년 8월 16일 21시,수요일,대구광역시 중구 태평로3가,중상사고,0,4,1,1,차대차 - 기타,신호위반,젖음/습기,비,교차로 - 교차로안,승용,남,56세,부상신고,승용,남,51세,경상
2023081600100582,2023년 8월 16일 22시,수요일,대구광역시 북구 복현동,경상사고,0,0,1,0,차대차 - 측면충돌,안전운전불이행,건조,맑음,단일로 - 기타,기타불명,기타불명,미분류,기타불명,이륜,남,20세,경상
2023081600100599,2023년 8월 16일 23시,수요일,대구광역시 동구 신암동,경상사고,0,0,1,0,차대사람 - 횡단중,보행자보호의무위반,건조,맑음,교차로 - 교차로안,승용,남,22세,기타불명,보행자,여,42세,경상
2023081700100012,2023년 8월 17일 01시,목요일,대구광역시 달성군 논공읍,중상사고,0,1,0,0,차량단독 - 전도전복 - 전도,안전운전불이행,건조,맑음,단일로 - 기타,이륜,남,15세,상해없음,,,,
2023081700100017,2023년 8월 17일 02시,목요일,대구광역시 수성구 지산동,경상사고,0,0,1,0,차대차 - 추돌,안전운전불이행,건조,맑음,단일로 - 기타,승용,여,32세,상해없음,승용,남,37세,경상
2023081700100018,2023년 8월 17일 02시,목요일,대구광역시 동구 효목동,중상사고,0,1,0,0,차량단독 - 기타,안전운전불이행,건조,맑음,기타 - 기타,개인형이동수단(PM),남,52세,중상,,,,
2023081700100040,2023년 8월 17일 06시,목요일,대구광역시 동구 신기동,중상사고,0,1,0,0,차대차 - 기타,신호위반,건조,맑음,교차로 - 교차로안,승용,남,72세,상해없음,이륜,남,37세,중상
2023081700100062,2023년 8월 17일 07시,목요일,대구광역시 달서구 유천동,경상사고,0,0,1,0,차대차 - 정면충돌,안전거리미확보,건조,맑음,단일로 - 기타,승용,남,71세,상해없음,승용,남,40세,경상
2023081700100096,2023년 8월 17일 08시,목요일,대구광역시 수성구 지산동,경상사고,0,0,1,0,차대차 - 기타,안전운전불이행,건조,맑음,교차로 - 교차로부근,승용,여,51세,경상,승용,여,52세,기타불명
2023081700100097,2023년 8월 17일 08시,목요일,대구광역시 달성군 화원읍,경상사고,0,0,1,0,차대차 - 기타,안전운전불이행,건조,맑음,기타 - 기타,화물,남,54세,상해없음,승용,여,45세,경상
2023081700100124,2023년 8월 17일 09시,목요일,대구광역시 동구 신암동,중상사고,0,1,0,0,차대사람 - 기타,안전운전불이행,건조,맑음,단일로 - 기타,화물,남,60세,상해없음,보행자,남,70세,중상
2023081700100159,2023년 8월 17일 10시,목요일,대구광역시 달성군 화원읍,부상신고사고,0,0,0,1,차량단독 - 기타,기타,건조,맑음,단일로 - 기타,승합,남,63세,상해없음,,,,
2023081700100193,2023년 8월 17일 11시,목요일,대구광역시 달서구 월암동,경상사고,0,0,2,0,차대차 - 측면충돌,안전거리미확보,건조,맑음,교차로 - 교차로부근,승용,남,57세,경상,화물,여,39세,경상
2023081700100264,2023년 8월 17일 13시,목요일,대구광역시 북구 산격동,경상사고,0,0,2,0,차대차 - 기타,신호위반,건조,맑음,교차로 - 교차로안,승용,여,45세,경상,승용,남,47세,경상
2023081700100265,2023년 8월 17일 13시,목요일,대구광역시 중구 수창동,경상사고,0,0,1,0,차대차 - 기타,안전운전불이행,건조,맑음,단일로 - 기타,화물,남,31세,상해없음,화물,남,67세,경상
2023081700100266,2023년 8월 17일 13시,목요일,대구광역시 달서구 두류동,경상사고,0,0,2,0,차대차 - 측면충돌,안전거리미확보,건조,맑음,교차로 - 교차로횡단보도내,승용,여,60세,경상,승용,여,41세,경상
2023081700100299,2023년 8월 17일 14시,목요일,대구광역시 수성구 두산동,중상사고,0,1,0,0,차대차 - 측면충돌,안전운전불이행,건조,맑음,단일로 - 기타,기타불명,여,71세,중상,승용,여,53세,상해없음
2023081700100327,2023년 8월 17일 15시,목요일,대구광역시 달성군 화원읍,경상사고,0,0,1,0,차대차 - 추돌,안전거리미확보,건조,맑음,교차로 - 교차로부근,승용,여,60세,상해없음,승용,여,36세,경상
2023081700100364,2023년 8월 17일 16시,목요일,대구광역시 북구 국우동,중상사고,0,1,0,0,차대차 - 정면충돌,교차로운행방법위반,건조,맑음,교차로 - 교차로안,승용,남,76세,상해없음,이륜,남,55세,중상
2023081700100400,2023년 8월 17일 17시,목요일,대구광역시 중구 대신동,부상신고사고,0,0,0,1,차대사람 - 기타,안전운전불이행,건조,맑음,기타 - 기타,승용,남,64세,상해없음,보행자,여,56세,부상신고
2023081700100401,2023년 8월 17일 17시,목요일,대구광역시 중구 동성로2가,부상신고사고,0,0,0,1,차대사람 - 기타,안전운전불이행,건조,맑음,단일로 - 기타,자전거,기타불명,미분류,기타불명,보행자,여,23세,부상신고
2023081700100478,2023년 8월 17일 19시,목요일,대구광역시 동구 신암동,중상사고,0,1,0,0,차대사람 - 횡단중,안전운전불이행,건조,맑음,교차로 - 교차로안,승용,남,49세,상해없음,보행자,여,85세,중상
2023081700100479,2023년 8월 17일 19시,목요일,대구광역시 수성구 상동,경상사고,0,0,1,0,차대사람 - 길가장자리구역통행중,안전운전불이행,건조,맑음,단일로 - 기타,승용,남,64세,상해없음,보행자,여,49세,경상
2023081700100480,2023년 8월 17일 19시,목요일,대구광역시 북구 산격동,중상사고,0,1,0,0,차대차 - 기타,안전거리미확보,건조,맑음,단일로 - 기타,원동기,남,18세,상해없음,화물,남,81세,상해없음
2023081700100481,2023년 8월 17일 19시,목요일,대구광역시 서구 비산동,경상사고,0,0,1,0,차대차 - 기타,안전거리미확보,건조,맑음,단일로 - 기타,승용,여,50세,기타불명,승용,남,66세,경상
2023081700100482,2023년 8월 17일 19시,목요일,대구광역시 달서구 용산동,경상사고,0,0,1,0,차대차 - 측면충돌,안전운전불이행,건조,맑음,교차로 - 교차로안,이륜,남,13세,상해없음,이륜,남,57세,경상
2023081700100483,2023년 8월 17일 19시,목요일,대구광역시 달서구 본리동,중상사고,0,1,0,0,차대차 - 측면충돌,교차로운행방법위반,건조,맑음,교차로 - 교차로횡단보도내,승용,남,22세,상해없음,이륜,남,27세,중상
2023081700100506,2023년 8월 17일 20시,목요일,대구광역시 동구 신암동,중상사고,0,1,0,0,차대차 - 추돌,안전운전불이행,건조,맑음,교차로 - 교차로안,승용,남,66세,상해없음,승용,남,52세,중상
2023081700100507,2023년 8월 17일 20시,목요일,대구광역시 서구 상리동,경상사고,0,0,2,1,차대차 - 추돌,안전운전불이행,건조,맑음,단일로 - 기타,승용,여,36세,부상신고,승용,여,59세,경상
2023081700100508,2023년 8월 17일 20시,목요일,대구광역시 중구 삼덕동1가,중상사고,0,1,0,0,차대차 - 측면충돌,안전거리미확보,건조,맑음,단일로 - 기타,승용,남,68세,상해없음,이륜,남,51세,중상
2023081700100509,2023년 8월 17일 20시,목요일,대구광역시 북구 구암동,경상사고,0,0,1,0,차대차 - 측면충돌,안전거리미확보,건조,맑음,교차로 - 교차로안,승용,여,63세,기타불명,특수,남,44세,경상
2023081700100527,2023년 8월 17일 21시,목요일,대구광역시 남구 대명동,중상사고,0,1,0,0,차대차 - 기타,안전운전불이행,건조,맑음,교차로 - 교차로안,승용,남,56세,상해없음,이륜,남,42세,중상
2023081700100528,2023년 8월 17일 21시,목요일,대구광역시 서구 평리동,부상신고사고,0,0,0,1,차대차 - 측면충돌,안전운전불이행,건조,맑음,단일로 - 기타,자전거,남,12세,부상신고,화물,남,60세,상해없음
2023081700100553,2023년 8월 17일 22시,목요일,대구광역시 동구 봉무동,부상신고사고,0,0,0,1,차량단독 - 기타,안전운전불이행,건조,맑음,교차로 - 교차로안,이륜,남,17세,부상신고,,,,
2023081700100554,2023년 8월 17일 22시,목요일,대구광역시 북구 칠성동2가,중상사고,0,1,1,0,차대차 - 기타,신호위반,건조,맑음,교차로 - 교차로안,승용,여,51세,경상,이륜,남,40세,중상
2023081700100570,2023년 8월 17일 23시,목요일,대구광역시 북구 대현동,부상신고사고,0,0,0,1,차대차 - 기타,안전거리미확보,건조,맑음,단일로 - 기타,승용,남,27세,상해없음,이륜,남,29세,부상신고
2023081800100028,2023년 8월 18일 05시,금요일,대구광역시 달성군 논공읍,경상사고,0,0,1,0,차량단독 - 기타,안전운전불이행,젖음/습기,비,단일로 - 기타,이륜,남,77세,경상,,,,
2023081800100045,2023년 8월 18일 06시,금요일,대구광역시 서구 비산동,경상사고,0,0,1,0,차대차 - 측면충돌,중앙선침범,건조,맑음,단일로 - 기타,자전거,여,77세,경상,승용,여,52세,상해없음
2023081800100068,2023년 8월 18일 07시,금요일,대구광역시 달성군 다사읍,경상사고,0,0,1,0,차대차 - 측면충돌,안전운전불이행,건조,맑음,교차로 - 교차로부근,승용,여,45세,경상,승용,남,70세,기타불명
2023081800100069,2023년 8월 18일 07시,금요일,대구광역시 북구 서변동,중상사고,0,1,1,0,차대차 - 정면충돌,안전운전불이행,건조,맑음,단일로 - 기타,화물,남,47세,상해없음,승용,남,61세,상해없음
2023081800100102,2023년 8월 18일 08시,금요일,대구광역시 남구 봉덕동,부상신고사고,0,0,0,1,차대사람 - 보도통행중,기타,건조,맑음,단일로 - 기타,기타불명,기타불명,미분류,기타불명,보행자,남,39세,부상신고
2023081800100103,2023년 8월 18일 08시,금요일,대구광역시 남구 봉덕동,경상사고,0,0,2,0,차대차 - 추돌,안전운전불이행,건조,맑음,단일로 - 기타,승용,여,43세,상해없음,승용,여,26세,경상
2023081800100104,2023년 8월 18일 08시,금요일,대구광역시 동구 신서동,경상사고,0,0,1,0,차대차 - 측면충돌,안전운전불이행,건조,맑음,교차로 - 교차로안,화물,남,44세,기타불명,승용,여,57세,경상
2023081800100105,2023년 8월 18일 08시,금요일,대구광역시 수성구 지산동,중상사고,0,1,0,0,차대차 - 기타,안전거리미확보,건조,맑음,교차로 - 교차로부근,승용,남,26세,상해없음,승용,여,57세,중상
2023081800100106,2023년 8월 18일 08시,금요일,대구광역시 중구 동인동1가,경상사고,0,0,1,0,차대차 - 기타,신호위반,건조,맑음,교차로 - 교차로안,승용,남,25세,상해없음,승용,남,68세,경상
2023081800100149,2023년 8월 18일 09시,금요일,대구광역시 수성구 범어동,경상사고,0,0,1,0,차대차 - 측면충돌,안전운전불이행,건조,맑음,단일로 - 기타,승용,여,49세,상해없음,승용,남,51세,경상
2023081800100150,2023년 8월 18일 09시,금요일,대구광역시 수성구 황금동,경상사고,0,0,4,0,차대차 - 추돌,안전운전불이행,건조,맑음,교차로 - 교차로부근,승용,남,42세,상해없음,승용,남,71세,경상
2023081800100151,2023년 8월 18일 09시,금요일,대구광역시 수성구 수성동4가,경상사고,0,0,1,0,차대차 - 추돌,안전운전불이행,건조,맑음,교차로 - 교차로부근,이륜,남,47세,상해없음,승용,여,64세,경상
2023081800100190,2023년 8월 18일 10시,금요일,대구광역시 서구 이현동,경상사고,0,0,1,0,차대차 - 측면충돌,안전운전불이행,건조,맑음,교차로 - 교차로안,승합,남,70세,상해없음,승용,남,38세,경상
2023081800100191,2023년 8월 18일 10시,금요일,대구광역시 북구 동천동,경상사고,0,0,1,0,차대차 - 추돌,안전운전불이행,건조,맑음,교차로 - 교차로부근,승용,여,41세,상해없음,승용,여,25세,경상
2023081800100229,2023년 8월 18일 11시,금요일,대구광역시 동구 율하동,경상사고,0,0,1,0,차대사람 - 횡단중,보행자보호의무위반,건조,맑음,교차로 - 교차로횡단보도내,승용,여,53세,상해없음,보행자,남,71세,경상
2023081800100230,2023년 8월 18일 11시,금요일,대구광역시 수성구 만촌동,경상사고,0,0,1,0,차대차 - 후진중충돌,안전운전불이행,건조,맑음,단일로 - 기타,화물,남,62세,상해없음,승용,남,25세,경상
2023081800100261,2023년 8월 18일 12시,금요일,대구광역시 동구 효목동,경상사고,0,0,2,0,차대차 - 측면충돌,교차로운행방법위반,건조,맑음,교차로 - 교차로안,승용,남,75세,상해없음,이륜,남,22세,경상
2023081800100262,2023년 8월 18일 12시,금요일,대구광역시 수성구 만촌동,경상사고,0,0,1,0,차대차 - 추돌,안전거리미확보,건조,맑음,교차로 - 교차로부근,건설기계,남,64세,상해없음,승용,여,38세,경상
2023081800100331,2023년 8월 18일 14시,금요일,대구광역시 동구 신암동,중상사고,0,1,0,0,차대차 - 측면충돌,안전운전불이행,건조,맑음,교차로 - 교차로안,원동기,남,23세,상해없음,원동기,남,42세,중상
2023081800100332,2023년 8월 18일 14시,금요일,대구광역시 수성구 황금동,경상사고,0,0,1,0,차대차 - 기타,안전운전불이행,건조,맑음,주차장 - 주차장,승용,남,34세,상해없음,자전거,남,29세,경상
2023081800100397,2023년 8월 18일 16시,금요일,대구광역시 동구 신천동,중상사고,0,1,0,0,차대사람 - 횡단중,안전운전불이행,건조,맑음,단일로 - 기타,원동기,남,45세,상해없음,보행자,남,50세,중상
2023081800100398,2023년 8월 18일 16시,금요일,대구광역시 달서구 용산동,경상사고,0,0,1,0,차대차 - 기타,교차로운행방법위반,건조,맑음,교차로 - 교차로안,승용,여,73세,상해없음,승합,남,64세,경상
2023081800100457,2023년 8월 18일 17시,금요일,대구광역시 남구 이천동,경상사고,0,0,1,0,차대차 - 측면충돌,안전운전불이행,건조,맑음,기타 - 기타,승용,여,56세,상해없음,승용,남,40세,경상
2023081800100458,2023년 8월 18일 17시,금요일,대구광역시 동구 봉무동,경상사고,0,0,1,0,차대차 - 추돌,안전운전불이행,건조,맑음,단일로 - 기타,승용,남,54세,상해없음,승용,여,42세,경상
2023081800100459,2023년 8월 18일 17시,금요일,대구광역시 중구 동인동4가,경상사고,0,0,2,0,차대차 - 기타,안전거리미확보,건조,맑음,단일로 - 기타,승용,남,66세,상해없음,승용,남,52세,경상
2023081800100460,2023년 8월 18일 17시,금요일,대구광역시 중구 태평로1가,경상사고,0,0,1,0,차대차 - 측면충돌,안전운전불이행,건조,맑음,기타 - 기타,승용,여,31세,상해없음,이륜,남,51세,경상
2023081800100508,2023년 8월 18일 18시,금요일,대구광역시 수성구 지산동,경상사고,0,0,2,0,차대차 - 측면충돌,안전거리미확보,건조,맑음,단일로 - 기타,승용,남,59세,상해없음,승용,여,46세,경상
2023081800100509,2023년 8월 18일 18시,금요일,대구광역시 수성구 범물동,경상사고,0,0,1,0,차대사람 - 횡단중,보행자보호의무위반,건조,맑음,교차로 - 교차로횡단보도내,승용,남,59세,기타불명,보행자,남,17세,경상