사고번호,사고일시,요일,시군구,사고내용,사망자수,중상자수,경상자수,부상신고자수,사고유형,법규위반,노면상태,기상상태,도로형태,가해운전자 차종,가해운전자 성별,가해운전자 연령,가해운전자 상해정도,피해운전자 차종,피해운전자 성별,피해운전자 연령,피해운전자 상해정도
2023081800100510,2023년 8월 18일 18시,금요일,대구광역시 수성구 만촌동,경상사고,0,0,1,0,차대차 - 추돌,안전운전불이행,건조,맑음,교차로 - 교차로부근,승용,남,62세,상해없음,승용,여,57세,경상
2023081800100511,2023년 8월 18일 18시,금요일,대구광역시 달서구 상인동,경상사고,0,0,1,0,차대차 - 추돌,안전거리미확보,건조,맑음,단일로 - 기타,승용,남,25세,상해없음,승용,여,25세,경상
2023081800100512,2023년 8월 18일 18시,금요일,대구광역시 달성군 화원읍,경상사고,0,0,1,0,차대사람 - 기타,안전운전불이행,건조,맑음,기타 - 기타,승용,여,40세,상해없음,보행자,여,85세,경상
2023081800100513,2023년 8월 18일 18시,금요일,대구광역시 서구 평리동,경상사고,0,0,1,0,차대차 - 추돌,안전운전불이행,건조,맑음,단일로 - 기타,승용,남,77세,상해없음,화물,남,51세,기타불명
2023081800100514,2023년 8월 18일 18시,금요일,대구광역시 달서구 본리동,경상사고,0,0,1,0,차대차 - 추돌,안전거리미확보,건조,맑음,단일로 - 기타,승용,여,55세,상해없음,화물,남,43세,경상
2023081800100547,2023년 8월 18일 19시,금요일,대구광역시 북구 산격동,경상사고,0,0,1,0,차대차 - 측면충돌,교차로운행방법위반,건조,맑음,교차로 - 교차로안,이륜,남,41세,경상,승용,남,50세,상해없음
2023081800100590,2023년 8월 18일 20시,금요일,대구광역시 달서구 상인동,경상사고,0,0,2,0,차대차 - 측면충돌,안전운전불이행,건조,맑음,단일로 - 기타,승용,여,59세,상해없음,승용,여,57세,경상
2023081800100591,2023년 8월 18일 20시,금요일,대구광역시 북구 노원동1가,부상신고사고,0,0,0,1,차대차 - 기타,안전운전불이행,건조,맑음,단일로 - 기타,자전거,남,73세,부상신고,이륜,남,27세,상해없음
2023081800100592,2023년 8월 18일 20시,금요일,대구광역시 북구 대현동,경상사고,0,0,3,0,차대차 - 기타,안전거리미확보,건조,맑음,교차로 - 교차로안,승용,남,55세,상해없음,승용,남,25세,경상
2023081800100593,2023년 8월 18일 20시,금요일,대구광역시 서구 비산동,경상사고,0,0,1,0,차대차 - 추돌,교차로운행방법위반,건조,맑음,교차로 - 교차로안,승용,남,65세,상해없음,승용,남,55세,상해없음
2023081800100626,2023년 8월 18일 21시,금요일,대구광역시 달성군 현풍읍,경상사고,0,0,1,0,차대차 - 정면충돌,안전운전불이행,건조,맑음,교차로 - 교차로부근,이륜,남,54세,경상,승용,여,40세,상해없음
2023081800100663,2023년 8월 18일 23시,금요일,대구광역시 수성구 범물동,경상사고,0,0,2,0,차대차 - 측면충돌,안전운전불이행,건조,맑음,교차로 - 교차로안,승용,여,38세,경상,승용,남,46세,경상
2023081900100076,2023년 8월 19일 07시,토요일,대구광역시 달성군 다사읍,경상사고,0,0,1,0,차대차 - 추돌,안전운전불이행,건조,맑음,기타 - 기타,화물,남,59세,상해없음,승용,여,53세,경상
2023081900100087,2023년 8월 19일 08시,토요일,대구광역시 달성군 유가읍,경상사고,0,0,1,0,차대차 - 기타,안전운전불이행,건조,맑음,단일로 - 기타,승용,남,81세,상해없음,화물,남,35세,경상
2023081900100223,2023년 8월 19일 12시,토요일,대구광역시 달서구 송현동,부상신고사고,0,0,0,1,차대차 - 기타,신호위반,건조,맑음,교차로 - 교차로부근,원동기,남,53세,부상신고,승용,남,55세,상해없음
2023081900100224,2023년 8월 19일 12시,토요일,대구광역시 달성군 옥포읍,경상사고,0,0,1,0,차대사람 - 기타,안전운전불이행,건조,맑음,주차장 - 주차장,승용,남,67세,상해없음,보행자,남,37세,경상
2023081900100225,2023년 8월 19일 12시,토요일,대구광역시 달성군 현풍읍,경상사고,0,0,2,0,차대차 - 기타,안전운전불이행,건조,맑음,단일로 - 기타,화물,남,43세,상해없음,승용,여,71세,경상
2023081900100256,2023년 8월 19일 13시,토요일,대구광역시 동구 신서동,중상사고,0,2,5,0,차대차 - 추돌,안전운전불이행,건조,맑음,교차로 - 교차로부근,승용,여,28세,상해없음,승용,남,40세,경상
2023081900100257,2023년 8월 19일 13시,토요일,대구광역시 동구 율하동,경상사고,0,0,1,0,차대차 - 측면충돌,불법유턴,건조,맑음,기타 - 기타,화물,남,40세,상해없음,승용,남,34세,경상
2023081900100258,2023년 8월 19일 13시,토요일,대구광역시 달서구 본동,경상사고,0,0,1,1,차대차 - 측면충돌,신호위반,젖음/습기,비,교차로 - 교차로안,승용,여,71세,부상신고,승용,남,75세,경상
2023081900100347,2023년 8월 19일 16시,토요일,대구광역시 동구 불로동,경상사고,0,0,2,0,차대차 - 측면충돌,안전거리미확보,건조,맑음,교차로 - 교차로부근,화물,남,67세,상해없음,승용,남,39세,경상
2023081900100348,2023년 8월 19일 16시,토요일,대구광역시 달서구 상인동,중상사고,0,1,0,0,차대사람 - 보도통행중,기타,건조,맑음,기타 - 기타,개인형이동수단(PM),여,26세,상해없음,보행자,여,37세,중상
2023081900100349,2023년 8월 19일 16시,토요일,대구광역시 북구 읍내동,경상사고,0,0,1,0,차대사람 - 보도통행중,기타,건조,맑음,단일로 - 지하차도(도로)내,개인형이동수단(PM),남,16세,상해없음,보행자,여,40세,경상
2023081900100378,2023년 8월 19일 17시,토요일,대구광역시 남구 대명동,중상사고,0,1,0,0,차대사람 - 횡단중,보행자보호의무위반,건조,맑음,기타 - 기타,이륜,남,49세,상해없음,보행자,여,74세,중상
2023081900100379,2023년 8월 19일 17시,토요일,대구광역시 동구 율하동,경상사고,0,0,1,0,차대차 - 측면충돌,안전거리미확보,건조,맑음,단일로 - 기타,승용,남,61세,상해없음,이륜,남,44세,경상
2023081900100380,2023년 8월 19일 17시,토요일,대구광역시 북구 침산동,경상사고,0,0,2,0,차대차 - 추돌,안전거리미확보,건조,맑음,단일로 - 기타,승용,남,63세,상해없음,승용,남,63세,상해없음
2023081900100421,2023년 8월 19일 18시,토요일,대구광역시 달서구 월암동,부상신고사고,0,0,0,1,차량단독 - 기타,안전운전불이행,건조,맑음,단일로 - 기타,개인형이동수단(PM),여,23세,부상신고,,,,
2023081900100467,2023년 8월 19일 20시,토요일,대구광역시 북구 연경동,경상사고,0,0,1,0,차대사람 - 차도통행중,안전운전불이행,건조,맑음,기타 - 기타,이륜,남,42세,상해없음,보행자,남,53세,경상
2023081900100527,2023년 8월 19일 23시,토요일,대구광역시 수성구 사월동,경상사고,0,0,1,0,차대차 - 측면충돌,직진우회전진행방해,건조,맑음,교차로 - 교차로안,승용,남,36세,상해없음,개인형이동수단(PM),남,21세,경상
2023082000100008,2023년 8월 20일 00시,일요일,대구광역시 남구 봉덕동,부상신고사고,0,0,0,1,차량단독 - 공작물충돌,안전운전불이행,건조,맑음,단일로 - 기타,이륜,남,28세,부상신고,,,,
2023082000100009,2023년 8월 20일 00시,일요일,대구광역시 수성구 수성동4가,경상사고,0,0,1,0,차대차 - 측면충돌,안전운전불이행,건조,맑음,단일로 - 기타,승용,남,33세,기타불명,승용,남,60세,경상
2023082000100031,2023년 8월 20일 02시,일요일,대구광역시 수성구 범어동,경상사고,0,0,1,0,차대차 - 측면충돌,안전운전불이행,건조,맑음,교차로 - 교차로부근,승용,남,63세,상해없음,이륜,남,41세,경상
2023082000100115,2023년 8월 20일 11시,일요일,대구광역시 군위군 군위읍,경상사고,0,0,3,0,차대차 - 추돌,안전운전불이행,건조,맑음,교차로 - 교차로안,승용,여,25세,경상,승용,남,66세,경상
2023082000100117,2023년 8월 20일 11시,일요일,대구광역시 동구 지묘동,경상사고,0,0,1,0,차대차 - 측면충돌,신호위반,건조,맑음,교차로 - 교차로안,승용,남,61세,상해없음,승용,여,65세,경상
2023082000100148,2023년 8월 20일 12시,일요일,대구광역시 달성군 현풍읍,경상사고,0,0,1,0,차대차 - 추돌,안전운전불이행,건조,맑음,단일로 - 기타,승용,남,60세,상해없음,승용,여,33세,경상
2023082000100209,2023년 8월 20일 14시,일요일,대구광역시 남구 대명동,경상사고,0,0,1,0,차대차 - 추돌,안전운전불이행,건조,맑음,단일로 - 기타,승용,여,62세,상해없음,승용,남,63세,경상
2023082000100212,2023년 8월 20일 14시,일요일,대구광역시 달성군 구지면,경상사고,0,0,1,0,차대차 - 측면충돌,안전운전불이행,건조,맑음,교차로 - 교차로안,승용,남,49세,기타불명,이륜,남,40세,경상
2023082000100213,2023년 8월 20일 14시,일요일,대구광역시 서구 내당동,경상사고,0,0,2,1,차대차 - 측면충돌,신호위반,건조,맑음,단일로 - 기타,이륜,남,22세,부상신고,승용,남,67세,경상
2023082000100274,2023년 8월 20일 16시,일요일,대구광역시 달서구 유천동,경상사고,0,0,1,0,차대차 - 측면충돌,신호위반,건조,맑음,교차로 - 교차로안,승용,남,63세,상해없음,자전거,남,15세,경상
2023082000100275,2023년 8월 20일 16시,일요일,대구광역시 달성군 현풍읍,경상사고,0,0,2,0,차대차 - 기타,중앙선침범,건조,맑음,단일로 - 기타,승용,남,48세,상해없음,승용,남,39세,경상
2023082000100276,2023년 8월 20일 16시,일요일,대구광역시 북구 관음동,중상사고,0,1,0,0,차대차 - 측면충돌,교차로운행방법위반,젖음/습기,비,교차로 - 교차로안,승용,여,51세,상해없음,자전거,여,75세,중상
2023082000100277,2023년 8월 20일 16시,일요일,대구광역시 북구 국우동,경상사고,0,0,1,0,차대차 - 측면충돌,안전운전불이행,젖음/습기,비,단일로 - 기타,승용,남,75세,기타불명,승용,남,20세,경상
2023082000100299,2023년 8월 20일 17시,일요일,대구광역시 달서구 본동,경상사고,0,0,1,0,차대차 - 측면충돌,안전운전불이행,건조,맑음,기타 - 기타,승용,남,77세,상해없음,승합,남,59세,경상
2023082000100328,2023년 8월 20일 18시,일요일,대구광역시 수성구 신매동,경상사고,0,0,3,0,차대차 - 추돌,안전운전불이행,젖음/습기,비,기타 - 기타,승용,남,54세,경상,승용,남,32세,경상
2023082000100329,2023년 8월 20일 18시,일요일,대구광역시 북구 복현동,경상사고,0,0,1,0,차대차 - 기타,교차로운행방법위반,젖음/습기,비,교차로 - 교차로안,이륜,남,33세,경상,승용,남,38세,상해없음
2023082000100352,2023년 8월 20일 19시,일요일,대구광역시 중구 봉산동,경상사고,0,0,8,0,차대차 - 추돌,안전운전불이행,젖음/습기,비,교차로 - 교차로부근,승용,남,25세,상해없음,승용,남,26세,경상
2023082000100378,2023년 8월 20일 20시,일요일,대구광역시 달성군 다사읍,경상사고,0,0,1,0,차대사람 - 차도통행중,안전운전불이행,건조,맑음,단일로 - 기타,승용,남,63세,상해없음,보행자,여,7세,경상
2023082000100379,2023년 8월 20일 20시,일요일,대구광역시 서구 원대동3가,경상사고,0,0,2,0,차대차 - 측면충돌,교차로운행방법위반,젖음/습기,비,교차로 - 교차로안,승용,남,64세,경상,승용,여,35세,경상
2023082000100380,2023년 8월 20일 20시,일요일,대구광역시 북구 금호동,부상신고사고,0,0,0,1,차량단독 - 기타,안전운전불이행,건조,맑음,교차로 - 교차로안,화물,남,44세,부상신고,,,,
2023082000100418,2023년 8월 20일 22시,일요일,대구광역시 수성구 황금동,중상사고,0,1,0,0,차대사람 - 기타,안전운전불이행,건조,맑음,단일로 - 기타,승용,남,21세,상해없음,보행자,남,7세,중상
2023082100100008,2023년 8월 21일 01시,월요일,대구광역시 동구 방촌동,경상사고,0,0,1,0,차량단독 - 기타,안전운전불이행,건조,맑음,교차로 - 교차로안,승용,남,77세,상해없음,,,,
2023082100100111,2023년 8월 21일 08시,월요일,대구광역시 동구 신암동,경상사고,0,0,1,0,차대차 - 측면충돌,안전거리미확보,건조,맑음,기타 - 기타,승합,남,57세,상해없음,승용,여,31세,경상
2023082100100152,2023년 8월 21일 09시,월요일,대구광역시 군위군 소보면,사망사고,1,0,0,0,차대차 - 정면충돌,안전운전불이행,건조,맑음,단일로 - 기타,화물,남,66세,상해없음,이륜,여,72세,사망
2023082100100195,2023년 8월 21일 10시,월요일,대구광역시 중구 계산동2가,중상사고,0,1,0,0,차대차 - 추돌,안전거리미확보,건조,맑음,교차로 - 교차로안,승용,남,58세,상해없음,승용,남,44세,중상
2023082100100233,2023년 8월 21일 11시,월요일,대구광역시 달서구 송현동,중상사고,0,1,0,0,차대차 - 측면충돌,교차로운행방법위반,건조,맑음,교차로 - 교차로안,승용,여,66세,상해없음,승용,남,71세,중상
2023082100100309,2023년 8월 21일 13시,월요일,대구광역시 달성군 현풍읍,경상사고,0,0,1,0,차대차 - 기타,안전운전불이행,건조,맑음,기타 - 기타,승용,여,52세,상해없음,이륜,남,47세,경상
2023082100100345,2023년 8월 21일 14시,월요일,대구광역시 서구 비산동,경상사고,0,0,3,0,차대차 - 측면충돌,직진우회전진행방해,건조,맑음,교차로 - 교차로안,화물,남,56세,경상,승용,여,61세,경상
2023082100100377,2023년 8월 21일 15시,월요일,대구광역시 달서구 송현동,경상사고,0,0,3,0,차대차 - 측면충돌,기타,건조,맑음,교차로 - 교차로안,승용,여,54세,경상,원동기,남,30세,경상
2023082100100416,2023년 8월 21일 16시,월요일,대구광역시 달서구 진천동,중상사고,0,1,0,0,차대차 - 기타,교차로운행방법위반,건조,맑음,교차로 - 교차로부근,승용,남,57세,상해없음,이륜,남,44세,중상
2023082100100417,2023년 8월 21일 16시,월요일,대구광역시 달서구 월암동,중상사고,0,2,1,0,차대차 - 기타,신호위반,건조,맑음,교차로 - 교차로안,화물,남,62세,기타불명,승용,남,65세,중상
2023082100100461,2023년 8월 21일 17시,월요일,대구광역시 수성구 범어동,경상사고,0,0,1,0,차대차 - 측면충돌,안전운전불이행,건조,맑음,단일로 - 기타,승용,여,20세,상해없음,승용,여,61세,기타불명
2023082100100462,2023년 8월 21일 17시,월요일,대구광역시 달서구 월성동,경상사고,0,0,1,0,차대차 - 측면충돌,안전거리미확보,건조,맑음,단일로 - 기타,특수,남,61세,기타불명,승용,여,49세,경상
2023082100100463,2023년 8월 21일 17시,월요일,대구광역시 중구 계산동2가,경상사고,0,0,1,0,차대차 - 측면충돌,안전운전불이행,건조,맑음,단일로 - 기타,승용,남,74세,상해없음,승용,남,26세,경상
2023082100100511,2023년 8월 21일 18시,월요일,대구광역시 남구 대명동,중상사고,0,1,1,0,차대차 - 추돌,안전운전불이행,건조,맑음,기타 - 기타,화물,남,33세,상해없음,승용,여,66세,경상
2023082100100512,2023년 8월 21일 18시,월요일,대구광역시 동구 용계동,경상사고,0,0,1,0,차대차 - 기타,안전거리미확보,건조,맑음,교차로 - 교차로부근,승용,남,60세,상해없음,승합,남,57세,상해없음
2023082100100545,2023년 8월 21일 19시,월요일,대구광역시 달성군 화원읍,경상사고,0,0,1,0,차대차 - 측면충돌,안전운전불이행,건조,맑음,교차로 - 교차로안,승용,남,26세,상해없음,승용,여,26세,경상
2023082100100546,2023년 8월 21일 19시,월요일,대구광역시 북구 태전동,경상사고,0,0,1,0,차대차 - 측면충돌,신호위반,건조,맑음,교차로 - 교차로안,승용,여,45세,상해없음,승용,여,32세,경상
2023082100100592,2023년 8월 21일 21시,월요일,대구광역시 수성구 지산동,중상사고,0,1,0,0,차대차 - 추돌,안전운전불이행,건조,맑음,기타 - 기타,승용,남,55세,상해없음,이륜,남,63세,중상
2023082100100593,2023년 8월 21일 21시,월요일,대구광역시 달서구 상인동,경상사고,0,0,1,0,차대사람 - 차도통행중,안전운전불이행,건조,맑음,단일로 - 기타,개인형이동수단(PM),남,25세,상해없음,보행자,남,10세,경상
2023082100100624,2023년 8월 21일 23시,월요일,대구광역시 북구 대현동,경상사고,0,0,1,0,차대차 - 측면충돌,안전거리미확보,건조,맑음,단일로 - 기타,승용,여,23세,경상,기타불명,기타불명,미분류,기타불명
2023082200100007,2023년 8월 22일 00시,화요일,대구광역시 남구 대명동,경상사고,0,0,2,0,차대차 - 추돌,안전운전불이행,건조,맑음,교차로 - 교차로안,원동기,남,27세,상해없음,승용,남,65세,상해없음
2023082200100008,2023년 8월 22일 00시,화요일,대구광역시 중구 동인동2가,경상사고,0,0,1,0,차대차 - 기타,안전운전불이행,건조,흐림,교차로 - 교차로부근,승용,여,31세,상해없음,이륜,남,23세,경상
2023082200100022,2023년 8월 22일 01시,화요일,대구광역시 수성구 두산동,경상사고,0,0,1,0,차대차 - 후진중충돌,안전운전불이행,건조,맑음,단일로 - 기타,승용,남,22세,상해없음,승용,남,77세,경상
2023082200100031,2023년 8월 22일 03시,화요일,대구광역시 남구 대명동,경상사고,0,0,1,0,차대차 - 추돌,안전운전불이행,건조,맑음,단일로 - 기타,승용,남,28세,상해없음,이륜,남,37세,경상
2023082200100032,2023년 8월 22일 03시,화요일,대구광역시 동구 신천동,중상사고,0,1,0,0,차량단독 - 공작물충돌,안전운전불이행,건조,맑음,단일로 - 기타,승용,여,44세,중상,,,,
2023082200100053,2023년 8월 22일 06시,화요일,대구광역시 서구 평리동,부상신고사고,0,0,0,1,차대차 - 측면충돌,안전운전불이행,건조,맑음,교차로 - 교차로부근,이륜,남,62세,부상신고,승용,남,72세,상해없음
2023082200100073,2023년 8월 22일 07시,화요일,대구광역시 동구 율하동,경상사고,0,0,3,1,차대차 - 추돌,안전운전불이행,건조,맑음,단일로 - 교량,승용,여,32세,부상신고,승용,남,43세,경상
2023082200100116,2023년 8월 22일 08시,화요일,대구광역시 수성구 중동,경상사고,0,0,1,0,차대차 - 측면충돌,안전거리미확보,건조,맑음,단일로 - 기타,승용,남,42세,상해없음,승용,남,28세,경상
2023082200100117,2023년 8월 22일 08시,화요일,대구광역시 달성군 논공읍,경상사고,0,0,3,0,차대차 - 기타,신호위반,건조,맑음,기타 - 기타,승용,남,27세,상해없음,승용,남,30세,경상
2023082200100118,2023년 8월 22일 08시,화요일,대구광역시 달성군 현풍읍,경상사고,0,0,1,0,차대사람 - 횡단중,안전운전불이행,건조,맑음,기타 - 기타,승용,여,31세,상해없음,보행자,남,32세,경상
2023082200100156,2023년 8월 22일 09시,화요일,대구광역시 북구 학정동,경상사고,0,0,2,0,차대차 - 추돌,안전거리미확보,건조,맑음,단일로 - 기타,승용,여,50세,상해없음,승용,남,47세,경상
2023082200100181,2023년 8월 22일 10시,화요일,대구광역시 달성군 화원읍,경상사고,0,0,2,0,차대차 - 기타,안전운전불이행,건조,맑음,교차로 - 교차로안,화물,여,32세,상해없음,화물,남,24세,경상
2023082200100209,2023년 8월 22일 11시,화요일,대구광역시 군위군 군위읍,중상사고,0,1,0,0,차대차 - 측면충돌,안전운전불이행,건조,맑음,단일로 - 교량,승용,남,55세,중상,화물,남,54세,상해없음
2023082200100211,2023년 8월 22일 11시,화요일,대구광역시 북구 태전동,경상사고,0,0,1,0,차대차 - 측면충돌,안전거리미확보,건조,흐림,단일로 - 기타,승용,남,52세,상해없음,승용,남,34세,경상
2023082200100349,2023년 8월 22일 15시,화요일,대구광역시 달서구 월성동,중상사고,0,1,0,0,차대차 - 측면충돌,교차로운행방법위반,건조,맑음,교차로 - 교차로안,승용,여,41세,기타불명,이륜,여,53세,중상
2023082200100396,2023년 8월 22일 16시,화요일,대구광역시 군위군 소보면,중상사고,0,1,0,0,차대차 - 추돌,안전운전불이행,건조,맑음,단일로 - 터널,화물,남,51세,중상,화물,남,51세,상해없음
2023082200100399,2023년 8월 22일 16시,화요일,대구광역시 동구 신암동,경상사고,0,0,2,0,차대사람 - 기타,안전운전불이행,건조,맑음,교차로 - 교차로부근,기타불명,기타불명,미분류,기타불명,보행자,남,18세,경상
2023082200100400,2023년 8월 22일 16시,화요일,대구광역시 동구 율하동,경상사고,0,0,1,0,차대차 - 측면충돌,기타,건조,맑음,교차로 - 교차로안,이륜,남,50세,경상,화물,남,58세,상해없음
2023082200100401,2023년 8월 22일 16시,화요일,대구광역시 달성군 화원읍,경상사고,0,0,2,0,차대차 - 기타,안전운전불이행,건조,맑음,교차로 - 교차로부근,이륜,남,37세,경상,승용,남,58세,경상
2023082200100402,2023년 8월 22일 16시,화요일,대구광역시 중구 대신동,경상사고,0,0,1,0,차대차 - 기타,안전운전불이행,건조,맑음,단일로 - 기타,이륜,남,32세,상해없음,이륜,남,36세,경상
2023082200100445,2023년 8월 22일 17시,화요일,대구광역시 서구 상리동,중상사고,0,1,1,0,차대차 - 추돌,안전운전불이행,건조,맑음,단일로 - 기타,화물,남,55세,경상,승용,여,36세,중상
2023082200100449,2023년 8월 22일 17시,화요일,대구광역시 달서구 상인동,중상사고,0,1,0,0,차대사람 - 횡단중,안전운전불이행,건조,맑음,단일로 - 기타,화물,남,40세,상해없음,보행자,남,64세,중상
2023082200100488,2023년 8월 22일 18시,화요일,대구광역시 달서구 두류동,경상사고,0,0,1,0,차대차 - 기타,안전운전불이행,건조,맑음,단일로 - 기타,화물,남,69세,상해없음,기타불명,남,27세,경상
2023082200100535,2023년 8월 22일 19시,화요일,대구광역시 동구 신서동,경상사고,0,0,2,0,차대차 - 측면충돌,신호위반,건조,맑음,단일로 - 기타,승용,남,48세,상해없음,이륜,남,21세,경상
2023082200100537,2023년 8월 22일 19시,화요일,대구광역시 달서구 상인동,경상사고,0,0,1,0,차대사람 - 기타,기타,건조,맑음,단일로 - 기타,승합,남,32세,상해없음,보행자,여,49세,경상
2023082200100538,2023년 8월 22일 19시,화요일,대구광역시 중구 봉산동,경상사고,0,0,1,0,차대차 - 측면충돌,교차로운행방법위반,건조,맑음,교차로 - 교차로안,승용,여,53세,상해없음,이륜,남,26세,경상
2023082200100539,2023년 8월 22일 19시,화요일,대구광역시 중구 남산동,부상신고사고,0,0,0,1,차량단독 - 기타,안전운전불이행,건조,맑음,단일로 - 기타,자전거,남,26세,부상신고,,,,
2023082200100572,2023년 8월 22일 20시,화요일,대구광역시 수성구 지산동,경상사고,0,0,1,0,차대차 - 기타,안전운전불이행,건조,맑음,기타 - 기타,승용,남,43세,기타불명,자전거,여,62세,경상
2023082200100573,2023년 8월 22일 20시,화요일,대구광역시 달서구 상인동,경상사고,0,0,1,0,차대차 - 측면충돌,안전운전불이행,건조,맑음,단일로 - 기타,승용,여,57세,상해없음,자전거,여,32세,경상
2023082200100574,2023년 8월 22일 20시,화요일,대구광역시 달성군 구지면,부상신고사고,0,0,0,1,차대차 - 기타,안전운전불이행,건조,맑음,기타 - 기타,승용,남,22세,기타불명,이륜,남,55세,부상신고
2023082200100596,2023년 8월 22일 21시,화요일,대구광역시 수성구 상동,경상사고,0,0,1,0,차대사람 - 차도통행중,안전운전불이행,건조,맑음,교차로 - 교차로부근,승용,남,60세,상해없음,보행자,남,41세,경상
2023082200100597,2023년 8월 22일 21시,화요일,대구광역시 북구 복현동,경상사고,0,0,1,0,차대차 - 측면충돌,안전운전불이행,건조,맑음,교차로 - 교차로부근,승용,남,40세,상해없음,이륜,남,53세,경상
2023082200100598,2023년 8월 22일 21시,화요일,대구광역시 중구 문화동,경상사고,0,0,1,0,차대차 - 기타,차로위반,건조,맑음,단일로 - 기타,승용,남,34세,상해없음,승용,여,30세,경상
2023082200100599,2023년 8월 22일 21시,화요일,대구광역시 달서구 죽전동,중상사고,0,1,0,0,차대차 - 기타,안전운전불이행,건조,맑음,단일로 - 기타,승용,여,59세,기타불명,이륜,남,38세,중상
2023082200100618,2023년 8월 22일 22시,화요일,대구광역시 동구 신암동,경상사고,0,0,1,0,차대차 - 측면충돌,신호위반,건조,맑음,교차로 - 교차로안,승용,남,65세,상해없음,이륜,남,38세,경상
2023082200100635,2023년 8월 22일 23시,화요일,대구광역시 수성구 두산동,경상사고,0,0,1,0,차대차 - 기타,신호위반,건조,맑음,단일로 - 기타,승용,남,24세,상해없음,개인형이동수단(PM),남,32세,경상
2023082300100008,2023년 8월 23일 00시,수요일,대구광역시 수성구 황금동,경상사고,0,0,1,0,차대사람 - 기타,안전운전불이행,건조,맑음,단일로 - 기타,승용,남,57세,상해없음,보행자,남,26세,경상
2023082300100016,2023년 8월 23일 01시,수요일,대구광역시 북구 동천동,중상사고,0,1,0,0,차량단독 - 전도전복 - 전도,기타,건조,맑음,단일로 - 기타,개인형이동수단(PM),남,43세,중상,,,,
2023082300100018,2023년 8월 23일 03시,수요일,대구광역시 북구 구암동,경상사고,0,0,4,0,차대차 - 측면충돌,직진우회전진행방해,건조,맑음,교차로 - 교차로안,승용,남,60세,상해없음,승용,남,23세,경상
2023082300100031,2023년 8월 23일 05시,수요일,대구광역시 군위군 소보면,경상사고,0,0,2,0,차대차 - 추돌,안전운전불이행,건조,맑음,단일로 - 기타,승용,여,35세,상해없음,승용,남,41세,경상
2023082300100067,2023년 8월 23일 07시,수요일,대구광역시 달서구 상인동,경상사고,0,0,1,0,차대차 - 측면충돌,교차로운행방법위반,건조,맑음,교차로 - 교차로안,승용,남,39세,상해없음,승용,여,58세,경상
2023082300100104,2023년 8월 23일 08시,수요일,대구광역시 서구 비산동,경상사고,0,0,2,0,차대차 - 측면충돌,안전거리미확보,건조,맑음,단일로 - 기타,승용,여,72세,경상,승용,남,28세,경상
2023082300100105,2023년 8월 23일 08시,수요일,대구광역시 달서구 두류동,중상사고,0,2,0,0,차대차 - 측면충돌,안전거리미확보,건조,맑음,교차로 - 교차로부근,승용,남,72세,상해없음,이륜,남,18세,중상
2023082300100106,2023년 8월 23일 08시,수요일,대구광역시 북구 학정동,경상사고,0,0,1,0,차대차 - 측면충돌,안전거리미확보,건조,맑음,단일로 - 기타,화물,남,71세,상해없음,승용,남,45세,경상
2023082300100131,2023년 8월 23일 09시,수요일,대구광역시 달서구 상인동,경상사고,0,0,2,1,차대차 - 추돌,안전운전불이행,건조,맑음,교차로 - 교차로부근,승용,여,43세,부상신고,화물,남,41세,경상
2023082300100132,2023년 8월 23일 09시,수요일,대구광역시 북구 구암동,중상사고,0,1,0,0,차대차 - 측면충돌,안전운전불이행,건조,맑음,교차로 - 교차로안,승용,여,47세,상해없음,자전거,여,65세,중상
2023082300100190,2023년 8월 23일 11시,수요일,대구광역시 북구 국우동,경상사고,0,0,1,0,차대차 - 측면충돌,안전거리미확보,건조,맑음,단일로 - 기타,승용,남,78세,상해없음,승용,여,37세,경상
2023082300100225,2023년 8월 23일 12시,수요일,대구광역시 수성구 두산동,중상사고,0,1,0,0,차대사람 - 횡단중,안전운전불이행,건조,맑음,교차로 - 교차로안,승용,남,46세,상해없음,보행자,여,75세,중상
2023082300100256,2023년 8월 23일 13시,수요일,대구광역시 북구 침산동,경상사고,0,0,3,0,차대차 - 추돌,안전운전불이행,건조,맑음,단일로 - 터널,화물,남,31세,상해없음,승용,여,25세,경상
2023082300100257,2023년 8월 23일 13시,수요일,대구광역시 달서구 성당동,경상사고,0,0,5,0,차대차 - 추돌,교차로운행방법위반,건조,맑음,교차로 - 교차로안,승합,남,35세,상해없음,승용,남,55세,상해없음
2023082300100292,2023년 8월 23일 14시,수요일,대구광역시 달서구 월성동,중상사고,0,1,0,0,차대사람 - 횡단중,안전운전불이행,건조,맑음,교차로 - 교차로부근,자전거,남,15세,상해없음,보행자,여,12세,중상
2023082300100314,2023년 8월 23일 15시,수요일,대구광역시 북구 침산동,경상사고,0,0,2,0,차대차 - 측면충돌,안전운전불이행,건조,맑음,교차로 - 교차로안,화물,남,62세,기타불명,승용,남,48세,경상
2023082300100345,2023년 8월 23일 16시,수요일,대구광역시 동구 백안동,중상사고,0,7,1,0,차대차 - 추돌,안전운전불이행,건조,맑음,단일로 - 기타,화물,남,46세,상해없음,승용,남,48세,중상
2023082300100351,2023년 8월 23일 16시,수요일,대구광역시 달성군 화원읍,중상사고,0,1,0,0,차대차 - 추돌,안전운전불이행,건조,맑음,단일로 - 기타,승합,남,67세,중상,승용,남,60세,상해없음