사고번호,사고일시,요일,시군구,사고내용,사망자수,중상자수,경상자수,부상신고자수,사고유형,법규위반,노면상태,기상상태,도로형태,가해운전자 차종,가해운전자 성별,가해운전자 연령,가해운전자 상해정도,피해운전자 차종,피해운전자 성별,피해운전자 연령,피해운전자 상해정도
2023083100100009,2023년 8월 31일 00시,목요일,대구광역시 북구 산격동,경상사고,0,0,1,0,차대차 - 추돌,안전운전불이행,젖음/습기,비,단일로 - 기타,승용,남,60세,상해없음,승용,여,48세,경상
2023083100100014,2023년 8월 31일 01시,목요일,대구광역시 서구 평리동,경상사고,0,0,2,0,차대차 - 추돌,안전운전불이행,건조,맑음,교차로 - 교차로부근,승용,남,26세,상해없음,화물,남,63세,경상
2023083100100022,2023년 8월 31일 02시,목요일,대구광역시 군위군 부계면,경상사고,0,0,1,0,차대차 - 측면충돌,안전운전불이행,건조,맑음,단일로 - 기타,건설기계,남,49세,상해없음,승용,여,67세,경상
2023083100100032,2023년 8월 31일 03시,목요일,대구광역시 북구 칠성동2가,경상사고,0,0,1,0,차대차 - 추돌,안전운전불이행,젖음/습기,비,교차로 - 교차로부근,승용,남,42세,상해없음,이륜,남,37세,경상
2023083100100036,2023년 8월 31일 04시,목요일,대구광역시 달서구 상인동,중상사고,0,1,0,0,차대사람 - 횡단중,신호위반,젖음/습기,비,교차로 - 교차로부근,화물,남,42세,상해없음,보행자,여,63세,중상
2023083100100045,2023년 8월 31일 05시,목요일,대구광역시 달서구 신당동,중상사고,0,1,0,0,차대사람 - 횡단중,신호위반,젖음/습기,비,교차로 - 교차로횡단보도내,승용,남,50세,상해없음,보행자,남,37세,중상
2023083100100084,2023년 8월 31일 07시,목요일,대구광역시 수성구 노변동,경상사고,0,0,2,0,차대차 - 측면충돌,안전운전불이행,젖음/습기,비,단일로 - 기타,승용,남,41세,상해없음,승용,여,36세,경상
2023083100100085,2023년 8월 31일 07시,목요일,대구광역시 중구 동산동,중상사고,0,1,0,0,차대차 - 측면충돌,신호위반,건조,맑음,교차로 - 교차로안,승합,남,65세,상해없음,이륜,남,71세,중상
2023083100100124,2023년 8월 31일 08시,목요일,대구광역시 동구 율하동,중상사고,0,1,0,0,차대차 - 기타,안전운전불이행,젖음/습기,비,단일로 - 기타,화물,여,62세,상해없음,자전거,여,73세,중상
2023083100100125,2023년 8월 31일 08시,목요일,대구광역시 북구 동천동,경상사고,0,0,1,0,차대차 - 측면충돌,안전운전불이행,건조,맑음,교차로 - 교차로안,승용,여,45세,경상,화물,남,58세,상해없음
2023083100100126,2023년 8월 31일 08시,목요일,대구광역시 북구 구암동,경상사고,0,0,2,0,차대차 - 추돌,안전거리미확보,젖음/습기,비,단일로 - 기타,승용,남,49세,상해없음,승용,남,47세,경상
2023083100100164,2023년 8월 31일 09시,목요일,대구광역시 달서구 진천동,경상사고,0,0,1,0,차대차 - 측면충돌,직진우회전진행방해,건조,흐림,교차로 - 교차로안,승용,여,63세,상해없음,승용,여,36세,경상
2023083100100165,2023년 8월 31일 09시,목요일,대구광역시 서구 이현동,경상사고,0,0,1,0,차대차 - 측면충돌,안전거리미확보,건조,맑음,단일로 - 기타,화물,남,64세,기타불명,승용,남,68세,경상
2023083100100166,2023년 8월 31일 09시,목요일,대구광역시 북구 동변동,경상사고,0,0,1,0,차대차 - 측면충돌,안전운전불이행,건조,맑음,교차로 - 교차로안,승용,남,75세,상해없음,승용,여,43세,경상
2023083100100209,2023년 8월 31일 11시,목요일,대구광역시 북구 태전동,경상사고,0,0,1,0,차대차 - 측면충돌,안전운전불이행,건조,흐림,교차로 - 교차로부근,화물,남,56세,기타불명,승용,여,50세,경상
2023083100100244,2023년 8월 31일 12시,목요일,대구광역시 북구 동변동,경상사고,0,0,2,0,차대차 - 측면충돌,안전운전불이행,건조,맑음,단일로 - 지하차도(도로)내,승용,남,56세,상해없음,승용,남,73세,경상
2023083100100245,2023년 8월 31일 12시,목요일,대구광역시 북구 읍내동,경상사고,0,0,1,0,차대차 - 후진중충돌,불법유턴,건조,맑음,교차로 - 교차로안,승용,여,56세,상해없음,이륜,남,30세,경상
2023083100100264,2023년 8월 31일 13시,목요일,대구광역시 수성구 만촌동,중상사고,0,1,3,0,차대차 - 추돌,안전운전불이행,젖음/습기,흐림,단일로 - 기타,승합,남,65세,상해없음,승합,남,61세,상해없음
2023083100100265,2023년 8월 31일 13시,목요일,대구광역시 수성구 만촌동,경상사고,0,0,1,0,차대차 - 측면충돌,안전거리미확보,건조,맑음,교차로 - 교차로안,승용,여,50세,상해없음,승용,여,60세,경상
2023083100100266,2023년 8월 31일 13시,목요일,대구광역시 북구 산격동,부상신고사고,0,0,0,1,차대사람 - 기타,안전운전불이행,건조,맑음,단일로 - 기타,승용,남,40세,상해없음,보행자,남,27세,부상신고
2023083100100267,2023년 8월 31일 13시,목요일,대구광역시 북구 서변동,경상사고,0,0,1,0,차대차 - 측면충돌,안전거리미확보,건조,맑음,단일로 - 기타,승용,여,29세,상해없음,화물,남,55세,경상
2023083100100307,2023년 8월 31일 14시,목요일,대구광역시 중구 종로1가,경상사고,0,0,2,1,차대차 - 기타,안전거리미확보,건조,맑음,단일로 - 기타,승용,남,79세,부상신고,승용,남,27세,경상
2023083100100342,2023년 8월 31일 15시,목요일,대구광역시 북구 산격동,경상사고,0,0,1,0,차대차 - 후진중충돌,안전운전불이행,건조,맑음,단일로 - 기타,승용,남,51세,상해없음,이륜,남,47세,경상
2023083100100344,2023년 8월 31일 15시,목요일,대구광역시 중구 동산동,부상신고사고,0,0,0,1,차대차 - 측면충돌,안전거리미확보,건조,맑음,단일로 - 기타,승용,여,64세,상해없음,승용,여,46세,부상신고
2023083100100383,2023년 8월 31일 16시,목요일,대구광역시 동구 괴전동,경상사고,0,0,1,0,차대차 - 기타,안전거리미확보,젖음/습기,비,교차로 - 교차로부근,승합,남,72세,상해없음,승용,여,57세,경상
2023083100100384,2023년 8월 31일 16시,목요일,대구광역시 북구 산격동,중상사고,0,1,0,0,차대차 - 기타,안전거리미확보,건조,맑음,단일로 - 기타,승용,남,70세,상해없음,승용,남,50세,기타불명
2023083100100478,2023년 8월 31일 18시,목요일,대구광역시 달서구 진천동,경상사고,0,0,3,1,차대차 - 정면충돌,직진우회전진행방해,건조,맑음,교차로 - 교차로안,승용,남,51세,경상,승용,남,41세,부상신고
2023083100100519,2023년 8월 31일 19시,목요일,대구광역시 달성군 다사읍,경상사고,0,0,1,0,차대차 - 기타,중앙선침범,건조,맑음,기타 - 기타,이륜,남,17세,상해없음,승용,남,56세,경상
2023083100100520,2023년 8월 31일 19시,목요일,대구광역시 서구 비산동,부상신고사고,0,0,0,1,차대차 - 기타,안전운전불이행,건조,맑음,교차로 - 교차로부근,원동기,남,33세,부상신고,승용,남,67세,상해없음
2023083100100559,2023년 8월 31일 20시,목요일,대구광역시 북구 복현동,중상사고,0,1,0,0,차대사람 - 기타,안전운전불이행,건조,맑음,교차로 - 교차로안,승용,남,47세,상해없음,보행자,여,73세,중상
2023083100100560,2023년 8월 31일 20시,목요일,대구광역시 북구 국우동,경상사고,0,0,1,0,차대차 - 정면충돌,신호위반,건조,맑음,교차로 - 교차로안,승용,남,34세,상해없음,이륜,남,26세,경상
2023083100100609,2023년 8월 31일 22시,목요일,대구광역시 남구 봉덕동,경상사고,0,0,1,0,차대사람 - 기타,안전운전불이행,건조,맑음,교차로 - 교차로안,승용,남,21세,상해없음,보행자,남,24세,경상
2023083100100640,2023년 8월 31일 23시,목요일,대구광역시 수성구 중동,경상사고,0,0,1,0,차대차 - 측면충돌,안전거리미확보,건조,맑음,단일로 - 기타,승용,여,67세,상해없음,승용,여,30세,경상
2023090100100099,2023년 9월 1일 07시,금요일,대구광역시 남구 대명동,경상사고,0,0,1,0,차대차 - 추돌,신호위반,건조,맑음,교차로 - 교차로안,승합,남,52세,상해없음,승용,남,40세,경상
2023090100100100,2023년 9월 1일 07시,금요일,대구광역시 서구 내당동,경상사고,0,0,2,0,차대차 - 기타,신호위반,건조,맑음,교차로 - 교차로안,승용,남,63세,상해없음,승용,남,69세,경상
2023090100100142,2023년 9월 1일 08시,금요일,대구광역시 달서구 월암동,경상사고,0,0,1,0,차대차 - 측면충돌,안전운전불이행,건조,맑음,단일로 - 기타,화물,남,52세,상해없음,자전거,남,23세,경상
2023090100100171,2023년 9월 1일 09시,금요일,대구광역시 달서구 본리동,부상신고사고,0,0,0,1,차량단독 - 공작물충돌,안전운전불이행,건조,맑음,기타 - 기타,화물,남,52세,상해없음,,,,
2023090100100206,2023년 9월 1일 10시,금요일,대구광역시 남구 대명동,중상사고,0,1,0,0,차대사람 - 횡단중,신호위반,건조,맑음,교차로 - 교차로횡단보도내,승용,남,67세,상해없음,보행자,여,56세,중상
2023090100100207,2023년 9월 1일 10시,금요일,대구광역시 동구 방촌동,경상사고,0,0,1,0,차대차 - 측면충돌,교차로운행방법위반,건조,맑음,교차로 - 교차로횡단보도내,승용,남,71세,기타불명,승용,남,34세,경상
2023090100100244,2023년 9월 1일 11시,금요일,대구광역시 북구 금호동,중상사고,0,1,1,0,차대차 - 측면충돌,안전운전불이행,건조,맑음,단일로 - 기타,승용,여,63세,상해없음,승용,여,31세,경상
2023090100100283,2023년 9월 1일 12시,금요일,대구광역시 동구 신서동,중상사고,0,1,0,0,차대사람 - 차도통행중,안전운전불이행,건조,맑음,교차로 - 교차로안,승용,남,33세,상해없음,보행자,남,70세,중상
2023090100100284,2023년 9월 1일 12시,금요일,대구광역시 수성구 범어동,경상사고,0,0,3,0,차대차 - 기타,안전운전불이행,건조,맑음,교차로 - 교차로안,승용,남,56세,상해없음,승용,여,49세,경상
2023090100100285,2023년 9월 1일 12시,금요일,대구광역시 북구 태전동,경상사고,0,0,1,0,차대차 - 측면충돌,교차로운행방법위반,건조,맑음,교차로 - 교차로안,이륜,남,59세,경상,승용,여,57세,상해없음
2023090100100286,2023년 9월 1일 12시,금요일,대구광역시 북구 읍내동,경상사고,0,0,1,0,차대사람 - 기타,안전운전불이행,건조,맑음,단일로 - 기타,승합,남,60세,상해없음,보행자,남,53세,경상
2023090100100326,2023년 9월 1일 13시,금요일,대구광역시 달서구 월성동,경상사고,0,0,1,0,차대차 - 측면충돌,안전운전불이행,건조,맑음,교차로 - 교차로안,승용,여,47세,상해없음,승용,남,37세,경상
2023090100100360,2023년 9월 1일 14시,금요일,대구광역시 동구 도동,경상사고,0,0,2,0,차대차 - 정면충돌,안전운전불이행,건조,맑음,교차로 - 교차로부근,이륜,남,68세,경상,이륜,여,33세,경상
2023090100100361,2023년 9월 1일 14시,금요일,대구광역시 서구 내당동,경상사고,0,0,1,0,차대차 - 추돌,안전거리미확보,건조,맑음,단일로 - 기타,화물,남,62세,상해없음,승용,여,37세,경상
2023090100100362,2023년 9월 1일 14시,금요일,대구광역시 중구 덕산동,부상신고사고,0,0,0,1,차대차 - 기타,안전거리미확보,건조,맑음,교차로 - 교차로부근,승용,남,73세,상해없음,승용,남,31세,부상신고
2023090100100363,2023년 9월 1일 14시,금요일,대구광역시 달서구 감삼동,경상사고,0,0,1,0,차대사람 - 기타,기타,건조,맑음,교차로 - 교차로부근,승용,남,49세,상해없음,보행자,남,51세,경상
2023090100100404,2023년 9월 1일 15시,금요일,대구광역시 동구 방촌동,중상사고,0,1,0,0,차대차 - 측면충돌,교차로운행방법위반,건조,맑음,교차로 - 교차로안,화물,남,50세,상해없음,이륜,여,52세,중상
2023090100100405,2023년 9월 1일 15시,금요일,대구광역시 동구 신서동,경상사고,0,0,1,0,차대차 - 측면충돌,교차로운행방법위반,건조,맑음,교차로 - 교차로횡단보도내,승용,남,77세,기타불명,승용,여,37세,경상
2023090100100406,2023년 9월 1일 15시,금요일,대구광역시 달서구 월성동,경상사고,0,0,2,0,차대차 - 측면충돌,안전운전불이행,건조,맑음,단일로 - 기타,승용,남,45세,상해없음,승용,여,28세,경상
2023090100100407,2023년 9월 1일 15시,금요일,대구광역시 달성군 하빈면,중상사고,0,1,0,0,차대차 - 기타,중앙선침범,건조,맑음,교차로 - 교차로부근,화물,남,38세,상해없음,자전거,남,38세,중상
2023090100100451,2023년 9월 1일 16시,금요일,대구광역시 동구 신암동,부상신고사고,0,0,0,1,차대차 - 측면충돌,기타,건조,맑음,단일로 - 지하차도(도로)내,승용,남,54세,상해없음,자전거,남,14세,부상신고
2023090100100452,2023년 9월 1일 16시,금요일,대구광역시 달서구 상인동,경상사고,0,0,1,0,차대차 - 측면충돌,교차로운행방법위반,건조,맑음,교차로 - 교차로안,승용,남,57세,상해없음,승용,남,50세,경상
2023090100100453,2023년 9월 1일 16시,금요일,대구광역시 중구 공평동,경상사고,0,0,2,0,차대차 - 추돌,안전거리미확보,건조,맑음,단일로 - 기타,승용,남,41세,상해없음,승용,남,30세,경상
2023090100100454,2023년 9월 1일 16시,금요일,대구광역시 북구 연경동,중상사고,0,1,0,0,차대차 - 추돌,안전운전불이행,건조,맑음,단일로 - 기타,승용,남,62세,기타불명,승용,여,61세,중상
2023090100100515,2023년 9월 1일 17시,금요일,대구광역시 동구 신암동,경상사고,0,0,1,0,차대차 - 정면충돌,안전운전불이행,건조,맑음,교차로 - 교차로안,화물,남,51세,상해없음,자전거,남,23세,경상
2023090100100516,2023년 9월 1일 17시,금요일,대구광역시 동구 신천동,경상사고,0,0,1,0,차대사람 - 횡단중,보행자보호의무위반,건조,맑음,교차로 - 교차로횡단보도내,자전거,남,14세,상해없음,보행자,여,68세,경상
2023090100100517,2023년 9월 1일 17시,금요일,대구광역시 수성구 만촌동,경상사고,0,0,1,0,차대사람 - 횡단중,안전운전불이행,건조,맑음,단일로 - 기타,승용,남,55세,기타불명,보행자,남,46세,경상
2023090100100518,2023년 9월 1일 17시,금요일,대구광역시 달서구 본동,중상사고,0,1,0,0,차대사람 - 보도통행중,기타,건조,맑음,단일로 - 기타,승용,남,68세,상해없음,보행자,남,83세,중상
2023090100100519,2023년 9월 1일 17시,금요일,대구광역시 북구 복현동,경상사고,0,0,3,0,차대차 - 측면충돌,안전운전불이행,건조,맑음,단일로 - 교량,승용,남,45세,경상,승용,남,31세,경상
2023090100100562,2023년 9월 1일 18시,금요일,대구광역시 군위군 효령면,사망사고,1,0,1,0,차대차 - 기타,신호위반,건조,맑음,단일로 - 기타,승용,남,67세,상해없음,승용,여,55세,사망
2023090100100568,2023년 9월 1일 18시,금요일,대구광역시 동구 신암동,중상사고,0,1,0,0,차대차 - 정면충돌,신호위반,건조,맑음,교차로 - 교차로부근,이륜,남,18세,중상,승용,남,74세,상해없음
2023090100100569,2023년 9월 1일 18시,금요일,대구광역시 달서구 죽전동,경상사고,0,0,2,0,차대차 - 측면충돌,안전운전불이행,건조,맑음,단일로 - 기타,승용,남,68세,상해없음,화물,남,27세,경상
2023090100100622,2023년 9월 1일 19시,금요일,대구광역시 북구 구암동,중상사고,0,1,0,0,차대사람 - 기타,보행자보호의무위반,건조,맑음,단일로 - 지하차도(도로)내,승용,남,54세,상해없음,보행자,남,63세,중상
2023090100100660,2023년 9월 1일 20시,금요일,대구광역시 수성구 두산동,경상사고,0,0,1,0,차대차 - 측면충돌,안전운전불이행,건조,맑음,단일로 - 기타,승용,남,26세,상해없음,승용,여,38세,경상
2023090100100661,2023년 9월 1일 20시,금요일,대구광역시 중구 동인동3가,경상사고,0,0,3,0,차대차 - 측면충돌,교차로운행방법위반,건조,맑음,교차로 - 교차로안,승용,남,40세,경상,승용,남,25세,경상
2023090100100662,2023년 9월 1일 20시,금요일,대구광역시 달서구 죽전동,경상사고,0,0,2,0,차대차 - 추돌,안전운전불이행,건조,맑음,단일로 - 기타,승용,여,49세,상해없음,승용,여,61세,경상
2023090100100690,2023년 9월 1일 21시,금요일,대구광역시 동구 방촌동,경상사고,0,0,1,0,차대사람 - 기타,안전운전불이행,건조,맑음,교차로 - 교차로안,화물,남,63세,상해없음,보행자,남,42세,경상
2023090100100691,2023년 9월 1일 21시,금요일,대구광역시 동구 신천동,경상사고,0,0,1,0,차대사람 - 횡단중,신호위반,건조,맑음,교차로 - 교차로횡단보도내,승용,남,59세,상해없음,보행자,여,57세,경상
2023090100100692,2023년 9월 1일 21시,금요일,대구광역시 중구 삼덕동2가,중상사고,0,3,3,0,차대차 - 측면충돌,신호위반,건조,맑음,교차로 - 교차로안,승용,여,40세,상해없음,승용,남,22세,경상
2023090100100710,2023년 9월 1일 22시,금요일,대구광역시 수성구 상동,경상사고,0,0,1,0,차대차 - 측면충돌,신호위반,건조,맑음,교차로 - 교차로안,승용,남,66세,상해없음,승용,남,40세,경상
2023090100100733,2023년 9월 1일 23시,금요일,대구광역시 북구 읍내동,중상사고,0,1,0,0,차대차 - 기타,안전거리미확보,건조,맑음,단일로 - 지하차도(도로)내,승용,남,69세,상해없음,이륜,남,25세,중상
2023090200100159,2023년 9월 2일 10시,토요일,대구광역시 군위군 우보면,중상사고,0,1,0,0,차량단독 - 공작물충돌,안전운전불이행,건조,맑음,교차로 - 교차로부근,사륜오토바이(ATV),남,88세,중상,,,,
2023090200100162,2023년 9월 2일 10시,토요일,대구광역시 동구 봉무동,경상사고,0,0,1,0,차대차 - 측면충돌,기타,건조,맑음,단일로 - 기타,승용,남,63세,상해없음,이륜,남,40세,경상
2023090200100214,2023년 9월 2일 11시,토요일,대구광역시 남구 대명동,중상사고,0,1,0,0,차대사람 - 차도통행중,안전운전불이행,건조,맑음,기타 - 기타,승용,남,85세,상해없음,보행자,여,60세,중상
2023090200100215,2023년 9월 2일 11시,토요일,대구광역시 달성군 옥포읍,중상사고,0,1,0,0,차대차 - 기타,직진우회전진행방해,건조,맑음,교차로 - 교차로부근,이륜,남,43세,중상,승용,남,40세,상해없음
2023090200100216,2023년 9월 2일 11시,토요일,대구광역시 북구 복현동,경상사고,0,0,1,0,차대차 - 기타,안전운전불이행,건조,맑음,교차로 - 교차로안,승합,남,70세,상해없음,승용,남,65세,경상
2023090200100267,2023년 9월 2일 12시,토요일,대구광역시 동구 효목동,경상사고,0,0,1,0,차대차 - 측면충돌,안전운전불이행,건조,맑음,단일로 - 기타,자전거,남,76세,경상,화물,남,32세,상해없음
2023090200100268,2023년 9월 2일 12시,토요일,대구광역시 북구 칠성동2가,경상사고,0,0,1,0,차대차 - 측면충돌,직진우회전진행방해,건조,맑음,교차로 - 교차로안,승용,남,28세,상해없음,자전거,남,79세,경상
2023090200100317,2023년 9월 2일 13시,토요일,대구광역시 중구 동인동4가,경상사고,0,0,1,0,차대차 - 기타,안전운전불이행,건조,맑음,단일로 - 기타,승용,남,68세,상해없음,화물,남,29세,경상
2023090200100360,2023년 9월 2일 14시,토요일,대구광역시 북구 산격동,경상사고,0,0,2,0,차대차 - 측면충돌,안전운전불이행,건조,맑음,단일로 - 기타,승용,남,30세,기타불명,승용,여,58세,상해없음
2023090200100361,2023년 9월 2일 14시,토요일,대구광역시 북구 구암동,경상사고,0,0,2,0,차대차 - 측면충돌,직진우회전진행방해,건조,맑음,교차로 - 교차로안,승용,여,54세,기타불명,승용,남,23세,경상
2023090200100420,2023년 9월 2일 16시,토요일,대구광역시 수성구 지산동,경상사고,0,0,1,0,차대차 - 측면충돌,안전운전불이행,건조,맑음,교차로 - 교차로안,승용,남,70세,상해없음,승용,남,24세,경상
2023090200100421,2023년 9월 2일 16시,토요일,대구광역시 서구 비산동,부상신고사고,0,0,0,1,차대사람 - 기타,안전운전불이행,건조,맑음,단일로 - 기타,기타불명,기타불명,미분류,기타불명,보행자,남,41세,부상신고
2023090200100459,2023년 9월 2일 17시,토요일,대구광역시 남구 이천동,경상사고,0,0,1,0,차대차 - 기타,안전운전불이행,건조,맑음,단일로 - 기타,승용,남,75세,상해없음,승용,여,50세,경상
2023090200100460,2023년 9월 2일 17시,토요일,대구광역시 수성구 범어동,부상신고사고,0,0,0,1,차대차 - 측면충돌,안전운전불이행,젖음/습기,비,교차로 - 교차로안,자전거,여,68세,부상신고,승용,남,31세,상해없음
2023090200100461,2023년 9월 2일 17시,토요일,대구광역시 달성군 화원읍,경상사고,0,0,4,0,차대차 - 기타,안전운전불이행,건조,맑음,단일로 - 기타,승용,남,65세,상해없음,승용,남,54세,경상
2023090200100462,2023년 9월 2일 17시,토요일,대구광역시 중구 공평동,경상사고,0,0,1,0,차대차 - 측면충돌,안전거리미확보,건조,맑음,교차로 - 교차로안,이륜,남,70세,상해없음,승용,남,33세,경상
2023090200100463,2023년 9월 2일 17시,토요일,대구광역시 북구 읍내동,중상사고,0,1,0,0,차대차 - 추돌,안전운전불이행,건조,맑음,단일로 - 기타,승용,남,60세,상해없음,승용,여,51세,중상
2023090200100495,2023년 9월 2일 18시,토요일,대구광역시 동구 신암동,경상사고,0,0,1,0,차대차 - 측면충돌,중앙선침범,젖음/습기,흐림,교차로 - 교차로안,승용,여,33세,상해없음,승용,남,71세,경상
2023090200100496,2023년 9월 2일 18시,토요일,대구광역시 달서구 월성동,중상사고,0,1,0,0,차대사람 - 횡단중,보행자보호의무위반,젖음/습기,비,교차로 - 교차로횡단보도내,승용,남,51세,상해없음,보행자,여,63세,중상
2023090200100497,2023년 9월 2일 18시,토요일,대구광역시 북구 구암동,경상사고,0,0,1,0,차대차 - 측면충돌,안전운전불이행,젖음/습기,비,단일로 - 기타,승용,남,37세,기타불명,이륜,남,55세,경상
2023090200100526,2023년 9월 2일 19시,토요일,대구광역시 달서구 대곡동,부상신고사고,0,0,0,1,차대사람 - 기타,안전운전불이행,젖음/습기,비,기타 - 기타,이륜,남,57세,부상신고,보행자,남,45세,상해없음
2023090200100528,2023년 9월 2일 19시,토요일,대구광역시 달서구 송현동,경상사고,0,0,1,0,차대사람 - 횡단중,신호위반,건조,맑음,단일로 - 기타,원동기,남,28세,상해없음,보행자,여,75세,경상
2023090200100596,2023년 9월 2일 22시,토요일,대구광역시 수성구 중동,경상사고,0,0,1,0,차대차 - 기타,안전운전불이행,젖음/습기,비,단일로 - 기타,승용,남,34세,상해없음,이륜,남,48세,경상
2023090200100597,2023년 9월 2일 22시,토요일,대구광역시 수성구 수성동3가,경상사고,0,0,1,0,차대차 - 기타,안전운전불이행,기타,맑음,교차로 - 교차로안,승용,남,29세,상해없음,이륜,남,54세,경상
2023090200100598,2023년 9월 2일 22시,토요일,대구광역시 달서구 대천동,경상사고,0,0,1,0,차대차 - 추돌,안전거리미확보,건조,맑음,단일로 - 기타,승합,남,42세,상해없음,승용,남,66세,경상
2023090300100030,2023년 9월 3일 03시,일요일,대구광역시 달서구 도원동,경상사고,0,0,1,0,차대차 - 기타,기타,젖음/습기,흐림,교차로 - 교차로부근,승용,남,23세,상해없음,화물,남,75세,경상
2023090300100053,2023년 9월 3일 06시,일요일,대구광역시 동구 용계동,중상사고,0,1,0,0,차대차 - 측면충돌,안전거리미확보,건조,맑음,단일로 - 기타,승용,남,66세,상해없음,승용,남,52세,중상
2023090300100059,2023년 9월 3일 07시,일요일,대구광역시 동구 율하동,경상사고,0,0,1,1,차대차 - 측면충돌,신호위반,건조,맑음,교차로 - 교차로안,승용,여,50세,부상신고,승용,남,69세,경상
2023090300100067,2023년 9월 3일 08시,일요일,대구광역시 북구 동변동,경상사고,0,0,1,0,차대사람 - 기타,안전운전불이행,건조,맑음,교차로 - 교차로부근,승용,남,55세,상해없음,보행자,남,33세,경상
2023090300100076,2023년 9월 3일 09시,일요일,대구광역시 북구 노원동2가,중상사고,0,1,0,0,차대차 - 기타,안전운전불이행,건조,맑음,교차로 - 교차로안,승용,남,43세,기타불명,자전거,여,65세,중상
2023090300100106,2023년 9월 3일 10시,일요일,대구광역시 남구 대명동,중상사고,0,1,0,0,차대차 - 기타,안전운전불이행,건조,맑음,교차로 - 교차로횡단보도내,승용,남,66세,상해없음,자전거,남,83세,중상
2023090300100145,2023년 9월 3일 12시,일요일,대구광역시 동구 지저동,경상사고,0,0,1,0,차대차 - 측면충돌,안전운전불이행,건조,맑음,단일로 - 기타,원동기,남,16세,기타불명,승용,남,71세,경상
2023090300100146,2023년 9월 3일 12시,일요일,대구광역시 달서구 이곡동,경상사고,0,0,1,0,차대차 - 추돌,안전거리미확보,건조,맑음,단일로 - 기타,승용,남,46세,상해없음,이륜,남,33세,경상
2023090300100174,2023년 9월 3일 13시,일요일,대구광역시 달서구 진천동,중상사고,0,1,0,0,차대차 - 측면충돌,신호위반,건조,맑음,교차로 - 교차로안,이륜,남,20세,상해없음,이륜,남,59세,중상
2023090300100218,2023년 9월 3일 15시,일요일,대구광역시 동구 상매동,경상사고,0,0,1,0,차대차 - 추돌,안전거리미확보,건조,맑음,단일로 - 기타,승용,여,30세,상해없음,승용,남,47세,상해없음
2023090300100219,2023년 9월 3일 15시,일요일,대구광역시 달서구 도원동,경상사고,0,0,2,0,차대차 - 추돌,안전운전불이행,건조,맑음,단일로 - 기타,승용,남,58세,상해없음,승용,여,28세,경상
2023090300100220,2023년 9월 3일 15시,일요일,대구광역시 중구 공평동,경상사고,0,0,2,0,차대차 - 기타,안전거리미확보,건조,맑음,교차로 - 교차로안,승용,남,61세,기타불명,승용,여,31세,경상
2023090300100250,2023년 9월 3일 16시,일요일,대구광역시 수성구 만촌동,경상사고,0,0,2,0,차대차 - 기타,교차로운행방법위반,건조,맑음,교차로 - 교차로안,자전거,남,14세,경상,승용,여,52세,경상
2023090300100251,2023년 9월 3일 16시,일요일,대구광역시 서구 내당동,중상사고,0,1,0,0,차대차 - 측면충돌,안전거리미확보,건조,맑음,단일로 - 기타,승용,남,60세,상해없음,이륜,남,19세,중상
2023090300100283,2023년 9월 3일 17시,일요일,대구광역시 수성구 수성동3가,중상사고,0,1,0,0,차대차 - 기타,안전거리미확보,건조,맑음,단일로 - 기타,승용,여,57세,상해없음,이륜,남,30세,중상
2023090300100284,2023년 9월 3일 17시,일요일,대구광역시 서구 중리동,경상사고,0,0,2,1,차대차 - 후진중충돌,안전운전불이행,건조,맑음,주차장 - 주차장,승용,여,58세,상해없음,승용,남,37세,경상
2023090300100285,2023년 9월 3일 17시,일요일,대구광역시 달서구 감삼동,중상사고,0,1,0,0,차대차 - 측면충돌,안전운전불이행,건조,맑음,교차로 - 교차로부근,이륜,남,30세,상해없음,개인형이동수단(PM),여,14세,중상
2023090300100286,2023년 9월 3일 17시,일요일,대구광역시 북구 국우동,경상사고,0,0,1,0,차대차 - 측면충돌,안전거리미확보,건조,맑음,단일로 - 기타,승용,여,22세,상해없음,승용,여,24세,경상
2023090300100334,2023년 9월 3일 19시,일요일,대구광역시 달성군 현풍읍,경상사고,0,0,1,0,차대차 - 기타,안전운전불이행,젖음/습기,비,기타 - 기타,승용,남,42세,기타불명,이륜,남,38세,경상
2023090300100335,2023년 9월 3일 19시,일요일,대구광역시 달서구 두류동,경상사고,0,0,1,0,차대사람 - 길가장자리구역통행중,안전운전불이행,건조,맑음,단일로 - 기타,승용,여,21세,상해없음,보행자,여,22세,경상
2023090400100003,2023년 9월 4일 00시,월요일,대구광역시 서구 비산동,경상사고,0,0,3,0,차대차 - 측면충돌,안전운전불이행,건조,맑음,단일로 - 기타,승용,남,76세,상해없음,화물,남,55세,상해없음
2023090400100028,2023년 9월 4일 05시,월요일,대구광역시 북구 태전동,경상사고,0,0,1,0,차대차 - 추돌,안전운전불이행,건조,맑음,단일로 - 기타,승용,남,36세,상해없음,화물,남,41세,경상
2023090400100050,2023년 9월 4일 06시,월요일,대구광역시 동구 지저동,경상사고,0,0,1,0,차대차 - 측면충돌,안전거리미확보,건조,맑음,단일로 - 기타,승용,남,66세,상해없음,승용,남,22세,경상
2023090400100074,2023년 9월 4일 07시,월요일,대구광역시 수성구 범어동,중상사고,0,1,0,0,차대차 - 기타,신호위반,건조,맑음,교차로 - 교차로부근,승용,여,30세,상해없음,자전거,남,73세,중상
2023090400100075,2023년 9월 4일 07시,월요일,대구광역시 달성군 화원읍,경상사고,0,0,1,0,차대차 - 기타,안전운전불이행,건조,맑음,교차로 - 교차로안,승용,여,62세,상해없음,승용,남,31세,경상