사고번호,사고일시,요일,시군구,사고내용,사망자수,중상자수,경상자수,부상신고자수,사고유형,법규위반,노면상태,기상상태,도로형태,가해운전자 차종,가해운전자 성별,가해운전자 연령,가해운전자 상해정도,피해운전자 차종,피해운전자 성별,피해운전자 연령,피해운전자 상해정도
2023090400100125,2023년 9월 4일 08시,월요일,대구광역시 달서구 본동,경상사고,0,0,1,0,차대차 - 추돌,안전운전불이행,건조,맑음,단일로 - 기타,승용,남,56세,상해없음,승용,여,48세,경상
2023090400100126,2023년 9월 4일 08시,월요일,대구광역시 달성군 현풍읍,경상사고,0,0,1,0,차대차 - 기타,안전운전불이행,건조,맑음,단일로 - 기타,승용,여,54세,상해없음,승용,여,48세,경상
2023090400100160,2023년 9월 4일 09시,월요일,대구광역시 서구 평리동,경상사고,0,0,1,0,차대차 - 추돌,안전운전불이행,건조,맑음,단일로 - 기타,승용,남,34세,상해없음,승용,여,19세,경상
2023090400100161,2023년 9월 4일 09시,월요일,대구광역시 중구 남산동,중상사고,0,1,2,0,차대차 - 기타,안전거리미확보,건조,맑음,단일로 - 기타,승합,남,33세,상해없음,승용,여,28세,경상
2023090400100193,2023년 9월 4일 10시,월요일,대구광역시 달서구 대천동,경상사고,0,0,1,0,차대차 - 측면충돌,안전거리미확보,건조,맑음,교차로 - 교차로부근,화물,남,67세,상해없음,승용,여,65세,경상
2023090400100229,2023년 9월 4일 11시,월요일,대구광역시 동구 신암동,경상사고,0,0,1,0,차대차 - 추돌,안전운전불이행,건조,맑음,단일로 - 기타,승용,남,70세,상해없음,이륜,남,30세,경상
2023090400100262,2023년 9월 4일 12시,월요일,대구광역시 중구 삼덕동2가,경상사고,0,0,4,0,차대차 - 측면충돌,안전운전불이행,건조,맑음,단일로 - 기타,승용,여,58세,상해없음,승용,남,31세,경상
2023090400100295,2023년 9월 4일 13시,월요일,대구광역시 수성구 수성동4가,경상사고,0,0,2,0,차대차 - 추돌,안전운전불이행,건조,맑음,단일로 - 기타,승용,남,27세,상해없음,승용,여,45세,경상
2023090400100361,2023년 9월 4일 15시,월요일,대구광역시 북구 태전동,경상사고,0,0,1,0,차대차 - 측면충돌,안전운전불이행,건조,맑음,단일로 - 터널,승용,여,54세,상해없음,승용,남,36세,경상
2023090400100400,2023년 9월 4일 16시,월요일,대구광역시 수성구 범어동,부상신고사고,0,0,0,1,차대차 - 측면충돌,안전운전불이행,건조,맑음,교차로 - 교차로안,승합,여,66세,상해없음,이륜,남,37세,부상신고
2023090400100401,2023년 9월 4일 16시,월요일,대구광역시 서구 평리동,중상사고,0,1,0,0,차대차 - 기타,안전운전불이행,건조,맑음,교차로 - 교차로부근,이륜,남,70세,중상,화물,남,26세,상해없음
2023090400100402,2023년 9월 4일 16시,월요일,대구광역시 서구 상리동,경상사고,0,0,1,0,차대차 - 측면충돌,안전운전불이행,건조,맑음,교차로 - 교차로부근,승용,남,61세,상해없음,화물,남,41세,상해없음
2023090400100442,2023년 9월 4일 17시,월요일,대구광역시 달서구 월암동,중상사고,0,1,0,0,차대차 - 측면충돌,교차로운행방법위반,건조,맑음,교차로 - 교차로안,승용,남,62세,기타불명,이륜,남,64세,중상
2023090400100443,2023년 9월 4일 17시,월요일,대구광역시 달서구 상인동,경상사고,0,0,1,1,차대차 - 추돌,안전거리미확보,건조,맑음,교차로 - 교차로부근,승용,여,38세,상해없음,승용,남,74세,경상
2023090400100486,2023년 9월 4일 18시,월요일,대구광역시 동구 신암동,경상사고,0,0,1,0,차대차 - 측면충돌,안전운전불이행,건조,맑음,단일로 - 기타,승용,여,57세,상해없음,승용,남,23세,경상
2023090400100606,2023년 9월 4일 22시,월요일,대구광역시 수성구 중동,경상사고,0,0,1,0,차대차 - 측면충돌,안전운전불이행,건조,맑음,교차로 - 교차로안,승용,남,29세,상해없음,승합,남,59세,경상
2023090400100607,2023년 9월 4일 22시,월요일,대구광역시 달서구 대곡동,중상사고,0,1,1,0,차대차 - 측면충돌,신호위반,건조,맑음,교차로 - 교차로안,승용,여,71세,경상,승용,여,49세,중상
2023090500100034,2023년 9월 5일 03시,화요일,대구광역시 중구 동성로2가,경상사고,0,0,1,0,차대차 - 추돌,안전운전불이행,건조,맑음,단일로 - 기타,승용,남,29세,상해없음,승용,남,71세,경상
2023090500100042,2023년 9월 5일 04시,화요일,대구광역시 서구 비산동,경상사고,0,0,1,0,차대차 - 정면충돌,중앙선침범,건조,맑음,교차로 - 교차로안,승용,남,41세,상해없음,승용,여,57세,경상
2023090500100067,2023년 9월 5일 06시,화요일,대구광역시 달서구 유천동,중상사고,0,1,0,0,차대차 - 측면충돌,신호위반,건조,맑음,기타 - 기타,화물,남,56세,상해없음,승용,여,63세,중상
2023090500100099,2023년 9월 5일 07시,화요일,대구광역시 북구 태전동,경상사고,0,0,2,0,차대차 - 측면충돌,직진우회전진행방해,건조,맑음,교차로 - 교차로안,승용,남,35세,경상,승용,여,60세,경상
2023090500100143,2023년 9월 5일 08시,화요일,대구광역시 동구 서호동,중상사고,0,1,0,0,차대사람 - 횡단중,안전운전불이행,건조,맑음,교차로 - 교차로부근,승용,여,63세,상해없음,보행자,여,22세,중상
2023090500100144,2023년 9월 5일 08시,화요일,대구광역시 서구 비산동,경상사고,0,0,1,1,차대차 - 측면충돌,안전운전불이행,건조,맑음,단일로 - 기타,승용,남,26세,부상신고,승용,여,58세,경상
2023090500100179,2023년 9월 5일 09시,화요일,대구광역시 동구 봉무동,경상사고,0,0,1,0,차대사람 - 기타,안전운전불이행,건조,맑음,교차로 - 교차로횡단보도내,승합,여,54세,상해없음,보행자,여,22세,경상
2023090500100180,2023년 9월 5일 09시,화요일,대구광역시 서구 비산동,경상사고,0,0,1,0,차대차 - 기타,안전운전불이행,건조,맑음,단일로 - 기타,승용,남,32세,경상,화물,남,32세,상해없음
2023090500100181,2023년 9월 5일 09시,화요일,대구광역시 중구 동산동,부상신고사고,0,0,0,1,차대차 - 측면충돌,안전운전불이행,건조,맑음,단일로 - 기타,자전거,남,33세,부상신고,승용,남,56세,상해없음
2023090500100219,2023년 9월 5일 10시,화요일,대구광역시 남구 대명동,중상사고,0,2,0,0,차대차 - 측면충돌,차로위반,건조,맑음,교차로 - 교차로안,승용,남,63세,상해없음,승용,남,68세,중상
2023090500100260,2023년 9월 5일 11시,화요일,대구광역시 북구 산격동,중상사고,0,1,0,0,차대차 - 기타,안전운전불이행,건조,맑음,단일로 - 기타,화물,남,66세,상해없음,이륜,남,41세,중상
2023090500100261,2023년 9월 5일 11시,화요일,대구광역시 북구 구암동,경상사고,0,0,1,0,차대사람 - 보도통행중,기타,건조,맑음,기타 - 기타,기타불명,기타불명,미분류,기타불명,보행자,여,54세,경상
2023090500100292,2023년 9월 5일 12시,화요일,대구광역시 동구 입석동,중상사고,0,2,1,0,차대차 - 측면충돌,안전거리미확보,건조,맑음,교차로 - 교차로안,이륜,남,51세,경상,승용,여,63세,중상
2023090500100352,2023년 9월 5일 14시,화요일,대구광역시 중구 봉산동,경상사고,0,0,2,1,차대차 - 측면충돌,안전거리미확보,건조,맑음,단일로 - 기타,승용,남,30세,부상신고,승용,남,56세,경상
2023090500100392,2023년 9월 5일 15시,화요일,대구광역시 중구 태평로1가,경상사고,0,0,1,1,차대차 - 추돌,안전운전불이행,건조,맑음,단일로 - 기타,이륜,남,21세,부상신고,승용,남,65세,경상
2023090500100393,2023년 9월 5일 15시,화요일,대구광역시 중구 태평로2가,경상사고,0,0,1,0,차대차 - 측면충돌,신호위반,건조,맑음,교차로 - 교차로부근,승용,여,57세,상해없음,승용,남,33세,경상
2023090500100537,2023년 9월 5일 18시,화요일,대구광역시 동구 동호동,경상사고,0,0,1,0,차대차 - 측면충돌,안전거리미확보,건조,맑음,교차로 - 교차로안,승용,여,32세,상해없음,승용,남,25세,경상
2023090500100538,2023년 9월 5일 18시,화요일,대구광역시 남구 대명동,경상사고,0,0,2,0,차대차 - 측면충돌,차로위반,건조,맑음,단일로 - 기타,승용,여,65세,상해없음,승용,남,71세,경상
2023090500100539,2023년 9월 5일 18시,화요일,대구광역시 달성군 화원읍,경상사고,0,0,2,0,차대차 - 기타,안전운전불이행,건조,맑음,단일로 - 기타,화물,남,58세,상해없음,승용,여,65세,경상
2023090500100540,2023년 9월 5일 18시,화요일,대구광역시 달서구 신당동,부상신고사고,0,0,0,3,차대차 - 추돌,안전운전불이행,건조,맑음,단일로 - 기타,승용,남,29세,상해없음,승용,남,38세,부상신고
2023090500100581,2023년 9월 5일 19시,화요일,대구광역시 달서구 월성동,경상사고,0,0,2,0,차대사람 - 횡단중,보행자보호의무위반,건조,맑음,교차로 - 교차로횡단보도내,자전거,남,66세,상해없음,보행자,여,31세,경상
2023090500100611,2023년 9월 5일 20시,화요일,대구광역시 남구 대명동,경상사고,0,0,1,0,차대차 - 측면충돌,안전거리미확보,건조,맑음,단일로 - 기타,승용,남,58세,상해없음,승용,남,44세,경상
2023090500100636,2023년 9월 5일 21시,화요일,대구광역시 달서구 본동,경상사고,0,0,1,0,차대차 - 측면충돌,안전운전불이행,건조,맑음,교차로 - 교차로부근,화물,남,58세,상해없음,승용,남,37세,경상
2023090500100637,2023년 9월 5일 21시,화요일,대구광역시 달성군 다사읍,경상사고,0,0,1,0,차대차 - 기타,안전운전불이행,건조,맑음,교차로 - 교차로안,승용,여,62세,상해없음,이륜,남,59세,경상
2023090500100638,2023년 9월 5일 21시,화요일,대구광역시 달성군 화원읍,중상사고,0,1,0,0,차대차 - 추돌,안전운전불이행,건조,맑음,단일로 - 기타,승용,남,58세,상해없음,승용,남,61세,기타불명
2023090600100016,2023년 9월 6일 01시,수요일,대구광역시 북구 태전동,중상사고,0,1,1,0,차대사람 - 횡단중,안전운전불이행,건조,맑음,단일로 - 지하차도(도로)내,승용,남,57세,상해없음,보행자,남,14세,중상
2023090600100025,2023년 9월 6일 03시,수요일,대구광역시 북구 팔달동,중상사고,0,1,0,0,차량단독 - 공작물충돌,안전운전불이행,건조,맑음,단일로 - 기타,승용,여,56세,중상,,,,
2023090600100076,2023년 9월 6일 07시,수요일,대구광역시 달서구 도원동,경상사고,0,0,1,0,차대차 - 측면충돌,신호위반,건조,맑음,교차로 - 교차로안,승용,여,57세,상해없음,승용,여,49세,경상
2023090600100077,2023년 9월 6일 07시,수요일,대구광역시 달성군 현풍읍,부상신고사고,0,0,0,1,차대차 - 기타,안전운전불이행,건조,맑음,기타 - 기타,기타불명,기타불명,미분류,기타불명,승용,여,45세,부상신고
2023090600100132,2023년 9월 6일 08시,수요일,대구광역시 수성구 황금동,경상사고,0,0,1,0,차대차 - 추돌,안전운전불이행,건조,맑음,단일로 - 기타,승용,여,44세,기타불명,승용,남,49세,경상
2023090600100133,2023년 9월 6일 08시,수요일,대구광역시 달서구 성당동,경상사고,0,0,1,0,차대차 - 측면충돌,안전운전불이행,건조,맑음,기타 - 기타,승합,남,70세,상해없음,자전거,남,81세,경상
2023090600100220,2023년 9월 6일 11시,수요일,대구광역시 달성군 화원읍,중상사고,0,1,0,0,차대차 - 기타,안전거리미확보,건조,맑음,단일로 - 터널,승용,여,51세,상해없음,승용,여,52세,중상
2023090600100221,2023년 9월 6일 11시,수요일,대구광역시 달서구 진천동,부상신고사고,0,0,0,2,차대차 - 측면충돌,안전거리미확보,건조,맑음,단일로 - 기타,승용,여,63세,상해없음,승용,남,38세,상해없음
2023090600100254,2023년 9월 6일 12시,수요일,대구광역시 수성구 상동,경상사고,0,0,1,0,차대차 - 기타,안전운전불이행,건조,맑음,단일로 - 기타,승용,여,75세,상해없음,승합,남,40세,경상
2023090600100255,2023년 9월 6일 12시,수요일,대구광역시 북구 산격동,중상사고,0,1,0,0,차대차 - 기타,안전운전불이행,건조,맑음,단일로 - 기타,승용,여,59세,상해없음,이륜,남,40세,중상
2023090600100324,2023년 9월 6일 14시,수요일,대구광역시 서구 비산동,경상사고,0,0,1,0,차대차 - 측면충돌,안전운전불이행,건조,맑음,단일로 - 기타,승용,남,64세,상해없음,자전거,남,62세,경상
2023090600100325,2023년 9월 6일 14시,수요일,대구광역시 중구 수동,부상신고사고,0,0,0,1,차대차 - 측면충돌,안전운전불이행,건조,맑음,교차로 - 교차로횡단보도내,개인형이동수단(PM),여,24세,부상신고,승용,남,31세,상해없음
2023090600100357,2023년 9월 6일 15시,수요일,대구광역시 달서구 송현동,경상사고,0,0,1,1,차대차 - 추돌,안전운전불이행,건조,맑음,단일로 - 기타,승용,남,27세,부상신고,승용,여,56세,경상
2023090600100358,2023년 9월 6일 15시,수요일,대구광역시 서구 상리동,경상사고,0,0,1,0,차대차 - 측면충돌,안전거리미확보,건조,맑음,단일로 - 기타,승용,남,29세,상해없음,승용,여,24세,경상
2023090600100402,2023년 9월 6일 16시,수요일,대구광역시 동구 방촌동,중상사고,0,1,0,0,차대사람 - 기타,신호위반,건조,맑음,교차로 - 교차로횡단보도내,승용,여,71세,상해없음,보행자,남,15세,중상
2023090600100403,2023년 9월 6일 16시,수요일,대구광역시 달서구 유천동,경상사고,0,0,1,0,차대차 - 측면충돌,안전운전불이행,건조,맑음,단일로 - 기타,화물,여,54세,기타불명,승용,남,22세,경상
2023090600100404,2023년 9월 6일 16시,수요일,대구광역시 서구 비산동,경상사고,0,0,1,0,차대차 - 추돌,안전운전불이행,건조,맑음,교차로 - 교차로부근,승용,남,57세,상해없음,건설기계,남,59세,경상
2023090600100455,2023년 9월 6일 17시,수요일,대구광역시 동구 동호동,경상사고,0,0,1,0,차대차 - 측면충돌,안전운전불이행,건조,맑음,단일로 - 기타,승용,여,46세,상해없음,자전거,남,60세,경상
2023090600100456,2023년 9월 6일 17시,수요일,대구광역시 북구 태전동,경상사고,0,0,2,0,차대차 - 측면충돌,직진우회전진행방해,건조,맑음,교차로 - 교차로안,승용,남,58세,기타불명,이륜,남,53세,경상
2023090600100501,2023년 9월 6일 18시,수요일,대구광역시 남구 대명동,경상사고,0,0,2,0,차대차 - 추돌,신호위반,건조,맑음,교차로 - 교차로안,이륜,남,19세,경상,승용,남,50세,경상
2023090600100502,2023년 9월 6일 18시,수요일,대구광역시 서구 평리동,중상사고,0,1,0,0,차대차 - 측면충돌,안전운전불이행,건조,맑음,단일로 - 기타,승용,남,62세,상해없음,이륜,남,47세,중상
2023090600100545,2023년 9월 6일 19시,수요일,대구광역시 동구 신천동,경상사고,0,0,2,0,차대사람 - 횡단중,보행자보호의무위반,건조,맑음,교차로 - 교차로횡단보도내,승용,여,50세,상해없음,보행자,여,73세,경상
2023090600100546,2023년 9월 6일 19시,수요일,대구광역시 북구 매천동,중상사고,0,1,0,0,차대사람 - 횡단중,안전운전불이행,건조,맑음,교차로 - 교차로안,승용,여,35세,상해없음,보행자,남,71세,중상
2023090600100576,2023년 9월 6일 20시,수요일,대구광역시 수성구 시지동,경상사고,0,0,1,0,차대사람 - 횡단중,보행자보호의무위반,건조,맑음,단일로 - 기타,승용,여,60세,상해없음,보행자,여,26세,경상
2023090600100577,2023년 9월 6일 20시,수요일,대구광역시 중구 종로2가,경상사고,0,0,1,0,차대사람 - 기타,안전운전불이행,건조,흐림,교차로 - 교차로부근,승용,남,36세,상해없음,보행자,남,41세,경상
2023090600100634,2023년 9월 6일 23시,수요일,대구광역시 수성구 두산동,경상사고,0,0,2,0,차대차 - 정면충돌,안전운전불이행,건조,맑음,교차로 - 교차로안,개인형이동수단(PM),남,22세,경상,이륜,남,31세,경상
2023090600100635,2023년 9월 6일 23시,수요일,대구광역시 달서구 월성동,경상사고,0,0,1,0,차대차 - 추돌,안전운전불이행,건조,맑음,단일로 - 기타,승용,남,50세,상해없음,승용,남,28세,경상
2023090600100636,2023년 9월 6일 23시,수요일,대구광역시 달서구 송현동,경상사고,0,0,1,0,차대차 - 기타,안전운전불이행,건조,맑음,교차로 - 교차로안,승용,남,61세,상해없음,이륜,남,31세,경상
2023090700100031,2023년 9월 7일 03시,목요일,대구광역시 수성구 두산동,경상사고,0,0,2,0,차대차 - 추돌,안전운전불이행,건조,맑음,단일로 - 기타,승용,남,73세,상해없음,승용,남,24세,경상
2023090700100032,2023년 9월 7일 03시,목요일,대구광역시 서구 이현동,경상사고,0,0,2,0,차대차 - 측면충돌,직진우회전진행방해,건조,맑음,교차로 - 교차로안,승용,남,41세,상해없음,승용,남,70세,경상
2023090700100039,2023년 9월 7일 04시,목요일,대구광역시 동구 동호동,경상사고,0,0,2,1,차대차 - 측면충돌,안전운전불이행,건조,맑음,단일로 - 기타,승용,남,69세,부상신고,승용,남,61세,경상
2023090700100049,2023년 9월 7일 05시,목요일,대구광역시 북구 노곡동,부상신고사고,0,0,0,1,차량단독 - 기타,안전운전불이행,건조,맑음,단일로 - 기타,건설기계,남,58세,부상신고,,,,
2023090700100050,2023년 9월 7일 05시,목요일,대구광역시 남구 대명동,중상사고,0,1,0,0,차대차 - 측면충돌,신호위반,건조,맑음,교차로 - 교차로안,승용,남,46세,상해없음,승용,남,50세,중상
2023090700100178,2023년 9월 7일 08시,목요일,대구광역시 수성구 만촌동,경상사고,0,0,1,0,차대사람 - 횡단중,안전운전불이행,건조,맑음,단일로 - 기타,승용,여,44세,상해없음,보행자,남,14세,경상
2023090700100179,2023년 9월 7일 08시,목요일,대구광역시 달서구 도원동,경상사고,0,0,1,0,차대사람 - 횡단중,보행자보호의무위반,건조,맑음,교차로 - 교차로횡단보도내,승용,남,82세,상해없음,보행자,여,53세,경상
2023090700100227,2023년 9월 7일 09시,목요일,대구광역시 수성구 파동,중상사고,0,1,1,0,차대차 - 측면충돌,직진우회전진행방해,건조,맑음,교차로 - 교차로안,화물,남,37세,상해없음,승용,여,57세,중상
2023090700100228,2023년 9월 7일 09시,목요일,대구광역시 수성구 가천동,경상사고,0,0,1,0,차대차 - 측면충돌,신호위반,건조,맑음,기타 - 기타,승용,여,18세,상해없음,승용,여,60세,경상
2023090700100229,2023년 9월 7일 09시,목요일,대구광역시 달서구 송현동,중상사고,0,1,0,0,차대사람 - 기타,안전운전불이행,건조,맑음,단일로 - 기타,승합,남,67세,상해없음,보행자,남,75세,중상
2023090700100230,2023년 9월 7일 09시,목요일,대구광역시 북구 서변동,경상사고,0,0,1,0,차대차 - 측면충돌,안전운전불이행,건조,맑음,단일로 - 고가도로위,승용,여,30세,기타불명,승용,여,32세,경상
2023090700100260,2023년 9월 7일 10시,목요일,대구광역시 동구 신천동,경상사고,0,0,2,0,차대차 - 측면충돌,안전거리미확보,건조,맑음,교차로 - 교차로부근,승용,남,56세,상해없음,승용,남,38세,경상
2023090700100315,2023년 9월 7일 12시,목요일,대구광역시 동구 신암동,중상사고,0,1,0,0,차대차 - 측면충돌,직진우회전진행방해,건조,맑음,교차로 - 교차로안,승용,남,43세,상해없음,이륜,남,23세,중상
2023090700100316,2023년 9월 7일 12시,목요일,대구광역시 수성구 매호동,경상사고,0,0,4,0,차대차 - 기타,교차로운행방법위반,건조,맑음,교차로 - 교차로부근,승용,여,41세,경상,승용,여,60세,경상
2023090700100317,2023년 9월 7일 12시,목요일,대구광역시 달서구 감삼동,경상사고,0,0,1,0,차대차 - 추돌,안전운전불이행,건조,맑음,교차로 - 교차로부근,승용,남,59세,상해없음,승용,남,59세,경상
2023090700100318,2023년 9월 7일 12시,목요일,대구광역시 북구 태전동,경상사고,0,0,1,0,차대차 - 측면충돌,안전거리미확보,건조,맑음,단일로 - 기타,승용,여,35세,상해없음,이륜,남,32세,경상
2023090700100352,2023년 9월 7일 13시,목요일,대구광역시 북구 복현동,중상사고,0,1,0,0,차대사람 - 횡단중,안전운전불이행,건조,맑음,단일로 - 기타,이륜,남,40세,상해없음,보행자,남,39세,중상
2023090700100353,2023년 9월 7일 13시,목요일,대구광역시 북구 서변동,경상사고,0,0,2,0,차대차 - 측면충돌,안전거리미확보,건조,맑음,단일로 - 지하차도(도로)내,승용,여,63세,상해없음,승용,여,71세,경상
2023090700100389,2023년 9월 7일 14시,목요일,대구광역시 수성구 지산동,경상사고,0,0,1,0,차대차 - 기타,안전운전불이행,건조,맑음,단일로 - 기타,승용,여,66세,상해없음,승용,여,34세,경상
2023090700100390,2023년 9월 7일 14시,목요일,대구광역시 북구 동천동,중상사고,0,2,0,0,차대차 - 측면충돌,안전거리미확보,건조,맑음,단일로 - 기타,승용,남,54세,상해없음,승용,여,61세,중상
2023090700100481,2023년 9월 7일 16시,목요일,대구광역시 달서구 감삼동,경상사고,0,0,1,0,차대차 - 추돌,안전운전불이행,건조,맑음,단일로 - 기타,승용,남,64세,상해없음,승용,남,52세,경상
2023090700100543,2023년 9월 7일 17시,목요일,대구광역시 서구 평리동,경상사고,0,0,1,0,차대차 - 후진중충돌,안전운전불이행,건조,맑음,단일로 - 기타,승용,여,51세,상해없음,이륜,남,27세,경상
2023090700100544,2023년 9월 7일 17시,목요일,대구광역시 달서구 장기동,경상사고,0,0,3,0,차대차 - 정면충돌,안전운전불이행,건조,맑음,기타 - 기타,승용,남,58세,경상,승용,여,53세,경상
2023090700100637,2023년 9월 7일 19시,목요일,대구광역시 남구 봉덕동,경상사고,0,0,1,0,차대사람 - 차도통행중,안전운전불이행,건조,맑음,단일로 - 기타,승합,남,54세,상해없음,보행자,남,52세,경상
2023090700100638,2023년 9월 7일 19시,목요일,대구광역시 동구 율하동,중상사고,0,1,0,0,차대차 - 측면충돌,중앙선침범,건조,맑음,단일로 - 기타,원동기,남,24세,상해없음,원동기,여,46세,중상
2023090700100639,2023년 9월 7일 19시,목요일,대구광역시 동구 신암동,부상신고사고,0,0,0,1,차대차 - 추돌,안전운전불이행,건조,맑음,단일로 - 기타,승용,남,67세,상해없음,승용,여,58세,부상신고
2023090700100640,2023년 9월 7일 19시,목요일,대구광역시 달서구 본동,중상사고,0,1,0,0,차대사람 - 횡단중,보행자보호의무위반,건조,흐림,교차로 - 교차로횡단보도내,승용,남,60세,상해없음,보행자,여,50세,중상
2023090700100665,2023년 9월 7일 20시,목요일,대구광역시 달성군 화원읍,경상사고,0,0,1,0,차대차 - 측면충돌,안전운전불이행,건조,맑음,기타 - 기타,승용,남,58세,상해없음,승용,남,32세,경상
2023090700100666,2023년 9월 7일 20시,목요일,대구광역시 북구 침산동,경상사고,0,0,1,0,차대사람 - 횡단중,신호위반,건조,맑음,단일로 - 기타,이륜,남,16세,상해없음,보행자,여,36세,경상
2023090700100685,2023년 9월 7일 21시,목요일,대구광역시 달서구 진천동,중상사고,0,1,0,0,차대사람 - 차도통행중,안전운전불이행,건조,맑음,단일로 - 기타,승용,남,62세,상해없음,보행자,여,31세,중상
2023090700100686,2023년 9월 7일 21시,목요일,대구광역시 달성군 다사읍,경상사고,0,0,1,0,차대사람 - 기타,교차로운행방법위반,건조,맑음,기타 - 기타,승용,여,59세,상해없음,보행자,여,12세,경상
2023090700100687,2023년 9월 7일 21시,목요일,대구광역시 달서구 이곡동,중상사고,0,1,0,0,차대차 - 기타,안전운전불이행,건조,맑음,단일로 - 기타,승용,남,67세,기타불명,이륜,남,36세,중상
2023090700100710,2023년 9월 7일 22시,목요일,대구광역시 중구 동문동,경상사고,0,0,2,0,차대차 - 측면충돌,안전운전불이행,건조,맑음,교차로 - 교차로부근,승용,남,59세,상해없음,승용,남,23세,경상
2023090700100730,2023년 9월 7일 23시,목요일,대구광역시 군위군 효령면,중상사고,0,1,1,0,차대차 - 추돌,안전운전불이행,건조,맑음,단일로 - 기타,승용,남,51세,상해없음,화물,남,49세,경상
2023090700100733,2023년 9월 7일 23시,목요일,대구광역시 수성구 매호동,경상사고,0,0,2,1,차대차 - 기타,안전운전불이행,건조,맑음,단일로 - 기타,승용,남,46세,상해없음,승용,남,50세,부상신고
2023090800100016,2023년 9월 8일 01시,금요일,대구광역시 남구 봉덕동,중상사고,0,2,0,0,차량단독 - 공작물충돌,안전운전불이행,건조,맑음,기타 - 기타,이륜,남,15세,중상,,,,
2023090800100022,2023년 9월 8일 02시,금요일,대구광역시 서구 내당동,중상사고,0,1,0,0,차대차 - 측면충돌,불법유턴,건조,맑음,교차로 - 교차로부근,승용,남,34세,상해없음,이륜,남,25세,중상
2023090800100048,2023년 9월 8일 05시,금요일,대구광역시 중구 동인동1가,중상사고,0,1,1,0,차대차 - 측면충돌,안전운전불이행,건조,맑음,교차로 - 교차로부근,승용,남,60세,상해없음,이륜,남,65세,중상
2023090800100076,2023년 9월 8일 07시,금요일,대구광역시 수성구 범물동,경상사고,0,0,1,0,차대차 - 기타,교차로운행방법위반,건조,맑음,교차로 - 교차로안,승용,남,56세,상해없음,승용,여,33세,경상
2023090800100126,2023년 9월 8일 08시,금요일,대구광역시 동구 신서동,경상사고,0,0,1,0,차대차 - 기타,안전운전불이행,건조,맑음,기타 - 기타,승용,남,79세,상해없음,승용,남,22세,경상
2023090800100127,2023년 9월 8일 08시,금요일,대구광역시 달서구 도원동,경상사고,0,0,1,0,차대차 - 측면충돌,안전운전불이행,건조,맑음,기타 - 기타,승용,남,55세,상해없음,자전거,남,71세,경상
2023090800100232,2023년 9월 8일 11시,금요일,대구광역시 달서구 송현동,경상사고,0,0,1,0,차대차 - 측면충돌,신호위반,건조,맑음,교차로 - 교차로안,승용,남,32세,상해없음,이륜,남,32세,경상
2023090800100310,2023년 9월 8일 13시,금요일,대구광역시 수성구 두산동,경상사고,0,0,1,0,차대사람 - 횡단중,보행자보호의무위반,건조,맑음,단일로 - 기타,승용,여,46세,상해없음,보행자,여,79세,경상
2023090800100311,2023년 9월 8일 13시,금요일,대구광역시 달서구 대천동,경상사고,0,0,1,0,차대차 - 측면충돌,안전거리미확보,건조,맑음,교차로 - 교차로안,건설기계,남,58세,상해없음,승용,여,54세,경상
2023090800100312,2023년 9월 8일 13시,금요일,대구광역시 북구 서변동,경상사고,0,0,1,0,차대차 - 측면충돌,안전거리미확보,건조,맑음,단일로 - 기타,승용,여,75세,상해없음,화물,남,32세,경상
2023090800100342,2023년 9월 8일 14시,금요일,대구광역시 서구 중리동,경상사고,0,0,1,0,차대차 - 측면충돌,안전운전불이행,건조,맑음,단일로 - 터널,화물,남,76세,상해없음,화물,남,30세,경상
2023090800100345,2023년 9월 8일 14시,금요일,대구광역시 중구 남산동,경상사고,0,0,1,0,차대차 - 측면충돌,안전운전불이행,건조,맑음,교차로 - 교차로부근,승용,남,66세,기타불명,승용,남,56세,경상
2023090800100380,2023년 9월 8일 15시,금요일,대구광역시 북구 고성동3가,경상사고,0,0,1,0,차대차 - 기타,안전운전불이행,건조,맑음,기타 - 기타,승용,여,51세,상해없음,원동기,남,25세,경상
2023090800100440,2023년 9월 8일 16시,금요일,대구광역시 달서구 송현동,경상사고,0,0,1,0,차대차 - 기타,안전운전불이행,건조,맑음,단일로 - 기타,승용,남,69세,상해없음,화물,남,27세,경상
2023090800100441,2023년 9월 8일 16시,금요일,대구광역시 달성군 다사읍,경상사고,0,0,3,0,차대차 - 기타,안전운전불이행,건조,맑음,교차로 - 교차로부근,이륜,남,30세,경상,승용,여,44세,경상
2023090800100442,2023년 9월 8일 16시,금요일,대구광역시 달성군 옥포읍,경상사고,0,0,1,0,차대차 - 기타,안전운전불이행,건조,맑음,기타 - 기타,화물,남,67세,상해없음,화물,남,31세,경상
2023090800100443,2023년 9월 8일 16시,금요일,대구광역시 서구 중리동,경상사고,0,0,2,0,차대차 - 측면충돌,직진우회전진행방해,건조,맑음,교차로 - 교차로안,승용,남,32세,경상,승용,여,45세,경상
2023090800100444,2023년 9월 8일 16시,금요일,대구광역시 북구 태전동,중상사고,0,1,3,0,차대차 - 추돌,안전거리미확보,건조,맑음,단일로 - 지하차도(도로)내,승용,남,26세,상해없음,승용,여,43세,상해없음
2023090800100520,2023년 9월 8일 17시,금요일,대구광역시 남구 봉덕동,중상사고,0,1,0,0,차대차 - 측면충돌,교차로운행방법위반,건조,맑음,단일로 - 기타,승용,남,32세,상해없음,승용,남,60세,중상
2023090800100521,2023년 9월 8일 17시,금요일,대구광역시 수성구 파동,중상사고,0,1,0,0,차대사람 - 기타,기타,건조,맑음,단일로 - 기타,화물,남,59세,상해없음,보행자,남,71세,중상