사고번호,사고일시,요일,시군구,사고내용,사망자수,중상자수,경상자수,부상신고자수,사고유형,법규위반,노면상태,기상상태,도로형태,가해운전자 차종,가해운전자 성별,가해운전자 연령,가해운전자 상해정도,피해운전자 차종,피해운전자 성별,피해운전자 연령,피해운전자 상해정도
2023090800100575,2023년 9월 8일 18시,금요일,대구광역시 수성구 상동,경상사고,0,0,2,0,차대차 - 측면충돌,안전운전불이행,건조,맑음,교차로 - 교차로부근,승용,남,48세,상해없음,승용,남,52세,경상
2023090800100624,2023년 9월 8일 19시,금요일,대구광역시 동구 신서동,경상사고,0,0,1,0,차대사람 - 길가장자리구역통행중,기타,건조,맑음,단일로 - 기타,승용,여,53세,상해없음,보행자,여,15세,경상
2023090800100625,2023년 9월 8일 19시,금요일,대구광역시 동구 백안동,중상사고,0,1,0,0,차대사람 - 차도통행중,안전운전불이행,건조,맑음,단일로 - 기타,승용,남,72세,상해없음,보행자,남,50세,중상
2023090800100626,2023년 9월 8일 19시,금요일,대구광역시 달서구 상인동,경상사고,0,0,1,0,차대차 - 측면충돌,안전운전불이행,건조,맑음,교차로 - 교차로안,승용,남,56세,상해없음,이륜,남,25세,경상
2023090800100627,2023년 9월 8일 19시,금요일,대구광역시 달성군 다사읍,경상사고,0,0,1,0,차량단독 - 전도전복 - 전도,안전운전불이행,건조,맑음,교차로 - 교차로안,이륜,남,50세,경상,,,,
2023090800100628,2023년 9월 8일 19시,금요일,대구광역시 달서구 장기동,중상사고,0,1,0,0,차대차 - 추돌,안전운전불이행,건조,맑음,단일로 - 지하차도(도로)내,승용,남,49세,상해없음,승용,여,56세,상해없음
2023090800100712,2023년 9월 8일 22시,금요일,대구광역시 수성구 범어동,경상사고,0,0,1,0,차대사람 - 횡단중,신호위반,건조,맑음,교차로 - 교차로횡단보도내,승용,남,54세,상해없음,보행자,여,47세,경상
2023090800100713,2023년 9월 8일 22시,금요일,대구광역시 달성군 화원읍,경상사고,0,0,1,0,차대차 - 기타,신호위반,건조,맑음,기타 - 기타,승용,여,65세,상해없음,승용,남,31세,경상
2023090800100714,2023년 9월 8일 22시,금요일,대구광역시 중구 동인동2가,부상신고사고,0,0,0,1,차대사람 - 횡단중,보행자보호의무위반,건조,맑음,단일로 - 기타,승용,남,36세,상해없음,보행자,남,61세,부상신고
2023090800100733,2023년 9월 8일 23시,금요일,대구광역시 달성군 화원읍,경상사고,0,0,1,0,차대사람 - 기타,안전운전불이행,건조,맑음,기타 - 기타,승합,남,45세,상해없음,보행자,남,19세,경상
2023090900100017,2023년 9월 9일 00시,토요일,대구광역시 동구 입석동,경상사고,0,0,3,0,차대차 - 측면충돌,안전거리미확보,건조,맑음,단일로 - 기타,승용,여,58세,상해없음,승용,남,46세,경상
2023090900100033,2023년 9월 9일 02시,토요일,대구광역시 달서구 호산동,경상사고,0,0,2,0,차대차 - 추돌,안전운전불이행,건조,맑음,교차로 - 교차로부근,승용,남,41세,상해없음,승용,남,38세,경상
2023090900100074,2023년 9월 9일 06시,토요일,대구광역시 수성구 수성동1가,부상신고사고,0,0,0,1,차대사람 - 기타,기타,건조,맑음,단일로 - 기타,승용,여,76세,상해없음,보행자,여,51세,부상신고
2023090900100091,2023년 9월 9일 07시,토요일,대구광역시 달서구 본동,경상사고,0,0,1,0,차대차 - 추돌,안전운전불이행,건조,맑음,교차로 - 교차로부근,승용,남,36세,상해없음,승용,남,47세,경상
2023090900100115,2023년 9월 9일 08시,토요일,대구광역시 달서구 신당동,경상사고,0,0,1,0,차대차 - 측면충돌,안전운전불이행,건조,맑음,단일로 - 기타,승용,남,73세,상해없음,승용,남,39세,상해없음
2023090900100141,2023년 9월 9일 09시,토요일,대구광역시 동구 신천동,경상사고,0,0,3,0,차대차 - 정면충돌,안전운전불이행,건조,맑음,교차로 - 교차로안,승용,남,72세,기타불명,승용,남,65세,경상
2023090900100142,2023년 9월 9일 09시,토요일,대구광역시 달서구 유천동,경상사고,0,0,1,0,차대차 - 측면충돌,불법유턴,건조,맑음,교차로 - 교차로부근,자전거,여,77세,경상,승용,여,52세,상해없음
2023090900100143,2023년 9월 9일 09시,토요일,대구광역시 북구 노원동2가,중상사고,0,1,2,0,차대차 - 기타,안전거리미확보,건조,맑음,단일로 - 기타,승용,남,18세,상해없음,승용,남,49세,경상
2023090900100144,2023년 9월 9일 09시,토요일,대구광역시 서구 비산동,중상사고,0,1,0,0,차대차 - 측면충돌,안전운전불이행,건조,맑음,교차로 - 교차로부근,자전거,남,63세,중상,승용,남,68세,상해없음
2023090900100145,2023년 9월 9일 09시,토요일,대구광역시 중구 남산동,중상사고,0,1,0,0,차대차 - 측면충돌,안전운전불이행,건조,맑음,교차로 - 교차로안,승용,남,59세,상해없음,자전거,남,41세,중상
2023090900100190,2023년 9월 9일 10시,토요일,대구광역시 수성구 욱수동,중상사고,0,1,0,0,차대차 - 측면충돌,안전거리미확보,건조,맑음,교차로 - 교차로부근,승용,남,75세,상해없음,이륜,남,44세,중상
2023090900100191,2023년 9월 9일 10시,토요일,대구광역시 북구 대현동,경상사고,0,0,2,0,차대차 - 기타,안전거리미확보,건조,맑음,단일로 - 기타,승용,남,62세,상해없음,승용,남,30세,경상
2023090900100231,2023년 9월 9일 11시,토요일,대구광역시 동구 율하동,경상사고,0,0,1,0,차대차 - 추돌,안전운전불이행,건조,맑음,단일로 - 기타,이륜,기타불명,미분류,기타불명,승용,여,47세,경상
2023090900100281,2023년 9월 9일 12시,토요일,대구광역시 수성구 두산동,경상사고,0,0,1,0,차대차 - 후진중충돌,안전운전불이행,건조,맑음,단일로 - 기타,화물,여,24세,상해없음,승용,남,29세,경상
2023090900100282,2023년 9월 9일 12시,토요일,대구광역시 북구 복현동,경상사고,0,0,1,0,차대차 - 측면충돌,안전거리미확보,건조,맑음,교차로 - 교차로부근,승용,여,51세,상해없음,승용,여,48세,경상
2023090900100327,2023년 9월 9일 13시,토요일,대구광역시 남구 대명동,경상사고,0,0,1,0,차대차 - 기타,안전운전불이행,건조,맑음,기타 - 기타,승용,남,76세,상해없음,승용,남,36세,경상
2023090900100328,2023년 9월 9일 13시,토요일,대구광역시 동구 각산동,경상사고,0,0,1,0,차대차 - 측면충돌,신호위반,건조,맑음,교차로 - 교차로안,이륜,남,76세,경상,승용,남,60세,상해없음
2023090900100329,2023년 9월 9일 13시,토요일,대구광역시 달서구 본동,경상사고,0,0,1,0,차대차 - 측면충돌,신호위반,건조,맑음,교차로 - 교차로안,승용,남,65세,상해없음,승용,남,40세,경상
2023090900100366,2023년 9월 9일 14시,토요일,대구광역시 수성구 범어동,경상사고,0,0,5,0,차대차 - 기타,직진우회전진행방해,건조,맑음,교차로 - 교차로안,승용,여,50세,경상,승용,남,24세,경상
2023090900100367,2023년 9월 9일 14시,토요일,대구광역시 북구 산격동,경상사고,0,0,1,0,차대차 - 측면충돌,신호위반,건조,맑음,교차로 - 교차로안,승용,남,62세,상해없음,승용,남,44세,경상
2023090900100415,2023년 9월 9일 15시,토요일,대구광역시 수성구 범어동,경상사고,0,0,1,0,차대사람 - 보도통행중,기타,건조,맑음,단일로 - 기타,개인형이동수단(PM),남,23세,상해없음,보행자,여,13세,경상
2023090900100416,2023년 9월 9일 15시,토요일,대구광역시 달서구 죽전동,중상사고,0,1,0,0,차대사람 - 횡단중,보행자보호의무위반,건조,맑음,교차로 - 교차로횡단보도내,승용,남,51세,상해없음,보행자,여,60세,중상
2023090900100417,2023년 9월 9일 15시,토요일,대구광역시 북구 태전동,경상사고,0,0,1,0,차대차 - 측면충돌,안전거리미확보,건조,맑음,교차로 - 교차로부근,화물,남,50세,상해없음,원동기,남,46세,경상
2023090900100496,2023년 9월 9일 17시,토요일,대구광역시 남구 봉덕동,경상사고,0,0,1,0,차량단독 - 공작물충돌,안전운전불이행,건조,맑음,단일로 - 기타,승용,남,68세,경상,,,,
2023090900100497,2023년 9월 9일 17시,토요일,대구광역시 동구 미곡동,경상사고,0,0,2,0,차대차 - 정면충돌,중앙선침범,건조,맑음,단일로 - 기타,이륜,남,36세,상해없음,화물,남,57세,경상
2023090900100498,2023년 9월 9일 17시,토요일,대구광역시 수성구 시지동,경상사고,0,0,1,0,차대차 - 측면충돌,안전운전불이행,건조,맑음,단일로 - 기타,화물,남,74세,상해없음,승용,여,59세,경상
2023090900100499,2023년 9월 9일 17시,토요일,대구광역시 북구 산격동,경상사고,0,0,1,0,차대사람 - 차도통행중,안전운전불이행,건조,맑음,단일로 - 기타,승용,남,73세,상해없음,보행자,여,12세,경상
2023090900100500,2023년 9월 9일 17시,토요일,대구광역시 북구 국우동,중상사고,0,1,0,0,차대사람 - 횡단중,보행자보호의무위반,건조,맑음,교차로 - 교차로안,승용,남,62세,상해없음,보행자,여,60세,중상
2023090900100541,2023년 9월 9일 18시,토요일,대구광역시 달서구 용산동,경상사고,0,0,3,0,차대차 - 측면충돌,안전거리미확보,건조,맑음,단일로 - 기타,승용,남,29세,기타불명,승용,여,56세,경상
2023090900100579,2023년 9월 9일 19시,토요일,대구광역시 동구 신천동,경상사고,0,0,1,0,차대차 - 측면충돌,안전운전불이행,건조,맑음,단일로 - 기타,승용,남,30세,상해없음,이륜,남,38세,경상
2023090900100580,2023년 9월 9일 19시,토요일,대구광역시 수성구 두산동,중상사고,0,1,0,0,차대차 - 기타,기타,건조,맑음,단일로 - 기타,승용,남,64세,상해없음,이륜,남,56세,중상
2023090900100615,2023년 9월 9일 20시,토요일,대구광역시 수성구 만촌동,경상사고,0,0,2,0,차대사람 - 횡단중,안전운전불이행,건조,맑음,단일로 - 기타,승용,여,49세,상해없음,보행자,여,16세,경상
2023090900100637,2023년 9월 9일 21시,토요일,대구광역시 동구 신서동,경상사고,0,0,1,0,차대사람 - 기타,안전운전불이행,건조,맑음,단일로 - 기타,개인형이동수단(PM),남,66세,상해없음,보행자,여,20세,경상
2023090900100638,2023년 9월 9일 21시,토요일,대구광역시 달서구 상인동,경상사고,0,0,1,0,차대차 - 측면충돌,안전거리미확보,건조,맑음,교차로 - 교차로부근,승용,남,71세,상해없음,승용,남,31세,경상
2023090900100654,2023년 9월 9일 22시,토요일,대구광역시 동구 신천동,중상사고,0,2,0,0,차대차 - 측면충돌,안전거리미확보,건조,맑음,단일로 - 기타,승용,남,23세,상해없음,승용,남,88세,상해없음
2023090900100655,2023년 9월 9일 22시,토요일,대구광역시 수성구 대흥동,중상사고,0,1,1,0,차대차 - 추돌,안전운전불이행,건조,맑음,교차로 - 교차로부근,승용,여,57세,상해없음,승용,여,38세,경상
2023090900100656,2023년 9월 9일 22시,토요일,대구광역시 수성구 범어동,경상사고,0,0,1,0,차대차 - 추돌,안전운전불이행,건조,맑음,교차로 - 교차로안,승용,남,41세,상해없음,승용,남,31세,경상
2023091000100015,2023년 9월 10일 00시,일요일,대구광역시 달성군 다사읍,경상사고,0,0,5,0,차대차 - 정면충돌,중앙선침범,건조,맑음,교차로 - 교차로부근,승합,남,50세,기타불명,승용,여,64세,경상
2023091000100028,2023년 9월 10일 01시,일요일,대구광역시 동구 신기동,경상사고,0,0,1,3,차량단독 - 공작물충돌,신호위반,건조,맑음,교차로 - 교차로안,승용,남,18세,상해없음,,,,
2023091000100036,2023년 9월 10일 02시,일요일,대구광역시 중구 삼덕동1가,경상사고,0,0,1,0,차대사람 - 기타,안전운전불이행,건조,맑음,단일로 - 기타,승용,남,31세,상해없음,보행자,여,21세,경상
2023091000100063,2023년 9월 10일 06시,일요일,대구광역시 서구 평리동,중상사고,0,1,0,0,차대사람 - 차도통행중,안전운전불이행,건조,맑음,교차로 - 교차로부근,이륜,남,83세,기타불명,보행자,남,79세,중상
2023091000100073,2023년 9월 10일 07시,일요일,대구광역시 달서구 월성동,경상사고,0,0,1,0,차대사람 - 횡단중,보행자보호의무위반,건조,맑음,교차로 - 교차로횡단보도내,승용,남,68세,상해없음,보행자,남,57세,경상
2023091000100103,2023년 9월 10일 09시,일요일,대구광역시 북구 산격동,경상사고,0,0,2,0,차대차 - 측면충돌,교차로운행방법위반,건조,맑음,교차로 - 교차로안,승용,여,57세,상해없음,승용,여,59세,경상
2023091000100121,2023년 9월 10일 10시,일요일,대구광역시 달성군 다사읍,경상사고,0,0,1,0,차대사람 - 보도통행중,기타,건조,맑음,단일로 - 기타,원동기,남,35세,상해없음,보행자,남,43세,경상
2023091000100161,2023년 9월 10일 11시,일요일,대구광역시 동구 검사동,중상사고,0,1,0,0,차대차 - 측면충돌,안전운전불이행,건조,맑음,교차로 - 교차로횡단보도내,화물,남,69세,상해없음,자전거,여,59세,중상
2023091000100162,2023년 9월 10일 11시,일요일,대구광역시 수성구 신매동,경상사고,0,0,1,0,차대차 - 추돌,안전운전불이행,건조,맑음,교차로 - 교차로부근,승용,남,61세,상해없음,이륜,남,32세,경상
2023091000100163,2023년 9월 10일 11시,일요일,대구광역시 북구 동천동,중상사고,0,1,0,0,차대사람 - 차도통행중,안전운전불이행,건조,맑음,단일로 - 기타,화물,남,55세,상해없음,보행자,여,21세,중상
2023091000100187,2023년 9월 10일 12시,일요일,대구광역시 중구 대신동,경상사고,0,0,1,0,차대사람 - 기타,안전운전불이행,건조,맑음,단일로 - 기타,승용,남,60세,기타불명,보행자,남,50세,경상
2023091000100224,2023년 9월 10일 13시,일요일,대구광역시 북구 침산동,경상사고,0,0,1,0,차대차 - 측면충돌,안전운전불이행,건조,맑음,교차로 - 교차로부근,승용,여,30세,기타불명,자전거,남,12세,경상
2023091000100253,2023년 9월 10일 14시,일요일,대구광역시 수성구 상동,경상사고,0,0,2,0,차대차 - 측면충돌,안전운전불이행,건조,맑음,기타 - 기타,승용,여,60세,상해없음,승용,여,25세,경상
2023091000100254,2023년 9월 10일 14시,일요일,대구광역시 달서구 송현동,경상사고,0,0,2,0,차대차 - 측면충돌,직진우회전진행방해,건조,맑음,교차로 - 교차로안,이륜,남,61세,경상,화물,남,33세,경상
2023091000100283,2023년 9월 10일 15시,일요일,대구광역시 북구 복현동,경상사고,0,0,1,0,차대차 - 후진중충돌,안전운전불이행,건조,맑음,단일로 - 기타,승용,남,61세,상해없음,이륜,남,31세,경상
2023091000100316,2023년 9월 10일 16시,일요일,대구광역시 북구 침산동,경상사고,0,0,4,0,차대차 - 추돌,안전거리미확보,건조,맑음,단일로 - 기타,승용,남,37세,경상,화물,남,63세,경상
2023091000100353,2023년 9월 10일 17시,일요일,대구광역시 동구 신암동,경상사고,0,0,1,0,차대사람 - 횡단중,안전운전불이행,건조,맑음,단일로 - 기타,승용,남,34세,상해없음,보행자,여,71세,경상
2023091000100386,2023년 9월 10일 18시,일요일,대구광역시 동구 신암동,경상사고,0,0,1,0,차대차 - 측면충돌,신호위반,건조,맑음,교차로 - 교차로부근,승용,여,36세,상해없음,승용,남,29세,경상
2023091000100387,2023년 9월 10일 18시,일요일,대구광역시 서구 중리동,경상사고,0,0,1,0,차대차 - 기타,안전거리미확보,건조,맑음,단일로 - 기타,화물,남,66세,상해없음,승용,남,31세,경상
2023091000100407,2023년 9월 10일 19시,일요일,대구광역시 달서구 신당동,경상사고,0,0,2,0,차대차 - 후진중충돌,불법유턴,건조,맑음,단일로 - 기타,화물,남,61세,상해없음,승용,여,20세,경상
2023091000100408,2023년 9월 10일 19시,일요일,대구광역시 북구 읍내동,경상사고,0,0,1,0,차대사람 - 횡단중,보행자보호의무위반,건조,맑음,교차로 - 교차로횡단보도내,승용,여,78세,상해없음,보행자,여,54세,경상
2023091000100434,2023년 9월 10일 20시,일요일,대구광역시 달서구 상인동,중상사고,0,1,0,0,차대사람 - 차도통행중,안전운전불이행,건조,맑음,단일로 - 기타,이륜,남,50세,상해없음,보행자,남,58세,중상
2023091000100435,2023년 9월 10일 20시,일요일,대구광역시 달성군 옥포읍,경상사고,0,0,2,0,차대차 - 기타,안전운전불이행,건조,맑음,단일로 - 기타,화물,여,59세,경상,승용,여,55세,상해없음
2023091000100436,2023년 9월 10일 20시,일요일,대구광역시 서구 비산동,중상사고,0,1,0,0,차대차 - 기타,신호위반,건조,맑음,단일로 - 기타,승용,남,69세,상해없음,자전거,남,31세,중상
2023091000100437,2023년 9월 10일 20시,일요일,대구광역시 달서구 감삼동,경상사고,0,0,1,0,차대차 - 측면충돌,신호위반,건조,맑음,교차로 - 교차로안,승용,남,22세,상해없음,이륜,남,23세,경상
2023091000100451,2023년 9월 10일 21시,일요일,대구광역시 달성군 다사읍,중상사고,0,1,0,0,차대사람 - 횡단중,안전운전불이행,건조,맑음,단일로 - 기타,화물,남,50세,상해없음,보행자,남,44세,중상
2023091000100478,2023년 9월 10일 23시,일요일,대구광역시 동구 효목동,중상사고,0,1,0,0,차대차 - 추돌,안전운전불이행,건조,맑음,단일로 - 기타,승합,남,32세,상해없음,이륜,남,40세,중상
2023091100100089,2023년 9월 11일 07시,월요일,대구광역시 수성구 황금동,경상사고,0,0,2,0,차대차 - 추돌,안전운전불이행,건조,맑음,단일로 - 기타,이륜,남,34세,기타불명,승용,남,29세,경상
2023091100100134,2023년 9월 11일 08시,월요일,대구광역시 달성군 옥포읍,중상사고,0,1,0,0,차대사람 - 기타,보행자보호의무위반,건조,맑음,단일로 - 기타,승용,여,44세,상해없음,보행자,여,46세,중상
2023091100100135,2023년 9월 11일 08시,월요일,대구광역시 북구 구암동,경상사고,0,0,1,0,차대사람 - 횡단중,보행자보호의무위반,건조,맑음,단일로 - 기타,승용,남,35세,상해없음,보행자,여,33세,경상
2023091100100184,2023년 9월 11일 09시,월요일,대구광역시 동구 신암동,경상사고,0,0,2,0,차대차 - 측면충돌,안전거리미확보,건조,맑음,단일로 - 기타,원동기,남,81세,경상,승용,남,54세,상해없음
2023091100100185,2023년 9월 11일 09시,월요일,대구광역시 달서구 진천동,경상사고,0,0,1,0,차대차 - 측면충돌,안전운전불이행,건조,맑음,단일로 - 기타,화물,남,53세,상해없음,자전거,남,19세,경상
2023091100100186,2023년 9월 11일 09시,월요일,대구광역시 서구 비산동,경상사고,0,0,1,0,차대차 - 측면충돌,신호위반,건조,맑음,교차로 - 교차로안,승용,여,24세,상해없음,승용,남,40세,경상
2023091100100269,2023년 9월 11일 11시,월요일,대구광역시 달서구 상인동,경상사고,0,0,1,0,차대차 - 측면충돌,안전거리미확보,건조,맑음,단일로 - 기타,승용,남,82세,상해없음,승용,남,26세,경상
2023091100100342,2023년 9월 11일 13시,월요일,대구광역시 달성군 가창면,경상사고,0,0,1,0,차대차 - 측면충돌,안전운전불이행,건조,맑음,교차로 - 교차로부근,승용,남,84세,상해없음,승용,남,48세,경상
2023091100100343,2023년 9월 11일 13시,월요일,대구광역시 북구 칠성동1가,경상사고,0,0,1,0,차대차 - 측면충돌,교차로운행방법위반,건조,맑음,교차로 - 교차로안,승용,남,21세,상해없음,승용,남,38세,경상
2023091100100344,2023년 9월 11일 13시,월요일,대구광역시 달서구 신당동,경상사고,0,0,2,0,차대차 - 정면충돌,직진우회전진행방해,건조,맑음,교차로 - 교차로안,화물,남,67세,경상,화물,남,55세,경상
2023091100100370,2023년 9월 11일 14시,월요일,대구광역시 수성구 지산동,경상사고,0,0,2,0,차대차 - 추돌,안전운전불이행,건조,맑음,교차로 - 교차로부근,승용,남,80세,상해없음,승용,여,52세,경상
2023091100100371,2023년 9월 11일 14시,월요일,대구광역시 달서구 두류동,경상사고,0,0,1,0,차대차 - 측면충돌,불법유턴,건조,맑음,교차로 - 교차로안,승용,여,66세,상해없음,이륜,남,40세,경상
2023091100100403,2023년 9월 11일 15시,월요일,대구광역시 달성군 옥포읍,중상사고,0,1,0,0,차대차 - 추돌,안전운전불이행,건조,맑음,단일로 - 기타,건설기계,남,57세,상해없음,화물,남,67세,중상
2023091100100482,2023년 9월 11일 17시,월요일,대구광역시 수성구 범어동,중상사고,0,1,2,0,차대차 - 기타,안전거리미확보,건조,맑음,단일로 - 기타,승용,남,45세,상해없음,승용,남,68세,경상
2023091100100483,2023년 9월 11일 17시,월요일,대구광역시 수성구 수성동1가,경상사고,0,0,2,0,차대차 - 기타,안전거리미확보,건조,맑음,기타 - 기타,승용,남,62세,경상,승용,남,44세,경상
2023091100100484,2023년 9월 11일 17시,월요일,대구광역시 북구 산격동,경상사고,0,0,1,0,차대차 - 측면충돌,안전운전불이행,건조,맑음,교차로 - 교차로안,승용,남,66세,상해없음,승용,여,35세,경상
2023091100100527,2023년 9월 11일 18시,월요일,대구광역시 서구 비산동,경상사고,0,0,1,0,차대차 - 측면충돌,신호위반,건조,맑음,교차로 - 교차로안,화물,남,72세,상해없음,이륜,남,23세,경상
2023091100100563,2023년 9월 11일 19시,월요일,대구광역시 동구 율암동,경상사고,0,0,1,0,차대차 - 추돌,안전운전불이행,건조,맑음,단일로 - 지하차도(도로)내,승용,여,63세,상해없음,승용,남,37세,경상
2023091100100582,2023년 9월 11일 20시,월요일,대구광역시 달성군 다사읍,중상사고,0,1,0,0,차대차 - 기타,교차로운행방법위반,건조,맑음,기타 - 기타,승용,여,53세,상해없음,이륜,남,63세,중상
2023091100100583,2023년 9월 11일 20시,월요일,대구광역시 중구 문화동,경상사고,0,0,1,0,차대차 - 추돌,안전운전불이행,건조,맑음,단일로 - 기타,승용,남,55세,기타불명,이륜,남,40세,경상
2023091100100619,2023년 9월 11일 23시,월요일,대구광역시 동구 율하동,경상사고,0,0,1,0,차대차 - 기타,안전운전불이행,건조,맑음,단일로 - 기타,승용,여,25세,상해없음,이륜,남,27세,경상
2023091100100620,2023년 9월 11일 23시,월요일,대구광역시 동구 효목동,경상사고,0,0,1,0,차대차 - 기타,안전운전불이행,건조,맑음,단일로 - 기타,승용,남,43세,상해없음,승용,남,59세,경상
2023091100100621,2023년 9월 11일 23시,월요일,대구광역시 달서구 용산동,중상사고,0,1,0,0,차대사람 - 횡단중,안전운전불이행,건조,맑음,교차로 - 교차로횡단보도내,승용,남,68세,상해없음,보행자,남,38세,중상
2023091200100012,2023년 9월 12일 01시,화요일,대구광역시 서구 내당동,경상사고,0,0,1,1,차대차 - 측면충돌,중앙선침범,건조,맑음,교차로 - 교차로안,이륜,남,24세,부상신고,승용,남,60세,경상
2023091200100013,2023년 9월 12일 01시,화요일,대구광역시 중구 삼덕동2가,경상사고,0,0,1,0,차대차 - 추돌,안전운전불이행,건조,맑음,단일로 - 기타,이륜,남,38세,상해없음,승용,남,49세,경상
2023091200100116,2023년 9월 12일 08시,화요일,대구광역시 군위군 군위읍,중상사고,0,2,0,0,차대차 - 추돌,안전운전불이행,건조,맑음,단일로 - 기타,승용,여,76세,중상,승용,남,69세,중상
2023091200100123,2023년 9월 12일 08시,화요일,대구광역시 달서구 도원동,경상사고,0,0,1,0,차대차 - 측면충돌,기타,건조,맑음,교차로 - 교차로부근,승용,여,33세,상해없음,자전거,여,74세,경상
2023091200100165,2023년 9월 12일 09시,화요일,대구광역시 달성군 유가읍,경상사고,0,0,1,0,차대차 - 기타,안전운전불이행,건조,맑음,교차로 - 교차로안,승용,여,70세,상해없음,화물,남,65세,경상
2023091200100197,2023년 9월 12일 10시,화요일,대구광역시 남구 봉덕동,중상사고,0,1,1,0,차대차 - 측면충돌,기타,건조,맑음,기타 - 기타,승용,남,73세,상해없음,승용,여,63세,상해없음
2023091200100198,2023년 9월 12일 10시,화요일,대구광역시 동구 신암동,경상사고,0,0,2,0,차대차 - 후진중충돌,불법유턴,건조,맑음,단일로 - 기타,화물,남,41세,상해없음,승용,여,61세,경상
2023091200100199,2023년 9월 12일 10시,화요일,대구광역시 달성군 현풍읍,경상사고,0,0,2,0,차대차 - 기타,안전운전불이행,건조,맑음,단일로 - 기타,승용,남,44세,경상,승용,여,36세,상해없음
2023091200100243,2023년 9월 12일 11시,화요일,대구광역시 수성구 연호동,경상사고,0,0,2,1,차대차 - 측면충돌,신호위반,건조,맑음,교차로 - 교차로안,승용,남,33세,부상신고,승용,남,53세,경상
2023091200100244,2023년 9월 12일 11시,화요일,대구광역시 북구 칠성동2가,경상사고,0,0,1,0,차대차 - 측면충돌,안전운전불이행,건조,맑음,단일로 - 기타,승용,남,68세,상해없음,승용,남,26세,상해없음
2023091200100275,2023년 9월 12일 12시,화요일,대구광역시 북구 동천동,경상사고,0,0,1,0,차대사람 - 보도통행중,신호위반,건조,맑음,교차로 - 교차로횡단보도내,승용,남,85세,상해없음,보행자,남,51세,경상
2023091200100345,2023년 9월 12일 14시,화요일,대구광역시 달성군 유가읍,경상사고,0,0,1,0,차대차 - 정면충돌,신호위반,건조,맑음,교차로 - 교차로안,승용,여,47세,상해없음,승용,남,44세,경상
2023091200100346,2023년 9월 12일 14시,화요일,대구광역시 북구 산격동,부상신고사고,0,0,0,1,차대차 - 측면충돌,안전운전불이행,건조,맑음,교차로 - 교차로부근,이륜,남,53세,부상신고,화물,남,64세,상해없음
2023091200100422,2023년 9월 12일 16시,화요일,대구광역시 중구 동인동4가,경상사고,0,0,1,0,차대차 - 추돌,안전운전불이행,건조,맑음,기타 - 기타,자전거,남,12세,상해없음,자전거,여,64세,경상
2023091200100423,2023년 9월 12일 16시,화요일,대구광역시 북구 학정동,경상사고,0,0,1,0,차대사람 - 횡단중,보행자보호의무위반,건조,맑음,교차로 - 교차로횡단보도내,승용,남,33세,상해없음,보행자,여,64세,경상
2023091200100475,2023년 9월 12일 17시,화요일,대구광역시 달서구 월성동,경상사고,0,0,1,0,차대사람 - 기타,기타,건조,맑음,단일로 - 기타,원동기,남,50세,상해없음,보행자,여,45세,경상
2023091200100477,2023년 9월 12일 17시,화요일,대구광역시 서구 내당동,경상사고,0,0,1,0,차대차 - 추돌,안전운전불이행,건조,맑음,단일로 - 기타,승용,여,31세,상해없음,승용,여,59세,경상
2023091200100511,2023년 9월 12일 18시,화요일,대구광역시 동구 동호동,중상사고,0,1,0,0,차대사람 - 횡단중,보행자보호의무위반,건조,맑음,교차로 - 교차로횡단보도내,승용,여,41세,상해없음,보행자,여,25세,중상
2023091200100512,2023년 9월 12일 18시,화요일,대구광역시 북구 복현동,중상사고,0,1,0,0,차량단독 - 기타,교차로운행방법위반,건조,맑음,교차로 - 교차로안,승합,남,41세,상해없음,,,,
2023091200100513,2023년 9월 12일 18시,화요일,대구광역시 북구 국우동,중상사고,0,1,0,0,차대차 - 측면충돌,신호위반,건조,맑음,교차로 - 교차로안,승용,남,71세,상해없음,이륜,남,57세,중상
2023091200100559,2023년 9월 12일 19시,화요일,대구광역시 수성구 범어동,부상신고사고,0,0,0,1,차대사람 - 기타,기타,건조,맑음,기타 - 기타,기타불명,기타불명,미분류,기타불명,보행자,여,29세,부상신고
2023091200100560,2023년 9월 12일 19시,화요일,대구광역시 달서구 월성동,경상사고,0,0,1,0,차대차 - 측면충돌,교차로운행방법위반,건조,맑음,교차로 - 교차로안,승용,남,41세,상해없음,이륜,남,29세,경상
2023091200100561,2023년 9월 12일 19시,화요일,대구광역시 서구 내당동,경상사고,0,0,1,0,차대차 - 측면충돌,신호위반,건조,맑음,단일로 - 기타,승용,여,31세,상해없음,승용,여,52세,경상
2023091200100586,2023년 9월 12일 20시,화요일,대구광역시 달성군 현풍읍,중상사고,0,1,1,0,차대차 - 기타,안전운전불이행,건조,맑음,기타 - 기타,승용,남,74세,상해없음,승용,남,45세,경상
2023091200100632,2023년 9월 12일 22시,화요일,대구광역시 남구 대명동,중상사고,0,1,0,0,차대사람 - 횡단중,신호위반,건조,맑음,교차로 - 교차로횡단보도내,이륜,남,30세,상해없음,보행자,여,54세,중상
2023091200100633,2023년 9월 12일 22시,화요일,대구광역시 수성구 수성동4가,경상사고,0,0,1,0,차대차 - 측면충돌,안전거리미확보,젖음/습기,맑음,단일로 - 기타,승용,여,26세,상해없음,승용,남,23세,경상
2023091200100634,2023년 9월 12일 22시,화요일,대구광역시 북구 학정동,중상사고,0,1,0,0,차대사람 - 기타,안전운전불이행,건조,맑음,단일로 - 기타,승합,남,53세,상해없음,보행자,여,18세,중상
2023091200100656,2023년 9월 12일 23시,화요일,대구광역시 동구 각산동,경상사고,0,0,1,0,차대차 - 정면충돌,교차로운행방법위반,건조,맑음,교차로 - 교차로안,승용,여,27세,상해없음,승용,여,56세,경상