사고번호,사고일시,요일,시군구,사고내용,사망자수,중상자수,경상자수,부상신고자수,사고유형,법규위반,노면상태,기상상태,도로형태,가해운전자 차종,가해운전자 성별,가해운전자 연령,가해운전자 상해정도,피해운전자 차종,피해운전자 성별,피해운전자 연령,피해운전자 상해정도
2023091300100042,2023년 9월 13일 05시,수요일,대구광역시 북구 노원동3가,중상사고,0,1,0,0,차대차 - 측면충돌,직진우회전진행방해,건조,맑음,교차로 - 교차로안,승용,남,23세,상해없음,자전거,남,74세,중상
2023091300100043,2023년 9월 13일 05시,수요일,대구광역시 달서구 죽전동,중상사고,0,1,0,0,차대차 - 측면충돌,기타,건조,맑음,단일로 - 기타,화물,남,64세,상해없음,자전거,남,79세,중상
2023091300100131,2023년 9월 13일 08시,수요일,대구광역시 군위군 의흥면,중상사고,0,1,3,0,차대차 - 측면충돌,안전운전불이행,건조,맑음,단일로 - 기타,이륜,남,76세,중상,승용,남,37세,경상
2023091300100133,2023년 9월 13일 08시,수요일,대구광역시 북구 대현동,부상신고사고,0,0,0,1,차대차 - 측면충돌,안전운전불이행,건조,맑음,단일로 - 기타,개인형이동수단(PM),여,14세,부상신고,승용,남,33세,상해없음
2023091300100174,2023년 9월 13일 09시,수요일,대구광역시 중구 태평로2가,경상사고,0,0,1,0,차대차 - 추돌,안전운전불이행,건조,맑음,단일로 - 기타,화물,남,60세,상해없음,승용,남,74세,경상
2023091300100203,2023년 9월 13일 10시,수요일,대구광역시 수성구 범물동,경상사고,0,0,2,0,차대차 - 추돌,안전운전불이행,건조,맑음,단일로 - 기타,승용,남,28세,기타불명,화물,남,40세,경상
2023091300100228,2023년 9월 13일 11시,수요일,대구광역시 중구 남산동,경상사고,0,0,1,0,차대차 - 기타,안전운전불이행,건조,흐림,교차로 - 교차로부근,승용,여,38세,상해없음,승용,여,62세,경상
2023091300100260,2023년 9월 13일 12시,수요일,대구광역시 달서구 대곡동,경상사고,0,0,1,0,차대사람 - 횡단중,보행자보호의무위반,건조,맑음,교차로 - 교차로횡단보도내,화물,남,67세,상해없음,보행자,여,56세,경상
2023091300100261,2023년 9월 13일 12시,수요일,대구광역시 북구 칠성동1가,중상사고,0,1,0,0,차대차 - 추돌,안전거리미확보,건조,맑음,단일로 - 기타,승용,남,70세,상해없음,승합,남,51세,상해없음
2023091300100262,2023년 9월 13일 12시,수요일,대구광역시 중구 태평로3가,중상사고,0,1,0,0,차대차 - 측면충돌,안전운전불이행,건조,맑음,단일로 - 기타,승용,여,26세,상해없음,이륜,남,68세,중상
2023091300100331,2023년 9월 13일 14시,수요일,대구광역시 군위군 효령면,중상사고,0,1,1,0,차대차 - 추돌,안전운전불이행,건조,맑음,단일로 - 기타,화물,남,52세,중상,화물,남,55세,경상
2023091300100332,2023년 9월 13일 14시,수요일,대구광역시 수성구 수성동4가,경상사고,0,0,1,0,차대차 - 측면충돌,교차로운행방법위반,건조,맑음,교차로 - 교차로부근,승용,남,75세,상해없음,승합,남,70세,상해없음
2023091300100333,2023년 9월 13일 14시,수요일,대구광역시 북구 노원동3가,중상사고,0,1,0,0,차대사람 - 횡단중,신호위반,건조,맑음,단일로 - 기타,건설기계,남,64세,상해없음,보행자,여,60세,중상
2023091300100372,2023년 9월 13일 15시,수요일,대구광역시 동구 신천동,경상사고,0,0,1,0,차대차 - 기타,안전운전불이행,건조,맑음,단일로 - 기타,자전거,남,71세,경상,승용,남,62세,상해없음
2023091300100373,2023년 9월 13일 15시,수요일,대구광역시 수성구 수성동4가,부상신고사고,0,0,0,1,차대사람 - 보도통행중,보행자보호의무위반,건조,맑음,교차로 - 교차로안,기타불명,기타불명,미분류,기타불명,보행자,남,41세,부상신고
2023091300100374,2023년 9월 13일 15시,수요일,대구광역시 서구 원대동3가,경상사고,0,0,1,0,차대사람 - 길가장자리구역통행중,보행자보호의무위반,건조,맑음,교차로 - 교차로횡단보도내,승합,남,61세,상해없음,보행자,남,83세,경상
2023091300100375,2023년 9월 13일 15시,수요일,대구광역시 달서구 본리동,경상사고,0,0,2,0,차대차 - 기타,안전거리미확보,건조,맑음,단일로 - 기타,승용,남,52세,상해없음,승용,남,82세,경상
2023091300100414,2023년 9월 13일 16시,수요일,대구광역시 동구 신암동,경상사고,0,0,1,0,차대차 - 측면충돌,안전운전불이행,건조,맑음,단일로 - 기타,승용,여,30세,상해없음,자전거,남,73세,경상
2023091300100415,2023년 9월 13일 16시,수요일,대구광역시 달서구 대천동,경상사고,0,0,2,0,차대차 - 측면충돌,안전거리미확보,건조,맑음,교차로 - 교차로부근,승용,남,55세,상해없음,승용,남,29세,상해없음
2023091300100416,2023년 9월 13일 16시,수요일,대구광역시 달성군 논공읍,중상사고,0,1,0,0,차대차 - 기타,안전운전불이행,건조,맑음,교차로 - 교차로부근,승용,남,65세,상해없음,화물,남,58세,중상
2023091300100417,2023년 9월 13일 16시,수요일,대구광역시 달성군 구지면,경상사고,0,0,1,0,차대차 - 기타,직진우회전진행방해,건조,맑음,교차로 - 교차로부근,승용,여,35세,상해없음,승합,남,50세,경상
2023091300100459,2023년 9월 13일 17시,수요일,대구광역시 서구 원대동3가,경상사고,0,0,1,0,차대차 - 측면충돌,직진우회전진행방해,건조,맑음,교차로 - 교차로안,자전거,남,63세,경상,승용,여,34세,상해없음
2023091300100460,2023년 9월 13일 17시,수요일,대구광역시 서구 비산동,중상사고,0,1,4,0,차량단독 - 기타,안전운전불이행,건조,맑음,단일로 - 기타,승합,남,51세,상해없음,,,,
2023091300100516,2023년 9월 13일 18시,수요일,대구광역시 동구 신암동,경상사고,0,0,1,0,차대차 - 측면충돌,안전거리미확보,건조,맑음,단일로 - 기타,화물,남,65세,기타불명,이륜,남,31세,경상
2023091300100517,2023년 9월 13일 18시,수요일,대구광역시 달서구 본동,경상사고,0,0,1,0,차대차 - 측면충돌,안전거리미확보,건조,맑음,단일로 - 기타,승용,여,66세,상해없음,원동기,남,35세,경상
2023091300100576,2023년 9월 13일 19시,수요일,대구광역시 서구 비산동,경상사고,0,0,1,0,차대차 - 측면충돌,안전운전불이행,건조,맑음,단일로 - 기타,자전거,남,63세,경상,승합,남,51세,상해없음
2023091300100577,2023년 9월 13일 19시,수요일,대구광역시 서구 비산동,경상사고,0,0,2,0,차대차 - 측면충돌,안전운전불이행,젖음/습기,비,교차로 - 교차로안,승용,남,56세,상해없음,이륜,남,32세,경상
2023091300100633,2023년 9월 13일 20시,수요일,대구광역시 달서구 송현동,경상사고,0,0,1,0,차대차 - 정면충돌,안전운전불이행,젖음/습기,비,단일로 - 기타,승용,남,30세,상해없음,이륜,남,51세,경상
2023091300100634,2023년 9월 13일 20시,수요일,대구광역시 달서구 월성동,경상사고,0,0,1,0,차대차 - 측면충돌,교차로운행방법위반,젖음/습기,비,교차로 - 교차로안,승용,여,19세,상해없음,승합,남,40세,경상
2023091300100635,2023년 9월 13일 20시,수요일,대구광역시 달서구 용산동,중상사고,0,1,0,0,차대사람 - 횡단중,안전운전불이행,젖음/습기,비,교차로 - 교차로부근,이륜,남,22세,상해없음,보행자,남,80세,중상
2023091300100663,2023년 9월 13일 21시,수요일,대구광역시 동구 각산동,중상사고,0,1,0,0,차대사람 - 기타,안전운전불이행,젖음/습기,흐림,단일로 - 기타,승용,여,39세,상해없음,보행자,남,24세,중상
2023091300100664,2023년 9월 13일 21시,수요일,대구광역시 서구 비산동,사망사고,1,0,0,0,차대사람 - 횡단중,안전운전불이행,젖음/습기,비,교차로 - 교차로횡단보도내,승합,남,65세,상해없음,보행자,남,49세,사망
2023091300100686,2023년 9월 13일 22시,수요일,대구광역시 동구 효목동,부상신고사고,0,0,0,1,차대차 - 측면충돌,안전거리미확보,건조,맑음,단일로 - 기타,승용,남,64세,상해없음,승용,남,47세,부상신고
2023091300100687,2023년 9월 13일 22시,수요일,대구광역시 북구 칠성동2가,경상사고,0,0,1,0,차대사람 - 횡단중,안전운전불이행,건조,맑음,교차로 - 교차로안,화물,남,57세,상해없음,보행자,남,59세,경상
2023091300100688,2023년 9월 13일 22시,수요일,대구광역시 중구 북성로2가,부상신고사고,0,0,0,1,차대차 - 기타,안전운전불이행,건조,맑음,단일로 - 기타,자전거,남,31세,부상신고,기타불명,기타불명,미분류,기타불명
2023091400100018,2023년 9월 14일 00시,목요일,대구광역시 수성구 두산동,경상사고,0,0,1,0,차대차 - 측면충돌,안전거리미확보,젖음/습기,비,단일로 - 기타,승용,남,40세,상해없음,자전거,남,45세,경상
2023091400100019,2023년 9월 14일 00시,목요일,대구광역시 달서구 월성동,경상사고,0,0,1,0,차대차 - 기타,직진우회전진행방해,젖음/습기,비,교차로 - 교차로안,승용,남,24세,상해없음,승용,남,57세,경상
2023091400100035,2023년 9월 14일 03시,목요일,대구광역시 달서구 유천동,경상사고,0,0,1,0,차대차 - 측면충돌,안전거리미확보,젖음/습기,비,교차로 - 교차로안,화물,남,72세,상해없음,승용,남,26세,경상
2023091400100043,2023년 9월 14일 04시,목요일,대구광역시 달서구 두류동,경상사고,0,0,1,0,차대차 - 측면충돌,안전운전불이행,젖음/습기,비,교차로 - 교차로안,승용,남,20세,상해없음,이륜,남,52세,경상
2023091400100093,2023년 9월 14일 07시,목요일,대구광역시 수성구 범어동,경상사고,0,0,5,0,차대차 - 측면충돌,안전거리미확보,젖음/습기,비,단일로 - 기타,승용,여,38세,경상,승용,여,44세,경상
2023091400100176,2023년 9월 14일 09시,목요일,대구광역시 수성구 범어동,경상사고,0,0,1,0,차대차 - 후진중충돌,안전운전불이행,젖음/습기,비,단일로 - 기타,승용,남,58세,상해없음,승용,여,43세,경상
2023091400100177,2023년 9월 14일 09시,목요일,대구광역시 북구 침산동,중상사고,0,1,0,0,차대차 - 기타,교차로운행방법위반,젖음/습기,비,교차로 - 교차로안,이륜,남,62세,중상,승용,여,53세,상해없음
2023091400100178,2023년 9월 14일 09시,목요일,대구광역시 서구 비산동,중상사고,0,1,0,0,차대차 - 추돌,안전운전불이행,건조,맑음,단일로 - 기타,화물,남,72세,상해없음,자전거,남,86세,중상
2023091400100234,2023년 9월 14일 11시,목요일,대구광역시 수성구 범어동,경상사고,0,0,1,0,차대차 - 후진중충돌,안전운전불이행,건조,맑음,단일로 - 기타,승용,남,60세,상해없음,승용,남,34세,경상
2023091400100235,2023년 9월 14일 11시,목요일,대구광역시 달서구 본리동,중상사고,0,1,0,0,차대차 - 정면충돌,신호위반,젖음/습기,비,교차로 - 교차로횡단보도내,승용,여,40세,상해없음,자전거,남,64세,중상
2023091400100268,2023년 9월 14일 12시,목요일,대구광역시 북구 복현동,경상사고,0,0,1,0,차대차 - 측면충돌,안전거리미확보,건조,맑음,교차로 - 교차로안,화물,남,65세,상해없음,승용,남,66세,경상
2023091400100269,2023년 9월 14일 12시,목요일,대구광역시 중구 남산동,경상사고,0,0,2,0,차대차 - 기타,안전운전불이행,건조,맑음,교차로 - 교차로부근,승용,남,28세,상해없음,승용,남,53세,경상
2023091400100298,2023년 9월 14일 13시,목요일,대구광역시 달성군 옥포읍,경상사고,0,0,1,0,차량단독 - 공작물충돌,안전운전불이행,건조,맑음,기타 - 기타,이륜,남,81세,경상,,,,
2023091400100299,2023년 9월 14일 13시,목요일,대구광역시 북구 검단동,중상사고,0,1,0,0,차대차 - 측면충돌,안전거리미확보,건조,맑음,기타 - 기타,승용,여,55세,상해없음,화물,남,31세,중상
2023091400100300,2023년 9월 14일 13시,목요일,대구광역시 달서구 이곡동,중상사고,0,1,0,0,차대사람 - 차도통행중,안전운전불이행,건조,맑음,단일로 - 기타,화물,남,62세,기타불명,보행자,남,76세,중상
2023091400100333,2023년 9월 14일 14시,목요일,대구광역시 수성구 중동,경상사고,0,0,1,0,차대차 - 측면충돌,안전운전불이행,건조,맑음,교차로 - 교차로부근,승용,남,63세,상해없음,이륜,남,28세,경상
2023091400100334,2023년 9월 14일 14시,목요일,대구광역시 북구 침산동,중상사고,0,1,0,0,차대사람 - 보도통행중,기타,건조,맑음,기타 - 기타,승용,남,32세,상해없음,보행자,여,62세,중상
2023091400100335,2023년 9월 14일 14시,목요일,대구광역시 서구 비산동,중상사고,0,1,1,0,차대차 - 추돌,안전운전불이행,건조,맑음,교차로 - 교차로안,화물,남,38세,상해없음,화물,남,70세,중상
2023091400100358,2023년 9월 14일 15시,목요일,대구광역시 북구 팔달동,중상사고,0,1,0,0,차대차 - 측면충돌,안전운전불이행,건조,맑음,단일로 - 터널,승용,여,56세,상해없음,자전거,남,62세,중상
2023091400100393,2023년 9월 14일 16시,목요일,대구광역시 달서구 월암동,경상사고,0,0,1,0,차대차 - 측면충돌,안전거리미확보,건조,맑음,단일로 - 기타,화물,남,62세,상해없음,승용,남,41세,경상
2023091400100481,2023년 9월 14일 18시,목요일,대구광역시 달성군 화원읍,중상사고,0,1,0,0,차대사람 - 기타,안전운전불이행,건조,맑음,단일로 - 기타,이륜,남,35세,상해없음,보행자,여,54세,중상
2023091400100482,2023년 9월 14일 18시,목요일,대구광역시 북구 동천동,경상사고,0,0,1,0,차대사람 - 보도통행중,기타,건조,맑음,단일로 - 터널,자전거,여,19세,상해없음,보행자,여,6세,경상
2023091400100527,2023년 9월 14일 19시,목요일,대구광역시 중구 포정동,경상사고,0,0,1,0,차대사람 - 횡단중,안전운전불이행,건조,흐림,교차로 - 교차로부근,승용,여,55세,상해없음,보행자,남,50세,경상
2023091400100528,2023년 9월 14일 19시,목요일,대구광역시 북구 읍내동,경상사고,0,0,1,0,차대차 - 측면충돌,안전거리미확보,건조,맑음,단일로 - 기타,승용,남,68세,상해없음,이륜,남,53세,경상
2023091400100550,2023년 9월 14일 20시,목요일,대구광역시 남구 대명동,경상사고,0,0,1,0,차대차 - 추돌,안전운전불이행,젖음/습기,비,단일로 - 기타,승용,여,27세,상해없음,승용,남,52세,경상
2023091400100551,2023년 9월 14일 20시,목요일,대구광역시 수성구 범어동,경상사고,0,0,1,0,차대차 - 추돌,안전운전불이행,건조,맑음,단일로 - 기타,승용,남,59세,상해없음,원동기,남,43세,경상
2023091400100552,2023년 9월 14일 20시,목요일,대구광역시 북구 동천동,경상사고,0,0,1,0,차대차 - 추돌,안전운전불이행,건조,흐림,단일로 - 기타,승용,여,62세,상해없음,승합,남,61세,경상
2023091400100577,2023년 9월 14일 21시,목요일,대구광역시 동구 신천동,경상사고,0,0,1,0,차대차 - 추돌,안전운전불이행,젖음/습기,비,단일로 - 기타,승용,남,59세,상해없음,승용,여,54세,경상
2023091400100597,2023년 9월 14일 22시,목요일,대구광역시 수성구 신매동,부상신고사고,0,0,0,1,차대차 - 추돌,안전운전불이행,기타,기타,미분류 - 미분류,기타불명,기타불명,미분류,기타불명,이륜,남,29세,부상신고
2023091400100598,2023년 9월 14일 22시,목요일,대구광역시 달서구 송현동,경상사고,0,0,2,0,차대차 - 측면충돌,신호위반,건조,맑음,교차로 - 교차로안,승용,남,56세,상해없음,승용,남,61세,경상
2023091400100617,2023년 9월 14일 23시,목요일,대구광역시 수성구 수성동4가,경상사고,0,0,1,0,차대사람 - 횡단중,신호위반,젖음/습기,비,교차로 - 교차로부근,승용,남,60세,상해없음,보행자,남,23세,경상
2023091400100618,2023년 9월 14일 23시,목요일,대구광역시 달서구 도원동,경상사고,0,0,1,0,차대차 - 추돌,안전운전불이행,건조,맑음,교차로 - 교차로안,승용,여,49세,상해없음,승용,여,58세,경상
2023091500100012,2023년 9월 15일 00시,금요일,대구광역시 수성구 두산동,중상사고,0,3,3,0,차대차 - 정면충돌,중앙선침범,젖음/습기,비,교차로 - 교차로부근,승용,남,23세,상해없음,승용,남,67세,중상
2023091500100019,2023년 9월 15일 01시,금요일,대구광역시 수성구 만촌동,경상사고,0,0,1,0,차대차 - 측면충돌,안전운전불이행,건조,맑음,단일로 - 기타,화물,남,43세,상해없음,승용,남,49세,경상
2023091500100031,2023년 9월 15일 03시,금요일,대구광역시 남구 대명동,사망사고,1,0,0,0,차대사람 - 횡단중,기타,젖음/습기,비,교차로 - 교차로횡단보도내,승용,남,63세,상해없음,보행자,남,56세,사망
2023091500100039,2023년 9월 15일 04시,금요일,대구광역시 중구 남산동,경상사고,0,0,1,0,차대차 - 추돌,안전운전불이행,젖음/습기,비,기타 - 기타,이륜,남,33세,상해없음,이륜,남,28세,경상
2023091500100053,2023년 9월 15일 05시,금요일,대구광역시 남구 대명동,중상사고,0,1,0,0,차대차 - 기타,신호위반,젖음/습기,비,교차로 - 교차로안,이륜,남,56세,중상,승용,남,51세,상해없음
2023091500100054,2023년 9월 15일 05시,금요일,대구광역시 남구 봉덕동,경상사고,0,0,4,0,차대차 - 추돌,안전운전불이행,젖음/습기,비,단일로 - 기타,승합,남,38세,상해없음,승용,남,69세,경상
2023091500100072,2023년 9월 15일 06시,금요일,대구광역시 북구 칠성동2가,경상사고,0,0,1,0,차대차 - 추돌,안전운전불이행,건조,맑음,단일로 - 기타,승용,남,21세,상해없음,건설기계,남,34세,경상
2023091500100073,2023년 9월 15일 06시,금요일,대구광역시 서구 중리동,경상사고,0,0,2,0,차대차 - 추돌,안전운전불이행,건조,맑음,단일로 - 기타,승용,남,26세,경상,승합,남,49세,경상
2023091500100074,2023년 9월 15일 06시,금요일,대구광역시 달서구 감삼동,경상사고,0,0,1,0,차대차 - 측면충돌,신호위반,젖음/습기,비,교차로 - 교차로안,승용,여,51세,상해없음,이륜,남,25세,경상
2023091500100094,2023년 9월 15일 07시,금요일,대구광역시 서구 비산동,중상사고,0,1,0,0,차대사람 - 보도통행중,보행자보호의무위반,젖음/습기,비,교차로 - 교차로횡단보도내,승용,여,57세,상해없음,보행자,여,74세,중상
2023091500100123,2023년 9월 15일 08시,금요일,대구광역시 북구 검단동,경상사고,0,0,1,0,차대차 - 측면충돌,안전운전불이행,젖음/습기,비,단일로 - 기타,특수,남,45세,상해없음,승용,여,26세,경상
2023091500100127,2023년 9월 15일 08시,금요일,대구광역시 달서구 도원동,중상사고,0,1,0,0,차대차 - 기타,신호위반,젖음/습기,비,교차로 - 교차로안,승용,여,32세,상해없음,개인형이동수단(PM),남,74세,중상
2023091500100128,2023년 9월 15일 08시,금요일,대구광역시 중구 삼덕동2가,부상신고사고,0,0,0,1,차대차 - 기타,안전운전불이행,젖음/습기,맑음,단일로 - 기타,승용,남,74세,상해없음,승용,남,68세,상해없음
2023091500100168,2023년 9월 15일 09시,금요일,대구광역시 달서구 월암동,경상사고,0,0,1,0,차대차 - 측면충돌,직진우회전진행방해,젖음/습기,비,교차로 - 교차로안,승용,여,23세,상해없음,화물,남,65세,경상
2023091500100192,2023년 9월 15일 10시,금요일,대구광역시 북구 서변동,경상사고,0,0,2,0,차대차 - 추돌,안전거리미확보,젖음/습기,비,단일로 - 교량,화물,남,38세,상해없음,승용,여,40세,경상
2023091500100253,2023년 9월 15일 12시,금요일,대구광역시 수성구 파동,경상사고,0,0,1,0,차대차 - 기타,안전운전불이행,건조,맑음,기타 - 기타,승용,남,79세,상해없음,이륜,남,50세,경상
2023091500100254,2023년 9월 15일 12시,금요일,대구광역시 북구 복현동,중상사고,0,1,0,0,차대차 - 기타,안전거리미확보,젖음/습기,비,단일로 - 기타,승용,남,76세,상해없음,이륜,남,64세,중상
2023091500100255,2023년 9월 15일 12시,금요일,대구광역시 중구 대봉동,경상사고,0,0,1,0,차대차 - 기타,신호위반,젖음/습기,비,단일로 - 기타,승용,여,57세,상해없음,자전거,여,67세,경상
2023091500100256,2023년 9월 15일 12시,금요일,대구광역시 달서구 호산동,경상사고,0,0,1,0,차대차 - 추돌,안전운전불이행,젖음/습기,흐림,기타 - 기타,이륜,남,27세,상해없음,자전거,여,72세,경상
2023091500100326,2023년 9월 15일 14시,금요일,대구광역시 수성구 두산동,부상신고사고,0,0,0,1,차대차 - 측면충돌,안전운전불이행,건조,맑음,교차로 - 교차로안,자전거,남,25세,부상신고,승용,여,23세,상해없음
2023091500100362,2023년 9월 15일 15시,금요일,대구광역시 달성군 가창면,경상사고,0,0,1,0,차대사람 - 기타,안전운전불이행,건조,맑음,기타 - 기타,화물,남,60세,상해없음,보행자,남,37세,경상
2023091500100363,2023년 9월 15일 15시,금요일,대구광역시 북구 국우동,경상사고,0,0,2,1,차대차 - 측면충돌,안전거리미확보,젖음/습기,비,단일로 - 기타,화물,남,36세,상해없음,화물,남,55세,경상
2023091500100395,2023년 9월 15일 16시,금요일,대구광역시 남구 대명동,경상사고,0,0,1,0,차대사람 - 기타,안전운전불이행,건조,맑음,단일로 - 기타,승용,남,56세,상해없음,보행자,여,77세,경상
2023091500100397,2023년 9월 15일 16시,금요일,대구광역시 동구 지저동,중상사고,0,2,3,0,차대차 - 측면충돌,안전거리미확보,건조,맑음,교차로 - 교차로부근,승용,남,64세,상해없음,승합,남,43세,경상
2023091500100440,2023년 9월 15일 17시,금요일,대구광역시 수성구 황금동,경상사고,0,0,1,0,차대차 - 기타,중앙선침범,건조,맑음,단일로 - 기타,승용,남,20세,상해없음,이륜,남,26세,경상
2023091500100441,2023년 9월 15일 17시,금요일,대구광역시 서구 비산동,경상사고,0,0,1,0,차대차 - 측면충돌,안전거리미확보,건조,맑음,단일로 - 기타,승용,남,29세,상해없음,화물,남,54세,경상
2023091500100560,2023년 9월 15일 19시,금요일,대구광역시 달성군 화원읍,경상사고,0,0,1,0,차대사람 - 횡단중,안전운전불이행,건조,맑음,교차로 - 교차로안,화물,여,75세,상해없음,보행자,남,13세,경상
2023091500100596,2023년 9월 15일 20시,금요일,대구광역시 달서구 상인동,경상사고,0,0,1,0,차대차 - 측면충돌,안전운전불이행,건조,맑음,교차로 - 교차로안,승용,남,65세,상해없음,자전거,남,38세,경상
2023091500100597,2023년 9월 15일 20시,금요일,대구광역시 달서구 진천동,경상사고,0,0,1,0,차대차 - 측면충돌,안전운전불이행,건조,맑음,교차로 - 교차로횡단보도내,승용,남,63세,상해없음,자전거,남,31세,경상
2023091500100621,2023년 9월 15일 21시,금요일,대구광역시 수성구 만촌동,경상사고,0,0,1,0,차대사람 - 횡단중,보행자보호의무위반,젖음/습기,맑음,단일로 - 기타,화물,남,79세,상해없음,보행자,여,41세,경상
2023091500100622,2023년 9월 15일 21시,금요일,대구광역시 달성군 다사읍,경상사고,0,0,3,0,차대차 - 추돌,안전운전불이행,건조,맑음,단일로 - 기타,이륜,여,21세,상해없음,승용,여,52세,경상
2023091500100623,2023년 9월 15일 21시,금요일,대구광역시 북구 동천동,경상사고,0,0,1,0,차대사람 - 횡단중,불법유턴,젖음/습기,비,단일로 - 기타,승용,남,61세,상해없음,보행자,남,38세,경상
2023091500100658,2023년 9월 15일 22시,금요일,대구광역시 북구 국우동,경상사고,0,0,1,0,차대차 - 측면충돌,안전운전불이행,젖음/습기,비,교차로 - 교차로부근,승용,남,39세,상해없음,승용,남,70세,경상
2023091500100684,2023년 9월 15일 23시,금요일,대구광역시 수성구 상동,경상사고,0,0,1,0,차대사람 - 횡단중,신호위반,건조,흐림,교차로 - 교차로부근,승용,여,43세,상해없음,보행자,여,27세,경상
2023091500100685,2023년 9월 15일 23시,금요일,대구광역시 달서구 송현동,경상사고,0,0,1,0,차대사람 - 기타,안전운전불이행,젖음/습기,흐림,교차로 - 교차로부근,화물,남,65세,상해없음,보행자,여,66세,경상
2023091500100686,2023년 9월 15일 23시,금요일,대구광역시 달서구 두류동,경상사고,0,0,1,0,차대차 - 측면충돌,기타,젖음/습기,비,단일로 - 지하차도(도로)내,승용,여,28세,기타불명,화물,남,60세,경상
2023091600100010,2023년 9월 16일 00시,토요일,대구광역시 중구 공평동,경상사고,0,0,3,0,차대차 - 측면충돌,신호위반,건조,맑음,단일로 - 기타,승용,남,28세,상해없음,승용,남,68세,경상
2023091600100024,2023년 9월 16일 01시,토요일,대구광역시 달서구 대천동,중상사고,0,1,0,0,차대차 - 기타,안전운전불이행,건조,맑음,기타 - 기타,승용,남,30세,중상,승합,기타불명,미분류,기타불명
2023091600100025,2023년 9월 16일 01시,토요일,대구광역시 중구 계산동2가,경상사고,0,0,1,1,차대차 - 측면충돌,안전운전불이행,건조,맑음,단일로 - 기타,개인형이동수단(PM),여,26세,상해없음,승용,남,65세,경상
2023091600100058,2023년 9월 16일 05시,토요일,대구광역시 달서구 대곡동,중상사고,0,1,0,0,차대차 - 기타,안전운전불이행,건조,맑음,단일로 - 기타,승용,여,73세,상해없음,자전거,남,76세,중상
2023091600100065,2023년 9월 16일 06시,토요일,대구광역시 중구 남산동,경상사고,0,0,1,0,차대차 - 기타,차로위반,건조,맑음,단일로 - 기타,화물,남,61세,상해없음,승합,남,62세,경상
2023091600100078,2023년 9월 16일 07시,토요일,대구광역시 중구 대신동,경상사고,0,0,3,0,차대차 - 추돌,안전운전불이행,건조,맑음,단일로 - 기타,승용,남,60세,상해없음,승용,남,62세,경상
2023091600100098,2023년 9월 16일 08시,토요일,대구광역시 남구 대명동,경상사고,0,0,1,0,차대차 - 추돌,안전운전불이행,건조,맑음,단일로 - 기타,승용,남,44세,상해없음,승용,남,63세,경상
2023091600100099,2023년 9월 16일 08시,토요일,대구광역시 수성구 황금동,경상사고,0,0,1,0,차대차 - 측면충돌,안전거리미확보,건조,맑음,단일로 - 기타,승용,남,63세,상해없음,승용,남,36세,경상
2023091600100100,2023년 9월 16일 08시,토요일,대구광역시 북구 칠성동2가,중상사고,0,1,0,0,차대사람 - 기타,안전운전불이행,건조,맑음,기타 - 기타,기타불명,기타불명,미분류,기타불명,보행자,여,50세,중상
2023091600100147,2023년 9월 16일 10시,토요일,대구광역시 동구 신천동,경상사고,0,0,1,0,차대차 - 측면충돌,안전운전불이행,젖음/습기,비,단일로 - 기타,승용,여,30세,상해없음,승용,남,26세,경상
2023091600100149,2023년 9월 16일 10시,토요일,대구광역시 수성구 만촌동,경상사고,0,0,9,0,차대차 - 추돌,안전운전불이행,젖음/습기,비,단일로 - 기타,승용,여,42세,경상,승용,남,36세,경상
2023091600100150,2023년 9월 16일 10시,토요일,대구광역시 북구 대현동,부상신고사고,0,0,0,1,차량단독 - 기타,안전운전불이행,젖음/습기,비,단일로 - 기타,이륜,남,30세,부상신고,,,,
2023091600100187,2023년 9월 16일 11시,토요일,대구광역시 동구 지묘동,경상사고,0,0,1,0,차대차 - 기타,안전운전불이행,젖음/습기,비,단일로 - 기타,승용,남,59세,상해없음,자전거,남,51세,경상
2023091600100188,2023년 9월 16일 11시,토요일,대구광역시 동구 각산동,중상사고,0,1,0,0,차대차 - 추돌,안전거리미확보,젖음/습기,비,교차로 - 교차로부근,화물,남,50세,상해없음,승용,남,44세,중상
2023091600100189,2023년 9월 16일 11시,토요일,대구광역시 북구 서변동,경상사고,0,0,1,0,차대차 - 기타,안전운전불이행,젖음/습기,비,단일로 - 기타,승용,남,51세,상해없음,승용,여,42세,상해없음
2023091600100235,2023년 9월 16일 12시,토요일,대구광역시 동구 신서동,경상사고,0,0,1,0,차대차 - 기타,안전운전불이행,젖음/습기,비,기타 - 기타,화물,남,59세,상해없음,자전거,남,13세,경상
2023091600100236,2023년 9월 16일 12시,토요일,대구광역시 수성구 황금동,중상사고,0,1,0,0,차대사람 - 기타,안전운전불이행,젖음/습기,비,단일로 - 기타,화물,남,43세,상해없음,보행자,남,15세,중상
2023091600100237,2023년 9월 16일 12시,토요일,대구광역시 서구 평리동,경상사고,0,0,3,0,차대차 - 측면충돌,안전운전불이행,젖음/습기,비,교차로 - 교차로부근,승용,여,42세,상해없음,승용,여,31세,경상
2023091600100238,2023년 9월 16일 12시,토요일,대구광역시 북구 팔달동,경상사고,0,0,3,0,차대차 - 정면충돌,직진우회전진행방해,젖음/습기,비,교차로 - 교차로안,승용,여,61세,상해없음,승용,여,30세,경상
2023091600100239,2023년 9월 16일 12시,토요일,대구광역시 북구 구암동,경상사고,0,0,2,0,차대차 - 측면충돌,안전운전불이행,젖음/습기,비,단일로 - 기타,승용,남,59세,상해없음,승용,여,55세,경상