사고번호,사고일시,요일,시군구,사고내용,사망자수,중상자수,경상자수,부상신고자수,사고유형,법규위반,노면상태,기상상태,도로형태,가해운전자 차종,가해운전자 성별,가해운전자 연령,가해운전자 상해정도,피해운전자 차종,피해운전자 성별,피해운전자 연령,피해운전자 상해정도
2023091600100270,2023년 9월 16일 13시,토요일,대구광역시 수성구 욱수동,경상사고,0,0,1,0,차대차 - 측면충돌,안전거리미확보,젖음/습기,비,단일로 - 기타,승용,여,67세,상해없음,승용,남,37세,경상
2023091600100271,2023년 9월 16일 13시,토요일,대구광역시 달서구 상인동,경상사고,0,0,1,0,차대사람 - 보도통행중,기타,젖음/습기,비,단일로 - 기타,이륜,남,34세,상해없음,보행자,여,48세,경상
2023091600100272,2023년 9월 16일 13시,토요일,대구광역시 북구 산격동,경상사고,0,0,1,0,차대차 - 추돌,안전운전불이행,건조,맑음,단일로 - 기타,승용,여,27세,상해없음,승용,남,40세,경상
2023091600100336,2023년 9월 16일 15시,토요일,대구광역시 수성구 두산동,중상사고,0,1,1,0,차대차 - 측면충돌,안전운전불이행,젖음/습기,비,단일로 - 기타,승용,여,37세,상해없음,승용,남,53세,경상
2023091600100337,2023년 9월 16일 15시,토요일,대구광역시 서구 평리동,경상사고,0,0,1,0,차대차 - 측면충돌,안전운전불이행,젖음/습기,비,교차로 - 교차로안,승용,남,58세,상해없음,화물,남,35세,경상
2023091600100419,2023년 9월 16일 17시,토요일,대구광역시 달서구 월성동,중상사고,0,1,0,0,차대사람 - 횡단중,안전운전불이행,젖음/습기,비,교차로 - 교차로안,화물,남,48세,상해없음,보행자,남,84세,중상
2023091600100454,2023년 9월 16일 18시,토요일,대구광역시 동구 신암동,경상사고,0,0,2,0,차대차 - 기타,안전운전불이행,젖음/습기,흐림,교차로 - 교차로부근,승용,여,44세,상해없음,승용,남,37세,경상
2023091600100455,2023년 9월 16일 18시,토요일,대구광역시 서구 내당동,경상사고,0,0,1,0,차대차 - 기타,직진우회전진행방해,젖음/습기,흐림,교차로 - 교차로안,승용,남,30세,상해없음,이륜,남,58세,경상
2023091600100456,2023년 9월 16일 18시,토요일,대구광역시 서구 비산동,경상사고,0,0,2,0,차대차 - 측면충돌,안전운전불이행,젖음/습기,비,단일로 - 기타,승용,남,45세,경상,승용,여,53세,경상
2023091600100496,2023년 9월 16일 19시,토요일,대구광역시 동구 신천동,경상사고,0,0,3,0,차대차 - 측면충돌,안전거리미확보,건조,맑음,교차로 - 교차로안,승용,남,62세,경상,승용,남,24세,상해없음
2023091600100497,2023년 9월 16일 19시,토요일,대구광역시 수성구 범어동,경상사고,0,0,1,0,차대차 - 측면충돌,안전운전불이행,건조,맑음,단일로 - 기타,화물,남,57세,상해없음,이륜,남,33세,경상
2023091600100498,2023년 9월 16일 19시,토요일,대구광역시 달서구 이곡동,중상사고,0,1,0,0,차대차 - 측면충돌,신호위반,젖음/습기,비,교차로 - 교차로안,승용,여,77세,상해없음,승용,여,59세,중상
2023091600100533,2023년 9월 16일 20시,토요일,대구광역시 수성구 범어동,경상사고,0,0,2,0,차대차 - 추돌,안전운전불이행,건조,맑음,교차로 - 교차로부근,승용,남,76세,상해없음,승용,남,71세,경상
2023091600100534,2023년 9월 16일 20시,토요일,대구광역시 달서구 상인동,경상사고,0,0,1,0,차대차 - 기타,직진우회전진행방해,젖음/습기,흐림,교차로 - 교차로안,승용,남,70세,상해없음,이륜,남,37세,경상
2023091600100535,2023년 9월 16일 20시,토요일,대구광역시 북구 산격동,경상사고,0,0,2,0,차대차 - 기타,기타,건조,맑음,단일로 - 기타,이륜,남,30세,상해없음,승용,여,37세,상해없음
2023091600100536,2023년 9월 16일 20시,토요일,대구광역시 서구 비산동,중상사고,0,1,2,0,차대차 - 기타,안전운전불이행,젖음/습기,비,교차로 - 교차로안,이륜,남,34세,중상,승용,남,33세,경상
2023091600100583,2023년 9월 16일 22시,토요일,대구광역시 남구 대명동,중상사고,0,1,1,0,차대차 - 측면충돌,신호위반,젖음/습기,흐림,교차로 - 교차로부근,승용,남,67세,상해없음,승용,여,56세,중상
2023091700100015,2023년 9월 17일 00시,일요일,대구광역시 동구 서호동,경상사고,0,0,1,0,차대차 - 측면충돌,교차로운행방법위반,건조,맑음,교차로 - 교차로안,승용,남,67세,상해없음,승용,남,43세,경상
2023091700100030,2023년 9월 17일 02시,일요일,대구광역시 달서구 신당동,경상사고,0,0,1,0,차대차 - 측면충돌,안전운전불이행,젖음/습기,비,단일로 - 기타,승용,여,26세,상해없음,이륜,남,30세,경상
2023091700100079,2023년 9월 17일 08시,일요일,대구광역시 수성구 만촌동,경상사고,0,0,1,0,차대차 - 기타,신호위반,젖음/습기,맑음,교차로 - 교차로부근,승용,남,76세,상해없음,이륜,남,26세,경상
2023091700100080,2023년 9월 17일 08시,일요일,대구광역시 달서구 대곡동,중상사고,0,1,0,0,차대사람 - 횡단중,보행자보호의무위반,건조,맑음,교차로 - 교차로횡단보도내,승용,남,84세,상해없음,보행자,남,75세,중상
2023091700100081,2023년 9월 17일 08시,일요일,대구광역시 북구 산격동,경상사고,0,0,2,0,차대차 - 측면충돌,안전운전불이행,건조,맑음,단일로 - 기타,화물,남,64세,상해없음,승용,여,43세,경상
2023091700100102,2023년 9월 17일 09시,일요일,대구광역시 서구 내당동,부상신고사고,0,0,0,1,차대차 - 기타,신호위반,건조,맑음,단일로 - 기타,원동기,남,76세,부상신고,개인형이동수단(PM),기타불명,미분류,기타불명
2023091700100124,2023년 9월 17일 10시,일요일,대구광역시 동구 도동,경상사고,0,0,2,0,차대차 - 측면충돌,안전운전불이행,건조,맑음,단일로 - 기타,화물,남,76세,경상,화물,남,48세,상해없음
2023091700100125,2023년 9월 17일 10시,일요일,대구광역시 서구 비산동,경상사고,0,0,1,0,차대차 - 측면충돌,안전운전불이행,건조,맑음,교차로 - 교차로안,화물,남,57세,상해없음,자전거,남,63세,경상
2023091700100173,2023년 9월 17일 12시,일요일,대구광역시 동구 신서동,경상사고,0,0,1,0,차대차 - 측면충돌,안전운전불이행,건조,맑음,교차로 - 교차로부근,화물,남,64세,상해없음,승용,여,51세,경상
2023091700100174,2023년 9월 17일 12시,일요일,대구광역시 수성구 두산동,경상사고,0,0,3,0,차대차 - 측면충돌,안전운전불이행,건조,맑음,단일로 - 기타,승용,여,50세,경상,승용,남,40세,경상
2023091700100206,2023년 9월 17일 13시,일요일,대구광역시 남구 대명동,경상사고,0,0,1,0,차대차 - 기타,안전운전불이행,건조,맑음,교차로 - 교차로안,이륜,남,34세,상해없음,이륜,남,26세,경상
2023091700100207,2023년 9월 17일 13시,일요일,대구광역시 동구 괴전동,중상사고,0,1,1,0,차대차 - 측면충돌,교차로운행방법위반,건조,맑음,교차로 - 교차로안,이륜,남,42세,경상,이륜,여,43세,중상
2023091700100208,2023년 9월 17일 13시,일요일,대구광역시 동구 효목동,부상신고사고,0,0,0,1,차대사람 - 보도통행중,기타,건조,맑음,단일로 - 기타,승용,남,71세,상해없음,보행자,여,55세,부상신고
2023091700100251,2023년 9월 17일 14시,일요일,대구광역시 중구 태평로1가,부상신고사고,0,0,0,1,차대사람 - 기타,안전운전불이행,건조,맑음,단일로 - 기타,승용,남,43세,상해없음,보행자,남,76세,부상신고
2023091700100252,2023년 9월 17일 14시,일요일,대구광역시 중구 삼덕동1가,경상사고,0,0,1,0,차대사람 - 기타,안전운전불이행,건조,맑음,단일로 - 기타,승용,남,66세,기타불명,보행자,남,50세,경상
2023091700100284,2023년 9월 17일 15시,일요일,대구광역시 서구 비산동,경상사고,0,0,1,0,차대차 - 추돌,안전운전불이행,건조,맑음,단일로 - 기타,승용,남,56세,상해없음,승용,남,70세,경상
2023091700100314,2023년 9월 17일 16시,일요일,대구광역시 북구 복현동,경상사고,0,0,1,0,차대차 - 기타,안전운전불이행,건조,맑음,단일로 - 기타,승합,남,68세,상해없음,승용,여,58세,경상
2023091700100315,2023년 9월 17일 16시,일요일,대구광역시 북구 국우동,경상사고,0,0,1,0,차대차 - 기타,안전운전불이행,건조,맑음,기타 - 기타,승용,여,40세,상해없음,원동기,남,72세,경상
2023091700100338,2023년 9월 17일 17시,일요일,대구광역시 북구 산격동,부상신고사고,0,0,0,1,차대차 - 기타,안전운전불이행,건조,맑음,단일로 - 기타,기타불명,기타불명,미분류,기타불명,개인형이동수단(PM),남,22세,부상신고
2023091700100368,2023년 9월 17일 18시,일요일,대구광역시 군위군 우보면,사망사고,1,0,0,0,차대사람 - 횡단중,보행자보호의무위반,건조,맑음,단일로 - 기타,승용,남,61세,상해없음,보행자,여,77세,사망
2023091700100426,2023년 9월 17일 20시,일요일,대구광역시 남구 봉덕동,경상사고,0,0,2,0,차대차 - 측면충돌,직진우회전진행방해,건조,맑음,교차로 - 교차로안,승용,여,50세,경상,승용,남,59세,경상
2023091700100427,2023년 9월 17일 20시,일요일,대구광역시 수성구 지산동,경상사고,0,0,1,0,차대사람 - 기타,안전운전불이행,건조,맑음,기타 - 기타,기타불명,기타불명,미분류,기타불명,보행자,여,22세,경상
2023091700100428,2023년 9월 17일 20시,일요일,대구광역시 달서구 신당동,부상신고사고,0,0,0,1,차대차 - 추돌,안전운전불이행,건조,맑음,단일로 - 기타,승용,여,61세,상해없음,승용,남,53세,부상신고
2023091700100456,2023년 9월 17일 21시,일요일,대구광역시 달성군 화원읍,경상사고,0,0,2,0,차대차 - 측면충돌,안전운전불이행,건조,맑음,교차로 - 교차로안,승용,남,61세,기타불명,승용,여,60세,경상
2023091700100471,2023년 9월 17일 22시,일요일,대구광역시 수성구 만촌동,경상사고,0,0,2,0,차량단독 - 기타,안전거리미확보,건조,맑음,단일로 - 기타,승용,남,60세,상해없음,,,,
2023091800100010,2023년 9월 18일 02시,월요일,대구광역시 달서구 호산동,경상사고,0,0,1,0,차대차 - 후진중충돌,기타,젖음/습기,흐림,교차로 - 교차로안,승용,남,28세,상해없음,이륜,남,40세,경상
2023091800100112,2023년 9월 18일 08시,월요일,대구광역시 동구 신암동,경상사고,0,0,1,0,차대차 - 기타,안전운전불이행,건조,맑음,단일로 - 기타,승용,여,56세,상해없음,승용,남,31세,경상
2023091800100113,2023년 9월 18일 08시,월요일,대구광역시 수성구 수성동4가,경상사고,0,0,2,0,차대사람 - 횡단중,보행자보호의무위반,건조,맑음,단일로 - 기타,승용,남,55세,상해없음,보행자,남,45세,경상
2023091800100156,2023년 9월 18일 09시,월요일,대구광역시 수성구 두산동,경상사고,0,0,1,0,차대차 - 측면충돌,교차로운행방법위반,건조,맑음,교차로 - 교차로부근,승용,남,58세,상해없음,이륜,남,52세,경상
2023091800100157,2023년 9월 18일 09시,월요일,대구광역시 달서구 진천동,경상사고,0,0,1,0,차대차 - 추돌,안전거리미확보,건조,맑음,교차로 - 교차로부근,승용,여,63세,상해없음,승용,여,52세,경상
2023091800100158,2023년 9월 18일 09시,월요일,대구광역시 중구 문화동,경상사고,0,0,1,1,차대차 - 측면충돌,안전운전불이행,건조,맑음,단일로 - 기타,승용,여,60세,부상신고,승용,남,48세,경상
2023091800100159,2023년 9월 18일 09시,월요일,대구광역시 달서구 용산동,중상사고,0,1,3,0,차대차 - 추돌,안전운전불이행,건조,맑음,단일로 - 기타,건설기계,남,60세,중상,승용,여,50세,경상
2023091800100186,2023년 9월 18일 10시,월요일,대구광역시 남구 대명동,경상사고,0,0,1,0,차대차 - 기타,안전운전불이행,건조,맑음,기타 - 기타,이륜,남,66세,경상,화물,남,45세,상해없음
2023091800100187,2023년 9월 18일 10시,월요일,대구광역시 달서구 본동,경상사고,0,0,1,0,차대차 - 후진중충돌,안전운전불이행,건조,맑음,단일로 - 기타,화물,남,68세,상해없음,승용,남,33세,경상
2023091800100188,2023년 9월 18일 10시,월요일,대구광역시 중구 수창동,중상사고,0,1,0,0,차대사람 - 기타,안전운전불이행,건조,맑음,단일로 - 기타,화물,남,44세,상해없음,보행자,여,60세,중상
2023091800100223,2023년 9월 18일 11시,월요일,대구광역시 수성구 두산동,경상사고,0,0,1,0,차대차 - 추돌,안전운전불이행,젖음/습기,비,단일로 - 기타,승용,여,29세,상해없음,승용,남,66세,경상
2023091800100224,2023년 9월 18일 11시,월요일,대구광역시 수성구 시지동,경상사고,0,0,1,0,차대차 - 측면충돌,안전운전불이행,건조,맑음,교차로 - 교차로부근,승용,여,53세,상해없음,승용,여,64세,경상
2023091800100225,2023년 9월 18일 11시,월요일,대구광역시 북구 노원동2가,경상사고,0,0,2,0,차대차 - 측면충돌,안전운전불이행,건조,맑음,교차로 - 교차로부근,승용,남,75세,기타불명,승용,남,64세,경상
2023091800100257,2023년 9월 18일 12시,월요일,대구광역시 수성구 수성동1가,경상사고,0,0,3,1,차대차 - 측면충돌,안전운전불이행,건조,맑음,교차로 - 교차로안,승용,남,66세,부상신고,승용,여,54세,경상
2023091800100290,2023년 9월 18일 13시,월요일,대구광역시 서구 평리동,중상사고,0,1,0,0,차대사람 - 차도통행중,보행자보호의무위반,건조,맑음,기타 - 기타,화물,남,52세,상해없음,보행자,여,71세,중상
2023091800100291,2023년 9월 18일 13시,월요일,대구광역시 달서구 호림동,경상사고,0,0,1,0,차대차 - 기타,안전운전불이행,건조,맑음,단일로 - 기타,승용,남,66세,상해없음,화물,남,59세,경상
2023091800100324,2023년 9월 18일 14시,월요일,대구광역시 북구 산격동,중상사고,0,1,0,0,차대차 - 추돌,교차로운행방법위반,건조,맑음,교차로 - 교차로안,이륜,남,27세,상해없음,개인형이동수단(PM),여,20세,중상
2023091800100325,2023년 9월 18일 14시,월요일,대구광역시 달서구 장동,중상사고,0,1,3,0,차대차 - 추돌,안전거리미확보,건조,맑음,교차로 - 교차로부근,건설기계,남,62세,상해없음,화물,남,45세,경상
2023091800100326,2023년 9월 18일 14시,월요일,대구광역시 북구 동천동,경상사고,0,0,1,0,차대차 - 측면충돌,불법유턴,건조,맑음,단일로 - 기타,승용,남,81세,상해없음,승용,여,61세,경상
2023091800100368,2023년 9월 18일 15시,월요일,대구광역시 수성구 상동,경상사고,0,0,1,0,차대차 - 추돌,안전운전불이행,건조,맑음,단일로 - 기타,승용,남,76세,상해없음,화물,남,67세,경상
2023091800100369,2023년 9월 18일 15시,월요일,대구광역시 달서구 본동,경상사고,0,0,3,0,차대차 - 측면충돌,교차로운행방법위반,건조,맑음,교차로 - 교차로안,승용,여,63세,상해없음,승합,남,61세,경상
2023091800100370,2023년 9월 18일 15시,월요일,대구광역시 달서구 두류동,중상사고,0,1,0,0,차대사람 - 기타,안전운전불이행,건조,맑음,교차로 - 교차로횡단보도내,화물,남,44세,상해없음,보행자,여,80세,중상
2023091800100371,2023년 9월 18일 15시,월요일,대구광역시 북구 국우동,부상신고사고,0,0,0,1,차대차 - 측면충돌,안전거리미확보,건조,맑음,단일로 - 기타,승용,남,80세,상해없음,건설기계,남,57세,부상신고
2023091800100414,2023년 9월 18일 16시,월요일,대구광역시 수성구 중동,경상사고,0,0,1,0,차대차 - 측면충돌,안전운전불이행,건조,맑음,기타 - 기타,승용,여,31세,상해없음,자전거,여,48세,경상
2023091800100415,2023년 9월 18일 16시,월요일,대구광역시 달서구 진천동,경상사고,0,0,1,0,차량단독 - 기타,안전운전불이행,건조,맑음,단일로 - 기타,승합,남,53세,상해없음,,,,
2023091800100469,2023년 9월 18일 17시,월요일,대구광역시 달성군 화원읍,경상사고,0,0,1,0,차대차 - 기타,안전운전불이행,건조,맑음,단일로 - 기타,승용,남,37세,상해없음,자전거,남,51세,경상
2023091800100470,2023년 9월 18일 17시,월요일,대구광역시 북구 복현동,중상사고,0,2,0,0,차대차 - 측면충돌,안전거리미확보,건조,맑음,단일로 - 기타,승용,여,52세,상해없음,승용,여,69세,중상
2023091800100471,2023년 9월 18일 17시,월요일,대구광역시 중구 동인동3가,중상사고,0,1,1,0,차대차 - 측면충돌,안전운전불이행,건조,맑음,단일로 - 기타,화물,남,36세,상해없음,승용,여,44세,경상
2023091800100472,2023년 9월 18일 17시,월요일,대구광역시 북구 관음동,중상사고,0,1,0,0,차대차 - 측면충돌,안전운전불이행,건조,맑음,단일로 - 기타,화물,남,59세,상해없음,개인형이동수단(PM),남,70세,중상
2023091800100523,2023년 9월 18일 18시,월요일,대구광역시 수성구 황금동,경상사고,0,0,1,0,차대차 - 측면충돌,안전운전불이행,건조,맑음,단일로 - 기타,승합,남,63세,상해없음,승용,여,46세,경상
2023091800100524,2023년 9월 18일 18시,월요일,대구광역시 달서구 월성동,경상사고,0,0,1,1,차대차 - 추돌,안전운전불이행,건조,맑음,단일로 - 기타,이륜,남,22세,부상신고,승용,남,51세,경상
2023091800100525,2023년 9월 18일 18시,월요일,대구광역시 달성군 현풍읍,중상사고,0,1,0,0,차대차 - 기타,신호위반,건조,맑음,교차로 - 교차로안,이륜,남,27세,상해없음,자전거,여,57세,중상
2023091800100526,2023년 9월 18일 18시,월요일,대구광역시 북구 산격동,경상사고,0,0,2,0,차대차 - 측면충돌,신호위반,건조,맑음,교차로 - 교차로부근,승용,여,27세,상해없음,승용,여,64세,경상
2023091800100574,2023년 9월 18일 19시,월요일,대구광역시 동구 효목동,경상사고,0,0,1,0,차대사람 - 보도통행중,안전운전불이행,건조,맑음,단일로 - 지하차도(도로)내,자전거,여,45세,기타불명,보행자,여,59세,경상
2023091800100603,2023년 9월 18일 20시,월요일,대구광역시 중구 동인동1가,경상사고,0,0,1,0,차대차 - 측면충돌,안전거리미확보,건조,맑음,단일로 - 기타,승용,남,61세,상해없음,승용,남,42세,경상
2023091800100624,2023년 9월 18일 21시,월요일,대구광역시 중구 삼덕동1가,경상사고,0,0,1,0,차대사람 - 길가장자리구역통행중,안전운전불이행,건조,맑음,단일로 - 기타,승용,남,39세,기타불명,보행자,남,30세,경상
2023091800100647,2023년 9월 18일 22시,월요일,대구광역시 수성구 중동,중상사고,0,1,0,0,차대사람 - 기타,안전운전불이행,건조,맑음,기타 - 기타,자전거,남,46세,상해없음,보행자,여,67세,중상
2023091800100653,2023년 9월 18일 23시,월요일,대구광역시 수성구 황금동,중상사고,0,1,0,0,차대사람 - 횡단중,안전운전불이행,기타,맑음,기타 - 기타,승용,남,40세,상해없음,보행자,남,57세,중상
2023091900100021,2023년 9월 19일 03시,화요일,대구광역시 달서구 진천동,경상사고,0,0,1,0,차대사람 - 기타,안전운전불이행,건조,맑음,기타 - 기타,화물,남,69세,상해없음,보행자,남,33세,경상
2023091900100054,2023년 9월 19일 06시,화요일,대구광역시 달성군 옥포읍,경상사고,0,0,1,0,차대차 - 기타,안전운전불이행,건조,맑음,교차로 - 교차로안,승합,남,69세,상해없음,승용,남,56세,경상
2023091900100055,2023년 9월 19일 06시,화요일,대구광역시 달서구 두류동,경상사고,0,0,1,0,차대차 - 측면충돌,신호위반,건조,맑음,교차로 - 교차로안,이륜,남,26세,경상,승용,남,64세,상해없음
2023091900100079,2023년 9월 19일 07시,화요일,대구광역시 동구 검사동,경상사고,0,0,1,0,차대차 - 추돌,안전운전불이행,건조,맑음,교차로 - 교차로부근,화물,남,67세,상해없음,승용,남,32세,경상
2023091900100080,2023년 9월 19일 07시,화요일,대구광역시 수성구 상동,경상사고,0,0,1,0,차대차 - 추돌,안전운전불이행,건조,맑음,단일로 - 기타,화물,남,51세,상해없음,자전거,남,86세,경상
2023091900100081,2023년 9월 19일 07시,화요일,대구광역시 북구 검단동,경상사고,0,0,1,0,차대차 - 측면충돌,안전운전불이행,건조,맑음,단일로 - 기타,승용,남,33세,상해없음,승용,남,54세,경상
2023091900100114,2023년 9월 19일 08시,화요일,대구광역시 달서구 도원동,경상사고,0,0,4,0,차대차 - 추돌,안전운전불이행,건조,맑음,교차로 - 교차로부근,승용,여,64세,경상,승용,여,43세,경상
2023091900100151,2023년 9월 19일 09시,화요일,대구광역시 동구 신암동,경상사고,0,0,1,0,차대차 - 측면충돌,안전운전불이행,건조,맑음,교차로 - 교차로횡단보도내,자전거,남,66세,경상,승용,여,36세,상해없음
2023091900100152,2023년 9월 19일 09시,화요일,대구광역시 서구 원대동3가,중상사고,0,1,0,0,차대차 - 추돌,안전운전불이행,건조,맑음,교차로 - 교차로부근,승용,남,60세,상해없음,승용,여,61세,중상
2023091900100153,2023년 9월 19일 09시,화요일,대구광역시 중구 태평로3가,경상사고,0,0,1,0,차대차 - 기타,신호위반,건조,맑음,교차로 - 교차로안,원동기,남,18세,상해없음,이륜,남,61세,경상
2023091900100219,2023년 9월 19일 11시,화요일,대구광역시 북구 대현동,부상신고사고,0,0,0,1,차대차 - 기타,신호위반,건조,맑음,교차로 - 교차로안,기타불명,기타불명,미분류,기타불명,이륜,남,23세,부상신고
2023091900100220,2023년 9월 19일 11시,화요일,대구광역시 서구 원대동1가,경상사고,0,0,1,0,차대차 - 측면충돌,안전운전불이행,건조,맑음,기타 - 기타,승용,남,77세,상해없음,승용,여,31세,경상
2023091900100221,2023년 9월 19일 11시,화요일,대구광역시 서구 비산동,경상사고,0,0,2,0,차대차 - 추돌,안전거리미확보,건조,맑음,단일로 - 기타,승용,남,66세,상해없음,승용,남,43세,경상
2023091900100259,2023년 9월 19일 12시,화요일,대구광역시 수성구 신매동,중상사고,0,1,0,0,차대차 - 측면충돌,안전운전불이행,건조,맑음,교차로 - 교차로부근,화물,남,27세,상해없음,이륜,남,35세,중상
2023091900100285,2023년 9월 19일 13시,화요일,대구광역시 동구 각산동,경상사고,0,0,1,0,차대차 - 측면충돌,안전운전불이행,건조,맑음,교차로 - 교차로부근,승용,남,42세,상해없음,승용,남,43세,경상
2023091900100321,2023년 9월 19일 14시,화요일,대구광역시 달서구 송현동,중상사고,0,1,0,0,차대사람 - 차도통행중,안전운전불이행,건조,맑음,단일로 - 기타,승용,여,51세,상해없음,보행자,여,20세,중상
2023091900100322,2023년 9월 19일 14시,화요일,대구광역시 북구 칠성동2가,경상사고,0,0,2,0,차대차 - 추돌,안전거리미확보,건조,맑음,단일로 - 기타,승합,남,44세,상해없음,승용,남,38세,경상
2023091900100350,2023년 9월 19일 15시,화요일,대구광역시 중구 계산동2가,경상사고,0,0,1,0,차대사람 - 차도통행중,안전운전불이행,건조,맑음,단일로 - 기타,승용,남,27세,상해없음,보행자,남,30세,경상
2023091900100383,2023년 9월 19일 16시,화요일,대구광역시 동구 율암동,경상사고,0,0,1,0,차대차 - 추돌,안전운전불이행,건조,맑음,단일로 - 교량,승용,남,69세,상해없음,승합,남,45세,경상
2023091900100384,2023년 9월 19일 16시,화요일,대구광역시 수성구 중동,경상사고,0,0,1,0,차대차 - 기타,안전거리미확보,건조,맑음,교차로 - 교차로부근,승용,남,65세,상해없음,승용,남,50세,경상
2023091900100473,2023년 9월 19일 18시,화요일,대구광역시 서구 내당동,중상사고,0,1,2,0,차대차 - 정면충돌,신호위반,건조,맑음,교차로 - 교차로안,승용,남,68세,상해없음,이륜,남,68세,중상
2023091900100474,2023년 9월 19일 18시,화요일,대구광역시 달서구 두류동,중상사고,0,1,1,0,차대차 - 측면충돌,안전거리미확보,건조,맑음,단일로 - 기타,승용,남,45세,기타불명,건설기계,남,36세,경상
2023091900100503,2023년 9월 19일 19시,화요일,대구광역시 달서구 월성동,경상사고,0,0,1,0,차대차 - 기타,안전운전불이행,건조,맑음,단일로 - 기타,자전거,남,12세,경상,화물,남,53세,기타불명
2023091900100504,2023년 9월 19일 19시,화요일,대구광역시 달성군 논공읍,경상사고,0,0,1,0,차대차 - 측면충돌,신호위반,건조,맑음,교차로 - 교차로안,승용,남,76세,상해없음,승용,남,58세,경상
2023091900100531,2023년 9월 19일 20시,화요일,대구광역시 수성구 두산동,경상사고,0,0,1,0,차대차 - 기타,안전운전불이행,건조,맑음,교차로 - 교차로부근,승용,남,32세,상해없음,승용,여,31세,경상
2023091900100532,2023년 9월 19일 20시,화요일,대구광역시 달성군 논공읍,경상사고,0,0,2,0,차대차 - 기타,교차로운행방법위반,건조,맑음,기타 - 기타,승용,여,50세,경상,화물,남,49세,경상
2023091900100533,2023년 9월 19일 20시,화요일,대구광역시 달성군 옥포읍,경상사고,0,0,3,0,차대차 - 기타,신호위반,건조,맑음,교차로 - 교차로안,화물,남,27세,경상,승용,남,28세,경상
2023091900100555,2023년 9월 19일 21시,화요일,대구광역시 수성구 범어동,부상신고사고,0,0,0,1,차대차 - 기타,안전운전불이행,건조,맑음,기타 - 기타,이륜,남,45세,부상신고,승용,남,31세,상해없음
2023091900100567,2023년 9월 19일 22시,화요일,대구광역시 수성구 지산동,중상사고,0,1,0,0,차대차 - 기타,중앙선침범,건조,맑음,단일로 - 기타,기타불명,기타불명,미분류,기타불명,원동기,남,23세,중상
2023091900100568,2023년 9월 19일 22시,화요일,대구광역시 북구 침산동,중상사고,0,1,0,0,차대차 - 측면충돌,신호위반,건조,맑음,교차로 - 교차로안,승용,여,56세,상해없음,승용,여,56세,중상
2023092000100016,2023년 9월 20일 01시,수요일,대구광역시 남구 봉덕동,경상사고,0,0,1,0,차대차 - 추돌,안전거리미확보,건조,맑음,단일로 - 기타,승용,남,51세,기타불명,개인형이동수단(PM),남,64세,경상
2023092000100072,2023년 9월 20일 07시,수요일,대구광역시 중구 수창동,경상사고,0,0,1,0,차대사람 - 기타,안전운전불이행,건조,맑음,단일로 - 기타,승용,남,42세,상해없음,보행자,남,61세,경상
2023092000100135,2023년 9월 20일 08시,수요일,대구광역시 달서구 신당동,경상사고,0,0,1,0,차대차 - 기타,안전운전불이행,건조,맑음,기타 - 기타,승용,남,44세,상해없음,자전거,여,20세,경상
2023092000100165,2023년 9월 20일 09시,수요일,대구광역시 수성구 만촌동,경상사고,0,0,1,0,차대차 - 후진중충돌,안전운전불이행,건조,맑음,단일로 - 기타,승용,여,55세,상해없음,승용,여,38세,경상
2023092000100166,2023년 9월 20일 09시,수요일,대구광역시 중구 교동,경상사고,0,0,1,0,차대사람 - 길가장자리구역통행중,안전운전불이행,건조,맑음,기타 - 기타,승용,남,71세,상해없음,보행자,여,75세,경상
2023092000100246,2023년 9월 20일 11시,수요일,대구광역시 북구 침산동,경상사고,0,0,1,0,차대사람 - 기타,기타,건조,맑음,기타 - 기타,화물,남,60세,기타불명,보행자,여,32세,경상
2023092000100247,2023년 9월 20일 11시,수요일,대구광역시 서구 내당동,경상사고,0,0,1,0,차대차 - 측면충돌,신호위반,건조,맑음,교차로 - 교차로안,승용,여,49세,상해없음,승용,남,33세,경상
2023092000100248,2023년 9월 20일 11시,수요일,대구광역시 서구 비산동,경상사고,0,0,1,0,차대차 - 측면충돌,교차로운행방법위반,건조,맑음,교차로 - 교차로안,화물,남,42세,상해없음,승용,남,57세,경상
2023092000100249,2023년 9월 20일 11시,수요일,대구광역시 중구 포정동,중상사고,0,1,1,0,차대차 - 측면충돌,안전운전불이행,건조,맑음,교차로 - 교차로안,이륜,남,91세,경상,승용,여,67세,상해없음
2023092000100270,2023년 9월 20일 12시,수요일,대구광역시 서구 평리동,중상사고,0,1,2,0,차대차 - 측면충돌,교차로운행방법위반,젖음/습기,흐림,교차로 - 교차로부근,승용,여,63세,상해없음,승용,여,38세,중상
2023092000100305,2023년 9월 20일 13시,수요일,대구광역시 달서구 송현동,경상사고,0,0,1,0,차대사람 - 기타,안전운전불이행,건조,맑음,단일로 - 기타,승용,여,56세,상해없음,보행자,남,50세,경상
2023092000100306,2023년 9월 20일 13시,수요일,대구광역시 달서구 도원동,경상사고,0,0,1,0,차대차 - 측면충돌,안전운전불이행,젖음/습기,흐림,교차로 - 교차로안,승용,남,74세,상해없음,승용,여,39세,경상
2023092000100346,2023년 9월 20일 14시,수요일,대구광역시 북구 침산동,경상사고,0,0,1,1,차대차 - 기타,교차로운행방법위반,젖음/습기,흐림,교차로 - 교차로안,화물,남,56세,부상신고,승용,남,40세,경상