사고번호,사고일시,요일,시군구,사고내용,사망자수,중상자수,경상자수,부상신고자수,사고유형,법규위반,노면상태,기상상태,도로형태,가해운전자 차종,가해운전자 성별,가해운전자 연령,가해운전자 상해정도,피해운전자 차종,피해운전자 성별,피해운전자 연령,피해운전자 상해정도
2023092000100434,2023년 9월 20일 16시,수요일,대구광역시 달서구 상인동,경상사고,0,0,1,0,차대사람 - 횡단중,안전운전불이행,젖음/습기,비,단일로 - 기타,이륜,남,66세,상해없음,보행자,여,48세,경상
2023092000100488,2023년 9월 20일 17시,수요일,대구광역시 수성구 범어동,경상사고,0,0,1,0,차대사람 - 기타,안전운전불이행,젖음/습기,비,교차로 - 교차로안,승용,남,73세,상해없음,보행자,남,14세,경상
2023092000100554,2023년 9월 20일 18시,수요일,대구광역시 수성구 범어동,경상사고,0,0,1,0,차대차 - 기타,안전운전불이행,젖음/습기,비,교차로 - 교차로안,기타불명,기타불명,미분류,기타불명,이륜,남,39세,경상
2023092000100555,2023년 9월 20일 18시,수요일,대구광역시 서구 비산동,경상사고,0,0,3,0,차대차 - 추돌,안전운전불이행,건조,맑음,단일로 - 기타,화물,남,60세,상해없음,승용,남,55세,경상
2023092000100556,2023년 9월 20일 18시,수요일,대구광역시 서구 내당동,중상사고,0,1,2,0,차대차 - 측면충돌,안전운전불이행,젖음/습기,비,교차로 - 교차로안,승용,여,28세,경상,승용,여,28세,경상
2023092000100557,2023년 9월 20일 18시,수요일,대구광역시 달서구 신당동,경상사고,0,0,1,0,차대차 - 추돌,안전운전불이행,건조,맑음,교차로 - 교차로부근,이륜,남,24세,상해없음,승용,남,60세,경상
2023092000100558,2023년 9월 20일 18시,수요일,대구광역시 북구 동천동,경상사고,0,0,1,0,차대사람 - 횡단중,보행자보호의무위반,젖음/습기,비,교차로 - 교차로횡단보도내,승용,여,59세,상해없음,보행자,여,22세,경상
2023092000100618,2023년 9월 20일 19시,수요일,대구광역시 수성구 범물동,경상사고,0,0,1,0,차대사람 - 차도통행중,안전운전불이행,건조,맑음,기타 - 기타,승용,남,26세,상해없음,보행자,남,32세,경상
2023092000100619,2023년 9월 20일 19시,수요일,대구광역시 달성군 다사읍,경상사고,0,0,1,0,차대차 - 측면충돌,안전거리미확보,건조,맑음,단일로 - 기타,화물,남,71세,상해없음,승용,남,35세,경상
2023092000100620,2023년 9월 20일 19시,수요일,대구광역시 서구 내당동,중상사고,0,1,0,0,차대차 - 정면충돌,신호위반,젖음/습기,흐림,교차로 - 교차로안,승합,남,64세,상해없음,이륜,남,48세,중상
2023092000100621,2023년 9월 20일 19시,수요일,대구광역시 서구 평리동,경상사고,0,0,1,0,차대차 - 측면충돌,안전운전불이행,젖음/습기,비,교차로 - 교차로안,이륜,남,45세,상해없음,승용,남,31세,상해없음
2023092000100657,2023년 9월 20일 20시,수요일,대구광역시 달서구 도원동,경상사고,0,0,1,0,차대차 - 정면충돌,신호위반,젖음/습기,비,교차로 - 교차로안,승용,남,56세,상해없음,이륜,남,20세,경상
2023092000100658,2023년 9월 20일 20시,수요일,대구광역시 서구 이현동,경상사고,0,0,2,0,차대차 - 기타,안전거리미확보,건조,맑음,단일로 - 기타,승합,남,60세,경상,승용,남,34세,경상
2023092000100659,2023년 9월 20일 20시,수요일,대구광역시 북구 매천동,경상사고,0,0,1,0,차대사람 - 횡단중,신호위반,젖음/습기,비,교차로 - 교차로횡단보도내,승용,남,57세,상해없음,보행자,남,12세,경상
2023092000100695,2023년 9월 20일 21시,수요일,대구광역시 수성구 만촌동,경상사고,0,0,2,0,차대차 - 측면충돌,기타,젖음/습기,비,단일로 - 기타,승용,남,74세,상해없음,이륜,남,28세,경상
2023092000100718,2023년 9월 20일 22시,수요일,대구광역시 남구 대명동,경상사고,0,0,1,0,차대사람 - 기타,안전운전불이행,젖음/습기,맑음,단일로 - 기타,이륜,남,61세,상해없음,보행자,남,31세,경상
2023092000100719,2023년 9월 20일 22시,수요일,대구광역시 달서구 상인동,경상사고,0,0,2,2,차대차 - 측면충돌,안전거리미확보,젖음/습기,비,단일로 - 기타,승용,여,54세,상해없음,승용,남,23세,경상
2023092000100740,2023년 9월 20일 23시,수요일,대구광역시 북구 노곡동,중상사고,0,2,1,0,차대차 - 측면충돌,안전운전불이행,젖음/습기,비,단일로 - 기타,승합,남,75세,상해없음,승용,남,53세,중상
2023092000100742,2023년 9월 20일 23시,수요일,대구광역시 수성구 만촌동,경상사고,0,0,1,0,차대차 - 기타,안전운전불이행,젖음/습기,비,단일로 - 기타,승용,남,71세,상해없음,승용,남,33세,경상
2023092100100011,2023년 9월 21일 01시,목요일,대구광역시 달서구 파호동,경상사고,0,0,1,0,차량단독 - 기타,안전운전불이행,젖음/습기,비,단일로 - 기타,승용,남,61세,상해없음,,,,
2023092100100020,2023년 9월 21일 04시,목요일,대구광역시 북구 동천동,부상신고사고,0,0,0,1,차대차 - 추돌,안전운전불이행,건조,맑음,단일로 - 기타,승용,남,23세,기타불명,승용,남,47세,부상신고
2023092100100043,2023년 9월 21일 06시,목요일,대구광역시 수성구 황금동,경상사고,0,0,1,0,차대차 - 측면충돌,안전운전불이행,젖음/습기,비,단일로 - 기타,승용,남,21세,기타불명,승용,남,66세,경상
2023092100100044,2023년 9월 21일 06시,목요일,대구광역시 북구 복현동,경상사고,0,0,1,0,차대차 - 추돌,안전운전불이행,젖음/습기,비,단일로 - 기타,승용,여,59세,상해없음,승용,남,53세,경상
2023092100100045,2023년 9월 21일 06시,목요일,대구광역시 달서구 갈산동,경상사고,0,0,1,0,차대사람 - 기타,안전운전불이행,건조,맑음,교차로 - 교차로안,승용,남,54세,상해없음,보행자,남,45세,경상
2023092100100069,2023년 9월 21일 07시,목요일,대구광역시 동구 중대동,경상사고,0,0,2,0,차대차 - 정면충돌,안전운전불이행,젖음/습기,비,단일로 - 기타,화물,남,76세,상해없음,승합,남,55세,경상
2023092100100070,2023년 9월 21일 07시,목요일,대구광역시 동구 봉무동,경상사고,0,0,1,0,차대차 - 측면충돌,안전운전불이행,젖음/습기,비,단일로 - 지하차도(도로)내,승용,남,21세,상해없음,승용,남,31세,경상
2023092100100114,2023년 9월 21일 08시,목요일,대구광역시 동구 용계동,경상사고,0,0,1,0,차대차 - 측면충돌,안전운전불이행,젖음/습기,비,교차로 - 교차로안,승용,여,39세,상해없음,자전거,남,16세,경상
2023092100100162,2023년 9월 21일 09시,목요일,대구광역시 남구 대명동,중상사고,0,1,0,0,차대차 - 기타,신호위반,젖음/습기,맑음,교차로 - 교차로횡단보도내,승합,남,53세,상해없음,원동기,여,38세,중상
2023092100100163,2023년 9월 21일 09시,목요일,대구광역시 동구 상매동,경상사고,0,0,3,0,차대차 - 측면충돌,기타,젖음/습기,비,교차로 - 교차로안,승용,여,24세,경상,승용,남,32세,경상
2023092100100165,2023년 9월 21일 09시,목요일,대구광역시 동구 각산동,경상사고,0,0,1,0,차대차 - 측면충돌,안전운전불이행,건조,맑음,교차로 - 교차로안,승용,여,55세,상해없음,승용,남,33세,경상
2023092100100166,2023년 9월 21일 09시,목요일,대구광역시 수성구 범어동,경상사고,0,0,1,0,차대차 - 측면충돌,안전운전불이행,건조,맑음,교차로 - 교차로안,승용,여,54세,상해없음,승용,남,36세,경상
2023092100100167,2023년 9월 21일 09시,목요일,대구광역시 서구 비산동,경상사고,0,0,1,0,차대차 - 측면충돌,안전운전불이행,젖음/습기,비,단일로 - 기타,화물,남,31세,상해없음,승용,여,38세,경상
2023092100100200,2023년 9월 21일 10시,목요일,대구광역시 남구 이천동,경상사고,0,0,2,0,차대차 - 후진중충돌,안전운전불이행,건조,맑음,교차로 - 교차로부근,승용,남,72세,상해없음,승용,여,55세,경상
2023092100100201,2023년 9월 21일 10시,목요일,대구광역시 수성구 지산동,경상사고,0,0,2,0,차대차 - 추돌,안전운전불이행,건조,맑음,교차로 - 교차로부근,승용,여,42세,상해없음,승용,여,64세,경상
2023092100100202,2023년 9월 21일 10시,목요일,대구광역시 수성구 상동,경상사고,0,0,1,0,차대차 - 정면충돌,안전운전불이행,젖음/습기,흐림,교차로 - 교차로안,승용,남,59세,상해없음,승용,남,52세,경상
2023092100100203,2023년 9월 21일 10시,목요일,대구광역시 북구 산격동,경상사고,0,0,1,0,차대차 - 측면충돌,안전운전불이행,건조,맑음,주차장 - 주차장,승용,여,48세,상해없음,승용,여,55세,경상
2023092100100204,2023년 9월 21일 10시,목요일,대구광역시 달서구 두류동,경상사고,0,0,3,0,차대차 - 측면충돌,안전운전불이행,젖음/습기,비,단일로 - 기타,승용,남,66세,상해없음,승용,남,52세,경상
2023092100100244,2023년 9월 21일 11시,목요일,대구광역시 수성구 만촌동,경상사고,0,0,1,0,차대차 - 기타,안전운전불이행,기타,맑음,단일로 - 기타,화물,여,56세,경상,화물,남,58세,상해없음
2023092100100299,2023년 9월 21일 13시,목요일,대구광역시 서구 평리동,경상사고,0,0,1,0,차대차 - 측면충돌,안전운전불이행,젖음/습기,흐림,단일로 - 기타,승용,남,61세,상해없음,승용,남,67세,경상
2023092100100334,2023년 9월 21일 14시,목요일,대구광역시 수성구 수성동1가,경상사고,0,0,1,0,차대차 - 기타,안전거리미확보,건조,맑음,기타 - 기타,승용,남,44세,상해없음,승합,남,61세,상해없음
2023092100100335,2023년 9월 21일 14시,목요일,대구광역시 달성군 화원읍,경상사고,0,0,1,0,차대차 - 측면충돌,안전운전불이행,건조,맑음,교차로 - 교차로부근,승용,남,63세,상해없음,이륜,남,61세,경상
2023092100100361,2023년 9월 21일 15시,목요일,대구광역시 중구 수창동,부상신고사고,0,0,0,1,차대차 - 기타,안전운전불이행,건조,맑음,단일로 - 기타,자전거,남,81세,부상신고,화물,남,41세,상해없음
2023092100100391,2023년 9월 21일 16시,목요일,대구광역시 동구 효목동,경상사고,0,0,1,0,차대차 - 측면충돌,안전운전불이행,건조,맑음,단일로 - 기타,승용,남,62세,상해없음,승용,남,51세,경상
2023092100100392,2023년 9월 21일 16시,목요일,대구광역시 수성구 파동,경상사고,0,0,1,0,차대사람 - 횡단중,보행자보호의무위반,건조,맑음,교차로 - 교차로안,승용,여,48세,상해없음,보행자,남,59세,경상
2023092100100394,2023년 9월 21일 16시,목요일,대구광역시 중구 대봉동,경상사고,0,0,1,1,차대차 - 측면충돌,안전거리미확보,건조,맑음,단일로 - 기타,승용,남,33세,부상신고,승용,남,37세,경상
2023092100100429,2023년 9월 21일 17시,목요일,대구광역시 북구 침산동,중상사고,0,1,0,0,차대사람 - 기타,안전운전불이행,건조,맑음,단일로 - 기타,이륜,남,49세,상해없음,보행자,여,84세,중상
2023092100100430,2023년 9월 21일 17시,목요일,대구광역시 북구 복현동,경상사고,0,0,2,0,차대차 - 측면충돌,교차로운행방법위반,젖음/습기,비,교차로 - 교차로안,승용,여,48세,상해없음,승용,여,49세,경상
2023092100100431,2023년 9월 21일 17시,목요일,대구광역시 달서구 감삼동,부상신고사고,0,0,0,2,차대사람 - 기타,안전운전불이행,건조,맑음,단일로 - 기타,이륜,남,27세,부상신고,보행자,여,74세,부상신고
2023092100100474,2023년 9월 21일 18시,목요일,대구광역시 수성구 가천동,중상사고,0,1,1,0,차대차 - 추돌,안전운전불이행,건조,맑음,단일로 - 기타,화물,남,31세,상해없음,승용,여,28세,중상
2023092100100475,2023년 9월 21일 18시,목요일,대구광역시 달서구 월암동,경상사고,0,0,2,0,차대차 - 기타,직진우회전진행방해,건조,맑음,교차로 - 교차로안,승용,남,73세,경상,승용,남,49세,경상
2023092100100476,2023년 9월 21일 18시,목요일,대구광역시 북구 동천동,경상사고,0,0,2,0,차대차 - 기타,안전운전불이행,건조,맑음,교차로 - 교차로부근,승용,남,33세,상해없음,승용,여,27세,경상
2023092100100556,2023년 9월 21일 20시,목요일,대구광역시 달성군 다사읍,경상사고,0,0,1,0,차대사람 - 횡단중,보행자보호의무위반,건조,맑음,단일로 - 기타,승용,남,60세,상해없음,보행자,여,27세,경상
2023092100100557,2023년 9월 21일 20시,목요일,대구광역시 북구 서변동,경상사고,0,0,1,0,차대차 - 측면충돌,안전거리미확보,건조,맑음,단일로 - 지하차도(도로)내,화물,남,54세,상해없음,승용,남,65세,경상
2023092100100578,2023년 9월 21일 21시,목요일,대구광역시 달서구 성당동,경상사고,0,0,1,0,차대차 - 측면충돌,안전거리미확보,건조,맑음,단일로 - 기타,승용,남,49세,상해없음,이륜,남,24세,경상
2023092100100602,2023년 9월 21일 22시,목요일,대구광역시 수성구 신매동,경상사고,0,0,1,0,차대사람 - 횡단중,안전운전불이행,건조,맑음,단일로 - 기타,이륜,남,17세,기타불명,보행자,남,17세,경상
2023092100100603,2023년 9월 21일 22시,목요일,대구광역시 달성군 유가읍,경상사고,0,0,1,0,차대차 - 기타,신호위반,건조,맑음,교차로 - 교차로안,승용,남,25세,상해없음,승용,남,39세,경상
2023092100100622,2023년 9월 21일 23시,목요일,대구광역시 달서구 송현동,경상사고,0,0,1,0,차대차 - 측면충돌,안전거리미확보,건조,맑음,교차로 - 교차로부근,승용,남,65세,상해없음,승용,남,74세,상해없음
2023092200100047,2023년 9월 22일 05시,금요일,대구광역시 동구 불로동,경상사고,0,0,1,0,차대차 - 측면충돌,안전운전불이행,건조,맑음,단일로 - 기타,승용,남,61세,상해없음,자전거,남,80세,경상
2023092200100048,2023년 9월 22일 05시,금요일,대구광역시 달서구 두류동,경상사고,0,0,1,0,차대차 - 측면충돌,안전운전불이행,건조,맑음,단일로 - 기타,승용,남,69세,상해없음,이륜,남,68세,경상
2023092200100092,2023년 9월 22일 07시,금요일,대구광역시 달서구 본동,부상신고사고,0,0,0,1,차대차 - 기타,안전거리미확보,건조,맑음,교차로 - 교차로부근,이륜,남,32세,부상신고,화물,남,44세,상해없음
2023092200100093,2023년 9월 22일 07시,금요일,대구광역시 북구 침산동,부상신고사고,0,0,0,1,차대차 - 기타,안전운전불이행,건조,맑음,교차로 - 교차로부근,기타불명,기타불명,미분류,기타불명,자전거,여,23세,부상신고
2023092200100142,2023년 9월 22일 08시,금요일,대구광역시 북구 산격동,경상사고,0,0,1,0,차대차 - 기타,교차로운행방법위반,건조,맑음,교차로 - 교차로안,승용,남,61세,상해없음,자전거,남,66세,경상
2023092200100143,2023년 9월 22일 08시,금요일,대구광역시 서구 비산동,경상사고,0,0,2,1,차대차 - 측면충돌,안전운전불이행,건조,맑음,교차로 - 교차로안,화물,남,59세,부상신고,승용,남,58세,경상
2023092200100189,2023년 9월 22일 09시,금요일,대구광역시 수성구 수성동4가,사망사고,1,0,0,0,차대차 - 측면충돌,안전운전불이행,건조,맑음,단일로 - 기타,화물,남,28세,상해없음,자전거,남,81세,사망
2023092200100190,2023년 9월 22일 09시,금요일,대구광역시 달서구 월암동,중상사고,0,1,0,0,차대차 - 측면충돌,안전운전불이행,건조,맑음,교차로 - 교차로안,화물,남,65세,상해없음,원동기,남,27세,중상
2023092200100223,2023년 9월 22일 10시,금요일,대구광역시 동구 입석동,경상사고,0,0,2,0,차대차 - 추돌,안전거리미확보,건조,맑음,단일로 - 기타,승합,남,69세,상해없음,승용,여,64세,경상
2023092200100225,2023년 9월 22일 10시,금요일,대구광역시 달성군 현풍읍,경상사고,0,0,1,0,차대차 - 측면충돌,신호위반,건조,맑음,교차로 - 교차로안,승용,남,38세,상해없음,승용,여,44세,경상
2023092200100226,2023년 9월 22일 10시,금요일,대구광역시 서구 평리동,경상사고,0,0,1,0,차대차 - 측면충돌,안전거리미확보,건조,맑음,단일로 - 기타,승용,여,59세,상해없음,승용,남,61세,경상
2023092200100227,2023년 9월 22일 10시,금요일,대구광역시 달서구 죽전동,경상사고,0,0,1,0,차대차 - 기타,신호위반,건조,맑음,단일로 - 기타,자전거,여,54세,경상,승용,여,52세,상해없음
2023092200100261,2023년 9월 22일 11시,금요일,대구광역시 달성군 논공읍,경상사고,0,0,2,0,차대차 - 정면충돌,중앙선침범,건조,맑음,기타 - 기타,승용,남,29세,상해없음,화물,남,51세,경상
2023092200100262,2023년 9월 22일 11시,금요일,대구광역시 달성군 옥포읍,경상사고,0,0,1,0,차대차 - 기타,안전운전불이행,건조,맑음,단일로 - 기타,승용,남,42세,상해없음,승용,남,44세,경상
2023092200100263,2023년 9월 22일 11시,금요일,대구광역시 북구 태전동,중상사고,0,1,0,0,차대사람 - 보도통행중,기타,건조,맑음,교차로 - 교차로안,승용,여,65세,상해없음,보행자,남,67세,중상
2023092200100295,2023년 9월 22일 12시,금요일,대구광역시 수성구 상동,경상사고,0,0,1,0,차대차 - 측면충돌,신호위반,건조,맑음,교차로 - 교차로안,승용,여,66세,상해없음,이륜,남,43세,경상
2023092200100413,2023년 9월 22일 15시,금요일,대구광역시 달서구 상인동,경상사고,0,0,1,0,차대차 - 측면충돌,안전운전불이행,건조,맑음,단일로 - 기타,승용,여,51세,상해없음,자전거,남,49세,경상
2023092200100414,2023년 9월 22일 15시,금요일,대구광역시 달서구 본동,경상사고,0,0,1,0,차대차 - 추돌,안전운전불이행,건조,맑음,교차로 - 교차로부근,승용,남,64세,상해없음,화물,남,41세,경상
2023092200100415,2023년 9월 22일 15시,금요일,대구광역시 북구 칠성동2가,경상사고,0,0,1,0,차대차 - 기타,안전운전불이행,건조,맑음,교차로 - 교차로횡단보도내,승용,남,64세,상해없음,자전거,남,65세,경상
2023092200100416,2023년 9월 22일 15시,금요일,대구광역시 달서구 감삼동,사망사고,1,0,0,0,차대차 - 정면충돌,안전운전불이행,건조,맑음,교차로 - 교차로횡단보도내,건설기계,남,69세,상해없음,이륜,남,56세,사망
2023092200100417,2023년 9월 22일 15시,금요일,대구광역시 북구 국우동,경상사고,0,0,1,0,차대차 - 측면충돌,안전거리미확보,건조,맑음,단일로 - 기타,승용,남,34세,상해없음,이륜,남,60세,경상
2023092200100418,2023년 9월 22일 15시,금요일,대구광역시 북구 서변동,부상신고사고,0,0,0,1,차대차 - 추돌,안전운전불이행,건조,맑음,단일로 - 지하차도(도로)내,자전거,남,12세,부상신고,승용,남,50세,기타불명
2023092200100477,2023년 9월 22일 16시,금요일,대구광역시 달서구 용산동,경상사고,0,0,2,0,차대차 - 추돌,안전운전불이행,건조,맑음,단일로 - 기타,승용,남,33세,경상,승용,남,47세,경상
2023092200100541,2023년 9월 22일 17시,금요일,대구광역시 달성군 다사읍,경상사고,0,0,1,0,차대차 - 기타,기타,건조,맑음,교차로 - 교차로안,승용,여,50세,상해없음,자전거,남,16세,경상
2023092200100602,2023년 9월 22일 18시,금요일,대구광역시 남구 대명동,중상사고,0,1,0,0,차대사람 - 기타,중앙선침범,건조,맑음,기타 - 기타,화물,남,43세,상해없음,보행자,남,79세,중상
2023092200100603,2023년 9월 22일 18시,금요일,대구광역시 동구 지묘동,경상사고,0,0,1,0,차대차 - 측면충돌,보행자보호의무위반,건조,맑음,교차로 - 교차로부근,승용,남,60세,상해없음,개인형이동수단(PM),남,7세,경상
2023092200100604,2023년 9월 22일 18시,금요일,대구광역시 달서구 대곡동,경상사고,0,0,1,0,차대차 - 기타,안전운전불이행,건조,맑음,기타 - 기타,승합,남,54세,상해없음,승용,여,49세,경상
2023092200100667,2023년 9월 22일 19시,금요일,대구광역시 수성구 연호동,경상사고,0,0,1,0,차대차 - 측면충돌,중앙선침범,건조,맑음,단일로 - 기타,승용,남,55세,상해없음,승용,남,40세,경상
2023092200100668,2023년 9월 22일 19시,금요일,대구광역시 달서구 송현동,경상사고,0,0,1,0,차대차 - 측면충돌,교차로운행방법위반,건조,맑음,교차로 - 교차로부근,승용,남,75세,상해없음,승용,남,63세,경상
2023092200100702,2023년 9월 22일 20시,금요일,대구광역시 남구 이천동,경상사고,0,0,2,0,차대차 - 추돌,안전운전불이행,건조,맑음,단일로 - 지하차도(도로)내,승용,남,27세,상해없음,승용,남,65세,경상
2023092200100703,2023년 9월 22일 20시,금요일,대구광역시 동구 방촌동,경상사고,0,0,1,0,차대사람 - 횡단중,보행자보호의무위반,건조,맑음,단일로 - 기타,승용,여,57세,상해없음,보행자,남,60세,경상
2023092200100704,2023년 9월 22일 20시,금요일,대구광역시 달서구 월성동,중상사고,0,1,1,0,차대차 - 측면충돌,신호위반,건조,맑음,단일로 - 기타,승용,남,28세,상해없음,자전거,남,33세,중상
2023092200100705,2023년 9월 22일 20시,금요일,대구광역시 북구 산격동,중상사고,0,1,0,0,차대차 - 기타,안전운전불이행,건조,맑음,기타 - 기타,자전거,남,29세,상해없음,자전거,남,34세,중상
2023092200100755,2023년 9월 22일 22시,금요일,대구광역시 달서구 송현동,경상사고,0,0,2,0,차대차 - 측면충돌,교차로운행방법위반,건조,맑음,교차로 - 교차로안,개인형이동수단(PM),남,15세,경상,승용,여,40세,경상
2023092300100018,2023년 9월 23일 00시,토요일,대구광역시 수성구 수성동2가,중상사고,0,1,0,0,차대사람 - 기타,안전운전불이행,건조,맑음,단일로 - 기타,승용,여,46세,상해없음,보행자,남,48세,중상
2023092300100051,2023년 9월 23일 03시,토요일,대구광역시 달서구 죽전동,경상사고,0,0,3,0,차대차 - 측면충돌,중앙선침범,건조,맑음,단일로 - 기타,승용,남,54세,상해없음,승용,남,34세,경상
2023092300100110,2023년 9월 23일 08시,토요일,대구광역시 수성구 시지동,중상사고,0,1,5,6,차대차 - 기타,안전거리미확보,건조,맑음,단일로 - 기타,승용,남,34세,부상신고,승합,남,56세,경상
2023092300100138,2023년 9월 23일 09시,토요일,대구광역시 군위군 군위읍,중상사고,0,1,0,0,차대사람 - 횡단중,안전운전불이행,건조,맑음,단일로 - 기타,승용,남,52세,상해없음,보행자,여,72세,중상
2023092300100143,2023년 9월 23일 09시,토요일,대구광역시 중구 대신동,중상사고,0,1,0,0,차대사람 - 횡단중,보행자보호의무위반,건조,맑음,교차로 - 교차로횡단보도내,승용,남,39세,상해없음,보행자,여,58세,중상
2023092300100190,2023년 9월 23일 10시,토요일,대구광역시 수성구 수성동1가,중상사고,0,3,0,0,차대차 - 기타,신호위반,건조,맑음,교차로 - 교차로안,승용,남,52세,상해없음,승용,남,37세,중상
2023092300100191,2023년 9월 23일 10시,토요일,대구광역시 서구 내당동,경상사고,0,0,1,0,차대차 - 측면충돌,안전운전불이행,건조,맑음,단일로 - 기타,승용,남,65세,상해없음,승용,남,43세,경상
2023092300100229,2023년 9월 23일 11시,토요일,대구광역시 수성구 신매동,중상사고,0,1,0,0,차대차 - 측면충돌,안전운전불이행,건조,맑음,단일로 - 기타,승용,여,58세,상해없음,개인형이동수단(PM),여,49세,중상
2023092300100230,2023년 9월 23일 11시,토요일,대구광역시 달서구 월성동,경상사고,0,0,3,0,차대차 - 정면충돌,신호위반,건조,맑음,교차로 - 교차로부근,승합,남,75세,경상,화물,남,55세,경상
2023092300100231,2023년 9월 23일 11시,토요일,대구광역시 중구 삼덕동3가,경상사고,0,0,1,1,차대차 - 기타,안전운전불이행,건조,맑음,교차로 - 교차로안,승용,남,27세,부상신고,승용,여,27세,경상
2023092300100275,2023년 9월 23일 12시,토요일,대구광역시 동구 율하동,경상사고,0,0,2,0,차대차 - 측면충돌,직진우회전진행방해,건조,맑음,교차로 - 교차로안,승용,남,75세,경상,승용,남,50세,경상
2023092300100309,2023년 9월 23일 13시,토요일,대구광역시 동구 신암동,경상사고,0,0,1,0,차대차 - 측면충돌,교차로운행방법위반,건조,맑음,기타 - 기타,승용,여,48세,상해없음,화물,남,30세,경상
2023092300100310,2023년 9월 23일 13시,토요일,대구광역시 달서구 진천동,경상사고,0,0,1,0,차대차 - 측면충돌,안전거리미확보,건조,맑음,단일로 - 기타,승용,남,32세,상해없음,승용,남,57세,경상
2023092300100378,2023년 9월 23일 15시,토요일,대구광역시 북구 서변동,경상사고,0,0,2,0,차대차 - 기타,안전운전불이행,건조,맑음,단일로 - 기타,승용,여,50세,상해없음,승용,남,41세,경상
2023092300100381,2023년 9월 23일 15시,토요일,대구광역시 수성구 두산동,경상사고,0,0,1,2,차대차 - 추돌,안전거리미확보,건조,맑음,교차로 - 교차로안,승용,여,49세,상해없음,승용,남,57세,경상
2023092300100382,2023년 9월 23일 15시,토요일,대구광역시 달서구 신당동,경상사고,0,0,2,0,차대차 - 기타,신호위반,건조,맑음,교차로 - 교차로안,승용,남,59세,상해없음,승용,남,55세,경상
2023092300100383,2023년 9월 23일 15시,토요일,대구광역시 북구 서변동,경상사고,0,0,2,0,차대차 - 측면충돌,신호위반,건조,맑음,교차로 - 교차로부근,승용,여,59세,상해없음,승합,남,62세,경상
2023092300100384,2023년 9월 23일 15시,토요일,대구광역시 북구 서변동,경상사고,0,0,1,0,차량단독 - 기타,안전운전불이행,건조,맑음,단일로 - 기타,승합,남,64세,상해없음,,,,
2023092300100425,2023년 9월 23일 16시,토요일,대구광역시 달성군 유가읍,중상사고,0,1,0,0,차대차 - 기타,안전운전불이행,건조,맑음,교차로 - 교차로안,승용,여,58세,상해없음,원동기,남,46세,중상
2023092300100427,2023년 9월 23일 16시,토요일,대구광역시 남구 대명동,경상사고,0,0,1,0,차대차 - 추돌,안전운전불이행,건조,맑음,교차로 - 교차로안,승용,남,68세,상해없음,이륜,남,85세,경상
2023092300100428,2023년 9월 23일 16시,토요일,대구광역시 북구 태전동,중상사고,0,1,0,0,차대차 - 측면충돌,안전운전불이행,건조,맑음,단일로 - 기타,이륜,여,55세,중상,승용,남,51세,상해없음
2023092300100471,2023년 9월 23일 17시,토요일,대구광역시 동구 백안동,경상사고,0,0,1,0,차대차 - 측면충돌,안전거리미확보,건조,맑음,단일로 - 기타,승용,남,75세,상해없음,승용,여,60세,경상
2023092300100472,2023년 9월 23일 17시,토요일,대구광역시 달서구 진천동,경상사고,0,0,1,0,차대사람 - 기타,안전운전불이행,건조,맑음,단일로 - 기타,승용,여,63세,상해없음,보행자,여,86세,경상
2023092300100473,2023년 9월 23일 17시,토요일,대구광역시 달성군 유가읍,경상사고,0,0,1,0,차대사람 - 차도통행중,안전운전불이행,건조,맑음,기타 - 기타,승용,남,62세,상해없음,보행자,여,61세,경상
2023092300100474,2023년 9월 23일 17시,토요일,대구광역시 달성군 화원읍,경상사고,0,0,1,0,차대차 - 측면충돌,직진우회전진행방해,건조,맑음,단일로 - 기타,이륜,남,26세,상해없음,자전거,남,73세,경상
2023092300100475,2023년 9월 23일 17시,토요일,대구광역시 서구 비산동,부상신고사고,0,0,0,1,차대차 - 기타,안전운전불이행,건조,맑음,교차로 - 교차로안,화물,남,34세,상해없음,자전거,여,74세,부상신고
2023092300100505,2023년 9월 23일 18시,토요일,대구광역시 군위군 효령면,경상사고,0,0,1,0,차대차 - 추돌,안전운전불이행,건조,맑음,단일로 - 교량,승용,남,79세,상해없음,화물,남,48세,기타불명
2023092300100507,2023년 9월 23일 18시,토요일,대구광역시 수성구 만촌동,경상사고,0,0,1,0,차대차 - 측면충돌,안전거리미확보,건조,맑음,단일로 - 기타,승용,여,24세,상해없음,이륜,남,39세,경상
2023092300100508,2023년 9월 23일 18시,토요일,대구광역시 달서구 진천동,경상사고,0,0,1,0,차대차 - 측면충돌,안전운전불이행,건조,맑음,교차로 - 교차로안,승용,남,38세,상해없음,개인형이동수단(PM),남,15세,경상
2023092300100542,2023년 9월 23일 19시,토요일,대구광역시 서구 원대동3가,중상사고,0,1,1,0,차대차 - 측면충돌,신호위반,건조,맑음,교차로 - 교차로안,이륜,남,28세,중상,승용,남,63세,경상
2023092300100574,2023년 9월 23일 20시,토요일,대구광역시 서구 비산동,경상사고,0,0,2,0,차대차 - 측면충돌,안전거리미확보,건조,맑음,단일로 - 기타,화물,남,65세,경상,승용,남,38세,상해없음
2023092300100575,2023년 9월 23일 20시,토요일,대구광역시 달서구 감삼동,중상사고,0,1,0,0,차대사람 - 기타,안전운전불이행,건조,맑음,단일로 - 지하차도(도로)내,승용,남,55세,상해없음,보행자,남,51세,중상