사고번호,사고일시,요일,시군구,사고내용,사망자수,중상자수,경상자수,부상신고자수,사고유형,법규위반,노면상태,기상상태,도로형태,가해운전자 차종,가해운전자 성별,가해운전자 연령,가해운전자 상해정도,피해운전자 차종,피해운전자 성별,피해운전자 연령,피해운전자 상해정도
2023092300100631,2023년 9월 23일 22시,토요일,대구광역시 수성구 황금동,경상사고,0,0,1,0,차대사람 - 횡단중,보행자보호의무위반,건조,맑음,교차로 - 교차로부근,승용,남,65세,상해없음,보행자,남,19세,경상
2023092300100632,2023년 9월 23일 22시,토요일,대구광역시 북구 동천동,중상사고,0,1,3,0,차대차 - 추돌,안전운전불이행,건조,맑음,단일로 - 터널,승용,남,66세,상해없음,승용,여,48세,중상
2023092400100009,2023년 9월 24일 00시,일요일,대구광역시 달성군 현풍읍,사망사고,1,0,2,0,차대차 - 후진중충돌,기타,건조,맑음,단일로 - 기타,승용,남,64세,상해없음,승용,남,42세,상해없음
2023092400100011,2023년 9월 24일 00시,일요일,대구광역시 달서구 용산동,경상사고,0,0,2,0,차대차 - 기타,안전운전불이행,건조,맑음,단일로 - 기타,승용,여,52세,상해없음,승용,남,23세,경상
2023092400100091,2023년 9월 24일 08시,일요일,대구광역시 수성구 신매동,경상사고,0,0,2,0,차대차 - 기타,안전운전불이행,건조,맑음,기타 - 기타,승용,남,62세,상해없음,승용,남,74세,상해없음
2023092400100092,2023년 9월 24일 08시,일요일,대구광역시 서구 비산동,경상사고,0,0,1,0,차대차 - 측면충돌,신호위반,건조,맑음,교차로 - 교차로안,승용,남,71세,상해없음,승용,남,65세,경상
2023092400100128,2023년 9월 24일 10시,일요일,대구광역시 수성구 수성동2가,경상사고,0,0,1,0,차대차 - 추돌,안전운전불이행,건조,맑음,기타 - 기타,승용,남,51세,상해없음,승용,남,33세,경상
2023092400100129,2023년 9월 24일 10시,일요일,대구광역시 달서구 대곡동,중상사고,0,1,0,0,차대사람 - 횡단중,보행자보호의무위반,건조,맑음,교차로 - 교차로횡단보도내,승합,남,58세,상해없음,보행자,남,83세,중상
2023092400100170,2023년 9월 24일 11시,일요일,대구광역시 동구 율암동,경상사고,0,0,2,0,차대차 - 측면충돌,안전거리미확보,건조,맑음,교차로 - 교차로부근,승용,남,30세,상해없음,화물,남,56세,경상
2023092400100171,2023년 9월 24일 11시,일요일,대구광역시 북구 침산동,경상사고,0,0,2,0,차대차 - 추돌,안전거리미확보,건조,맑음,단일로 - 기타,승용,남,57세,경상,승용,남,27세,상해없음
2023092400100228,2023년 9월 24일 13시,일요일,대구광역시 북구 대현동,경상사고,0,0,1,0,차대차 - 측면충돌,안전운전불이행,건조,맑음,단일로 - 기타,화물,여,23세,기타불명,승용,남,52세,경상
2023092400100229,2023년 9월 24일 13시,일요일,대구광역시 중구 남일동,경상사고,0,0,1,0,차대차 - 기타,기타,건조,맑음,단일로 - 기타,승합,남,52세,상해없음,자전거,남,70세,경상
2023092400100230,2023년 9월 24일 13시,일요일,대구광역시 북구 동천동,경상사고,0,0,1,0,차대사람 - 기타,안전운전불이행,건조,맑음,단일로 - 기타,승용,여,66세,상해없음,보행자,남,38세,경상
2023092400100271,2023년 9월 24일 14시,일요일,대구광역시 수성구 이천동,경상사고,0,0,5,0,차대차 - 기타,안전거리미확보,건조,맑음,단일로 - 기타,승용,여,58세,기타불명,승용,남,46세,경상
2023092400100272,2023년 9월 24일 14시,일요일,대구광역시 서구 평리동,중상사고,0,1,0,0,차대차 - 측면충돌,안전운전불이행,건조,맑음,교차로 - 교차로안,이륜,여,61세,중상,자전거,기타불명,미분류,기타불명
2023092400100350,2023년 9월 24일 17시,일요일,대구광역시 달서구 대곡동,경상사고,0,0,2,0,차대차 - 측면충돌,안전거리미확보,건조,맑음,교차로 - 교차로부근,승용,남,68세,상해없음,승용,남,35세,경상
2023092400100351,2023년 9월 24일 17시,일요일,대구광역시 달성군 논공읍,경상사고,0,0,1,0,차대사람 - 횡단중,신호위반,건조,맑음,교차로 - 교차로횡단보도내,기타불명,기타불명,미분류,기타불명,보행자,남,61세,경상
2023092400100352,2023년 9월 24일 17시,일요일,대구광역시 서구 평리동,부상신고사고,0,0,0,1,차대사람 - 기타,안전운전불이행,건조,맑음,교차로 - 교차로부근,자전거,여,75세,상해없음,보행자,여,82세,부상신고
2023092400100353,2023년 9월 24일 17시,일요일,대구광역시 달서구 갈산동,경상사고,0,0,1,0,차대차 - 측면충돌,안전운전불이행,건조,맑음,단일로 - 기타,승용,남,63세,상해없음,승용,남,34세,경상
2023092400100378,2023년 9월 24일 18시,일요일,대구광역시 남구 대명동,경상사고,0,0,1,0,차대사람 - 횡단중,안전운전불이행,건조,맑음,교차로 - 교차로횡단보도내,승용,여,58세,상해없음,보행자,남,63세,경상
2023092400100406,2023년 9월 24일 19시,일요일,대구광역시 달성군 논공읍,경상사고,0,0,1,0,차대차 - 측면충돌,안전운전불이행,건조,맑음,교차로 - 교차로안,승용,남,31세,상해없음,승용,남,20세,경상
2023092400100407,2023년 9월 24일 19시,일요일,대구광역시 달성군 논공읍,경상사고,0,0,1,0,차대차 - 측면충돌,안전운전불이행,건조,맑음,교차로 - 교차로안,이륜,남,60세,상해없음,승용,여,28세,경상
2023092400100433,2023년 9월 24일 20시,일요일,대구광역시 서구 내당동,경상사고,0,0,1,0,차대차 - 추돌,안전운전불이행,건조,맑음,단일로 - 기타,이륜,남,27세,경상,승용,남,27세,상해없음
2023092400100469,2023년 9월 24일 22시,일요일,대구광역시 남구 대명동,경상사고,0,0,1,0,차대사람 - 횡단중,신호위반,건조,맑음,교차로 - 교차로안,이륜,남,26세,상해없음,보행자,남,25세,경상
2023092500100019,2023년 9월 25일 04시,월요일,대구광역시 수성구 두산동,경상사고,0,0,1,0,차대차 - 추돌,안전운전불이행,건조,맑음,교차로 - 교차로안,승용,남,29세,상해없음,승용,남,32세,경상
2023092500100065,2023년 9월 25일 07시,월요일,대구광역시 동구 효목동,경상사고,0,0,1,0,차대차 - 측면충돌,교차로운행방법위반,건조,맑음,교차로 - 교차로횡단보도내,승용,여,36세,기타불명,승용,여,56세,경상
2023092500100066,2023년 9월 25일 07시,월요일,대구광역시 수성구 황금동,경상사고,0,0,1,0,차대차 - 기타,안전운전불이행,건조,맑음,단일로 - 기타,승용,남,66세,상해없음,승용,남,57세,경상
2023092500100067,2023년 9월 25일 07시,월요일,대구광역시 달성군 현풍읍,경상사고,0,0,1,0,차대차 - 기타,안전운전불이행,건조,맑음,교차로 - 교차로안,원동기,여,74세,경상,승용,남,32세,상해없음
2023092500100110,2023년 9월 25일 08시,월요일,대구광역시 중구 남산동,경상사고,0,0,1,0,차대차 - 추돌,안전거리미확보,젖음/습기,비,교차로 - 교차로부근,승용,남,55세,상해없음,화물,남,43세,경상
2023092500100162,2023년 9월 25일 09시,월요일,대구광역시 달성군 논공읍,경상사고,0,0,1,0,차대차 - 기타,안전운전불이행,건조,맑음,단일로 - 기타,승용,여,29세,상해없음,승용,남,66세,경상
2023092500100163,2023년 9월 25일 09시,월요일,대구광역시 서구 내당동,중상사고,0,1,1,1,차대차 - 측면충돌,신호위반,건조,맑음,교차로 - 교차로안,화물,남,59세,부상신고,승용,남,32세,중상
2023092500100164,2023년 9월 25일 09시,월요일,대구광역시 달서구 두류동,경상사고,0,0,1,0,차량단독 - 기타,안전운전불이행,건조,맑음,단일로 - 기타,승합,남,52세,상해없음,,,,
2023092500100198,2023년 9월 25일 10시,월요일,대구광역시 동구 신암동,부상신고사고,0,0,0,1,차대사람 - 기타,기타,건조,맑음,기타 - 기타,자전거,기타불명,미분류,기타불명,보행자,여,84세,부상신고
2023092500100199,2023년 9월 25일 10시,월요일,대구광역시 달서구 월성동,경상사고,0,0,1,0,차대차 - 측면충돌,안전운전불이행,건조,맑음,단일로 - 기타,화물,남,43세,상해없음,승용,남,41세,경상
2023092500100200,2023년 9월 25일 10시,월요일,대구광역시 북구 노원동3가,경상사고,0,0,1,0,차대차 - 기타,중앙선침범,건조,맑음,단일로 - 기타,화물,남,28세,상해없음,이륜,남,50세,경상
2023092500100245,2023년 9월 25일 11시,월요일,대구광역시 동구 금강동,경상사고,0,0,1,0,차대차 - 기타,안전운전불이행,건조,맑음,주차장 - 주차장,화물,남,65세,상해없음,자전거,남,74세,경상
2023092500100246,2023년 9월 25일 11시,월요일,대구광역시 수성구 만촌동,경상사고,0,0,1,0,차대차 - 측면충돌,안전거리미확보,건조,맑음,교차로 - 교차로부근,승용,남,81세,상해없음,화물,남,45세,경상
2023092500100247,2023년 9월 25일 11시,월요일,대구광역시 북구 칠성동2가,부상신고사고,0,0,0,1,차대차 - 기타,안전운전불이행,건조,맑음,단일로 - 기타,자전거,남,71세,부상신고,이륜,남,68세,상해없음
2023092500100283,2023년 9월 25일 12시,월요일,대구광역시 수성구 범어동,경상사고,0,0,1,0,차대차 - 정면충돌,안전운전불이행,건조,맑음,단일로 - 기타,승용,남,67세,상해없음,자전거,남,14세,경상
2023092500100284,2023년 9월 25일 12시,월요일,대구광역시 달성군 현풍읍,중상사고,0,1,0,0,차대차 - 기타,안전운전불이행,건조,맑음,교차로 - 교차로부근,이륜,남,27세,중상,승용,여,20세,상해없음
2023092500100329,2023년 9월 25일 13시,월요일,대구광역시 북구 칠성동1가,경상사고,0,0,1,0,차대사람 - 기타,안전운전불이행,건조,맑음,단일로 - 기타,승용,남,72세,상해없음,보행자,여,74세,경상
2023092500100368,2023년 9월 25일 14시,월요일,대구광역시 동구 봉무동,경상사고,0,0,2,0,차대차 - 측면충돌,안전운전불이행,건조,맑음,단일로 - 기타,승용,남,26세,상해없음,승합,남,69세,경상
2023092500100369,2023년 9월 25일 14시,월요일,대구광역시 북구 노원동3가,중상사고,0,1,0,0,차대차 - 기타,안전운전불이행,건조,맑음,단일로 - 기타,원동기,남,36세,중상,화물,남,54세,상해없음
2023092500100419,2023년 9월 25일 15시,월요일,대구광역시 동구 율하동,중상사고,0,1,0,0,차대차 - 측면충돌,안전운전불이행,건조,맑음,단일로 - 기타,승용,남,49세,상해없음,이륜,남,27세,중상
2023092500100420,2023년 9월 25일 15시,월요일,대구광역시 동구 지저동,사망사고,1,0,0,0,차대사람 - 횡단중,안전운전불이행,건조,맑음,단일로 - 기타,화물,남,72세,상해없음,보행자,여,86세,사망
2023092500100421,2023년 9월 25일 15시,월요일,대구광역시 달성군 다사읍,경상사고,0,0,1,0,차대사람 - 횡단중,보행자보호의무위반,건조,맑음,교차로 - 교차로안,승용,남,45세,상해없음,보행자,남,9세,경상
2023092500100453,2023년 9월 25일 16시,월요일,대구광역시 동구 신평동,경상사고,0,0,1,0,차대차 - 측면충돌,안전운전불이행,건조,흐림,단일로 - 기타,승용,여,68세,상해없음,화물,남,51세,경상
2023092500100458,2023년 9월 25일 16시,월요일,대구광역시 북구 동천동,경상사고,0,0,1,0,차대차 - 측면충돌,안전운전불이행,건조,맑음,교차로 - 교차로횡단보도내,승용,여,55세,상해없음,자전거,남,9세,경상
2023092500100489,2023년 9월 25일 17시,월요일,대구광역시 달성군 다사읍,경상사고,0,0,1,0,차대사람 - 기타,안전운전불이행,건조,맑음,기타 - 기타,승용,남,56세,상해없음,보행자,남,58세,경상
2023092500100537,2023년 9월 25일 18시,월요일,대구광역시 달성군 유가읍,중상사고,0,1,1,0,차대사람 - 횡단중,보행자보호의무위반,건조,맑음,교차로 - 교차로안,승용,여,44세,상해없음,보행자,여,36세,중상
2023092500100586,2023년 9월 25일 19시,월요일,대구광역시 달서구 진천동,경상사고,0,0,1,0,차대차 - 측면충돌,교차로운행방법위반,건조,맑음,교차로 - 교차로안,승용,남,61세,상해없음,이륜,남,37세,경상
2023092500100587,2023년 9월 25일 19시,월요일,대구광역시 북구 관음동,경상사고,0,0,1,0,차대차 - 측면충돌,기타,건조,맑음,단일로 - 기타,승용,남,56세,상해없음,자전거,여,63세,경상
2023092500100623,2023년 9월 25일 20시,월요일,대구광역시 수성구 중동,경상사고,0,0,1,0,차대차 - 측면충돌,안전운전불이행,젖음/습기,비,단일로 - 기타,승용,남,63세,상해없음,이륜,남,18세,경상
2023092500100657,2023년 9월 25일 21시,월요일,대구광역시 수성구 파동,경상사고,0,0,2,0,차대차 - 측면충돌,안전운전불이행,젖음/습기,흐림,단일로 - 기타,승용,남,47세,상해없음,승용,남,29세,경상
2023092500100658,2023년 9월 25일 21시,월요일,대구광역시 달서구 송현동,경상사고,0,0,2,0,차대차 - 측면충돌,교차로운행방법위반,건조,맑음,교차로 - 교차로안,승용,남,26세,상해없음,개인형이동수단(PM),여,35세,경상
2023092500100689,2023년 9월 25일 22시,월요일,대구광역시 동구 방촌동,경상사고,0,0,1,0,차대사람 - 기타,안전운전불이행,건조,맑음,교차로 - 교차로부근,승용,남,36세,상해없음,보행자,남,71세,상해없음
2023092500100690,2023년 9월 25일 22시,월요일,대구광역시 수성구 범물동,경상사고,0,0,3,0,차대차 - 추돌,안전운전불이행,젖음/습기,비,교차로 - 교차로부근,승용,남,27세,상해없음,승용,여,60세,경상
2023092500100691,2023년 9월 25일 22시,월요일,대구광역시 달서구 신당동,경상사고,0,0,1,0,차대차 - 추돌,안전운전불이행,건조,맑음,단일로 - 지하차도(도로)내,승용,남,20세,상해없음,승용,여,58세,경상
2023092500100706,2023년 9월 25일 23시,월요일,대구광역시 북구 고성동3가,중상사고,0,1,0,0,차대차 - 측면충돌,안전거리미확보,젖음/습기,비,교차로 - 교차로부근,승용,남,64세,상해없음,이륜,남,29세,중상
2023092600100006,2023년 9월 26일 00시,화요일,대구광역시 남구 대명동,경상사고,0,0,1,0,차대사람 - 횡단중,보행자보호의무위반,젖음/습기,비,단일로 - 기타,승용,남,75세,상해없음,보행자,여,35세,경상
2023092600100007,2023년 9월 26일 00시,화요일,대구광역시 동구 신암동,경상사고,0,0,1,0,차대차 - 측면충돌,안전운전불이행,건조,맑음,교차로 - 교차로안,승용,남,41세,상해없음,개인형이동수단(PM),남,25세,경상
2023092600100008,2023년 9월 26일 00시,화요일,대구광역시 동구 신암동,경상사고,0,0,1,0,차대차 - 측면충돌,안전운전불이행,건조,맑음,교차로 - 교차로부근,승용,남,68세,상해없음,이륜,남,33세,경상
2023092600100018,2023년 9월 26일 02시,화요일,대구광역시 북구 금호동,부상신고사고,0,0,0,1,차대차 - 기타,중앙선침범,건조,맑음,단일로 - 기타,기타불명,기타불명,미분류,기타불명,이륜,남,47세,부상신고
2023092600100061,2023년 9월 26일 06시,화요일,대구광역시 북구 동호동,경상사고,0,0,1,0,차대차 - 측면충돌,안전운전불이행,젖음/습기,비,단일로 - 기타,화물,남,56세,상해없음,승용,남,43세,경상
2023092600100062,2023년 9월 26일 06시,화요일,대구광역시 북구 관음동,중상사고,0,1,0,0,차대사람 - 기타,보행자보호의무위반,젖음/습기,비,교차로 - 교차로횡단보도내,승용,남,49세,상해없음,보행자,남,72세,중상
2023092600100092,2023년 9월 26일 07시,화요일,대구광역시 달서구 본리동,경상사고,0,0,1,0,차대차 - 측면충돌,안전거리미확보,젖음/습기,비,단일로 - 기타,승용,여,61세,상해없음,승용,남,43세,경상
2023092600100093,2023년 9월 26일 07시,화요일,대구광역시 달성군 논공읍,경상사고,0,0,1,0,차대차 - 추돌,안전운전불이행,건조,맑음,교차로 - 교차로부근,화물,남,49세,상해없음,승용,남,63세,경상
2023092600100135,2023년 9월 26일 08시,화요일,대구광역시 달서구 월성동,경상사고,0,0,1,0,차대차 - 측면충돌,안전운전불이행,젖음/습기,비,단일로 - 기타,승용,남,53세,상해없음,승용,남,56세,경상
2023092600100140,2023년 9월 26일 08시,화요일,대구광역시 동구 신천동,경상사고,0,0,2,0,차대차 - 추돌,안전운전불이행,젖음/습기,맑음,교차로 - 교차로안,승용,여,77세,상해없음,승용,남,26세,경상
2023092600100141,2023년 9월 26일 08시,화요일,대구광역시 수성구 만촌동,경상사고,0,0,1,0,차대차 - 측면충돌,안전운전불이행,젖음/습기,비,기타 - 기타,승용,남,59세,상해없음,승용,여,21세,경상
2023092600100142,2023년 9월 26일 08시,화요일,대구광역시 수성구 수성동2가,경상사고,0,0,1,0,차량단독 - 기타,기타,젖음/습기,비,단일로 - 기타,승합,남,50세,상해없음,,,,
2023092600100143,2023년 9월 26일 08시,화요일,대구광역시 달서구 송현동,중상사고,0,1,2,1,차대차 - 측면충돌,교차로운행방법위반,건조,맑음,교차로 - 교차로안,승용,남,64세,상해없음,승용,남,60세,경상
2023092600100144,2023년 9월 26일 08시,화요일,대구광역시 달서구 진천동,경상사고,0,0,2,0,차대차 - 기타,안전운전불이행,젖음/습기,비,교차로 - 교차로안,승용,남,24세,상해없음,승용,여,25세,경상
2023092600100145,2023년 9월 26일 08시,화요일,대구광역시 달서구 용산동,경상사고,0,0,1,0,차대사람 - 기타,신호위반,젖음/습기,비,교차로 - 교차로안,승용,여,50세,상해없음,보행자,남,13세,경상
2023092600100188,2023년 9월 26일 09시,화요일,대구광역시 달서구 본동,부상신고사고,0,0,0,1,차대차 - 기타,안전운전불이행,젖음/습기,비,단일로 - 기타,승용,남,42세,상해없음,이륜,남,79세,부상신고
2023092600100189,2023년 9월 26일 09시,화요일,대구광역시 서구 평리동,경상사고,0,0,1,0,차대차 - 기타,기타,젖음/습기,비,단일로 - 기타,승용,남,18세,상해없음,이륜,남,62세,경상
2023092600100190,2023년 9월 26일 09시,화요일,대구광역시 북구 동천동,경상사고,0,0,2,0,차대차 - 측면충돌,교차로운행방법위반,건조,맑음,교차로 - 교차로안,승용,여,38세,경상,승용,남,67세,경상
2023092600100248,2023년 9월 26일 11시,화요일,대구광역시 북구 침산동,경상사고,0,0,1,0,차대사람 - 횡단중,보행자보호의무위반,건조,맑음,단일로 - 기타,승용,여,66세,상해없음,보행자,남,35세,경상
2023092600100249,2023년 9월 26일 11시,화요일,대구광역시 북구 산격동,경상사고,0,0,1,0,차대차 - 측면충돌,안전거리미확보,건조,맑음,단일로 - 기타,승용,여,69세,상해없음,승합,남,56세,상해없음
2023092600100250,2023년 9월 26일 11시,화요일,대구광역시 북구 태전동,경상사고,0,0,2,0,차대차 - 기타,안전운전불이행,건조,맑음,단일로 - 터널,이륜,남,18세,경상,승합,남,68세,상해없음
2023092600100318,2023년 9월 26일 13시,화요일,대구광역시 북구 노원동3가,경상사고,0,0,1,0,차대차 - 기타,안전운전불이행,건조,맑음,교차로 - 교차로부근,화물,남,59세,상해없음,승용,여,64세,경상
2023092600100319,2023년 9월 26일 13시,화요일,대구광역시 서구 평리동,부상신고사고,0,0,0,1,차대차 - 기타,안전운전불이행,건조,맑음,단일로 - 기타,승용,여,53세,상해없음,이륜,남,20세,부상신고
2023092600100320,2023년 9월 26일 13시,화요일,대구광역시 달서구 용산동,중상사고,0,1,1,0,차대차 - 기타,안전운전불이행,건조,맑음,단일로 - 기타,건설기계,남,58세,상해없음,승용,남,75세,중상
2023092600100400,2023년 9월 26일 15시,화요일,대구광역시 중구 동인동2가,경상사고,0,0,3,0,차대차 - 측면충돌,교차로운행방법위반,건조,맑음,교차로 - 교차로안,승용,남,74세,경상,승용,남,48세,경상
2023092600100444,2023년 9월 26일 16시,화요일,대구광역시 서구 평리동,경상사고,0,0,2,0,차대차 - 측면충돌,안전거리미확보,건조,맑음,교차로 - 교차로부근,화물,남,60세,상해없음,화물,남,40세,경상
2023092600100445,2023년 9월 26일 16시,화요일,대구광역시 중구 동인동3가,중상사고,0,1,0,0,차대차 - 기타,안전운전불이행,건조,맑음,단일로 - 기타,승용,남,71세,상해없음,승용,여,58세,중상
2023092600100446,2023년 9월 26일 16시,화요일,대구광역시 북구 사수동,경상사고,0,0,1,0,차대사람 - 기타,안전거리미확보,건조,맑음,단일로 - 기타,승합,남,63세,상해없음,보행자,남,55세,경상
2023092600100504,2023년 9월 26일 17시,화요일,대구광역시 동구 용계동,경상사고,0,0,2,0,차대차 - 측면충돌,안전운전불이행,건조,맑음,단일로 - 지하차도(도로)내,승합,남,80세,기타불명,승용,남,34세,경상
2023092600100505,2023년 9월 26일 17시,화요일,대구광역시 수성구 범어동,경상사고,0,0,1,1,차대차 - 기타,신호위반,건조,맑음,교차로 - 교차로안,승용,남,79세,부상신고,승용,여,59세,경상
2023092600100555,2023년 9월 26일 18시,화요일,대구광역시 동구 신기동,경상사고,0,0,3,0,차대차 - 측면충돌,안전거리미확보,젖음/습기,비,단일로 - 기타,승용,남,70세,경상,승용,여,25세,상해없음
2023092600100556,2023년 9월 26일 18시,화요일,대구광역시 동구 신암동,경상사고,0,0,2,0,차대차 - 측면충돌,기타,건조,맑음,단일로 - 기타,화물,남,38세,경상,승용,여,70세,경상
2023092600100557,2023년 9월 26일 18시,화요일,대구광역시 달서구 송현동,경상사고,0,0,1,0,차대차 - 기타,안전운전불이행,젖음/습기,비,단일로 - 기타,승용,남,60세,상해없음,화물,여,49세,경상
2023092600100558,2023년 9월 26일 18시,화요일,대구광역시 달성군 구지면,경상사고,0,0,1,0,차대사람 - 기타,안전운전불이행,건조,맑음,단일로 - 기타,이륜,남,58세,상해없음,보행자,남,58세,경상
2023092600100605,2023년 9월 26일 19시,화요일,대구광역시 달성군 유가읍,경상사고,0,0,1,0,차대차 - 기타,안전운전불이행,젖음/습기,비,단일로 - 기타,자전거,남,13세,경상,이륜,남,44세,상해없음
2023092600100640,2023년 9월 26일 20시,화요일,대구광역시 수성구 범어동,경상사고,0,0,1,0,차대차 - 추돌,안전운전불이행,건조,맑음,단일로 - 기타,승용,남,39세,상해없음,승용,남,55세,상해없음
2023092600100670,2023년 9월 26일 21시,화요일,대구광역시 남구 봉덕동,경상사고,0,0,4,0,차대차 - 추돌,안전운전불이행,젖음/습기,흐림,단일로 - 교량,승용,남,32세,상해없음,화물,남,50세,경상
2023092600100671,2023년 9월 26일 21시,화요일,대구광역시 남구 봉덕동,경상사고,0,0,1,0,차대차 - 기타,안전거리미확보,젖음/습기,맑음,교차로 - 교차로부근,승용,여,27세,상해없음,승용,남,74세,상해없음
2023092600100694,2023년 9월 26일 22시,화요일,대구광역시 수성구 지산동,중상사고,0,2,1,0,차대차 - 추돌,기타,건조,맑음,단일로 - 기타,승용,남,33세,상해없음,승용,남,63세,경상
2023092700100010,2023년 9월 27일 00시,수요일,대구광역시 남구 봉덕동,중상사고,0,1,0,0,차대차 - 기타,신호위반,건조,맑음,교차로 - 교차로안,승용,남,23세,상해없음,개인형이동수단(PM),여,15세,중상
2023092700100059,2023년 9월 27일 05시,수요일,대구광역시 수성구 수성동2가,경상사고,0,0,1,0,차대차 - 측면충돌,안전운전불이행,건조,맑음,교차로 - 교차로횡단보도내,승용,남,37세,상해없음,자전거,남,66세,경상
2023092700100078,2023년 9월 27일 06시,수요일,대구광역시 수성구 범어동,부상신고사고,0,0,0,1,차대사람 - 보도통행중,보행자보호의무위반,건조,맑음,단일로 - 기타,자전거,남,52세,상해없음,보행자,남,53세,부상신고
2023092700100102,2023년 9월 27일 07시,수요일,대구광역시 북구 칠성동1가,경상사고,0,0,1,0,차대차 - 측면충돌,신호위반,건조,맑음,단일로 - 기타,자전거,남,62세,경상,승용,남,82세,상해없음
2023092700100103,2023년 9월 27일 07시,수요일,대구광역시 북구 국우동,경상사고,0,0,2,0,차대차 - 추돌,안전운전불이행,건조,맑음,교차로 - 교차로부근,승용,남,60세,상해없음,승합,남,52세,경상
2023092700100153,2023년 9월 27일 08시,수요일,대구광역시 동구 신암동,경상사고,0,0,1,0,차대차 - 측면충돌,교차로운행방법위반,건조,맑음,교차로 - 교차로안,승용,여,54세,상해없음,승용,여,45세,경상
2023092700100154,2023년 9월 27일 08시,수요일,대구광역시 수성구 중동,경상사고,0,0,1,0,차대차 - 측면충돌,차로위반,건조,맑음,단일로 - 기타,승용,여,70세,상해없음,승용,여,42세,경상
2023092700100155,2023년 9월 27일 08시,수요일,대구광역시 서구 내당동,중상사고,0,1,0,0,차대차 - 측면충돌,신호위반,건조,맑음,교차로 - 교차로횡단보도내,승용,남,62세,상해없음,개인형이동수단(PM),남,34세,중상
2023092700100268,2023년 9월 27일 11시,수요일,대구광역시 수성구 지산동,경상사고,0,0,1,0,차대차 - 후진중충돌,안전운전불이행,건조,맑음,주차장 - 주차장,승용,여,74세,상해없음,승용,남,56세,경상
2023092700100269,2023년 9월 27일 11시,수요일,대구광역시 달성군 논공읍,경상사고,0,0,1,0,차대차 - 추돌,안전운전불이행,건조,맑음,단일로 - 기타,승용,남,19세,상해없음,화물,남,63세,경상
2023092700100318,2023년 9월 27일 12시,수요일,대구광역시 동구 동호동,중상사고,0,1,5,0,차대차 - 기타,안전운전불이행,건조,맑음,교차로 - 교차로부근,승용,남,39세,상해없음,승용,여,52세,경상
2023092700100319,2023년 9월 27일 12시,수요일,대구광역시 수성구 황금동,경상사고,0,0,1,0,차대차 - 측면충돌,안전거리미확보,건조,맑음,단일로 - 기타,승용,여,41세,기타불명,승용,여,58세,경상
2023092700100320,2023년 9월 27일 12시,수요일,대구광역시 달서구 유천동,경상사고,0,0,1,0,차대차 - 측면충돌,안전운전불이행,건조,맑음,단일로 - 기타,승용,남,69세,상해없음,화물,남,55세,경상
2023092700100321,2023년 9월 27일 12시,수요일,대구광역시 달서구 상인동,중상사고,0,1,0,0,차대차 - 측면충돌,안전거리미확보,건조,맑음,단일로 - 기타,승용,남,43세,상해없음,이륜,남,68세,중상
2023092700100352,2023년 9월 27일 13시,수요일,대구광역시 동구 율암동,경상사고,0,0,1,1,차대차 - 추돌,안전운전불이행,건조,흐림,단일로 - 고가도로위,승용,남,66세,경상,승용,남,84세,부상신고
2023092700100353,2023년 9월 27일 13시,수요일,대구광역시 수성구 황금동,경상사고,0,0,2,0,차대차 - 추돌,안전운전불이행,건조,맑음,기타 - 기타,승용,남,74세,상해없음,승용,여,61세,경상
2023092700100354,2023년 9월 27일 13시,수요일,대구광역시 수성구 범물동,경상사고,0,0,1,0,차대사람 - 차도통행중,안전운전불이행,건조,맑음,교차로 - 교차로안,화물,남,66세,상해없음,보행자,여,74세,경상
2023092700100355,2023년 9월 27일 13시,수요일,대구광역시 달서구 송현동,중상사고,0,1,3,0,차대차 - 기타,안전거리미확보,건조,맑음,단일로 - 기타,원동기,남,65세,상해없음,승합,남,43세,상해없음
2023092700100356,2023년 9월 27일 13시,수요일,대구광역시 서구 평리동,경상사고,0,0,1,0,차대차 - 측면충돌,안전운전불이행,건조,맑음,단일로 - 기타,승용,남,77세,상해없음,승합,남,45세,경상
2023092700100401,2023년 9월 27일 14시,수요일,대구광역시 남구 대명동,경상사고,0,0,1,0,차대차 - 기타,안전운전불이행,건조,맑음,교차로 - 교차로부근,승용,남,62세,상해없음,이륜,남,77세,경상
2023092700100402,2023년 9월 27일 14시,수요일,대구광역시 동구 신천동,경상사고,0,0,1,0,차대차 - 측면충돌,안전거리미확보,건조,맑음,단일로 - 기타,화물,남,68세,상해없음,승용,남,41세,경상
2023092700100403,2023년 9월 27일 14시,수요일,대구광역시 동구 효목동,경상사고,0,0,1,0,차대차 - 측면충돌,안전운전불이행,건조,맑음,교차로 - 교차로부근,승용,남,65세,상해없음,승용,여,52세,경상
2023092700100404,2023년 9월 27일 14시,수요일,대구광역시 수성구 황금동,경상사고,0,0,1,0,차대차 - 기타,안전운전불이행,건조,맑음,교차로 - 교차로부근,승용,남,57세,상해없음,승합,남,51세,상해없음
2023092700100405,2023년 9월 27일 14시,수요일,대구광역시 북구 칠성동2가,경상사고,0,0,1,0,차대차 - 기타,안전거리미확보,건조,맑음,단일로 - 기타,승용,남,66세,상해없음,화물,남,46세,경상
2023092700100406,2023년 9월 27일 14시,수요일,대구광역시 서구 중리동,중상사고,0,1,1,0,차대차 - 기타,기타,건조,맑음,교차로 - 교차로안,이륜,남,54세,중상,승용,남,35세,경상
2023092700100449,2023년 9월 27일 15시,수요일,대구광역시 군위군 의흥면,중상사고,0,1,0,0,차대차 - 측면충돌,안전운전불이행,건조,맑음,단일로 - 기타,이륜,여,70세,중상,승용,여,73세,상해없음