사고번호,사고일시,요일,시군구,사고내용,사망자수,중상자수,경상자수,부상신고자수,사고유형,법규위반,노면상태,기상상태,도로형태,가해운전자 차종,가해운전자 성별,가해운전자 연령,가해운전자 상해정도,피해운전자 차종,피해운전자 성별,피해운전자 연령,피해운전자 상해정도
2023100300100038,2023년 10월 3일 06시,화요일,대구광역시 동구 효목동,중상사고,0,1,0,0,차대차 - 측면충돌,직진우회전진행방해,건조,맑음,교차로 - 교차로안,승용,남,32세,상해없음,원동기,남,25세,중상
2023100300100039,2023년 10월 3일 06시,화요일,대구광역시 달서구 성당동,중상사고,0,1,0,0,차대차 - 추돌,안전운전불이행,건조,맑음,단일로 - 기타,승용,남,28세,중상,화물,남,57세,기타불명
2023100300100051,2023년 10월 3일 07시,화요일,대구광역시 달성군 구지면,경상사고,0,0,1,0,차대차 - 기타,안전운전불이행,건조,맑음,교차로 - 교차로안,승용,남,38세,상해없음,승용,남,40세,경상
2023100300100068,2023년 10월 3일 09시,화요일,대구광역시 수성구 상동,중상사고,0,1,0,0,차대차 - 측면충돌,안전운전불이행,건조,맑음,단일로 - 기타,승용,남,64세,상해없음,자전거,여,56세,중상
2023100300100078,2023년 10월 3일 10시,화요일,대구광역시 동구 검사동,경상사고,0,0,1,0,차대사람 - 기타,안전운전불이행,건조,맑음,단일로 - 지하차도(도로)내,자전거,남,66세,기타불명,보행자,여,64세,경상
2023100300100115,2023년 10월 3일 12시,화요일,대구광역시 서구 내당동,중상사고,0,1,0,0,차대차 - 측면충돌,신호위반,건조,맑음,교차로 - 교차로안,승용,여,47세,상해없음,이륜,남,70세,중상
2023100300100160,2023년 10월 3일 14시,화요일,대구광역시 달서구 성당동,경상사고,0,0,1,0,차대차 - 추돌,안전운전불이행,건조,맑음,교차로 - 교차로부근,승용,남,34세,상해없음,이륜,남,68세,경상
2023100300100189,2023년 10월 3일 15시,화요일,대구광역시 동구 신천동,부상신고사고,0,0,0,1,차대사람 - 보도통행중,중앙선침범,젖음/습기,비,단일로 - 기타,자전거,남,13세,상해없음,보행자,남,미분류,부상신고
2023100300100190,2023년 10월 3일 15시,화요일,대구광역시 동구 동호동,경상사고,0,0,1,0,차대차 - 측면충돌,교차로운행방법위반,건조,맑음,교차로 - 교차로안,승용,남,66세,상해없음,승용,남,43세,경상
2023100300100191,2023년 10월 3일 15시,화요일,대구광역시 서구 내당동,경상사고,0,0,1,0,차대차 - 기타,안전운전불이행,젖음/습기,비,교차로 - 교차로안,승용,여,42세,상해없음,자전거,남,68세,경상
2023100300100192,2023년 10월 3일 15시,화요일,대구광역시 중구 봉산동,중상사고,0,1,1,0,차대차 - 측면충돌,신호위반,건조,맑음,단일로 - 기타,화물,남,58세,상해없음,이륜,남,24세,중상
2023100300100242,2023년 10월 3일 17시,화요일,대구광역시 서구 중리동,경상사고,0,0,1,0,차대차 - 기타,교차로운행방법위반,젖음/습기,비,교차로 - 교차로안,이륜,남,46세,상해없음,이륜,남,28세,경상
2023100300100243,2023년 10월 3일 17시,화요일,대구광역시 북구 읍내동,경상사고,0,0,3,0,차대차 - 정면충돌,교차로운행방법위반,젖음/습기,비,교차로 - 교차로안,승용,여,45세,경상,승용,남,37세,경상
2023100300100290,2023년 10월 3일 19시,화요일,대구광역시 북구 구암동,경상사고,0,0,1,0,차대사람 - 횡단중,보행자보호의무위반,건조,흐림,교차로 - 교차로횡단보도내,기타불명,기타불명,미분류,기타불명,보행자,여,25세,경상
2023100300100313,2023년 10월 3일 20시,화요일,대구광역시 동구 용계동,경상사고,0,0,2,0,차대차 - 기타,안전거리미확보,건조,맑음,단일로 - 기타,승용,남,24세,상해없음,승용,남,31세,경상
2023100300100333,2023년 10월 3일 21시,화요일,대구광역시 수성구 황금동,중상사고,0,1,0,0,차대차 - 측면충돌,안전운전불이행,건조,맑음,단일로 - 기타,승용,여,51세,상해없음,자전거,남,68세,중상
2023100300100344,2023년 10월 3일 22시,화요일,대구광역시 달서구 이곡동,중상사고,0,1,0,0,차대사람 - 횡단중,안전운전불이행,건조,맑음,단일로 - 기타,이륜,남,56세,상해없음,보행자,여,63세,중상
2023100400100019,2023년 10월 4일 03시,수요일,대구광역시 북구 침산동,경상사고,0,0,2,0,차대차 - 정면충돌,신호위반,건조,흐림,교차로 - 교차로안,승용,남,24세,상해없음,승용,남,70세,경상
2023100400100020,2023년 10월 4일 03시,수요일,대구광역시 북구 복현동,경상사고,0,0,2,1,차대차 - 추돌,안전운전불이행,건조,맑음,단일로 - 기타,원동기,남,32세,부상신고,승용,남,47세,경상
2023100400100031,2023년 10월 4일 05시,수요일,대구광역시 서구 비산동,사망사고,1,0,0,0,차대사람 - 차도통행중,안전운전불이행,건조,맑음,교차로 - 교차로횡단보도내,화물,남,54세,상해없음,보행자,여,75세,사망
2023100400100060,2023년 10월 4일 07시,수요일,대구광역시 달서구 상인동,경상사고,0,0,2,0,차대차 - 측면충돌,교차로운행방법위반,건조,맑음,교차로 - 교차로안,승용,여,58세,경상,승용,여,42세,경상
2023100400100061,2023년 10월 4일 07시,수요일,대구광역시 북구 복현동,경상사고,0,0,1,0,차대차 - 측면충돌,안전운전불이행,건조,맑음,단일로 - 기타,자전거,남,64세,경상,승용,남,51세,상해없음
2023100400100101,2023년 10월 4일 08시,수요일,대구광역시 수성구 상동,경상사고,0,0,1,0,차대차 - 추돌,안전운전불이행,건조,맑음,교차로 - 교차로부근,승용,여,28세,상해없음,승용,남,34세,경상
2023100400100103,2023년 10월 4일 08시,수요일,대구광역시 북구 구암동,경상사고,0,0,1,0,차대차 - 측면충돌,안전거리미확보,건조,맑음,단일로 - 터널,승용,여,26세,기타불명,이륜,남,43세,경상
2023100400100170,2023년 10월 4일 10시,수요일,대구광역시 달성군 논공읍,경상사고,0,0,1,0,차대차 - 추돌,안전거리미확보,건조,맑음,교차로 - 교차로부근,건설기계,남,67세,상해없음,승용,남,52세,경상
2023100400100171,2023년 10월 4일 10시,수요일,대구광역시 서구 원대동1가,경상사고,0,0,1,0,차대사람 - 횡단중,중앙선침범,건조,맑음,단일로 - 기타,승용,남,63세,상해없음,보행자,여,84세,경상
2023100400100173,2023년 10월 4일 10시,수요일,대구광역시 중구 대봉동,중상사고,0,1,1,0,차대차 - 추돌,신호위반,건조,맑음,교차로 - 교차로안,승용,남,49세,상해없음,승용,남,41세,중상
2023100400100174,2023년 10월 4일 10시,수요일,대구광역시 달서구 이곡동,경상사고,0,0,1,0,차대차 - 정면충돌,안전운전불이행,건조,맑음,기타 - 기타,승용,남,52세,상해없음,승용,남,21세,경상
2023100400100208,2023년 10월 4일 11시,수요일,대구광역시 서구 평리동,중상사고,0,1,0,0,차량단독 - 기타,안전운전불이행,건조,맑음,기타 - 기타,승합,남,48세,상해없음,,,,
2023100400100238,2023년 10월 4일 12시,수요일,대구광역시 동구 불로동,경상사고,0,0,1,0,차대차 - 정면충돌,안전운전불이행,건조,맑음,단일로 - 지하차도(도로)내,승합,남,61세,기타불명,승용,남,51세,경상
2023100400100239,2023년 10월 4일 12시,수요일,대구광역시 수성구 범물동,경상사고,0,0,1,0,차대차 - 추돌,안전운전불이행,건조,맑음,기타 - 기타,승용,남,50세,상해없음,승용,여,34세,상해없음
2023100400100240,2023년 10월 4일 12시,수요일,대구광역시 서구 내당동,경상사고,0,0,1,0,차대차 - 측면충돌,안전운전불이행,건조,맑음,교차로 - 교차로안,승용,남,67세,상해없음,이륜,남,54세,경상
2023100400100241,2023년 10월 4일 12시,수요일,대구광역시 중구 삼덕동2가,경상사고,0,0,2,0,차대차 - 기타,안전운전불이행,건조,맑음,단일로 - 기타,승용,여,65세,상해없음,승용,여,45세,경상
2023100400100242,2023년 10월 4일 12시,수요일,대구광역시 달서구 본리동,중상사고,0,1,0,0,차대차 - 측면충돌,안전운전불이행,건조,맑음,교차로 - 교차로안,승용,여,38세,상해없음,이륜,여,51세,중상
2023100400100274,2023년 10월 4일 13시,수요일,대구광역시 남구 대명동,경상사고,0,0,2,0,차대차 - 추돌,안전운전불이행,건조,맑음,단일로 - 기타,승용,여,26세,상해없음,승용,남,61세,경상
2023100400100309,2023년 10월 4일 14시,수요일,대구광역시 동구 신서동,경상사고,0,0,1,0,차대차 - 측면충돌,신호위반,건조,맑음,교차로 - 교차로안,승용,여,60세,상해없음,승용,여,32세,경상
2023100400100341,2023년 10월 4일 15시,수요일,대구광역시 남구 대명동,경상사고,0,0,1,0,차대차 - 추돌,신호위반,건조,맑음,교차로 - 교차로안,승용,남,63세,상해없음,승용,여,37세,경상
2023100400100342,2023년 10월 4일 15시,수요일,대구광역시 수성구 황금동,경상사고,0,0,2,0,차대차 - 측면충돌,안전운전불이행,건조,맑음,교차로 - 교차로부근,승용,여,52세,기타불명,승용,남,65세,경상
2023100400100343,2023년 10월 4일 15시,수요일,대구광역시 달서구 신당동,경상사고,0,0,1,0,차대차 - 기타,교차로운행방법위반,건조,맑음,단일로 - 기타,승용,남,69세,상해없음,승합,남,58세,상해없음
2023100400100384,2023년 10월 4일 16시,수요일,대구광역시 서구 내당동,부상신고사고,0,0,0,1,차대차 - 측면충돌,직진우회전진행방해,건조,맑음,교차로 - 교차로안,자전거,남,19세,부상신고,승합,남,47세,상해없음
2023100400100385,2023년 10월 4일 16시,수요일,대구광역시 달서구 성당동,중상사고,0,1,0,0,차대사람 - 횡단중,안전운전불이행,건조,맑음,교차로 - 교차로부근,화물,남,43세,상해없음,보행자,여,76세,중상
2023100400100419,2023년 10월 4일 17시,수요일,대구광역시 북구 산격동,부상신고사고,0,0,0,1,차대차 - 측면충돌,안전운전불이행,건조,맑음,단일로 - 기타,자전거,남,56세,부상신고,승용,여,48세,상해없음
2023100400100420,2023년 10월 4일 17시,수요일,대구광역시 북구 학정동,경상사고,0,0,1,0,차대차 - 측면충돌,신호위반,건조,맑음,교차로 - 교차로횡단보도내,승합,남,58세,상해없음,자전거,남,14세,경상
2023100400100468,2023년 10월 4일 18시,수요일,대구광역시 수성구 황금동,부상신고사고,0,0,0,1,차대차 - 기타,안전운전불이행,건조,기타,기타 - 기타,이륜,남,64세,부상신고,승용,남,44세,상해없음
2023100400100469,2023년 10월 4일 18시,수요일,대구광역시 달서구 도원동,경상사고,0,0,1,0,차대차 - 추돌,안전운전불이행,건조,맑음,단일로 - 기타,승용,남,58세,상해없음,이륜,남,36세,경상
2023100400100470,2023년 10월 4일 18시,수요일,대구광역시 달서구 송현동,부상신고사고,0,0,0,1,차대차 - 측면충돌,교차로운행방법위반,건조,맑음,교차로 - 교차로안,화물,남,62세,상해없음,개인형이동수단(PM),남,22세,부상신고
2023100400100471,2023년 10월 4일 18시,수요일,대구광역시 서구 내당동,경상사고,0,0,1,0,차대차 - 추돌,안전운전불이행,건조,맑음,단일로 - 기타,승용,남,49세,상해없음,자전거,남,49세,경상
2023100400100515,2023년 10월 4일 19시,수요일,대구광역시 수성구 범물동,경상사고,0,0,1,0,차대사람 - 횡단중,안전운전불이행,건조,맑음,단일로 - 기타,승용,여,72세,기타불명,보행자,남,65세,경상
2023100400100516,2023년 10월 4일 19시,수요일,대구광역시 달서구 성당동,중상사고,0,1,1,0,차대차 - 추돌,안전거리미확보,건조,맑음,단일로 - 기타,승용,남,50세,상해없음,승용,남,68세,중상
2023100400100574,2023년 10월 4일 22시,수요일,대구광역시 수성구 중동,경상사고,0,0,1,0,차대차 - 후진중충돌,안전운전불이행,건조,맑음,교차로 - 교차로안,승용,여,60세,상해없음,승용,남,28세,경상
2023100500100030,2023년 10월 5일 05시,목요일,대구광역시 북구 노원동1가,경상사고,0,0,1,0,차대차 - 기타,신호위반,건조,맑음,교차로 - 교차로안,승용,여,53세,상해없음,승용,여,61세,경상
2023100500100041,2023년 10월 5일 06시,목요일,대구광역시 북구 침산동,중상사고,0,1,0,0,차대차 - 기타,안전운전불이행,건조,맑음,단일로 - 기타,자전거,남,47세,상해없음,자전거,남,74세,중상
2023100500100065,2023년 10월 5일 07시,목요일,대구광역시 군위군 우보면,중상사고,0,1,0,0,차량단독 - 전도전복 - 전도,안전운전불이행,건조,맑음,단일로 - 기타,이륜,남,69세,중상,,,,
2023100500100068,2023년 10월 5일 07시,목요일,대구광역시 동구 불로동,중상사고,0,1,0,0,차대차 - 측면충돌,안전거리미확보,건조,맑음,단일로 - 기타,자전거,남,69세,중상,승용,여,55세,상해없음
2023100500100069,2023년 10월 5일 07시,목요일,대구광역시 서구 평리동,경상사고,0,0,2,0,차대차 - 추돌,안전거리미확보,건조,흐림,교차로 - 교차로부근,승용,여,47세,경상,승용,여,29세,경상
2023100500100112,2023년 10월 5일 08시,목요일,대구광역시 동구 효목동,경상사고,0,0,1,0,차대차 - 측면충돌,교차로운행방법위반,건조,맑음,교차로 - 교차로안,승용,남,50세,상해없음,승용,남,53세,경상
2023100500100113,2023년 10월 5일 08시,목요일,대구광역시 동구 동호동,중상사고,0,1,0,0,차대차 - 측면충돌,신호위반,건조,맑음,교차로 - 교차로횡단보도내,승용,여,47세,상해없음,개인형이동수단(PM),남,26세,중상
2023100500100114,2023년 10월 5일 08시,목요일,대구광역시 수성구 황금동,경상사고,0,0,1,0,차대사람 - 길가장자리구역통행중,안전운전불이행,건조,맑음,단일로 - 기타,승용,남,33세,상해없음,보행자,남,49세,경상
2023100500100115,2023년 10월 5일 08시,목요일,대구광역시 달서구 월성동,경상사고,0,0,1,0,차대차 - 추돌,안전운전불이행,건조,맑음,교차로 - 교차로부근,승용,남,34세,상해없음,이륜,남,31세,경상
2023100500100116,2023년 10월 5일 08시,목요일,대구광역시 달성군 화원읍,경상사고,0,0,3,0,차대차 - 기타,신호위반,건조,기타,교차로 - 교차로안,승용,여,59세,상해없음,승용,여,36세,경상
2023100500100152,2023년 10월 5일 09시,목요일,대구광역시 달서구 대곡동,경상사고,0,0,1,0,차대차 - 측면충돌,신호위반,건조,맑음,교차로 - 교차로안,승용,여,62세,상해없음,화물,남,59세,경상
2023100500100153,2023년 10월 5일 09시,목요일,대구광역시 달서구 송현동,경상사고,0,0,2,0,차대차 - 측면충돌,교차로운행방법위반,건조,맑음,교차로 - 교차로안,승용,여,49세,경상,승용,여,60세,경상
2023100500100185,2023년 10월 5일 10시,목요일,대구광역시 동구 신암동,경상사고,0,0,1,0,차대차 - 측면충돌,안전운전불이행,건조,맑음,교차로 - 교차로부근,승용,남,74세,상해없음,승용,남,41세,경상
2023100500100186,2023년 10월 5일 10시,목요일,대구광역시 수성구 황금동,경상사고,0,0,2,2,차대차 - 추돌,안전운전불이행,건조,맑음,기타 - 기타,승용,남,72세,부상신고,승용,남,61세,경상
2023100500100187,2023년 10월 5일 10시,목요일,대구광역시 달서구 두류동,경상사고,0,0,1,0,차대차 - 추돌,안전운전불이행,건조,맑음,교차로 - 교차로부근,이륜,남,17세,경상,화물,남,57세,상해없음
2023100500100217,2023년 10월 5일 11시,목요일,대구광역시 달성군 화원읍,중상사고,0,1,1,0,차대차 - 측면충돌,안전운전불이행,건조,맑음,단일로 - 기타,승용,남,36세,경상,건설기계,남,62세,중상
2023100500100220,2023년 10월 5일 11시,목요일,대구광역시 동구 신암동,경상사고,0,0,1,0,차대사람 - 횡단중,보행자보호의무위반,건조,맑음,단일로 - 기타,승용,남,60세,상해없음,보행자,남,53세,경상
2023100500100244,2023년 10월 5일 12시,목요일,대구광역시 수성구 수성동2가,경상사고,0,0,1,0,차대차 - 측면충돌,안전거리미확보,건조,맑음,단일로 - 기타,승용,여,55세,상해없음,승용,여,36세,경상
2023100500100245,2023년 10월 5일 12시,목요일,대구광역시 달서구 대곡동,중상사고,0,1,1,0,차대차 - 측면충돌,신호위반,건조,맑음,교차로 - 교차로안,승용,남,64세,경상,승용,여,61세,중상
2023100500100246,2023년 10월 5일 12시,목요일,대구광역시 달서구 송현동,경상사고,0,0,2,0,차대차 - 측면충돌,안전거리미확보,건조,맑음,단일로 - 기타,승용,여,66세,상해없음,승용,남,69세,경상
2023100500100247,2023년 10월 5일 12시,목요일,대구광역시 달서구 송현동,경상사고,0,0,2,0,차대차 - 측면충돌,기타,건조,맑음,교차로 - 교차로안,승용,여,64세,경상,승용,남,71세,경상
2023100500100280,2023년 10월 5일 13시,목요일,대구광역시 동구 지저동,경상사고,0,0,2,0,차대차 - 측면충돌,안전거리미확보,건조,맑음,단일로 - 기타,화물,남,69세,상해없음,승용,남,67세,경상
2023100500100306,2023년 10월 5일 14시,목요일,대구광역시 남구 대명동,경상사고,0,0,1,0,차대사람 - 기타,안전운전불이행,건조,맑음,단일로 - 기타,개인형이동수단(PM),여,16세,상해없음,보행자,여,66세,경상
2023100500100307,2023년 10월 5일 14시,목요일,대구광역시 서구 내당동,부상신고사고,0,0,0,1,차대차 - 기타,안전운전불이행,건조,맑음,단일로 - 기타,자전거,남,14세,부상신고,승용,남,56세,상해없음
2023100500100334,2023년 10월 5일 15시,목요일,대구광역시 동구 불로동,중상사고,0,1,0,0,차량단독 - 기타,안전운전불이행,건조,맑음,단일로 - 기타,승합,남,57세,상해없음,,,,
2023100500100335,2023년 10월 5일 15시,목요일,대구광역시 달서구 장동,경상사고,0,0,1,0,차대차 - 측면충돌,안전거리미확보,건조,맑음,기타 - 기타,승용,남,46세,상해없음,승용,남,54세,경상
2023100500100371,2023년 10월 5일 16시,목요일,대구광역시 수성구 중동,부상신고사고,0,0,0,1,차대사람 - 횡단중,보행자보호의무위반,건조,맑음,교차로 - 교차로횡단보도내,자전거,기타불명,미분류,기타불명,보행자,남,40세,부상신고
2023100500100372,2023년 10월 5일 16시,목요일,대구광역시 서구 상리동,경상사고,0,0,1,0,차대차 - 추돌,안전운전불이행,건조,맑음,기타 - 기타,승용,남,75세,상해없음,승용,남,63세,경상
2023100500100373,2023년 10월 5일 16시,목요일,대구광역시 중구 남성로,경상사고,0,0,1,1,차대차 - 측면충돌,안전운전불이행,건조,맑음,단일로 - 기타,승용,여,39세,부상신고,승용,남,45세,경상
2023100500100404,2023년 10월 5일 17시,목요일,대구광역시 군위군 산성면,중상사고,0,1,0,0,차대사람 - 기타,안전운전불이행,건조,맑음,기타 - 기타,승용,여,68세,상해없음,보행자,여,76세,중상
2023100500100410,2023년 10월 5일 17시,목요일,대구광역시 동구 동호동,경상사고,0,0,2,0,차대차 - 측면충돌,교차로운행방법위반,건조,맑음,교차로 - 교차로안,화물,남,65세,상해없음,승용,여,41세,경상
2023100500100411,2023년 10월 5일 17시,목요일,대구광역시 수성구 신매동,경상사고,0,0,1,0,차대차 - 측면충돌,교차로운행방법위반,건조,맑음,교차로 - 교차로안,승용,여,62세,상해없음,승용,여,50세,경상
2023100500100412,2023년 10월 5일 17시,목요일,대구광역시 달서구 송현동,경상사고,0,0,1,0,차대사람 - 차도통행중,안전운전불이행,건조,맑음,단일로 - 기타,승용,여,66세,상해없음,보행자,여,63세,경상
2023100500100413,2023년 10월 5일 17시,목요일,대구광역시 서구 평리동,경상사고,0,0,4,0,차대차 - 측면충돌,안전운전불이행,건조,맑음,단일로 - 기타,승용,남,64세,상해없음,승용,남,73세,경상
2023100500100470,2023년 10월 5일 18시,목요일,대구광역시 동구 율하동,경상사고,0,0,1,0,차대차 - 기타,안전운전불이행,건조,맑음,단일로 - 기타,승용,여,43세,상해없음,승용,여,48세,경상
2023100500100471,2023년 10월 5일 18시,목요일,대구광역시 달성군 화원읍,중상사고,0,1,0,0,차대차 - 측면충돌,안전운전불이행,건조,맑음,교차로 - 교차로횡단보도내,원동기,남,15세,중상,승용,여,60세,상해없음
2023100500100472,2023년 10월 5일 18시,목요일,대구광역시 달서구 성당동,중상사고,0,1,0,0,차대사람 - 기타,보행자보호의무위반,건조,맑음,단일로 - 기타,승용,남,46세,상해없음,보행자,여,69세,중상
2023100500100526,2023년 10월 5일 20시,목요일,대구광역시 북구 구암동,경상사고,0,0,1,0,차대차 - 측면충돌,신호위반,건조,맑음,교차로 - 교차로안,승용,남,31세,기타불명,승용,여,56세,경상
2023100500100552,2023년 10월 5일 21시,목요일,대구광역시 수성구 만촌동,중상사고,0,1,0,0,차대사람 - 차도통행중,안전운전불이행,건조,맑음,단일로 - 기타,승용,남,28세,상해없음,보행자,남,66세,중상
2023100500100562,2023년 10월 5일 22시,목요일,대구광역시 달서구 감삼동,중상사고,0,1,0,0,차대차 - 추돌,안전운전불이행,건조,맑음,교차로 - 교차로부근,승용,남,25세,상해없음,승용,남,59세,중상
2023100500100563,2023년 10월 5일 22시,목요일,대구광역시 북구 태전동,중상사고,0,1,0,0,차대차 - 측면충돌,차로위반,건조,맑음,단일로 - 교량,승용,여,59세,중상,승용,남,27세,상해없음
2023100500100580,2023년 10월 5일 23시,목요일,대구광역시 수성구 황금동,경상사고,0,0,1,0,차대차 - 추돌,안전운전불이행,건조,맑음,교차로 - 교차로부근,승용,남,37세,상해없음,승용,남,46세,경상
2023100500100581,2023년 10월 5일 23시,목요일,대구광역시 북구 산격동,경상사고,0,0,3,0,차대차 - 측면충돌,교차로운행방법위반,건조,맑음,교차로 - 교차로횡단보도내,승용,여,52세,경상,승용,남,54세,경상
2023100600100053,2023년 10월 6일 06시,금요일,대구광역시 서구 중리동,경상사고,0,0,1,0,차대차 - 측면충돌,안전운전불이행,건조,맑음,교차로 - 교차로안,화물,남,41세,상해없음,승용,남,59세,경상
2023100600100074,2023년 10월 6일 07시,금요일,대구광역시 북구 산격동,경상사고,0,0,1,0,차량단독 - 공작물충돌,안전운전불이행,건조,맑음,단일로 - 기타,승용,여,54세,기타불명,,,,
2023100600100075,2023년 10월 6일 07시,금요일,대구광역시 서구 비산동,경상사고,0,0,1,0,차대차 - 측면충돌,안전운전불이행,건조,맑음,교차로 - 교차로부근,승용,남,77세,상해없음,승용,남,26세,경상
2023100600100076,2023년 10월 6일 07시,금요일,대구광역시 북구 읍내동,경상사고,0,0,2,0,차대차 - 측면충돌,신호위반,건조,맑음,교차로 - 교차로안,승용,여,57세,경상,승용,남,68세,경상
2023100600100113,2023년 10월 6일 08시,금요일,대구광역시 동구 신서동,경상사고,0,0,1,0,차대차 - 기타,안전운전불이행,건조,맑음,교차로 - 교차로안,승용,남,62세,상해없음,이륜,남,40세,경상
2023100600100114,2023년 10월 6일 08시,금요일,대구광역시 수성구 두산동,부상신고사고,0,0,0,1,차대차 - 기타,안전운전불이행,건조,맑음,기타 - 기타,자전거,여,67세,부상신고,승용,여,32세,상해없음
2023100600100115,2023년 10월 6일 08시,금요일,대구광역시 북구 산격동,경상사고,0,0,1,0,차대사람 - 횡단중,보행자보호의무위반,건조,맑음,교차로 - 교차로안,승용,남,37세,상해없음,보행자,남,9세,경상
2023100600100148,2023년 10월 6일 09시,금요일,대구광역시 수성구 두산동,경상사고,0,0,1,0,차대사람 - 길가장자리구역통행중,안전운전불이행,건조,맑음,단일로 - 기타,승용,여,66세,상해없음,보행자,남,51세,경상
2023100600100178,2023년 10월 6일 10시,금요일,대구광역시 군위군 산성면,경상사고,0,0,1,0,차대차 - 후진중충돌,안전운전불이행,건조,맑음,기타 - 기타,승용,남,58세,상해없음,화물,남,66세,경상
2023100600100181,2023년 10월 6일 10시,금요일,대구광역시 동구 지묘동,경상사고,0,0,1,0,차대차 - 측면충돌,안전운전불이행,건조,맑음,교차로 - 교차로부근,화물,남,64세,상해없음,승용,여,31세,경상
2023100600100212,2023년 10월 6일 11시,금요일,대구광역시 동구 신암동,경상사고,0,0,1,0,차대차 - 기타,안전운전불이행,건조,맑음,교차로 - 교차로횡단보도내,승용,여,21세,상해없음,자전거,여,68세,경상
2023100600100213,2023년 10월 6일 11시,금요일,대구광역시 달성군 다사읍,경상사고,0,0,1,0,차대차 - 기타,중앙선침범,건조,맑음,단일로 - 기타,화물,남,37세,상해없음,화물,남,56세,경상
2023100600100214,2023년 10월 6일 11시,금요일,대구광역시 달성군 다사읍,경상사고,0,0,1,0,차대차 - 기타,안전운전불이행,건조,맑음,교차로 - 교차로부근,승용,남,53세,상해없음,화물,남,47세,경상
2023100600100247,2023년 10월 6일 12시,금요일,대구광역시 중구 남산동,경상사고,0,0,1,0,차대차 - 기타,안전운전불이행,건조,맑음,단일로 - 기타,승용,기타불명,미분류,기타불명,기타불명,기타불명,미분류,기타불명
2023100600100278,2023년 10월 6일 13시,금요일,대구광역시 북구 산격동,부상신고사고,0,0,0,1,차대차 - 기타,안전운전불이행,건조,맑음,단일로 - 기타,승용,남,37세,부상신고,건설기계,남,67세,상해없음
2023100600100317,2023년 10월 6일 14시,금요일,대구광역시 달서구 진천동,중상사고,0,1,0,0,차대차 - 측면충돌,안전거리미확보,건조,맑음,단일로 - 기타,화물,남,57세,상해없음,승용,남,44세,중상
2023100600100351,2023년 10월 6일 15시,금요일,대구광역시 수성구 매호동,경상사고,0,0,1,0,차대사람 - 횡단중,보행자보호의무위반,건조,맑음,교차로 - 교차로부근,승용,여,39세,상해없음,보행자,여,25세,경상
2023100600100352,2023년 10월 6일 15시,금요일,대구광역시 달서구 상인동,경상사고,0,0,1,0,차대차 - 기타,안전운전불이행,건조,맑음,교차로 - 교차로안,이륜,남,20세,기타불명,승용,여,28세,경상
2023100600100388,2023년 10월 6일 16시,금요일,대구광역시 동구 신천동,중상사고,0,1,0,0,차대차 - 기타,안전운전불이행,건조,맑음,단일로 - 기타,승합,남,45세,상해없음,개인형이동수단(PM),남,32세,중상
2023100600100389,2023년 10월 6일 16시,금요일,대구광역시 수성구 범어동,중상사고,0,1,0,0,차대차 - 측면충돌,교차로운행방법위반,건조,맑음,교차로 - 교차로부근,승용,남,69세,상해없음,승용,여,39세,중상
2023100600100390,2023년 10월 6일 16시,금요일,대구광역시 북구 구암동,경상사고,0,0,1,0,차대사람 - 기타,안전운전불이행,건조,맑음,단일로 - 기타,화물,남,53세,상해없음,보행자,여,3세,경상
2023100600100425,2023년 10월 6일 17시,금요일,대구광역시 남구 대명동,중상사고,0,1,1,0,차대차 - 측면충돌,안전거리미확보,건조,맑음,단일로 - 기타,승용,여,68세,기타불명,승용,남,76세,경상
2023100600100426,2023년 10월 6일 17시,금요일,대구광역시 중구 남산동,경상사고,0,0,1,0,차대차 - 측면충돌,안전운전불이행,건조,맑음,교차로 - 교차로부근,화물,남,47세,경상,승용,여,60세,상해없음
2023100600100515,2023년 10월 6일 19시,금요일,대구광역시 동구 지저동,경상사고,0,0,1,0,차대차 - 측면충돌,신호위반,건조,맑음,단일로 - 교량,화물,남,53세,상해없음,이륜,남,45세,경상
2023100600100516,2023년 10월 6일 19시,금요일,대구광역시 북구 고성동3가,경상사고,0,0,1,0,차대사람 - 기타,안전운전불이행,건조,맑음,단일로 - 기타,승용,여,47세,상해없음,보행자,남,53세,경상
2023100600100517,2023년 10월 6일 19시,금요일,대구광역시 중구 동산동,중상사고,0,1,0,0,차대사람 - 기타,보행자보호의무위반,건조,맑음,단일로 - 기타,화물,남,65세,상해없음,보행자,여,59세,중상
2023100600100551,2023년 10월 6일 20시,금요일,대구광역시 서구 상리동,경상사고,0,0,1,0,차대차 - 추돌,안전운전불이행,건조,맑음,단일로 - 기타,승용,남,68세,상해없음,승용,여,42세,경상
2023100600100553,2023년 10월 6일 20시,금요일,대구광역시 달서구 월성동,경상사고,0,0,1,0,차대차 - 측면충돌,안전거리미확보,건조,맑음,교차로 - 교차로부근,승용,여,61세,상해없음,화물,남,33세,경상
2023100600100613,2023년 10월 6일 22시,금요일,대구광역시 수성구 지산동,경상사고,0,0,1,0,차대사람 - 차도통행중,안전운전불이행,건조,맑음,단일로 - 기타,승용,여,33세,상해없음,보행자,여,21세,경상
2023100600100628,2023년 10월 6일 23시,금요일,대구광역시 중구 남성로,부상신고사고,0,0,0,3,차대차 - 기타,안전운전불이행,건조,맑음,교차로 - 교차로안,승용,남,55세,상해없음,승용,여,24세,부상신고
2023100700100016,2023년 10월 7일 01시,토요일,대구광역시 달서구 상인동,부상신고사고,0,0,0,1,차대사람 - 횡단중,안전운전불이행,건조,맑음,교차로 - 교차로횡단보도내,승용,남,58세,상해없음,보행자,남,43세,부상신고