사고번호,사고일시,요일,시군구,사고내용,사망자수,중상자수,경상자수,부상신고자수,사고유형,법규위반,노면상태,기상상태,도로형태,가해운전자 차종,가해운전자 성별,가해운전자 연령,가해운전자 상해정도,피해운전자 차종,피해운전자 성별,피해운전자 연령,피해운전자 상해정도
2023101100100281,2023년 10월 11일 13시,수요일,대구광역시 동구 신천동,경상사고,0,0,1,0,차대사람 - 횡단중,보행자보호의무위반,건조,맑음,교차로 - 교차로부근,승용,남,70세,기타불명,보행자,여,10세,경상
2023101100100282,2023년 10월 11일 13시,수요일,대구광역시 동구 지저동,중상사고,0,1,0,0,차대차 - 측면충돌,안전거리미확보,건조,맑음,단일로 - 기타,이륜,남,84세,상해없음,자전거,여,70세,중상
2023101100100283,2023년 10월 11일 13시,수요일,대구광역시 달서구 장기동,경상사고,0,0,1,0,차대차 - 기타,안전운전불이행,건조,맑음,단일로 - 기타,화물,남,53세,상해없음,이륜,남,24세,경상
2023101100100284,2023년 10월 11일 13시,수요일,대구광역시 달서구 호림동,경상사고,0,0,1,0,차대차 - 추돌,안전운전불이행,건조,맑음,단일로 - 기타,화물,남,59세,상해없음,승용,남,28세,경상
2023101100100314,2023년 10월 11일 14시,수요일,대구광역시 중구 대봉동,부상신고사고,0,0,0,1,차량단독 - 기타,안전운전불이행,건조,맑음,기타 - 기타,승합,남,58세,상해없음,,,,
2023101100100315,2023년 10월 11일 14시,수요일,대구광역시 달성군 유가읍,경상사고,0,0,1,0,차대차 - 기타,안전운전불이행,건조,맑음,교차로 - 교차로안,자전거,남,39세,경상,승합,남,62세,상해없음
2023101100100316,2023년 10월 11일 14시,수요일,대구광역시 서구 이현동,경상사고,0,0,1,0,차대차 - 정면충돌,신호위반,건조,맑음,교차로 - 교차로안,승용,여,51세,상해없음,승용,남,42세,경상
2023101100100356,2023년 10월 11일 15시,수요일,대구광역시 동구 효목동,경상사고,0,0,1,0,차대차 - 측면충돌,안전운전불이행,건조,맑음,교차로 - 교차로안,승용,남,23세,상해없음,승합,남,61세,경상
2023101100100357,2023년 10월 11일 15시,수요일,대구광역시 달서구 상인동,중상사고,0,1,0,0,차대사람 - 차도통행중,안전운전불이행,건조,맑음,단일로 - 기타,승용,남,67세,상해없음,보행자,남,7세,중상
2023101100100435,2023년 10월 11일 17시,수요일,대구광역시 달서구 송현동,경상사고,0,0,1,0,차대사람 - 횡단중,안전운전불이행,건조,맑음,단일로 - 기타,화물,남,62세,상해없음,보행자,여,26세,경상
2023101100100436,2023년 10월 11일 17시,수요일,대구광역시 달성군 화원읍,경상사고,0,0,1,0,차대차 - 추돌,안전거리미확보,건조,맑음,단일로 - 기타,승용,남,22세,상해없음,승용,여,36세,경상
2023101100100511,2023년 10월 11일 18시,수요일,대구광역시 수성구 수성동1가,경상사고,0,0,2,0,차대차 - 추돌,안전운전불이행,기타,맑음,교차로 - 교차로부근,승용,남,65세,상해없음,승용,남,76세,경상
2023101100100512,2023년 10월 11일 18시,수요일,대구광역시 달성군 현풍읍,경상사고,0,0,1,0,차대차 - 기타,안전거리미확보,건조,맑음,단일로 - 기타,승용,여,36세,상해없음,승용,여,27세,경상
2023101100100513,2023년 10월 11일 18시,수요일,대구광역시 북구 산격동,중상사고,0,1,0,0,차대사람 - 기타,안전운전불이행,건조,맑음,단일로 - 기타,화물,남,36세,상해없음,보행자,여,23세,중상
2023101100100514,2023년 10월 11일 18시,수요일,대구광역시 달서구 신당동,경상사고,0,0,1,0,차대차 - 추돌,안전운전불이행,건조,맑음,단일로 - 기타,승용,남,29세,상해없음,이륜,남,43세,경상
2023101100100515,2023년 10월 11일 18시,수요일,대구광역시 북구 태전동,경상사고,0,0,2,0,차대차 - 측면충돌,안전거리미확보,건조,맑음,교차로 - 교차로부근,화물,남,64세,상해없음,승용,여,37세,경상
2023101100100560,2023년 10월 11일 19시,수요일,대구광역시 달서구 상인동,경상사고,0,0,2,0,차대차 - 추돌,안전거리미확보,건조,맑음,단일로 - 기타,승용,남,44세,경상,승용,남,59세,상해없음
2023101100100561,2023년 10월 11일 19시,수요일,대구광역시 북구 대현동,중상사고,0,1,0,1,차대사람 - 기타,안전운전불이행,건조,맑음,기타 - 기타,자전거,남,39세,부상신고,보행자,여,70세,중상
2023101100100562,2023년 10월 11일 19시,수요일,대구광역시 북구 연경동,경상사고,0,0,2,0,차대차 - 측면충돌,안전운전불이행,건조,맑음,교차로 - 교차로안,이륜,남,34세,기타불명,승용,여,68세,경상
2023101100100603,2023년 10월 11일 20시,수요일,대구광역시 달성군 유가읍,경상사고,0,0,1,0,차대사람 - 횡단중,보행자보호의무위반,건조,맑음,단일로 - 기타,승용,남,67세,상해없음,보행자,남,44세,경상
2023101100100604,2023년 10월 11일 20시,수요일,대구광역시 동구 신암동,중상사고,0,1,0,0,차대사람 - 횡단중,안전운전불이행,건조,맑음,교차로 - 교차로안,승용,여,33세,상해없음,보행자,남,81세,중상
2023101100100657,2023년 10월 11일 22시,수요일,대구광역시 수성구 범어동,중상사고,0,1,0,0,차대사람 - 횡단중,안전운전불이행,건조,맑음,교차로 - 교차로횡단보도내,승합,남,59세,상해없음,보행자,남,41세,중상
2023101100100673,2023년 10월 11일 23시,수요일,대구광역시 동구 검사동,경상사고,0,0,1,0,차대차 - 기타,안전운전불이행,건조,맑음,단일로 - 기타,승용,남,60세,상해없음,자전거,남,52세,경상
2023101100100674,2023년 10월 11일 23시,수요일,대구광역시 수성구 범어동,경상사고,0,0,1,0,차대사람 - 기타,안전운전불이행,건조,맑음,교차로 - 교차로부근,승용,남,51세,기타불명,보행자,여,18세,경상
2023101100100675,2023년 10월 11일 23시,수요일,대구광역시 중구 동문동,경상사고,0,0,1,0,차대사람 - 기타,안전운전불이행,건조,흐림,기타 - 기타,승용,남,45세,상해없음,보행자,남,32세,경상
2023101200100047,2023년 10월 12일 05시,목요일,대구광역시 북구 침산동,경상사고,0,0,1,0,차대차 - 측면충돌,안전운전불이행,건조,맑음,교차로 - 교차로부근,기타불명,기타불명,미분류,기타불명,승용,여,63세,경상
2023101200100059,2023년 10월 12일 06시,목요일,대구광역시 중구 남산동,경상사고,0,0,1,0,차대사람 - 횡단중,신호위반,건조,맑음,교차로 - 교차로횡단보도내,이륜,남,39세,상해없음,보행자,여,66세,경상
2023101200100060,2023년 10월 12일 06시,목요일,대구광역시 중구 동인동2가,경상사고,0,0,1,0,차대차 - 기타,교차로운행방법위반,건조,맑음,교차로 - 교차로안,승용,남,55세,상해없음,이륜,남,22세,경상
2023101200100114,2023년 10월 12일 08시,목요일,대구광역시 남구 봉덕동,경상사고,0,0,1,0,차대차 - 기타,안전운전불이행,건조,맑음,기타 - 기타,화물,남,38세,상해없음,자전거,남,51세,경상
2023101200100115,2023년 10월 12일 08시,목요일,대구광역시 수성구 지산동,중상사고,0,1,0,0,차대사람 - 횡단중,보행자보호의무위반,기타,기타,미분류 - 미분류,승용,여,66세,상해없음,보행자,여,71세,중상
2023101200100157,2023년 10월 12일 09시,목요일,대구광역시 북구 침산동,중상사고,0,1,0,0,차대차 - 기타,안전운전불이행,건조,맑음,단일로 - 기타,승용,여,73세,상해없음,승합,남,63세,상해없음
2023101200100158,2023년 10월 12일 09시,목요일,대구광역시 중구 공평동,부상신고사고,0,0,0,1,차대차 - 측면충돌,불법유턴,건조,맑음,교차로 - 교차로횡단보도내,개인형이동수단(PM),남,23세,부상신고,승용,여,63세,상해없음
2023101200100159,2023년 10월 12일 09시,목요일,대구광역시 중구 삼덕동2가,중상사고,0,1,0,0,차대사람 - 기타,안전운전불이행,건조,맑음,단일로 - 기타,자전거,남,75세,기타불명,보행자,여,75세,중상
2023101200100194,2023년 10월 12일 10시,목요일,대구광역시 달성군 화원읍,중상사고,0,1,0,0,차대차 - 기타,안전거리미확보,건조,맑음,단일로 - 기타,승용,여,61세,상해없음,승합,남,61세,상해없음
2023101200100229,2023년 10월 12일 11시,목요일,대구광역시 수성구 범어동,경상사고,0,0,1,0,차대차 - 측면충돌,안전운전불이행,건조,맑음,교차로 - 교차로부근,승용,남,63세,상해없음,승용,남,57세,경상
2023101200100230,2023년 10월 12일 11시,목요일,대구광역시 북구 노곡동,경상사고,0,0,1,0,차대사람 - 기타,안전운전불이행,건조,맑음,단일로 - 교량,승합,남,68세,상해없음,보행자,남,24세,경상
2023101200100231,2023년 10월 12일 11시,목요일,대구광역시 북구 서변동,경상사고,0,0,1,0,차대차 - 추돌,안전거리미확보,건조,맑음,단일로 - 기타,승용,여,39세,상해없음,승용,여,55세,경상
2023101200100257,2023년 10월 12일 12시,목요일,대구광역시 동구 신천동,경상사고,0,0,1,0,차대차 - 측면충돌,안전운전불이행,건조,맑음,교차로 - 교차로횡단보도내,자전거,남,81세,경상,승용,남,62세,상해없음
2023101200100258,2023년 10월 12일 12시,목요일,대구광역시 북구 침산동,부상신고사고,0,0,0,1,차대사람 - 기타,안전운전불이행,건조,맑음,단일로 - 기타,승용,남,56세,상해없음,보행자,남,44세,부상신고
2023101200100259,2023년 10월 12일 12시,목요일,대구광역시 중구 태평로3가,부상신고사고,0,0,0,1,차대차 - 기타,안전운전불이행,건조,맑음,기타 - 기타,화물,남,51세,상해없음,자전거,남,70세,부상신고
2023101200100260,2023년 10월 12일 12시,목요일,대구광역시 중구 계산동2가,경상사고,0,0,1,0,차대차 - 측면충돌,안전운전불이행,건조,맑음,교차로 - 교차로안,승용,여,65세,상해없음,승용,여,40세,경상
2023101200100261,2023년 10월 12일 12시,목요일,대구광역시 달서구 감삼동,경상사고,0,0,3,0,차대차 - 추돌,안전운전불이행,건조,맑음,교차로 - 교차로부근,승용,여,45세,경상,이륜,남,31세,경상
2023101200100295,2023년 10월 12일 13시,목요일,대구광역시 달성군 다사읍,경상사고,0,0,1,0,차대차 - 기타,안전거리미확보,건조,맑음,기타 - 기타,자전거,남,21세,경상,승용,남,76세,상해없음
2023101200100339,2023년 10월 12일 14시,목요일,대구광역시 서구 평리동,중상사고,0,1,0,0,차대사람 - 길가장자리구역통행중,안전운전불이행,건조,맑음,기타 - 기타,승용,남,41세,상해없음,보행자,여,91세,중상
2023101200100340,2023년 10월 12일 14시,목요일,대구광역시 북구 태전동,경상사고,0,0,1,0,차대차 - 기타,안전운전불이행,건조,맑음,단일로 - 기타,승용,남,70세,상해없음,승용,남,33세,경상
2023101200100379,2023년 10월 12일 15시,목요일,대구광역시 동구 금강동,중상사고,0,1,0,0,차량단독 - 기타,안전운전불이행,건조,맑음,단일로 - 기타,이륜,남,69세,중상,,,,
2023101200100415,2023년 10월 12일 16시,목요일,대구광역시 동구 방촌동,경상사고,0,0,2,0,차대차 - 측면충돌,안전운전불이행,건조,맑음,단일로 - 지하차도(도로)내,이륜,남,33세,경상,화물,남,44세,경상
2023101200100416,2023년 10월 12일 16시,목요일,대구광역시 달성군 화원읍,경상사고,0,0,1,0,차대사람 - 기타,안전운전불이행,건조,맑음,기타 - 기타,승용,남,80세,상해없음,보행자,여,1세,경상
2023101200100446,2023년 10월 12일 17시,목요일,대구광역시 동구 율하동,경상사고,0,0,1,0,차대차 - 측면충돌,안전거리미확보,건조,맑음,단일로 - 기타,화물,남,54세,상해없음,승용,남,37세,경상
2023101200100447,2023년 10월 12일 17시,목요일,대구광역시 달서구 도원동,부상신고사고,0,0,0,1,차대차 - 기타,불법유턴,건조,맑음,교차로 - 교차로부근,이륜,남,32세,부상신고,승용,남,72세,상해없음
2023101200100489,2023년 10월 12일 18시,목요일,대구광역시 동구 방촌동,중상사고,0,1,0,0,차대사람 - 차도통행중,안전운전불이행,건조,맑음,단일로 - 기타,이륜,남,34세,상해없음,보행자,여,91세,중상
2023101200100490,2023년 10월 12일 18시,목요일,대구광역시 수성구 범어동,경상사고,0,0,3,0,차대차 - 기타,안전거리미확보,건조,맑음,단일로 - 기타,승용,여,53세,경상,승용,남,29세,경상
2023101200100491,2023년 10월 12일 18시,목요일,대구광역시 달성군 논공읍,경상사고,0,0,3,0,차대차 - 추돌,안전운전불이행,건조,맑음,단일로 - 기타,승용,남,34세,상해없음,화물,남,68세,경상
2023101200100492,2023년 10월 12일 18시,목요일,대구광역시 북구 태전동,경상사고,0,0,1,0,차대사람 - 기타,기타,건조,맑음,기타 - 기타,개인형이동수단(PM),남,12세,상해없음,보행자,남,4세,경상
2023101200100556,2023년 10월 12일 19시,목요일,대구광역시 북구 침산동,경상사고,0,0,1,0,차대차 - 기타,신호위반,건조,맑음,교차로 - 교차로안,승용,남,62세,상해없음,이륜,남,25세,경상
2023101200100557,2023년 10월 12일 19시,목요일,대구광역시 북구 노원동3가,경상사고,0,0,1,0,차대차 - 기타,안전운전불이행,건조,맑음,교차로 - 교차로부근,승용,남,34세,상해없음,이륜,남,36세,경상
2023101200100587,2023년 10월 12일 20시,목요일,대구광역시 수성구 두산동,경상사고,0,0,1,0,차대차 - 측면충돌,안전운전불이행,건조,맑음,단일로 - 기타,승용,남,55세,상해없음,승용,남,53세,경상
2023101200100608,2023년 10월 12일 21시,목요일,대구광역시 동구 효목동,경상사고,0,0,1,0,차대차 - 측면충돌,안전운전불이행,건조,맑음,단일로 - 기타,화물,남,70세,기타불명,자전거,남,65세,경상
2023101200100626,2023년 10월 12일 22시,목요일,대구광역시 달서구 상인동,중상사고,0,1,2,0,차대차 - 측면충돌,안전운전불이행,건조,맑음,단일로 - 기타,승용,여,46세,경상,원동기,남,45세,중상
2023101200100627,2023년 10월 12일 22시,목요일,대구광역시 북구 침산동,경상사고,0,0,1,0,차대차 - 측면충돌,안전운전불이행,건조,맑음,교차로 - 교차로안,승용,남,58세,상해없음,승용,남,35세,경상
2023101300100022,2023년 10월 13일 02시,금요일,대구광역시 중구 봉산동,경상사고,0,0,1,0,차대차 - 측면충돌,안전운전불이행,건조,맑음,단일로 - 기타,화물,남,68세,상해없음,특수,남,39세,경상
2023101300100025,2023년 10월 13일 03시,금요일,대구광역시 남구 대명동,중상사고,0,2,0,0,차대사람 - 횡단중,신호위반,건조,맑음,단일로 - 기타,이륜,남,45세,상해없음,보행자,남,25세,중상
2023101300100026,2023년 10월 13일 03시,금요일,대구광역시 달서구 상인동,중상사고,0,1,1,0,차량단독 - 전도전복 - 전복,안전운전불이행,건조,맑음,교차로 - 교차로부근,승용,남,22세,상해없음,,,,
2023101300100076,2023년 10월 13일 07시,금요일,대구광역시 수성구 상동,경상사고,0,0,1,0,차대차 - 측면충돌,안전운전불이행,건조,맑음,단일로 - 기타,자전거,남,48세,경상,승용,남,56세,상해없음
2023101300100115,2023년 10월 13일 08시,금요일,대구광역시 남구 대명동,경상사고,0,0,1,0,차대차 - 측면충돌,안전운전불이행,건조,맑음,단일로 - 기타,승용,여,56세,상해없음,승용,여,53세,경상
2023101300100116,2023년 10월 13일 08시,금요일,대구광역시 수성구 범어동,경상사고,0,0,2,0,차대차 - 기타,안전운전불이행,건조,맑음,단일로 - 기타,승용,여,43세,상해없음,승합,남,56세,상해없음
2023101300100117,2023년 10월 13일 08시,금요일,대구광역시 중구 동산동,경상사고,0,0,1,0,차대사람 - 기타,안전운전불이행,건조,맑음,단일로 - 기타,승합,남,66세,상해없음,보행자,여,79세,경상
2023101300100118,2023년 10월 13일 08시,금요일,대구광역시 북구 태전동,경상사고,0,0,2,0,차대차 - 측면충돌,안전운전불이행,건조,맑음,단일로 - 터널,승용,여,46세,기타불명,승용,남,22세,경상
2023101300100150,2023년 10월 13일 09시,금요일,대구광역시 동구 효목동,경상사고,0,0,1,0,차대차 - 기타,교차로운행방법위반,건조,맑음,교차로 - 교차로안,승용,여,62세,상해없음,승용,여,50세,경상
2023101300100199,2023년 10월 13일 10시,금요일,대구광역시 수성구 범어동,경상사고,0,0,1,0,차대차 - 기타,안전운전불이행,건조,맑음,교차로 - 교차로부근,기타불명,기타불명,미분류,기타불명,자전거,남,57세,경상
2023101300100200,2023년 10월 13일 10시,금요일,대구광역시 달서구 대곡동,경상사고,0,0,2,0,차대차 - 측면충돌,교차로운행방법위반,건조,맑음,교차로 - 교차로안,승용,여,62세,경상,승용,여,56세,경상
2023101300100201,2023년 10월 13일 10시,금요일,대구광역시 달서구 이곡동,중상사고,0,1,0,0,차대차 - 후진중충돌,안전운전불이행,건조,맑음,기타 - 기타,승용,여,40세,상해없음,승용,남,42세,중상
2023101300100242,2023년 10월 13일 11시,금요일,대구광역시 중구 동산동,중상사고,0,1,0,0,차대차 - 기타,안전거리미확보,건조,맑음,단일로 - 기타,승용,남,72세,상해없음,이륜,남,46세,중상
2023101300100280,2023년 10월 13일 12시,금요일,대구광역시 동구 율하동,경상사고,0,0,1,0,차대사람 - 차도통행중,안전운전불이행,건조,맑음,단일로 - 기타,이륜,남,17세,상해없음,보행자,남,90세,경상
2023101300100281,2023년 10월 13일 12시,금요일,대구광역시 달성군 논공읍,경상사고,0,0,1,0,차대차 - 기타,안전운전불이행,건조,맑음,교차로 - 교차로부근,승용,남,38세,상해없음,자전거,남,52세,경상
2023101300100282,2023년 10월 13일 12시,금요일,대구광역시 북구 구암동,경상사고,0,0,1,0,차대차 - 추돌,안전운전불이행,건조,맑음,단일로 - 기타,승용,여,31세,상해없음,승용,남,29세,경상
2023101300100317,2023년 10월 13일 13시,금요일,대구광역시 수성구 만촌동,경상사고,0,0,1,0,차대차 - 기타,안전운전불이행,건조,맑음,교차로 - 교차로부근,건설기계,남,75세,상해없음,승용,여,41세,경상
2023101300100378,2023년 10월 13일 15시,금요일,대구광역시 서구 내당동,중상사고,0,1,1,0,차대차 - 측면충돌,안전거리미확보,건조,맑음,단일로 - 기타,승용,남,54세,중상,승합,남,45세,경상
2023101300100379,2023년 10월 13일 15시,금요일,대구광역시 달서구 성당동,경상사고,0,0,1,0,차대차 - 측면충돌,신호위반,건조,맑음,교차로 - 교차로안,자전거,남,76세,상해없음,원동기,남,68세,경상
2023101300100421,2023년 10월 13일 16시,금요일,대구광역시 달서구 송현동,경상사고,0,0,1,0,차대차 - 측면충돌,안전운전불이행,건조,맑음,교차로 - 교차로안,화물,남,38세,기타불명,이륜,남,34세,경상
2023101300100422,2023년 10월 13일 16시,금요일,대구광역시 서구 원대동2가,중상사고,0,1,1,0,차대차 - 측면충돌,기타,건조,맑음,교차로 - 교차로안,화물,남,28세,상해없음,자전거,여,29세,중상
2023101300100469,2023년 10월 13일 17시,금요일,대구광역시 동구 신천동,경상사고,0,0,1,0,차대차 - 측면충돌,안전운전불이행,건조,맑음,교차로 - 교차로부근,승용,여,29세,상해없음,승용,여,67세,경상
2023101300100470,2023년 10월 13일 17시,금요일,대구광역시 동구 신암동,경상사고,0,0,4,1,차대차 - 측면충돌,안전거리미확보,건조,맑음,교차로 - 교차로부근,승용,남,23세,부상신고,승용,남,32세,경상
2023101300100471,2023년 10월 13일 17시,금요일,대구광역시 수성구 황금동,경상사고,0,0,2,0,차대차 - 기타,안전거리미확보,건조,맑음,단일로 - 기타,승용,여,28세,상해없음,승용,남,65세,경상
2023101300100535,2023년 10월 13일 18시,금요일,대구광역시 동구 봉무동,경상사고,0,0,1,0,차대차 - 측면충돌,안전운전불이행,건조,맑음,단일로 - 기타,승용,여,65세,상해없음,승용,남,58세,경상
2023101300100536,2023년 10월 13일 18시,금요일,대구광역시 달서구 월성동,경상사고,0,0,1,0,차대차 - 측면충돌,안전거리미확보,건조,맑음,기타 - 기타,승용,남,65세,상해없음,승용,남,43세,경상
2023101300100537,2023년 10월 13일 18시,금요일,대구광역시 북구 산격동,경상사고,0,0,1,0,차대차 - 정면충돌,직진우회전진행방해,건조,맑음,교차로 - 교차로안,화물,남,34세,상해없음,개인형이동수단(PM),여,57세,경상
2023101300100538,2023년 10월 13일 18시,금요일,대구광역시 중구 삼덕동1가,경상사고,0,0,1,0,차대사람 - 기타,안전운전불이행,건조,맑음,단일로 - 기타,승용,남,62세,상해없음,보행자,남,58세,경상
2023101300100539,2023년 10월 13일 18시,금요일,대구광역시 달서구 호산동,경상사고,0,0,1,0,차대차 - 측면충돌,안전운전불이행,건조,맑음,교차로 - 교차로부근,승용,남,48세,상해없음,승용,남,62세,경상
2023101300100540,2023년 10월 13일 18시,금요일,대구광역시 북구 관음동,중상사고,0,1,2,0,차대차 - 정면충돌,안전운전불이행,건조,맑음,교차로 - 교차로횡단보도내,이륜,남,26세,중상,승용,남,51세,경상
2023101300100607,2023년 10월 13일 19시,금요일,대구광역시 동구 효목동,경상사고,0,0,1,0,차대차 - 측면충돌,안전거리미확보,건조,맑음,단일로 - 기타,승용,남,45세,상해없음,승용,남,38세,경상
2023101300100637,2023년 10월 13일 20시,금요일,대구광역시 남구 봉덕동,경상사고,0,0,4,0,차대차 - 추돌,신호위반,건조,맑음,교차로 - 교차로안,이륜,남,18세,상해없음,승용,여,45세,경상
2023101300100664,2023년 10월 13일 21시,금요일,대구광역시 달성군 다사읍,경상사고,0,0,1,0,차대차 - 정면충돌,신호위반,건조,맑음,교차로 - 교차로안,이륜,남,23세,상해없음,승용,여,55세,경상
2023101300100665,2023년 10월 13일 21시,금요일,대구광역시 북구 서변동,경상사고,0,0,1,0,차대차 - 측면충돌,직진우회전진행방해,건조,맑음,교차로 - 교차로안,승용,여,30세,상해없음,자전거,남,16세,경상
2023101300100714,2023년 10월 13일 23시,금요일,대구광역시 북구 칠성동2가,부상신고사고,0,0,0,1,차대사람 - 기타,안전운전불이행,건조,맑음,기타 - 기타,자전거,남,44세,부상신고,보행자,여,31세,상해없음
2023101400100035,2023년 10월 14일 03시,토요일,대구광역시 달서구 도원동,중상사고,0,2,0,0,차대차 - 추돌,기타,건조,맑음,단일로 - 터널,승용,남,29세,중상,승용,남,56세,중상
2023101400100055,2023년 10월 14일 05시,토요일,대구광역시 서구 내당동,중상사고,0,1,0,0,차대사람 - 횡단중,안전운전불이행,건조,흐림,단일로 - 기타,화물,남,58세,상해없음,보행자,남,83세,중상
2023101400100093,2023년 10월 14일 08시,토요일,대구광역시 동구 신암동,경상사고,0,0,1,0,차대차 - 측면충돌,안전거리미확보,건조,맑음,교차로 - 교차로부근,화물,남,65세,상해없음,승용,여,34세,경상
2023101400100117,2023년 10월 14일 09시,토요일,대구광역시 달서구 용산동,경상사고,0,0,1,0,차대차 - 측면충돌,안전운전불이행,건조,맑음,단일로 - 기타,승용,남,49세,상해없음,승용,남,29세,경상
2023101400100148,2023년 10월 14일 10시,토요일,대구광역시 달서구 상인동,부상신고사고,0,0,0,1,차대차 - 기타,안전운전불이행,건조,맑음,단일로 - 기타,개인형이동수단(PM),남,48세,부상신고,승용,여,58세,상해없음
2023101400100149,2023년 10월 14일 10시,토요일,대구광역시 북구 산격동,중상사고,0,2,2,0,차대차 - 측면충돌,안전운전불이행,건조,맑음,단일로 - 기타,승용,남,67세,상해없음,승용,남,55세,경상
2023101400100181,2023년 10월 14일 11시,토요일,대구광역시 북구 산격동,부상신고사고,0,0,0,1,차대사람 - 기타,안전운전불이행,젖음/습기,비,기타 - 기타,승용,남,68세,상해없음,보행자,남,81세,부상신고
2023101400100182,2023년 10월 14일 11시,토요일,대구광역시 북구 학정동,경상사고,0,0,3,1,차대차 - 추돌,기타,건조,맑음,단일로 - 지하차도(도로)내,승용,남,32세,부상신고,승용,남,40세,경상
2023101400100220,2023년 10월 14일 12시,토요일,대구광역시 남구 이천동,경상사고,0,0,2,0,차대차 - 측면충돌,안전거리미확보,건조,맑음,단일로 - 기타,승용,여,79세,상해없음,승용,여,47세,경상
2023101400100221,2023년 10월 14일 12시,토요일,대구광역시 수성구 범어동,경상사고,0,0,2,0,차대차 - 추돌,안전운전불이행,건조,맑음,교차로 - 교차로부근,승용,여,39세,상해없음,승용,남,41세,경상
2023101400100222,2023년 10월 14일 12시,토요일,대구광역시 수성구 대흥동,중상사고,0,1,3,0,차대차 - 측면충돌,안전운전불이행,건조,맑음,단일로 - 기타,승용,남,65세,경상,승용,여,59세,경상
2023101400100257,2023년 10월 14일 13시,토요일,대구광역시 동구 신천동,경상사고,0,0,1,0,차대사람 - 기타,안전운전불이행,건조,맑음,교차로 - 교차로안,승용,여,54세,상해없음,보행자,여,60세,경상
2023101400100258,2023년 10월 14일 13시,토요일,대구광역시 수성구 만촌동,경상사고,0,0,3,0,차대차 - 측면충돌,안전거리미확보,건조,맑음,단일로 - 기타,승용,여,53세,경상,승용,여,47세,경상
2023101400100296,2023년 10월 14일 14시,토요일,대구광역시 북구 대현동,경상사고,0,0,2,0,차대차 - 기타,안전운전불이행,건조,맑음,교차로 - 교차로부근,승용,남,44세,상해없음,승용,남,37세,상해없음
2023101400100297,2023년 10월 14일 14시,토요일,대구광역시 달서구 두류동,경상사고,0,0,1,0,차대차 - 측면충돌,중앙선침범,건조,맑음,단일로 - 기타,승용,남,83세,상해없음,승용,남,39세,경상
2023101400100298,2023년 10월 14일 14시,토요일,대구광역시 북구 관음동,중상사고,0,1,0,0,차대사람 - 횡단중,보행자보호의무위반,젖음/습기,비,단일로 - 기타,승용,여,64세,상해없음,보행자,남,8세,중상
2023101400100327,2023년 10월 14일 15시,토요일,대구광역시 수성구 수성동4가,경상사고,0,0,2,0,차대차 - 추돌,안전운전불이행,젖음/습기,비,교차로 - 교차로안,승용,여,41세,상해없음,승용,남,48세,경상
2023101400100328,2023년 10월 14일 15시,토요일,대구광역시 북구 노원동3가,중상사고,0,1,0,0,차대차 - 측면충돌,신호위반,건조,맑음,단일로 - 기타,승용,여,44세,상해없음,이륜,남,33세,중상
2023101400100365,2023년 10월 14일 16시,토요일,대구광역시 동구 신암동,중상사고,0,1,4,0,차대차 - 추돌,안전운전불이행,건조,맑음,단일로 - 교량,승용,남,55세,상해없음,승용,여,42세,중상
2023101400100366,2023년 10월 14일 16시,토요일,대구광역시 수성구 매호동,경상사고,0,0,1,0,차대차 - 기타,안전운전불이행,기타,기타,미분류 - 미분류,기타불명,기타불명,미분류,기타불명,승합,남,61세,상해없음
2023101400100367,2023년 10월 14일 16시,토요일,대구광역시 서구 내당동,경상사고,0,0,2,0,차대차 - 기타,안전운전불이행,건조,맑음,단일로 - 기타,이륜,남,53세,경상,승용,남,52세,경상
2023101400100368,2023년 10월 14일 16시,토요일,대구광역시 중구 태평로3가,경상사고,0,0,1,0,차대사람 - 기타,안전운전불이행,건조,맑음,교차로 - 교차로부근,승용,여,23세,기타불명,보행자,남,43세,경상
2023101400100369,2023년 10월 14일 16시,토요일,대구광역시 달서구 이곡동,경상사고,0,0,2,0,차대차 - 기타,신호위반,건조,맑음,교차로 - 교차로안,승용,남,59세,상해없음,승용,남,51세,경상
2023101400100370,2023년 10월 14일 16시,토요일,대구광역시 북구 태전동,경상사고,0,0,2,0,차대차 - 측면충돌,안전운전불이행,건조,맑음,단일로 - 기타,화물,남,41세,경상,승용,남,37세,경상
2023101400100393,2023년 10월 14일 17시,토요일,대구광역시 북구 노곡동,경상사고,0,0,2,0,차대차 - 추돌,안전운전불이행,건조,맑음,단일로 - 기타,승용,남,25세,상해없음,승용,남,52세,경상
2023101400100402,2023년 10월 14일 17시,토요일,대구광역시 달서구 성당동,중상사고,0,1,0,0,차대차 - 기타,안전운전불이행,건조,맑음,교차로 - 교차로부근,자전거,여,10세,상해없음,자전거,남,85세,중상
2023101400100436,2023년 10월 14일 18시,토요일,대구광역시 동구 신암동,부상신고사고,0,0,0,1,차대사람 - 기타,안전운전불이행,건조,맑음,단일로 - 기타,기타불명,기타불명,미분류,기타불명,보행자,여,49세,부상신고