사고번호,사고일시,요일,시군구,사고내용,사망자수,중상자수,경상자수,부상신고자수,사고유형,법규위반,노면상태,기상상태,도로형태,가해운전자 차종,가해운전자 성별,가해운전자 연령,가해운전자 상해정도,피해운전자 차종,피해운전자 성별,피해운전자 연령,피해운전자 상해정도
2023101800100477,2023년 10월 18일 17시,수요일,대구광역시 북구 구암동,부상신고사고,0,0,0,1,차대차 - 기타,안전운전불이행,건조,맑음,단일로 - 지하차도(도로)내,자전거,남,66세,부상신고,승용,여,59세,상해없음
2023101800100529,2023년 10월 18일 18시,수요일,대구광역시 달서구 감삼동,중상사고,0,1,0,0,차대차 - 측면충돌,안전운전불이행,건조,맑음,단일로 - 기타,이륜,남,28세,상해없음,자전거,여,55세,중상
2023101800100530,2023년 10월 18일 18시,수요일,대구광역시 북구 읍내동,경상사고,0,0,3,0,차대차 - 측면충돌,안전운전불이행,건조,맑음,단일로 - 기타,승용,남,31세,기타불명,승용,남,32세,경상
2023101800100602,2023년 10월 18일 20시,수요일,대구광역시 달성군 유가읍,경상사고,0,0,1,0,차대사람 - 횡단중,안전운전불이행,건조,맑음,교차로 - 교차로횡단보도내,승용,남,66세,기타불명,보행자,남,12세,경상
2023101800100603,2023년 10월 18일 20시,수요일,대구광역시 중구 사일동,경상사고,0,0,1,0,차대차 - 측면충돌,안전거리미확보,건조,맑음,단일로 - 기타,승용,남,49세,상해없음,승용,남,48세,경상
2023101800100627,2023년 10월 18일 21시,수요일,대구광역시 달서구 도원동,경상사고,0,0,3,0,차대차 - 측면충돌,직진우회전진행방해,건조,맑음,교차로 - 교차로안,승용,남,33세,경상,승용,남,31세,경상
2023101800100659,2023년 10월 18일 23시,수요일,대구광역시 달성군 다사읍,중상사고,0,1,0,0,차대차 - 정면충돌,신호위반,건조,맑음,교차로 - 교차로안,승용,여,40세,상해없음,승용,남,44세,중상
2023101900100035,2023년 10월 19일 05시,목요일,대구광역시 동구 신암동,경상사고,0,0,2,0,차대차 - 추돌,안전운전불이행,건조,맑음,교차로 - 교차로안,승용,여,45세,상해없음,승합,남,60세,경상
2023101900100036,2023년 10월 19일 05시,목요일,대구광역시 수성구 범어동,경상사고,0,0,1,0,차대사람 - 보도통행중,보행자보호의무위반,기타,기타,미분류 - 미분류,기타불명,기타불명,미분류,기타불명,보행자,남,46세,경상
2023101900100076,2023년 10월 19일 07시,목요일,대구광역시 수성구 만촌동,중상사고,0,1,1,2,차대차 - 추돌,안전거리미확보,건조,맑음,단일로 - 기타,승용,여,24세,상해없음,승용,여,26세,부상신고
2023101900100113,2023년 10월 19일 08시,목요일,대구광역시 동구 신서동,경상사고,0,0,1,0,차대차 - 측면충돌,안전거리미확보,건조,맑음,단일로 - 기타,자전거,여,39세,경상,승용,여,39세,상해없음
2023101900100114,2023년 10월 19일 08시,목요일,대구광역시 서구 비산동,경상사고,0,0,1,0,차대차 - 측면충돌,불법유턴,건조,맑음,단일로 - 기타,자전거,남,73세,경상,승용,여,50세,상해없음
2023101900100115,2023년 10월 19일 08시,목요일,대구광역시 달서구 이곡동,경상사고,0,0,1,0,차대사람 - 기타,안전운전불이행,건조,맑음,단일로 - 지하차도(도로)내,승용,남,81세,상해없음,보행자,여,84세,경상
2023101900100153,2023년 10월 19일 09시,목요일,대구광역시 동구 효목동,중상사고,0,1,0,0,차대사람 - 횡단중,보행자보호의무위반,건조,맑음,단일로 - 지하차도(도로)내,화물,남,59세,상해없음,보행자,여,75세,중상
2023101900100154,2023년 10월 19일 09시,목요일,대구광역시 동구 신천동,중상사고,0,1,1,0,차대차 - 기타,기타,건조,맑음,교차로 - 교차로횡단보도내,이륜,남,33세,중상,승용,남,76세,경상
2023101900100155,2023년 10월 19일 09시,목요일,대구광역시 수성구 만촌동,경상사고,0,0,2,0,차대차 - 측면충돌,교차로운행방법위반,건조,맑음,교차로 - 교차로안,승용,여,38세,상해없음,승용,남,20세,경상
2023101900100156,2023년 10월 19일 09시,목요일,대구광역시 서구 비산동,경상사고,0,0,1,0,차대차 - 후진중충돌,안전운전불이행,건조,맑음,기타 - 기타,승용,남,71세,상해없음,자전거,남,64세,경상
2023101900100188,2023년 10월 19일 10시,목요일,대구광역시 북구 서변동,경상사고,0,0,3,0,차대차 - 추돌,안전운전불이행,건조,맑음,교차로 - 교차로부근,화물,남,51세,상해없음,승용,여,55세,경상
2023101900100210,2023년 10월 19일 11시,목요일,대구광역시 동구 지묘동,부상신고사고,0,0,0,1,차량단독 - 기타,안전운전불이행,건조,맑음,단일로 - 기타,승용,남,52세,부상신고,,,,
2023101900100211,2023년 10월 19일 11시,목요일,대구광역시 수성구 황금동,경상사고,0,0,4,0,차대차 - 측면충돌,안전운전불이행,건조,맑음,단일로 - 기타,승용,여,46세,경상,화물,남,30세,경상
2023101900100214,2023년 10월 19일 11시,목요일,대구광역시 달서구 용산동,경상사고,0,0,1,0,차대차 - 추돌,안전거리미확보,건조,맑음,교차로 - 교차로부근,화물,남,72세,상해없음,승용,남,42세,경상
2023101900100215,2023년 10월 19일 11시,목요일,대구광역시 북구 구암동,경상사고,0,0,1,0,차대차 - 추돌,안전거리미확보,건조,맑음,교차로 - 교차로안,특수,남,55세,상해없음,승용,여,58세,경상
2023101900100247,2023년 10월 19일 12시,목요일,대구광역시 수성구 수성동2가,경상사고,0,0,3,0,차대차 - 측면충돌,차로위반,건조,맑음,교차로 - 교차로부근,승용,남,36세,상해없음,승용,남,34세,경상
2023101900100248,2023년 10월 19일 12시,목요일,대구광역시 달서구 상인동,경상사고,0,0,3,0,차대차 - 측면충돌,안전운전불이행,건조,맑음,단일로 - 기타,건설기계,남,55세,상해없음,승용,남,35세,경상
2023101900100249,2023년 10월 19일 12시,목요일,대구광역시 북구 산격동,중상사고,0,1,0,0,차대차 - 측면충돌,안전운전불이행,건조,맑음,단일로 - 기타,승합,남,30세,상해없음,자전거,여,66세,중상
2023101900100268,2023년 10월 19일 13시,목요일,대구광역시 남구 봉덕동,중상사고,0,1,0,0,차대차 - 기타,중앙선침범,건조,맑음,단일로 - 기타,승용,여,23세,상해없음,화물,남,53세,상해없음
2023101900100298,2023년 10월 19일 14시,목요일,대구광역시 달성군 논공읍,경상사고,0,0,1,0,차대차 - 추돌,안전거리미확보,건조,맑음,기타 - 기타,화물,남,80세,상해없음,승용,남,56세,경상
2023101900100335,2023년 10월 19일 15시,목요일,대구광역시 수성구 범어동,경상사고,0,0,2,0,차대차 - 측면충돌,신호위반,건조,맑음,교차로 - 교차로부근,승용,여,65세,상해없음,승용,남,41세,경상
2023101900100336,2023년 10월 19일 15시,목요일,대구광역시 달서구 월성동,중상사고,0,1,0,0,차대사람 - 기타,보행자보호의무위반,건조,맑음,교차로 - 교차로횡단보도내,승용,여,70세,기타불명,보행자,여,67세,중상
2023101900100369,2023년 10월 19일 16시,목요일,대구광역시 수성구 상동,중상사고,0,1,0,0,차대차 - 추돌,교차로운행방법위반,건조,맑음,단일로 - 기타,승용,여,44세,상해없음,자전거,남,71세,중상
2023101900100370,2023년 10월 19일 16시,목요일,대구광역시 수성구 욱수동,경상사고,0,0,1,0,차대사람 - 기타,안전운전불이행,건조,맑음,단일로 - 기타,승용,남,67세,상해없음,보행자,남,33세,경상
2023101900100371,2023년 10월 19일 16시,목요일,대구광역시 달서구 용산동,경상사고,0,0,1,0,차대차 - 측면충돌,안전운전불이행,건조,맑음,교차로 - 교차로부근,이륜,남,17세,기타불명,승용,남,33세,경상
2023101900100372,2023년 10월 19일 16시,목요일,대구광역시 북구 연경동,경상사고,0,0,1,0,차대차 - 측면충돌,안전운전불이행,건조,맑음,교차로 - 교차로안,승용,남,78세,기타불명,승용,남,53세,경상
2023101900100415,2023년 10월 19일 17시,목요일,대구광역시 남구 봉덕동,경상사고,0,0,1,0,차대차 - 후진중충돌,안전운전불이행,건조,맑음,교차로 - 교차로안,화물,남,57세,상해없음,승용,여,51세,경상
2023101900100457,2023년 10월 19일 18시,목요일,대구광역시 동구 신암동,경상사고,0,0,1,0,차대사람 - 기타,안전운전불이행,건조,맑음,단일로 - 기타,승용,남,53세,상해없음,보행자,남,47세,경상
2023101900100499,2023년 10월 19일 19시,목요일,대구광역시 수성구 범어동,경상사고,0,0,2,0,차대차 - 측면충돌,안전거리미확보,건조,맑음,단일로 - 기타,이륜,남,34세,경상,이륜,남,28세,경상
2023101900100535,2023년 10월 19일 20시,목요일,대구광역시 동구 신암동,중상사고,0,1,0,0,차대차 - 측면충돌,신호위반,건조,흐림,교차로 - 교차로안,승용,여,23세,상해없음,승합,남,55세,중상
2023101900100536,2023년 10월 19일 20시,목요일,대구광역시 수성구 수성동1가,경상사고,0,0,1,0,차대차 - 측면충돌,신호위반,건조,맑음,교차로 - 교차로횡단보도내,기타불명,기타불명,미분류,기타불명,원동기,여,30세,경상
2023101900100537,2023년 10월 19일 20시,목요일,대구광역시 북구 복현동,경상사고,0,0,1,0,차대사람 - 횡단중,보행자보호의무위반,건조,맑음,교차로 - 교차로횡단보도내,승용,남,56세,상해없음,보행자,남,37세,경상
2023101900100538,2023년 10월 19일 20시,목요일,대구광역시 서구 비산동,중상사고,0,2,1,0,차대차 - 추돌,안전거리미확보,건조,맑음,단일로 - 기타,이륜,남,65세,중상,승용,남,34세,경상
2023101900100568,2023년 10월 19일 21시,목요일,대구광역시 수성구 시지동,경상사고,0,0,1,0,차대사람 - 횡단중,보행자보호의무위반,젖음/습기,비,단일로 - 기타,승합,남,51세,상해없음,보행자,여,26세,경상
2023101900100569,2023년 10월 19일 21시,목요일,대구광역시 달서구 월성동,중상사고,0,2,1,0,차대차 - 추돌,안전운전불이행,건조,맑음,교차로 - 교차로부근,승용,남,48세,상해없음,승용,남,65세,중상
2023101900100591,2023년 10월 19일 22시,목요일,대구광역시 남구 대명동,중상사고,0,1,2,0,차대사람 - 횡단중,보행자보호의무위반,젖음/습기,맑음,단일로 - 기타,이륜,남,43세,경상,보행자,남,52세,중상
2023101900100592,2023년 10월 19일 22시,목요일,대구광역시 동구 신암동,경상사고,0,0,1,0,차대차 - 측면충돌,안전운전불이행,젖음/습기,비,단일로 - 기타,승용,여,45세,상해없음,이륜,남,34세,경상
2023101900100593,2023년 10월 19일 22시,목요일,대구광역시 중구 수창동,중상사고,0,2,0,0,차대사람 - 기타,신호위반,젖음/습기,비,단일로 - 기타,승용,남,63세,상해없음,보행자,남,23세,중상
2023101900100594,2023년 10월 19일 22시,목요일,대구광역시 중구 남산동,경상사고,0,0,1,0,차대차 - 측면충돌,안전운전불이행,건조,맑음,단일로 - 기타,승용,남,22세,상해없음,이륜,남,40세,경상
2023101900100614,2023년 10월 19일 23시,목요일,대구광역시 군위군 효령면,경상사고,0,0,2,0,차대차 - 측면충돌,안전운전불이행,젖음/습기,비,단일로 - 기타,승용,남,28세,경상,화물,남,57세,상해없음
2023101900100617,2023년 10월 19일 23시,목요일,대구광역시 달성군 화원읍,부상신고사고,0,0,0,1,차대사람 - 횡단중,안전운전불이행,건조,맑음,단일로 - 기타,이륜,남,67세,상해없음,보행자,남,54세,부상신고
2023101900100618,2023년 10월 19일 23시,목요일,대구광역시 달서구 두류동,중상사고,0,2,1,0,차대차 - 추돌,안전운전불이행,젖음/습기,비,교차로 - 교차로부근,승용,남,71세,상해없음,승용,남,57세,중상
2023102000100005,2023년 10월 20일 00시,금요일,대구광역시 남구 봉덕동,경상사고,0,0,1,0,차대차 - 측면충돌,중앙선침범,젖음/습기,비,단일로 - 기타,승용,남,41세,상해없음,화물,남,20세,경상
2023102000100047,2023년 10월 20일 05시,금요일,대구광역시 동구 신서동,경상사고,0,0,1,0,차대사람 - 횡단중,보행자보호의무위반,젖음/습기,비,교차로 - 교차로횡단보도내,화물,남,52세,상해없음,보행자,남,73세,경상
2023102000100059,2023년 10월 20일 06시,금요일,대구광역시 동구 신평동,중상사고,0,1,0,0,차대사람 - 기타,안전운전불이행,젖음/습기,맑음,교차로 - 교차로안,승용,남,69세,상해없음,보행자,여,86세,중상
2023102000100080,2023년 10월 20일 07시,금요일,대구광역시 동구 신천동,경상사고,0,0,2,0,차대차 - 측면충돌,안전운전불이행,건조,맑음,단일로 - 기타,승용,남,45세,경상,화물,남,50세,경상
2023102000100129,2023년 10월 20일 08시,금요일,대구광역시 남구 대명동,경상사고,0,0,1,0,차대사람 - 보도통행중,기타,건조,맑음,단일로 - 기타,화물,남,41세,상해없음,보행자,남,27세,경상
2023102000100130,2023년 10월 20일 08시,금요일,대구광역시 동구 율암동,경상사고,0,0,3,0,차대차 - 추돌,안전거리미확보,건조,맑음,단일로 - 고가도로위,승용,남,47세,경상,승용,남,40세,경상
2023102000100131,2023년 10월 20일 08시,금요일,대구광역시 수성구 지산동,중상사고,0,1,0,0,차대사람 - 보도통행중,기타,건조,맑음,기타 - 기타,화물,남,59세,상해없음,보행자,여,82세,중상
2023102000100132,2023년 10월 20일 08시,금요일,대구광역시 수성구 만촌동,경상사고,0,0,2,0,차대차 - 추돌,안전거리미확보,건조,기타,기타 - 기타,승용,여,54세,상해없음,승용,여,32세,경상
2023102000100133,2023년 10월 20일 08시,금요일,대구광역시 북구 칠성동2가,경상사고,0,0,1,0,차대차 - 측면충돌,신호위반,건조,맑음,교차로 - 교차로부근,승용,남,59세,상해없음,승용,남,38세,경상
2023102000100201,2023년 10월 20일 10시,금요일,대구광역시 달서구 용산동,경상사고,0,0,1,0,차대차 - 추돌,안전운전불이행,건조,맑음,단일로 - 기타,화물,남,65세,상해없음,승용,남,24세,경상
2023102000100236,2023년 10월 20일 11시,금요일,대구광역시 중구 계산동2가,경상사고,0,0,1,0,차대차 - 측면충돌,안전거리미확보,건조,맑음,단일로 - 기타,승용,남,76세,상해없음,승용,여,33세,경상
2023102000100281,2023년 10월 20일 12시,금요일,대구광역시 수성구 범어동,경상사고,0,0,1,0,차대차 - 정면충돌,교차로운행방법위반,건조,맑음,교차로 - 교차로안,승용,남,77세,상해없음,승용,남,23세,경상
2023102000100282,2023년 10월 20일 12시,금요일,대구광역시 달서구 진천동,중상사고,0,1,1,0,차대차 - 측면충돌,안전운전불이행,건조,맑음,단일로 - 기타,이륜,남,45세,중상,이륜,남,21세,경상
2023102000100283,2023년 10월 20일 12시,금요일,대구광역시 달서구 송현동,경상사고,0,0,1,0,차대차 - 측면충돌,안전거리미확보,건조,맑음,단일로 - 기타,승용,여,47세,상해없음,승용,남,25세,경상
2023102000100284,2023년 10월 20일 12시,금요일,대구광역시 달서구 상인동,경상사고,0,0,1,0,차대차 - 측면충돌,안전거리미확보,건조,맑음,단일로 - 기타,승용,남,66세,상해없음,이륜,남,37세,경상
2023102000100285,2023년 10월 20일 12시,금요일,대구광역시 중구 공평동,경상사고,0,0,1,0,차대차 - 측면충돌,차로위반,건조,맑음,교차로 - 교차로부근,이륜,남,53세,경상,승용,남,63세,상해없음
2023102000100324,2023년 10월 20일 13시,금요일,대구광역시 달성군 유가읍,중상사고,0,1,0,0,차대사람 - 횡단중,신호위반,건조,맑음,교차로 - 교차로안,승합,남,22세,상해없음,보행자,남,10세,중상
2023102000100325,2023년 10월 20일 13시,금요일,대구광역시 북구 노곡동,경상사고,0,0,1,0,차대차 - 기타,안전운전불이행,건조,맑음,단일로 - 기타,승용,남,66세,상해없음,승용,남,53세,경상
2023102000100360,2023년 10월 20일 14시,금요일,대구광역시 군위군 소보면,중상사고,0,1,0,0,차량단독 - 공작물충돌,안전운전불이행,건조,맑음,단일로 - 기타,화물,남,76세,중상,,,,
2023102000100362,2023년 10월 20일 14시,금요일,대구광역시 서구 비산동,경상사고,0,0,1,0,차대차 - 정면충돌,안전운전불이행,건조,맑음,기타 - 기타,승용,남,61세,상해없음,화물,남,29세,경상
2023102000100413,2023년 10월 20일 15시,금요일,대구광역시 서구 내당동,경상사고,0,0,1,0,차대사람 - 길가장자리구역통행중,안전운전불이행,건조,맑음,단일로 - 기타,승용,여,58세,상해없음,보행자,여,73세,경상
2023102000100476,2023년 10월 20일 16시,금요일,대구광역시 북구 산격동,중상사고,0,1,0,0,차대차 - 측면충돌,안전운전불이행,건조,맑음,교차로 - 교차로안,특수,남,74세,상해없음,이륜,남,45세,중상
2023102000100477,2023년 10월 20일 16시,금요일,대구광역시 서구 평리동,경상사고,0,0,2,0,차대차 - 측면충돌,안전운전불이행,건조,맑음,단일로 - 기타,승용,여,29세,상해없음,자전거,여,25세,경상
2023102000100535,2023년 10월 20일 17시,금요일,대구광역시 달서구 상인동,경상사고,0,0,1,0,차대차 - 측면충돌,안전거리미확보,건조,맑음,단일로 - 기타,승용,여,51세,상해없음,이륜,남,21세,경상
2023102000100536,2023년 10월 20일 17시,금요일,대구광역시 달성군 현풍읍,경상사고,0,0,2,0,차대차 - 기타,안전운전불이행,건조,맑음,단일로 - 기타,승용,남,58세,경상,화물,남,29세,경상
2023102000100537,2023년 10월 20일 17시,금요일,대구광역시 달성군 다사읍,경상사고,0,0,1,0,차대사람 - 길가장자리구역통행중,보행자보호의무위반,건조,맑음,기타 - 기타,화물,남,67세,상해없음,보행자,남,9세,경상
2023102000100538,2023년 10월 20일 17시,금요일,대구광역시 중구 대신동,경상사고,0,0,1,0,차대차 - 추돌,안전운전불이행,건조,맑음,교차로 - 교차로부근,화물,남,30세,상해없음,화물,남,32세,경상
2023102000100604,2023년 10월 20일 18시,금요일,대구광역시 동구 신기동,경상사고,0,0,2,0,차대차 - 측면충돌,안전운전불이행,건조,맑음,단일로 - 기타,승용,남,55세,상해없음,이륜,남,17세,경상
2023102000100605,2023년 10월 20일 18시,금요일,대구광역시 수성구 두산동,중상사고,0,1,0,0,차대차 - 측면충돌,안전운전불이행,건조,맑음,기타 - 기타,승용,여,51세,상해없음,자전거,여,25세,중상
2023102000100606,2023년 10월 20일 18시,금요일,대구광역시 달서구 송현동,경상사고,0,0,1,0,차대차 - 기타,안전운전불이행,건조,맑음,기타 - 기타,이륜,남,42세,경상,승용,여,48세,상해없음
2023102000100608,2023년 10월 20일 18시,금요일,대구광역시 중구 동인동3가,경상사고,0,0,2,0,차대차 - 측면충돌,신호위반,건조,맑음,교차로 - 교차로안,승용,남,56세,상해없음,승용,여,68세,경상
2023102000100657,2023년 10월 20일 19시,금요일,대구광역시 달서구 월성동,경상사고,0,0,2,0,차대차 - 기타,신호위반,건조,맑음,교차로 - 교차로안,승용,여,62세,경상,이륜,남,22세,경상
2023102000100715,2023년 10월 20일 21시,금요일,대구광역시 달서구 월성동,중상사고,0,1,0,0,차대사람 - 횡단중,보행자보호의무위반,건조,맑음,교차로 - 교차로부근,화물,남,50세,상해없음,보행자,남,23세,중상
2023102100100022,2023년 10월 21일 01시,토요일,대구광역시 수성구 매호동,경상사고,0,0,1,0,차대차 - 측면충돌,안전운전불이행,건조,맑음,단일로 - 기타,승용,남,31세,상해없음,승용,여,40세,경상
2023102100100040,2023년 10월 21일 03시,토요일,대구광역시 북구 구암동,경상사고,0,0,2,1,차대차 - 추돌,안전운전불이행,건조,맑음,교차로 - 교차로부근,승용,남,28세,상해없음,승용,남,53세,경상
2023102100100046,2023년 10월 21일 04시,토요일,대구광역시 동구 숙천동,중상사고,0,1,0,0,차대차 - 추돌,안전운전불이행,건조,맑음,기타 - 기타,승용,남,23세,상해없음,화물,남,57세,중상
2023102100100047,2023년 10월 21일 04시,토요일,대구광역시 서구 중리동,경상사고,0,0,2,0,차대차 - 측면충돌,안전운전불이행,건조,맑음,단일로 - 기타,승용,남,64세,상해없음,승용,남,28세,경상
2023102100100051,2023년 10월 21일 05시,토요일,대구광역시 남구 이천동,중상사고,0,1,1,0,차대차 - 추돌,안전운전불이행,건조,맑음,단일로 - 기타,화물,남,27세,상해없음,승용,여,48세,중상
2023102100100096,2023년 10월 21일 08시,토요일,대구광역시 중구 대신동,경상사고,0,0,1,0,차대사람 - 보도통행중,보행자보호의무위반,건조,맑음,단일로 - 기타,승용,남,65세,상해없음,보행자,여,22세,경상
2023102100100130,2023년 10월 21일 09시,토요일,대구광역시 북구 산격동,경상사고,0,0,4,0,차대차 - 측면충돌,안전운전불이행,건조,맑음,교차로 - 교차로부근,승용,남,58세,상해없음,승용,여,41세,경상
2023102100100167,2023년 10월 21일 10시,토요일,대구광역시 수성구 노변동,중상사고,0,5,1,1,차대차 - 추돌,안전거리미확보,건조,맑음,단일로 - 기타,승용,남,30세,경상,승용,남,69세,중상
2023102100100172,2023년 10월 21일 10시,토요일,대구광역시 수성구 매호동,부상신고사고,0,0,0,1,차대차 - 기타,안전운전불이행,건조,맑음,단일로 - 기타,승용,여,42세,상해없음,자전거,남,77세,부상신고
2023102100100261,2023년 10월 21일 12시,토요일,대구광역시 동구 신천동,경상사고,0,0,1,0,차대차 - 기타,안전운전불이행,건조,맑음,단일로 - 기타,승용,남,57세,상해없음,자전거,남,59세,경상
2023102100100262,2023년 10월 21일 12시,토요일,대구광역시 수성구 만촌동,경상사고,0,0,2,0,차대차 - 기타,안전운전불이행,건조,맑음,단일로 - 기타,이륜,남,42세,경상,승용,남,24세,경상
2023102100100264,2023년 10월 21일 12시,토요일,대구광역시 서구 비산동,중상사고,0,1,0,0,차대사람 - 차도통행중,안전운전불이행,건조,맑음,단일로 - 기타,승용,남,77세,상해없음,보행자,남,65세,중상
2023102100100265,2023년 10월 21일 12시,토요일,대구광역시 서구 비산동,경상사고,0,0,1,0,차대차 - 추돌,안전운전불이행,건조,맑음,단일로 - 기타,화물,남,33세,상해없음,승용,남,42세,경상
2023102100100295,2023년 10월 21일 13시,토요일,대구광역시 동구 용계동,경상사고,0,0,2,0,차대차 - 측면충돌,안전운전불이행,건조,맑음,교차로 - 교차로부근,화물,남,43세,상해없음,승용,여,28세,경상
2023102100100296,2023년 10월 21일 13시,토요일,대구광역시 수성구 두산동,중상사고,0,1,0,0,차대차 - 기타,신호위반,건조,맑음,교차로 - 교차로안,승용,남,49세,상해없음,이륜,남,28세,중상
2023102100100340,2023년 10월 21일 14시,토요일,대구광역시 달서구 상인동,경상사고,0,0,1,0,차대차 - 측면충돌,차로위반,건조,맑음,교차로 - 교차로부근,승용,여,60세,상해없음,승용,남,56세,상해없음
2023102100100377,2023년 10월 21일 15시,토요일,대구광역시 동구 용계동,중상사고,0,1,0,0,차대차 - 측면충돌,안전운전불이행,건조,맑음,단일로 - 기타,승합,남,69세,상해없음,자전거,남,56세,중상
2023102100100378,2023년 10월 21일 15시,토요일,대구광역시 수성구 범어동,경상사고,0,0,1,0,차대차 - 측면충돌,안전운전불이행,건조,맑음,교차로 - 교차로안,승용,여,40세,상해없음,승용,여,53세,경상
2023102100100421,2023년 10월 21일 16시,토요일,대구광역시 북구 대현동,경상사고,0,0,3,0,차대차 - 측면충돌,안전운전불이행,건조,맑음,교차로 - 교차로부근,승용,남,33세,경상,이륜,남,19세,경상
2023102100100459,2023년 10월 21일 17시,토요일,대구광역시 달서구 본리동,경상사고,0,0,2,0,차대차 - 측면충돌,안전거리미확보,건조,맑음,단일로 - 기타,승용,남,63세,경상,화물,여,61세,경상
2023102100100460,2023년 10월 21일 17시,토요일,대구광역시 달성군 옥포읍,중상사고,0,1,0,0,차대사람 - 횡단중,보행자보호의무위반,건조,맑음,교차로 - 교차로횡단보도내,화물,남,66세,상해없음,보행자,여,77세,중상
2023102100100501,2023년 10월 21일 18시,토요일,대구광역시 달성군 다사읍,경상사고,0,0,3,0,차대차 - 측면충돌,직진우회전진행방해,건조,맑음,단일로 - 기타,승용,여,40세,경상,승용,남,68세,경상
2023102100100502,2023년 10월 21일 18시,토요일,대구광역시 서구 비산동,중상사고,0,1,2,0,차대차 - 측면충돌,안전운전불이행,건조,맑음,교차로 - 교차로안,승용,남,50세,상해없음,승용,남,59세,경상
2023102100100503,2023년 10월 21일 18시,토요일,대구광역시 중구 동성로2가,경상사고,0,0,1,0,차대사람 - 기타,신호위반,건조,맑음,기타 - 기타,승용,남,51세,상해없음,보행자,여,17세,경상
2023102100100544,2023년 10월 21일 19시,토요일,대구광역시 남구 대명동,중상사고,0,1,0,0,차대사람 - 횡단중,보행자보호의무위반,건조,맑음,단일로 - 기타,화물,남,70세,상해없음,보행자,여,72세,중상
2023102100100545,2023년 10월 21일 19시,토요일,대구광역시 수성구 지산동,경상사고,0,0,1,0,차대차 - 측면충돌,신호위반,건조,맑음,교차로 - 교차로안,승용,남,67세,상해없음,원동기,남,27세,경상
2023102100100546,2023년 10월 21일 19시,토요일,대구광역시 서구 평리동,경상사고,0,0,3,0,차대차 - 측면충돌,안전거리미확보,건조,맑음,단일로 - 기타,승용,남,67세,상해없음,승용,남,25세,경상
2023102100100606,2023년 10월 21일 21시,토요일,대구광역시 달성군 화원읍,중상사고,0,1,0,0,차대차 - 기타,안전운전불이행,건조,맑음,교차로 - 교차로안,이륜,남,29세,상해없음,이륜,남,59세,중상
2023102100100607,2023년 10월 21일 21시,토요일,대구광역시 달서구 장기동,부상신고사고,0,0,0,1,차량단독 - 기타,안전운전불이행,건조,맑음,교차로 - 교차로안,자전거,남,81세,부상신고,,,,
2023102100100632,2023년 10월 21일 22시,토요일,대구광역시 달서구 진천동,경상사고,0,0,1,0,차대차 - 측면충돌,안전운전불이행,건조,맑음,교차로 - 교차로안,자전거,남,17세,상해없음,이륜,남,43세,경상
2023102100100649,2023년 10월 21일 23시,토요일,대구광역시 서구 평리동,경상사고,0,0,1,0,차대사람 - 보도통행중,기타,건조,맑음,기타 - 기타,승용,여,67세,상해없음,보행자,남,56세,경상
2023102200100014,2023년 10월 22일 00시,일요일,대구광역시 서구 평리동,중상사고,0,1,0,0,차대사람 - 기타,기타,건조,맑음,단일로 - 기타,승용,남,67세,상해없음,보행자,여,25세,중상
2023102200100015,2023년 10월 22일 00시,일요일,대구광역시 달서구 장기동,경상사고,0,0,1,0,차대사람 - 기타,안전운전불이행,건조,맑음,기타 - 기타,승용,남,39세,상해없음,보행자,남,43세,경상
2023102200100030,2023년 10월 22일 02시,일요일,대구광역시 달서구 월성동,사망사고,1,0,1,0,차대사람 - 차도통행중,안전운전불이행,건조,맑음,단일로 - 기타,승용,남,27세,상해없음,보행자,여,61세,사망
2023102200100034,2023년 10월 22일 03시,일요일,대구광역시 북구 칠성동2가,경상사고,0,0,3,0,차대차 - 측면충돌,안전운전불이행,건조,맑음,교차로 - 교차로부근,승용,남,32세,상해없음,승용,남,65세,경상
2023102200100035,2023년 10월 22일 03시,일요일,대구광역시 북구 복현동,중상사고,0,1,0,0,차대사람 - 횡단중,신호위반,건조,맑음,교차로 - 교차로횡단보도내,승용,남,28세,상해없음,보행자,남,49세,중상
2023102200100038,2023년 10월 22일 04시,일요일,대구광역시 동구 지저동,중상사고,0,1,0,0,차대차 - 측면충돌,안전운전불이행,건조,맑음,교차로 - 교차로부근,승용,남,18세,상해없음,승용,남,19세,중상
2023102200100055,2023년 10월 22일 06시,일요일,대구광역시 북구 노원동3가,경상사고,0,0,2,0,차대차 - 정면충돌,신호위반,건조,맑음,교차로 - 교차로안,승용,남,68세,상해없음,화물,남,73세,경상
2023102200100079,2023년 10월 22일 08시,일요일,대구광역시 달서구 용산동,경상사고,0,0,1,0,차대차 - 추돌,안전운전불이행,건조,맑음,교차로 - 교차로안,승용,남,69세,상해없음,승용,여,27세,경상
2023102200100100,2023년 10월 22일 09시,일요일,대구광역시 북구 산격동,경상사고,0,0,1,0,차대차 - 기타,교차로운행방법위반,건조,맑음,교차로 - 교차로횡단보도내,승용,여,63세,상해없음,승용,여,39세,경상
2023102200100101,2023년 10월 22일 09시,일요일,대구광역시 북구 관음동,중상사고,0,1,0,0,차대차 - 추돌,차로위반,건조,맑음,기타 - 기타,자전거,남,71세,중상,승용,여,27세,상해없음