사고번호,사고일시,요일,시군구,사고내용,사망자수,중상자수,경상자수,부상신고자수,사고유형,법규위반,노면상태,기상상태,도로형태,가해운전자 차종,가해운전자 성별,가해운전자 연령,가해운전자 상해정도,피해운전자 차종,피해운전자 성별,피해운전자 연령,피해운전자 상해정도
2023102200100160,2023년 10월 22일 11시,일요일,대구광역시 중구 계산동1가,중상사고,0,1,0,0,차대사람 - 기타,안전운전불이행,건조,맑음,기타 - 기타,승용,여,51세,상해없음,보행자,남,83세,중상
2023102200100178,2023년 10월 22일 12시,일요일,대구광역시 달서구 성당동,경상사고,0,0,1,0,차대차 - 측면충돌,신호위반,건조,맑음,교차로 - 교차로안,이륜,남,47세,기타불명,승용,남,77세,경상
2023102200100211,2023년 10월 22일 13시,일요일,대구광역시 동구 괴전동,중상사고,0,1,0,0,차대차 - 추돌,안전운전불이행,건조,맑음,단일로 - 기타,승합,남,62세,상해없음,승용,남,33세,중상
2023102200100339,2023년 10월 22일 17시,일요일,대구광역시 달서구 용산동,중상사고,0,1,0,0,차대차 - 측면충돌,안전운전불이행,건조,맑음,단일로 - 기타,승용,남,67세,상해없음,이륜,남,62세,중상
2023102200100370,2023년 10월 22일 18시,일요일,대구광역시 북구 서변동,중상사고,0,1,0,0,차대차 - 기타,차로위반,건조,맑음,단일로 - 교량,승용,여,46세,상해없음,이륜,남,32세,중상
2023102200100371,2023년 10월 22일 18시,일요일,대구광역시 북구 침산동,중상사고,0,2,2,0,차대차 - 추돌,안전운전불이행,건조,맑음,단일로 - 고가도로위,승용,남,26세,상해없음,승용,여,49세,중상
2023102200100400,2023년 10월 22일 19시,일요일,대구광역시 동구 봉무동,경상사고,0,0,2,0,차대차 - 추돌,안전거리미확보,건조,맑음,교차로 - 교차로안,승용,남,60세,상해없음,승용,여,51세,경상
2023102200100401,2023년 10월 22일 19시,일요일,대구광역시 중구 대봉동,경상사고,0,0,3,0,차대차 - 후진중충돌,안전운전불이행,건조,맑음,단일로 - 기타,화물,남,61세,상해없음,승용,남,27세,경상
2023102200100402,2023년 10월 22일 19시,일요일,대구광역시 중구 동인동2가,경상사고,0,0,2,0,차대차 - 측면충돌,안전거리미확보,건조,맑음,단일로 - 기타,승용,남,71세,상해없음,승용,여,51세,경상
2023102200100424,2023년 10월 22일 20시,일요일,대구광역시 동구 불로동,중상사고,0,1,3,0,차대차 - 추돌,안전운전불이행,건조,맑음,교차로 - 교차로부근,화물,남,66세,상해없음,승용,남,58세,중상
2023102200100425,2023년 10월 22일 20시,일요일,대구광역시 달서구 진천동,사망사고,1,0,0,0,차량단독 - 공작물충돌,안전운전불이행,건조,흐림,단일로 - 기타,개인형이동수단(PM),남,35세,사망,,,,
2023102200100426,2023년 10월 22일 20시,일요일,대구광역시 달서구 본리동,경상사고,0,0,1,0,차대차 - 기타,안전운전불이행,건조,맑음,단일로 - 기타,승용,여,41세,상해없음,이륜,남,40세,경상
2023102200100457,2023년 10월 22일 23시,일요일,대구광역시 북구 구암동,경상사고,0,0,1,0,차대차 - 측면충돌,안전거리미확보,건조,맑음,기타 - 기타,승용,여,38세,상해없음,승용,남,32세,경상
2023102300100066,2023년 10월 23일 07시,월요일,대구광역시 동구 신천동,경상사고,0,0,1,0,차대차 - 측면충돌,직진우회전진행방해,건조,맑음,교차로 - 교차로안,승용,남,34세,상해없음,승용,여,55세,경상
2023102300100067,2023년 10월 23일 07시,월요일,대구광역시 서구 내당동,중상사고,0,1,2,0,차대차 - 측면충돌,신호위반,건조,맑음,교차로 - 교차로안,승용,여,52세,경상,이륜,남,24세,중상
2023102300100112,2023년 10월 23일 08시,월요일,대구광역시 남구 대명동,경상사고,0,0,1,0,차대사람 - 횡단중,안전운전불이행,건조,맑음,단일로 - 기타,이륜,남,31세,상해없음,보행자,여,17세,경상
2023102300100113,2023년 10월 23일 08시,월요일,대구광역시 달서구 상인동,경상사고,0,0,1,0,차대사람 - 기타,안전운전불이행,건조,맑음,교차로 - 교차로부근,승용,남,66세,상해없음,보행자,남,7세,경상
2023102300100114,2023년 10월 23일 08시,월요일,대구광역시 달서구 진천동,경상사고,0,0,1,0,차대차 - 측면충돌,교차로운행방법위반,건조,맑음,교차로 - 교차로안,승용,여,64세,상해없음,승용,여,49세,경상
2023102300100115,2023년 10월 23일 08시,월요일,대구광역시 달성군 논공읍,경상사고,0,0,1,0,차대차 - 측면충돌,신호위반,건조,맑음,교차로 - 교차로안,승용,남,50세,기타불명,승용,남,23세,경상
2023102300100116,2023년 10월 23일 08시,월요일,대구광역시 서구 내당동,경상사고,0,0,1,0,차대차 - 기타,안전운전불이행,건조,맑음,교차로 - 교차로횡단보도내,승용,남,44세,상해없음,자전거,남,16세,경상
2023102300100185,2023년 10월 23일 10시,월요일,대구광역시 수성구 사월동,경상사고,0,0,1,0,차대차 - 기타,안전운전불이행,건조,맑음,교차로 - 교차로부근,개인형이동수단(PM),남,40세,경상,승용,남,51세,상해없음
2023102300100269,2023년 10월 23일 13시,월요일,대구광역시 군위군 군위읍,경상사고,0,0,1,0,차량단독 - 기타,안전운전불이행,건조,맑음,단일로 - 기타,원동기,남,72세,경상,,,,
2023102300100274,2023년 10월 23일 13시,월요일,대구광역시 달성군 다사읍,경상사고,0,0,1,0,차대차 - 추돌,안전운전불이행,건조,맑음,단일로 - 기타,승용,여,28세,상해없음,화물,남,47세,상해없음
2023102300100275,2023년 10월 23일 13시,월요일,대구광역시 북구 노원동3가,경상사고,0,0,1,0,차대차 - 추돌,안전거리미확보,건조,맑음,단일로 - 기타,화물,남,46세,상해없음,화물,남,54세,상해없음
2023102300100321,2023년 10월 23일 14시,월요일,대구광역시 북구 칠성동1가,경상사고,0,0,1,0,차대차 - 기타,안전운전불이행,건조,맑음,단일로 - 기타,승합,여,53세,상해없음,승용,남,49세,상해없음
2023102300100357,2023년 10월 23일 15시,월요일,대구광역시 달성군 다사읍,경상사고,0,0,1,0,차대차 - 추돌,안전운전불이행,건조,맑음,교차로 - 교차로부근,승용,남,62세,상해없음,승용,여,33세,경상
2023102300100489,2023년 10월 23일 18시,월요일,대구광역시 수성구 만촌동,경상사고,0,0,3,0,차대차 - 측면충돌,안전운전불이행,건조,맑음,단일로 - 기타,승용,여,53세,경상,승용,여,68세,경상
2023102300100490,2023년 10월 23일 18시,월요일,대구광역시 달서구 월성동,경상사고,0,0,1,0,차대사람 - 횡단중,기타,건조,맑음,단일로 - 기타,자전거,남,13세,상해없음,보행자,남,12세,상해없음
2023102300100533,2023년 10월 23일 19시,월요일,대구광역시 달서구 월암동,경상사고,0,0,1,0,차대사람 - 횡단중,보행자보호의무위반,건조,맑음,교차로 - 교차로횡단보도내,화물,남,56세,상해없음,보행자,여,45세,경상
2023102300100534,2023년 10월 23일 19시,월요일,대구광역시 달서구 송현동,중상사고,0,1,0,0,차대차 - 측면충돌,안전거리미확보,건조,맑음,교차로 - 교차로안,승용,남,33세,상해없음,승용,남,67세,중상
2023102300100535,2023년 10월 23일 19시,월요일,대구광역시 남구 대명동,중상사고,0,1,0,0,차대차 - 측면충돌,안전운전불이행,건조,맑음,교차로 - 교차로횡단보도내,승용,여,64세,상해없음,개인형이동수단(PM),남,48세,중상
2023102300100557,2023년 10월 23일 20시,월요일,대구광역시 달서구 월성동,경상사고,0,0,1,0,차대차 - 측면충돌,안전운전불이행,건조,맑음,교차로 - 교차로횡단보도내,승용,남,62세,상해없음,자전거,여,60세,경상
2023102300100574,2023년 10월 23일 21시,월요일,대구광역시 수성구 범어동,경상사고,0,0,2,0,차대차 - 측면충돌,안전거리미확보,건조,맑음,교차로 - 교차로안,이륜,남,52세,상해없음,승용,남,64세,경상
2023102300100575,2023년 10월 23일 21시,월요일,대구광역시 수성구 범어동,중상사고,0,1,0,0,차대차 - 추돌,안전거리미확보,건조,맑음,교차로 - 교차로안,승용,남,28세,상해없음,이륜,남,52세,중상
2023102400100028,2023년 10월 24일 03시,화요일,대구광역시 동구 방촌동,중상사고,0,1,0,0,차대차 - 측면충돌,안전거리미확보,건조,맑음,단일로 - 기타,승용,남,49세,상해없음,화물,남,44세,중상
2023102400100074,2023년 10월 24일 07시,화요일,대구광역시 동구 신암동,경상사고,0,0,1,0,차대차 - 측면충돌,안전운전불이행,건조,맑음,교차로 - 교차로안,승용,남,35세,기타불명,승용,남,29세,경상
2023102400100075,2023년 10월 24일 07시,화요일,대구광역시 북구 칠성동2가,경상사고,0,0,1,0,차대차 - 측면충돌,안전운전불이행,건조,맑음,교차로 - 교차로부근,특수,남,25세,상해없음,이륜,남,31세,경상
2023102400100107,2023년 10월 24일 08시,화요일,대구광역시 달성군 현풍읍,경상사고,0,0,1,0,차대차 - 기타,신호위반,건조,맑음,기타 - 기타,화물,남,35세,상해없음,승용,남,28세,경상
2023102400100166,2023년 10월 24일 09시,화요일,대구광역시 동구 불로동,경상사고,0,0,2,0,차대차 - 측면충돌,안전거리미확보,건조,맑음,교차로 - 교차로부근,승용,여,29세,상해없음,화물,남,37세,경상
2023102400100205,2023년 10월 24일 10시,화요일,대구광역시 중구 덕산동,경상사고,0,0,1,0,차대차 - 측면충돌,교차로운행방법위반,건조,맑음,교차로 - 교차로안,승용,여,75세,상해없음,승용,남,28세,경상
2023102400100231,2023년 10월 24일 11시,화요일,대구광역시 서구 평리동,중상사고,0,1,0,0,차대사람 - 기타,안전운전불이행,건조,맑음,단일로 - 기타,화물,남,41세,상해없음,보행자,남,55세,중상
2023102400100267,2023년 10월 24일 12시,화요일,대구광역시 동구 용계동,중상사고,0,1,0,0,차대차 - 기타,안전거리미확보,건조,맑음,단일로 - 기타,승용,남,73세,상해없음,이륜,남,72세,중상
2023102400100268,2023년 10월 24일 12시,화요일,대구광역시 달성군 화원읍,경상사고,0,0,1,0,차대사람 - 길가장자리구역통행중,안전운전불이행,건조,맑음,단일로 - 기타,승용,여,42세,상해없음,보행자,여,58세,경상
2023102400100269,2023년 10월 24일 12시,화요일,대구광역시 중구 동산동,경상사고,0,0,1,0,차대사람 - 횡단중,신호위반,건조,맑음,단일로 - 기타,화물,남,72세,상해없음,보행자,남,64세,경상
2023102400100270,2023년 10월 24일 12시,화요일,대구광역시 중구 동인동4가,중상사고,0,1,0,0,차대차 - 기타,직진우회전진행방해,건조,맑음,교차로 - 교차로안,승용,남,32세,상해없음,자전거,남,71세,중상
2023102400100293,2023년 10월 24일 13시,화요일,대구광역시 달서구 용산동,경상사고,0,0,1,0,차대사람 - 기타,안전운전불이행,건조,맑음,단일로 - 기타,승용,여,26세,상해없음,보행자,남,64세,경상
2023102400100327,2023년 10월 24일 14시,화요일,대구광역시 달성군 다사읍,경상사고,0,0,1,1,차대차 - 추돌,안전운전불이행,건조,맑음,단일로 - 기타,승용,여,67세,상해없음,화물,남,34세,상해없음
2023102400100328,2023년 10월 24일 14시,화요일,대구광역시 북구 산격동,경상사고,0,0,1,1,차대차 - 측면충돌,신호위반,건조,맑음,단일로 - 기타,이륜,남,40세,부상신고,승용,남,31세,경상
2023102400100357,2023년 10월 24일 15시,화요일,대구광역시 달성군 논공읍,경상사고,0,0,1,0,차량단독 - 전도전복 - 전도,안전운전불이행,건조,맑음,기타 - 기타,자전거,여,65세,경상,,,,
2023102400100358,2023년 10월 24일 15시,화요일,대구광역시 달성군 구지면,경상사고,0,0,1,0,차대차 - 기타,신호위반,건조,맑음,교차로 - 교차로부근,승용,남,22세,상해없음,자전거,남,36세,경상
2023102400100359,2023년 10월 24일 15시,화요일,대구광역시 달서구 두류동,경상사고,0,0,1,0,차대차 - 측면충돌,중앙선침범,건조,맑음,미분류 - 미분류,화물,남,63세,상해없음,승용,남,34세,경상
2023102400100360,2023년 10월 24일 15시,화요일,대구광역시 북구 서변동,경상사고,0,0,3,0,차대차 - 측면충돌,안전거리미확보,건조,맑음,교차로 - 교차로부근,승용,남,22세,상해없음,승용,여,49세,경상
2023102400100445,2023년 10월 24일 17시,화요일,대구광역시 달서구 두류동,경상사고,0,0,1,0,차대사람 - 기타,안전운전불이행,건조,맑음,단일로 - 기타,승용,남,32세,상해없음,보행자,남,6세,경상
2023102400100502,2023년 10월 24일 18시,화요일,대구광역시 수성구 연호동,경상사고,0,0,1,0,차대차 - 측면충돌,안전운전불이행,건조,기타,교차로 - 교차로안,승용,여,53세,기타불명,승용,남,52세,경상
2023102400100503,2023년 10월 24일 18시,화요일,대구광역시 수성구 범물동,경상사고,0,0,1,0,차대차 - 측면충돌,안전거리미확보,건조,맑음,단일로 - 기타,승용,남,64세,상해없음,승용,남,35세,경상
2023102400100504,2023년 10월 24일 18시,화요일,대구광역시 달서구 도원동,경상사고,0,0,1,0,차대차 - 측면충돌,안전운전불이행,건조,맑음,단일로 - 기타,승용,여,43세,상해없음,자전거,여,44세,경상
2023102400100505,2023년 10월 24일 18시,화요일,대구광역시 북구 산격동,부상신고사고,0,0,0,1,차대사람 - 횡단중,보행자보호의무위반,건조,맑음,교차로 - 교차로횡단보도내,기타불명,기타불명,미분류,기타불명,보행자,여,25세,부상신고
2023102400100549,2023년 10월 24일 19시,화요일,대구광역시 북구 구암동,중상사고,0,1,0,0,차대차 - 측면충돌,안전거리미확보,건조,맑음,교차로 - 교차로부근,승용,남,64세,상해없음,승용,남,36세,중상
2023102400100573,2023년 10월 24일 20시,화요일,대구광역시 수성구 범어동,경상사고,0,0,1,0,차대차 - 측면충돌,안전운전불이행,건조,맑음,단일로 - 기타,승용,남,34세,상해없음,자전거,남,70세,경상
2023102400100574,2023년 10월 24일 20시,화요일,대구광역시 수성구 가천동,중상사고,0,1,1,0,차대차 - 기타,안전거리미확보,건조,맑음,기타 - 기타,승용,남,76세,상해없음,승용,여,22세,중상
2023102400100575,2023년 10월 24일 20시,화요일,대구광역시 서구 비산동,경상사고,0,0,2,0,차대차 - 추돌,안전운전불이행,건조,맑음,교차로 - 교차로안,승용,남,62세,상해없음,승용,여,47세,경상
2023102400100576,2023년 10월 24일 20시,화요일,대구광역시 달서구 용산동,경상사고,0,0,2,0,차대차 - 기타,안전운전불이행,건조,맑음,단일로 - 기타,승용,여,54세,경상,승합,남,54세,경상
2023102400100577,2023년 10월 24일 20시,화요일,대구광역시 달서구 신당동,경상사고,0,0,3,0,차대차 - 측면충돌,신호위반,건조,맑음,교차로 - 교차로안,이륜,남,28세,기타불명,승용,남,60세,경상
2023102400100622,2023년 10월 24일 22시,화요일,대구광역시 남구 대명동,경상사고,0,0,4,0,차대차 - 정면충돌,중앙선침범,건조,맑음,단일로 - 기타,승용,남,33세,상해없음,승용,여,50세,경상
2023102400100623,2023년 10월 24일 22시,화요일,대구광역시 동구 동호동,경상사고,0,0,2,1,차대차 - 추돌,안전운전불이행,건조,맑음,단일로 - 기타,승용,남,35세,부상신고,승용,여,57세,경상
2023102500100002,2023년 10월 25일 00시,수요일,대구광역시 북구 산격동,경상사고,0,0,1,0,차대차 - 후진중충돌,안전운전불이행,건조,맑음,기타 - 기타,승용,남,63세,상해없음,승용,남,51세,상해없음
2023102500100016,2023년 10월 25일 03시,수요일,대구광역시 중구 덕산동,경상사고,0,0,1,1,차대차 - 추돌,안전운전불이행,건조,맑음,교차로 - 교차로부근,승용,여,24세,부상신고,화물,남,54세,경상
2023102500100045,2023년 10월 25일 07시,수요일,대구광역시 남구 대명동,경상사고,0,0,2,0,차대차 - 측면충돌,중앙선침범,건조,맑음,교차로 - 교차로안,이륜,남,63세,상해없음,화물,남,63세,경상
2023102500100156,2023년 10월 25일 10시,수요일,대구광역시 수성구 대흥동,경상사고,0,0,1,0,차대차 - 측면충돌,신호위반,건조,맑음,교차로 - 교차로안,승용,남,71세,상해없음,승용,남,69세,경상
2023102500100157,2023년 10월 25일 10시,수요일,대구광역시 북구 산격동,경상사고,0,0,1,0,차대차 - 측면충돌,안전거리미확보,건조,맑음,교차로 - 교차로안,승용,여,57세,상해없음,승용,남,40세,경상
2023102500100188,2023년 10월 25일 11시,수요일,대구광역시 북구 노원동1가,경상사고,0,0,4,0,차대차 - 기타,안전운전불이행,건조,맑음,단일로 - 기타,승용,남,48세,경상,승용,남,40세,경상
2023102500100189,2023년 10월 25일 11시,수요일,대구광역시 달서구 감삼동,경상사고,0,0,1,0,차대사람 - 기타,안전운전불이행,건조,맑음,기타 - 기타,승용,남,67세,상해없음,보행자,여,31세,경상
2023102500100218,2023년 10월 25일 12시,수요일,대구광역시 수성구 수성동2가,경상사고,0,0,1,0,차대차 - 기타,안전운전불이행,건조,맑음,단일로 - 기타,승용,여,40세,상해없음,승용,남,72세,경상
2023102500100219,2023년 10월 25일 12시,수요일,대구광역시 수성구 수성동2가,중상사고,0,1,0,0,차대사람 - 횡단중,안전운전불이행,건조,맑음,단일로 - 기타,승용,남,18세,상해없음,보행자,남,62세,중상
2023102500100220,2023년 10월 25일 12시,수요일,대구광역시 달성군 다사읍,중상사고,0,1,1,0,차대차 - 정면충돌,신호위반,건조,맑음,교차로 - 교차로안,승용,남,62세,경상,승용,여,42세,중상
2023102500100221,2023년 10월 25일 12시,수요일,대구광역시 중구 삼덕동2가,경상사고,0,0,1,0,차대사람 - 차도통행중,안전운전불이행,건조,맑음,단일로 - 기타,승용,여,49세,상해없음,보행자,여,29세,경상
2023102500100222,2023년 10월 25일 12시,수요일,대구광역시 중구 남산동,경상사고,0,0,1,0,차대차 - 측면충돌,안전거리미확보,건조,맑음,단일로 - 기타,승용,여,43세,상해없음,승용,여,52세,경상
2023102500100223,2023년 10월 25일 12시,수요일,대구광역시 달서구 성당동,경상사고,0,0,1,0,차대차 - 추돌,안전운전불이행,건조,맑음,교차로 - 교차로부근,승용,남,65세,기타불명,승용,여,48세,경상
2023102500100252,2023년 10월 25일 13시,수요일,대구광역시 군위군 의흥면,사망사고,1,0,0,0,차대사람 - 기타,안전운전불이행,건조,맑음,단일로 - 기타,화물,남,67세,상해없음,보행자,남,90세,사망
2023102500100284,2023년 10월 25일 14시,수요일,대구광역시 북구 금호동,경상사고,0,0,1,1,차대차 - 추돌,안전거리미확보,건조,맑음,단일로 - 기타,건설기계,남,49세,경상,화물,남,45세,부상신고
2023102500100287,2023년 10월 25일 14시,수요일,대구광역시 동구 중대동,경상사고,0,0,1,0,차대차 - 기타,안전운전불이행,건조,맑음,단일로 - 기타,승용,여,26세,상해없음,승용,남,61세,경상
2023102500100288,2023년 10월 25일 14시,수요일,대구광역시 수성구 수성동1가,경상사고,0,0,1,0,차대차 - 추돌,안전운전불이행,건조,맑음,교차로 - 교차로안,승용,남,67세,상해없음,승용,남,24세,경상
2023102500100289,2023년 10월 25일 14시,수요일,대구광역시 수성구 수성동2가,경상사고,0,0,3,0,차대차 - 측면충돌,차로위반,건조,맑음,단일로 - 기타,건설기계,남,41세,상해없음,승용,여,45세,경상
2023102500100290,2023년 10월 25일 14시,수요일,대구광역시 북구 복현동,경상사고,0,0,1,0,차대차 - 기타,안전거리미확보,건조,맑음,교차로 - 교차로부근,승용,여,31세,기타불명,승합,남,59세,상해없음
2023102500100322,2023년 10월 25일 15시,수요일,대구광역시 남구 대명동,경상사고,0,0,2,0,차대차 - 추돌,안전운전불이행,건조,맑음,기타 - 기타,승용,남,59세,상해없음,화물,남,38세,경상
2023102500100323,2023년 10월 25일 15시,수요일,대구광역시 수성구 사월동,경상사고,0,0,1,0,차대차 - 추돌,안전운전불이행,기타,기타,기타 - 기타,승용,여,53세,기타불명,승용,여,67세,경상
2023102500100356,2023년 10월 25일 16시,수요일,대구광역시 동구 신서동,경상사고,0,0,1,0,차대차 - 기타,안전운전불이행,건조,맑음,단일로 - 기타,원동기,남,55세,상해없음,자전거,여,60세,경상
2023102500100357,2023년 10월 25일 16시,수요일,대구광역시 북구 침산동,경상사고,0,0,1,0,차대차 - 기타,안전운전불이행,건조,맑음,기타 - 기타,자전거,여,66세,경상,자전거,남,51세,상해없음
2023102500100408,2023년 10월 25일 17시,수요일,대구광역시 달서구 상인동,경상사고,0,0,2,0,차대차 - 측면충돌,안전운전불이행,건조,맑음,기타 - 기타,승용,남,70세,상해없음,개인형이동수단(PM),남,18세,경상
2023102500100409,2023년 10월 25일 17시,수요일,대구광역시 달서구 본동,경상사고,0,0,1,0,차대차 - 측면충돌,신호위반,건조,맑음,교차로 - 교차로안,승용,여,67세,상해없음,승용,남,38세,상해없음
2023102500100410,2023년 10월 25일 17시,수요일,대구광역시 달성군 하빈면,경상사고,0,0,1,0,차대차 - 기타,중앙선침범,건조,맑음,단일로 - 기타,승용,남,58세,상해없음,화물,남,35세,경상
2023102500100468,2023년 10월 25일 18시,수요일,대구광역시 달성군 논공읍,사망사고,1,0,0,0,차대사람 - 횡단중,기타,건조,맑음,단일로 - 기타,승용,남,77세,상해없음,보행자,여,65세,사망
2023102500100511,2023년 10월 25일 19시,수요일,대구광역시 남구 대명동,경상사고,0,0,1,0,차대사람 - 보도통행중,신호위반,건조,맑음,교차로 - 교차로횡단보도내,승용,여,32세,상해없음,보행자,여,10세,경상
2023102500100512,2023년 10월 25일 19시,수요일,대구광역시 달성군 현풍읍,경상사고,0,0,1,0,차대차 - 측면충돌,중앙선침범,건조,맑음,교차로 - 교차로부근,승용,남,60세,상해없음,이륜,남,47세,경상
2023102500100513,2023년 10월 25일 19시,수요일,대구광역시 서구 비산동,경상사고,0,0,1,0,차대차 - 측면충돌,직진우회전진행방해,건조,맑음,교차로 - 교차로안,이륜,남,41세,상해없음,자전거,여,63세,경상
2023102500100514,2023년 10월 25일 19시,수요일,대구광역시 서구 평리동,경상사고,0,0,1,0,차대차 - 후진중충돌,안전운전불이행,건조,맑음,단일로 - 기타,승용,남,49세,상해없음,이륜,남,26세,경상
2023102500100515,2023년 10월 25일 19시,수요일,대구광역시 북구 태전동,경상사고,0,0,2,0,차대차 - 추돌,안전거리미확보,건조,맑음,교차로 - 교차로안,승용,여,26세,기타불명,승용,여,41세,경상
2023102500100516,2023년 10월 25일 19시,수요일,대구광역시 북구 국우동,경상사고,0,0,1,0,차대차 - 측면충돌,안전운전불이행,건조,맑음,교차로 - 교차로안,이륜,남,61세,경상,이륜,남,52세,상해없음
2023102500100563,2023년 10월 25일 21시,수요일,대구광역시 북구 연경동,경상사고,0,0,1,0,차대차 - 기타,안전운전불이행,건조,맑음,단일로 - 기타,이륜,남,49세,경상,승용,여,50세,상해없음
2023102500100577,2023년 10월 25일 22시,수요일,대구광역시 남구 대명동,경상사고,0,0,1,0,차대차 - 기타,교차로운행방법위반,건조,맑음,기타 - 기타,승용,남,61세,상해없음,이륜,남,22세,경상
2023102600100026,2023년 10월 26일 04시,목요일,대구광역시 달성군 현풍읍,중상사고,0,1,1,0,차대차 - 추돌,안전운전불이행,젖음/습기,안개,단일로 - 기타,승용,남,50세,상해없음,승용,남,58세,경상
2023102600100034,2023년 10월 26일 05시,목요일,대구광역시 동구 효목동,경상사고,0,0,1,0,차대차 - 후진중충돌,안전운전불이행,건조,맑음,단일로 - 교량,기타불명,기타불명,미분류,기타불명,화물,남,48세,경상
2023102600100102,2023년 10월 26일 08시,목요일,대구광역시 동구 신천동,경상사고,0,0,1,0,차대차 - 측면충돌,안전운전불이행,건조,맑음,단일로 - 기타,승합,남,62세,상해없음,승용,남,50세,경상
2023102600100131,2023년 10월 26일 09시,목요일,대구광역시 달성군 구지면,경상사고,0,0,1,0,차대차 - 기타,안전운전불이행,건조,맑음,기타 - 기타,승용,여,29세,상해없음,승용,남,27세,경상
2023102600100166,2023년 10월 26일 10시,목요일,대구광역시 수성구 두산동,경상사고,0,0,2,0,차대차 - 기타,안전운전불이행,건조,맑음,단일로 - 기타,승용,여,80세,경상,승용,남,64세,기타불명
2023102600100167,2023년 10월 26일 10시,목요일,대구광역시 북구 칠성동2가,부상신고사고,0,0,0,1,차대차 - 추돌,안전거리미확보,건조,맑음,교차로 - 교차로안,원동기,남,44세,부상신고,승용,여,56세,상해없음
2023102600100168,2023년 10월 26일 10시,목요일,대구광역시 서구 중리동,경상사고,0,0,1,1,차대차 - 측면충돌,안전운전불이행,건조,맑음,교차로 - 교차로안,승용,남,40세,부상신고,승용,여,51세,경상
2023102600100169,2023년 10월 26일 10시,목요일,대구광역시 중구 동인동1가,경상사고,0,0,1,0,차대차 - 측면충돌,안전운전불이행,건조,맑음,교차로 - 교차로안,승용,여,51세,상해없음,승용,남,49세,경상
2023102600100195,2023년 10월 26일 11시,목요일,대구광역시 동구 신천동,사망사고,1,0,0,0,차대사람 - 기타,안전운전불이행,건조,맑음,교차로 - 교차로안,승용,남,71세,상해없음,보행자,남,69세,사망
2023102600100196,2023년 10월 26일 11시,목요일,대구광역시 달서구 상인동,경상사고,0,0,1,0,차대사람 - 횡단중,신호위반,건조,맑음,교차로 - 교차로횡단보도내,승용,남,74세,상해없음,보행자,여,41세,경상
2023102600100197,2023년 10월 26일 11시,목요일,대구광역시 달성군 화원읍,중상사고,0,1,0,0,차대사람 - 기타,안전운전불이행,건조,맑음,교차로 - 교차로부근,승합,남,33세,상해없음,보행자,여,70세,중상
2023102600100198,2023년 10월 26일 11시,목요일,대구광역시 중구 공평동,부상신고사고,0,0,0,1,차대차 - 기타,안전운전불이행,건조,맑음,단일로 - 기타,개인형이동수단(PM),남,32세,부상신고,승용,남,25세,기타불명
2023102600100226,2023년 10월 26일 12시,목요일,대구광역시 중구 계산동2가,경상사고,0,0,3,0,차대차 - 측면충돌,안전운전불이행,건조,맑음,단일로 - 기타,승용,여,60세,상해없음,승용,남,80세,경상
2023102600100261,2023년 10월 26일 13시,목요일,대구광역시 동구 지저동,경상사고,0,0,2,0,차대차 - 측면충돌,교차로운행방법위반,건조,맑음,교차로 - 교차로부근,승용,남,76세,상해없음,승용,여,40세,경상
2023102600100262,2023년 10월 26일 13시,목요일,대구광역시 중구 남산동,경상사고,0,0,1,0,차대차 - 측면충돌,안전운전불이행,건조,맑음,교차로 - 교차로안,승용,남,60세,상해없음,승용,여,36세,경상
2023102600100290,2023년 10월 26일 14시,목요일,대구광역시 수성구 황금동,경상사고,0,0,1,0,차대차 - 기타,신호위반,건조,맑음,교차로 - 교차로부근,원동기,남,46세,경상,승용,여,39세,상해없음
2023102600100357,2023년 10월 26일 16시,목요일,대구광역시 동구 신천동,경상사고,0,0,1,0,차대차 - 추돌,안전운전불이행,건조,맑음,교차로 - 교차로안,승용,남,41세,상해없음,승용,남,38세,경상
2023102600100358,2023년 10월 26일 16시,목요일,대구광역시 동구 지묘동,경상사고,0,0,2,0,차대차 - 측면충돌,안전운전불이행,건조,맑음,교차로 - 교차로부근,승용,여,47세,상해없음,이륜,남,43세,경상
2023102600100359,2023년 10월 26일 16시,목요일,대구광역시 수성구 파동,경상사고,0,0,1,0,차대차 - 기타,안전운전불이행,건조,맑음,교차로 - 교차로부근,승용,여,66세,상해없음,이륜,남,47세,경상
2023102600100417,2023년 10월 26일 17시,목요일,대구광역시 동구 동호동,경상사고,0,0,1,0,차대차 - 측면충돌,안전운전불이행,건조,맑음,교차로 - 교차로안,승용,여,28세,상해없음,자전거,남,83세,경상
2023102600100418,2023년 10월 26일 17시,목요일,대구광역시 달성군 가창면,중상사고,0,1,0,0,차대사람 - 기타,안전운전불이행,건조,맑음,단일로 - 기타,승합,남,58세,상해없음,보행자,여,73세,중상
2023102600100495,2023년 10월 26일 18시,목요일,대구광역시 동구 불로동,경상사고,0,0,1,0,차대사람 - 횡단중,보행자보호의무위반,건조,맑음,교차로 - 교차로횡단보도내,승용,여,37세,상해없음,보행자,남,65세,경상