사고번호,사고일시,요일,시군구,사고내용,사망자수,중상자수,경상자수,부상신고자수,사고유형,법규위반,노면상태,기상상태,도로형태,가해운전자 차종,가해운전자 성별,가해운전자 연령,가해운전자 상해정도,피해운전자 차종,피해운전자 성별,피해운전자 연령,피해운전자 상해정도
2023110400100021,2023년 11월 4일 01시,토요일,대구광역시 북구 고성동3가,경상사고,0,0,1,0,차대사람 - 기타,안전운전불이행,건조,맑음,단일로 - 기타,화물,남,19세,상해없음,보행자,남,21세,경상
2023110400100029,2023년 11월 4일 02시,토요일,대구광역시 달서구 본동,경상사고,0,0,1,0,차량단독 - 전도전복 - 전도,안전운전불이행,건조,흐림,교차로 - 교차로안,개인형이동수단(PM),남,26세,경상,,,,
2023110400100074,2023년 11월 4일 07시,토요일,대구광역시 북구 구암동,경상사고,0,0,1,0,차대차 - 기타,안전운전불이행,건조,맑음,단일로 - 기타,화물,남,52세,기타불명,자전거,남,80세,경상
2023110400100083,2023년 11월 4일 08시,토요일,대구광역시 수성구 만촌동,경상사고,0,0,1,0,차대차 - 기타,안전운전불이행,건조,맑음,단일로 - 지하차도(도로)내,승용,남,43세,상해없음,승용,남,52세,경상
2023110400100108,2023년 11월 4일 09시,토요일,대구광역시 동구 효목동,경상사고,0,0,1,0,차대차 - 측면충돌,안전운전불이행,건조,맑음,교차로 - 교차로안,승용,남,74세,상해없음,이륜,남,74세,경상
2023110400100143,2023년 11월 4일 10시,토요일,대구광역시 달서구 월성동,경상사고,0,0,3,0,차대차 - 추돌,안전운전불이행,건조,맑음,단일로 - 기타,화물,남,60세,상해없음,승용,여,56세,경상
2023110400100173,2023년 11월 4일 11시,토요일,대구광역시 수성구 만촌동,경상사고,0,0,2,0,차대차 - 추돌,안전운전불이행,건조,맑음,교차로 - 교차로부근,승용,남,85세,상해없음,승용,남,41세,경상
2023110400100174,2023년 11월 4일 11시,토요일,대구광역시 수성구 범어동,중상사고,0,1,0,0,차대차 - 측면충돌,안전운전불이행,건조,맑음,단일로 - 기타,승용,남,65세,상해없음,이륜,남,39세,중상
2023110400100175,2023년 11월 4일 11시,토요일,대구광역시 달성군 화원읍,경상사고,0,0,2,0,차대차 - 기타,안전운전불이행,건조,맑음,교차로 - 교차로부근,승용,남,58세,상해없음,승용,여,38세,경상
2023110400100176,2023년 11월 4일 11시,토요일,대구광역시 중구 향촌동,경상사고,0,0,1,0,차대사람 - 길가장자리구역통행중,안전운전불이행,건조,맑음,단일로 - 기타,승용,남,80세,상해없음,보행자,여,51세,경상
2023110400100211,2023년 11월 4일 12시,토요일,대구광역시 수성구 만촌동,경상사고,0,0,1,0,차대차 - 기타,안전운전불이행,건조,맑음,기타 - 기타,승용,남,55세,상해없음,화물,남,39세,상해없음
2023110400100212,2023년 11월 4일 12시,토요일,대구광역시 달서구 월성동,중상사고,0,1,0,0,차대차 - 측면충돌,안전운전불이행,건조,맑음,단일로 - 기타,승용,남,18세,상해없음,이륜,남,58세,중상
2023110400100255,2023년 11월 4일 13시,토요일,대구광역시 동구 지저동,중상사고,0,2,1,0,차대차 - 정면충돌,중앙선침범,건조,맑음,교차로 - 교차로안,화물,남,56세,경상,승용,남,76세,중상
2023110400100256,2023년 11월 4일 13시,토요일,대구광역시 달서구 상인동,경상사고,0,0,3,0,차대차 - 추돌,안전운전불이행,건조,맑음,단일로 - 기타,승용,남,56세,상해없음,승용,남,45세,경상
2023110400100257,2023년 11월 4일 13시,토요일,대구광역시 달서구 월성동,중상사고,0,1,0,0,차대사람 - 횡단중,보행자보호의무위반,건조,맑음,교차로 - 교차로안,승용,남,71세,상해없음,보행자,남,72세,중상
2023110400100293,2023년 11월 4일 14시,토요일,대구광역시 달성군 현풍읍,경상사고,0,0,4,0,차대차 - 기타,안전운전불이행,건조,맑음,단일로 - 기타,승용,남,32세,상해없음,승용,남,44세,경상
2023110400100295,2023년 11월 4일 14시,토요일,대구광역시 달서구 이곡동,경상사고,0,0,1,0,차량단독 - 기타,안전운전불이행,건조,맑음,교차로 - 교차로부근,승합,남,34세,상해없음,,,,
2023110400100296,2023년 11월 4일 14시,토요일,대구광역시 북구 동천동,경상사고,0,0,1,0,차대차 - 추돌,안전운전불이행,건조,맑음,교차로 - 교차로안,승용,남,32세,상해없음,이륜,남,51세,경상
2023110400100297,2023년 11월 4일 14시,토요일,대구광역시 북구 관음동,경상사고,0,0,1,0,차대차 - 측면충돌,안전운전불이행,건조,맑음,교차로 - 교차로안,승용,남,36세,상해없음,승용,남,57세,경상
2023110400100331,2023년 11월 4일 15시,토요일,대구광역시 달성군 다사읍,경상사고,0,0,1,0,차대사람 - 기타,안전운전불이행,건조,맑음,단일로 - 기타,승용,남,52세,상해없음,보행자,여,23세,경상
2023110400100359,2023년 11월 4일 16시,토요일,대구광역시 동구 효목동,경상사고,0,0,1,0,차대차 - 측면충돌,안전운전불이행,건조,맑음,단일로 - 기타,자전거,남,45세,경상,승용,남,51세,상해없음
2023110400100360,2023년 11월 4일 16시,토요일,대구광역시 달성군 화원읍,중상사고,0,1,0,0,차대차 - 기타,안전운전불이행,건조,맑음,교차로 - 교차로횡단보도내,승용,여,46세,상해없음,이륜,남,38세,중상
2023110400100361,2023년 11월 4일 16시,토요일,대구광역시 북구 팔달동,경상사고,0,0,1,0,차량단독 - 전도전복 - 전도,안전운전불이행,건조,맑음,교차로 - 교차로부근,이륜,남,28세,경상,,,,
2023110400100406,2023년 11월 4일 17시,토요일,대구광역시 북구 산격동,경상사고,0,0,1,0,차대사람 - 길가장자리구역통행중,안전운전불이행,건조,맑음,단일로 - 기타,승용,남,67세,상해없음,보행자,여,64세,경상
2023110400100407,2023년 11월 4일 17시,토요일,대구광역시 중구 삼덕동1가,경상사고,0,0,2,0,차대차 - 측면충돌,안전운전불이행,건조,흐림,기타 - 기타,승용,남,29세,경상,승용,남,28세,경상
2023110400100408,2023년 11월 4일 17시,토요일,대구광역시 달서구 장기동,중상사고,0,1,0,0,차대사람 - 기타,신호위반,건조,맑음,단일로 - 기타,승용,여,34세,상해없음,보행자,여,56세,중상
2023110400100443,2023년 11월 4일 18시,토요일,대구광역시 군위군 부계면,경상사고,0,0,1,0,차대차 - 기타,안전운전불이행,건조,맑음,단일로 - 기타,화물,남,67세,상해없음,승용,남,71세,경상
2023110400100452,2023년 11월 4일 18시,토요일,대구광역시 동구 신천동,경상사고,0,0,1,0,차대차 - 추돌,안전운전불이행,건조,맑음,단일로 - 지하차도(도로)내,화물,남,54세,상해없음,승용,남,32세,경상
2023110400100453,2023년 11월 4일 18시,토요일,대구광역시 수성구 신매동,경상사고,0,0,1,0,차대사람 - 횡단중,안전운전불이행,건조,맑음,교차로 - 교차로안,승용,남,47세,상해없음,보행자,남,54세,경상
2023110400100454,2023년 11월 4일 18시,토요일,대구광역시 수성구 사월동,중상사고,0,1,0,0,차대사람 - 횡단중,보행자보호의무위반,젖음/습기,비,단일로 - 기타,승용,남,51세,상해없음,보행자,남,84세,중상
2023110400100455,2023년 11월 4일 18시,토요일,대구광역시 달서구 상인동,경상사고,0,0,5,0,차대차 - 추돌,안전운전불이행,건조,맑음,단일로 - 고가도로위,승용,남,29세,상해없음,승용,남,52세,경상
2023110400100456,2023년 11월 4일 18시,토요일,대구광역시 중구 동산동,부상신고사고,0,0,0,1,차대사람 - 보도통행중,안전운전불이행,건조,맑음,단일로 - 기타,기타불명,기타불명,미분류,기타불명,보행자,여,17세,부상신고
2023110400100496,2023년 11월 4일 19시,토요일,대구광역시 동구 신천동,경상사고,0,0,1,2,차대차 - 측면충돌,안전거리미확보,건조,맑음,단일로 - 기타,승용,남,66세,상해없음,승용,남,41세,경상
2023110400100497,2023년 11월 4일 19시,토요일,대구광역시 동구 신천동,경상사고,0,0,1,0,차대차 - 기타,안전운전불이행,젖음/습기,비,단일로 - 기타,승용,남,64세,상해없음,원동기,남,38세,경상
2023110400100543,2023년 11월 4일 21시,토요일,대구광역시 서구 원대동3가,경상사고,0,0,1,0,차대사람 - 횡단중,보행자보호의무위반,건조,맑음,교차로 - 교차로횡단보도내,승용,남,31세,상해없음,보행자,남,34세,경상
2023110400100544,2023년 11월 4일 21시,토요일,대구광역시 서구 비산동,경상사고,0,0,1,0,차대사람 - 길가장자리구역통행중,안전운전불이행,건조,맑음,교차로 - 교차로부근,승용,남,52세,상해없음,보행자,여,85세,경상
2023110400100558,2023년 11월 4일 22시,토요일,대구광역시 북구 태전동,경상사고,0,0,1,0,차대차 - 측면충돌,신호위반,건조,맑음,교차로 - 교차로안,승용,남,60세,상해없음,이륜,남,54세,경상
2023110500100012,2023년 11월 5일 00시,일요일,대구광역시 달서구 도원동,중상사고,0,1,3,0,차대차 - 추돌,교차로운행방법위반,건조,흐림,교차로 - 교차로부근,승용,남,60세,상해없음,승용,남,29세,경상
2023110500100039,2023년 11월 5일 02시,일요일,대구광역시 북구 산격동,경상사고,0,0,1,0,차대차 - 추돌,안전거리미확보,젖음/습기,기타,단일로 - 기타,이륜,남,30세,상해없음,승용,남,62세,경상
2023110500100048,2023년 11월 5일 04시,일요일,대구광역시 수성구 황금동,중상사고,0,1,0,0,차량단독 - 공작물충돌,안전운전불이행,건조,맑음,단일로 - 기타,이륜,남,40세,중상,,,,
2023110500100079,2023년 11월 5일 08시,일요일,대구광역시 서구 비산동,중상사고,0,1,0,0,차대차 - 측면충돌,안전운전불이행,건조,맑음,교차로 - 교차로안,자전거,남,66세,중상,승용,여,32세,상해없음
2023110500100153,2023년 11월 5일 12시,일요일,대구광역시 달서구 상인동,중상사고,0,1,1,0,차대차 - 측면충돌,신호위반,건조,맑음,교차로 - 교차로안,승용,여,20세,경상,이륜,남,18세,중상
2023110500100154,2023년 11월 5일 12시,일요일,대구광역시 달서구 성당동,경상사고,0,0,1,0,차대차 - 기타,신호위반,건조,맑음,교차로 - 교차로횡단보도내,승용,남,59세,기타불명,자전거,남,10세,경상
2023110500100265,2023년 11월 5일 16시,일요일,대구광역시 수성구 지산동,경상사고,0,0,1,0,차대차 - 추돌,교차로운행방법위반,건조,맑음,단일로 - 기타,승용,남,60세,기타불명,승용,여,62세,경상
2023110500100302,2023년 11월 5일 17시,일요일,대구광역시 동구 효목동,경상사고,0,0,1,0,차대차 - 기타,안전운전불이행,건조,맑음,단일로 - 기타,기타불명,기타불명,미분류,기타불명,승용,여,64세,경상
2023110500100333,2023년 11월 5일 18시,일요일,대구광역시 서구 비산동,중상사고,0,1,2,0,차대차 - 측면충돌,안전거리미확보,건조,맑음,단일로 - 고가도로위,승용,남,57세,중상,승용,남,30세,경상
2023110500100334,2023년 11월 5일 18시,일요일,대구광역시 북구 구암동,중상사고,0,1,0,0,차대차 - 기타,직진우회전진행방해,젖음/습기,비,교차로 - 교차로안,승용,여,53세,상해없음,원동기,남,49세,중상
2023110500100373,2023년 11월 5일 19시,일요일,대구광역시 동구 효목동,경상사고,0,0,1,0,차대차 - 기타,안전거리미확보,건조,맑음,교차로 - 교차로안,이륜,남,38세,경상,승용,남,59세,기타불명
2023110500100374,2023년 11월 5일 19시,일요일,대구광역시 달서구 두류동,경상사고,0,0,1,0,차대사람 - 차도통행중,안전운전불이행,건조,맑음,교차로 - 교차로부근,승용,남,41세,상해없음,보행자,남,46세,경상
2023110500100418,2023년 11월 5일 21시,일요일,대구광역시 달서구 월성동,중상사고,0,1,0,0,차대차 - 기타,안전운전불이행,건조,맑음,교차로 - 교차로안,개인형이동수단(PM),남,52세,중상,승용,남,43세,상해없음
2023110500100419,2023년 11월 5일 21시,일요일,대구광역시 달서구 상인동,경상사고,0,0,1,0,차대차 - 측면충돌,기타,건조,맑음,교차로 - 교차로안,승용,남,25세,상해없음,자전거,여,71세,경상
2023110500100456,2023년 11월 5일 23시,일요일,대구광역시 동구 율하동,경상사고,0,0,2,0,차대차 - 측면충돌,신호위반,젖음/습기,흐림,교차로 - 교차로부근,승용,남,28세,상해없음,승용,남,35세,경상
2023110500100457,2023년 11월 5일 23시,일요일,대구광역시 수성구 상동,경상사고,0,0,1,0,차대차 - 측면충돌,안전운전불이행,건조,맑음,교차로 - 교차로부근,승용,남,28세,상해없음,승용,여,42세,경상
2023110600100006,2023년 11월 6일 00시,월요일,대구광역시 동구 신암동,경상사고,0,0,1,0,차대차 - 정면충돌,기타,젖음/습기,비,교차로 - 교차로안,화물,남,64세,상해없음,화물,남,43세,경상
2023110600100007,2023년 11월 6일 00시,월요일,대구광역시 동구 신암동,경상사고,0,0,1,0,차대사람 - 차도통행중,안전운전불이행,젖음/습기,흐림,단일로 - 지하차도(도로)내,승용,남,27세,상해없음,보행자,남,58세,경상
2023110600100062,2023년 11월 6일 06시,월요일,대구광역시 동구 신서동,경상사고,0,0,1,0,차대차 - 정면충돌,중앙선침범,젖음/습기,비,교차로 - 교차로부근,자전거,여,66세,경상,승용,여,62세,기타불명
2023110600100063,2023년 11월 6일 06시,월요일,대구광역시 서구 내당동,중상사고,0,1,0,0,차대사람 - 횡단중,안전운전불이행,젖음/습기,비,교차로 - 교차로횡단보도내,승용,남,42세,상해없음,보행자,여,81세,중상
2023110600100098,2023년 11월 6일 07시,월요일,대구광역시 동구 각산동,경상사고,0,0,1,0,차대차 - 추돌,안전거리미확보,젖음/습기,비,단일로 - 기타,승용,남,27세,상해없음,승용,남,58세,경상
2023110600100099,2023년 11월 6일 07시,월요일,대구광역시 달서구 용산동,경상사고,0,0,2,0,차대차 - 측면충돌,안전운전불이행,건조,맑음,단일로 - 기타,승용,남,63세,상해없음,승용,남,57세,경상
2023110600100149,2023년 11월 6일 08시,월요일,대구광역시 남구 대명동,경상사고,0,0,1,0,차대사람 - 기타,안전운전불이행,젖음/습기,흐림,교차로 - 교차로안,승용,남,74세,상해없음,보행자,남,81세,경상
2023110600100150,2023년 11월 6일 08시,월요일,대구광역시 동구 신암동,중상사고,0,1,2,1,차대차 - 측면충돌,신호위반,젖음/습기,흐림,교차로 - 교차로안,승용,남,55세,부상신고,승용,남,77세,경상
2023110600100151,2023년 11월 6일 08시,월요일,대구광역시 수성구 수성동2가,경상사고,0,0,1,1,차대차 - 기타,안전거리미확보,건조,맑음,기타 - 기타,승용,남,63세,부상신고,승용,여,45세,경상
2023110600100152,2023년 11월 6일 08시,월요일,대구광역시 북구 태전동,경상사고,0,0,2,0,차대차 - 측면충돌,기타,건조,맑음,교차로 - 교차로안,승용,여,42세,경상,승용,남,27세,경상
2023110600100224,2023년 11월 6일 10시,월요일,대구광역시 수성구 만촌동,중상사고,0,1,1,0,차대차 - 측면충돌,안전거리미확보,젖음/습기,비,교차로 - 교차로부근,화물,남,59세,경상,승합,남,60세,상해없음
2023110600100225,2023년 11월 6일 10시,월요일,대구광역시 북구 학정동,경상사고,0,0,1,0,차대차 - 측면충돌,안전거리미확보,건조,맑음,교차로 - 교차로안,승용,여,31세,상해없음,승용,남,43세,경상
2023110600100250,2023년 11월 6일 11시,월요일,대구광역시 서구 비산동,중상사고,0,1,0,0,차대차 - 기타,직진우회전진행방해,건조,맑음,교차로 - 교차로안,화물,남,61세,상해없음,이륜,남,61세,중상
2023110600100270,2023년 11월 6일 12시,월요일,대구광역시 동구 신천동,경상사고,0,0,1,0,차대차 - 정면충돌,기타,건조,맑음,교차로 - 교차로안,승용,남,47세,상해없음,이륜,남,37세,경상
2023110600100271,2023년 11월 6일 12시,월요일,대구광역시 북구 칠성동1가,경상사고,0,0,1,0,차대차 - 기타,안전거리미확보,건조,맑음,단일로 - 기타,승용,남,31세,상해없음,승용,남,51세,경상
2023110600100272,2023년 11월 6일 12시,월요일,대구광역시 서구 비산동,경상사고,0,0,1,0,차대차 - 정면충돌,신호위반,건조,맑음,교차로 - 교차로안,승용,남,81세,상해없음,원동기,남,55세,경상
2023110600100301,2023년 11월 6일 13시,월요일,대구광역시 달서구 두류동,중상사고,0,1,0,0,차대차 - 측면충돌,중앙선침범,건조,맑음,단일로 - 기타,자전거,남,83세,중상,승용,남,50세,상해없음
2023110600100446,2023년 11월 6일 17시,월요일,대구광역시 남구 이천동,경상사고,0,0,1,0,차대차 - 측면충돌,신호위반,건조,맑음,교차로 - 교차로부근,승용,남,42세,상해없음,이륜,남,37세,경상
2023110600100447,2023년 11월 6일 17시,월요일,대구광역시 동구 지저동,중상사고,0,1,0,0,차대사람 - 횡단중,보행자보호의무위반,건조,맑음,단일로 - 기타,승용,남,52세,상해없음,보행자,여,61세,중상
2023110600100448,2023년 11월 6일 17시,월요일,대구광역시 수성구 매호동,부상신고사고,0,0,0,1,차대차 - 측면충돌,교차로운행방법위반,건조,맑음,교차로 - 교차로안,이륜,남,30세,부상신고,승용,여,56세,상해없음
2023110600100449,2023년 11월 6일 17시,월요일,대구광역시 달서구 월성동,경상사고,0,0,1,0,차대사람 - 횡단중,안전운전불이행,건조,맑음,단일로 - 기타,승용,여,42세,상해없음,보행자,여,11세,경상
2023110600100507,2023년 11월 6일 18시,월요일,대구광역시 서구 평리동,경상사고,0,0,1,0,차대차 - 측면충돌,직진우회전진행방해,건조,맑음,교차로 - 교차로안,승용,남,62세,상해없음,승용,남,49세,경상
2023110600100508,2023년 11월 6일 18시,월요일,대구광역시 중구 삼덕동3가,경상사고,0,0,1,0,차대차 - 측면충돌,안전거리미확보,건조,맑음,단일로 - 기타,승용,여,51세,상해없음,승용,남,31세,경상
2023110600100509,2023년 11월 6일 18시,월요일,대구광역시 달서구 신당동,경상사고,0,0,1,0,차대차 - 기타,교차로운행방법위반,건조,맑음,교차로 - 교차로안,승합,남,68세,기타불명,승용,남,25세,경상
2023110600100560,2023년 11월 6일 19시,월요일,대구광역시 수성구 범어동,경상사고,0,0,1,0,차대사람 - 횡단중,안전운전불이행,건조,맑음,교차로 - 교차로안,승용,남,53세,상해없음,보행자,남,77세,경상
2023110600100561,2023년 11월 6일 19시,월요일,대구광역시 북구 산격동,부상신고사고,0,0,0,1,차대차 - 기타,안전운전불이행,건조,맑음,교차로 - 교차로안,승용,남,66세,상해없음,승용,남,51세,부상신고
2023110600100591,2023년 11월 6일 20시,월요일,대구광역시 달서구 상인동,경상사고,0,0,1,0,차대차 - 기타,안전거리미확보,건조,맑음,단일로 - 기타,승용,남,72세,상해없음,승용,남,30세,경상
2023110600100592,2023년 11월 6일 20시,월요일,대구광역시 서구 비산동,경상사고,0,0,1,0,차대차 - 측면충돌,안전운전불이행,건조,맑음,교차로 - 교차로안,승용,남,67세,상해없음,자전거,여,66세,경상
2023110600100622,2023년 11월 6일 21시,월요일,대구광역시 동구 신암동,경상사고,0,0,1,1,차대차 - 측면충돌,교차로운행방법위반,건조,맑음,교차로 - 교차로안,승용,여,60세,부상신고,승용,여,30세,경상
2023110600100656,2023년 11월 6일 23시,월요일,대구광역시 북구 학정동,경상사고,0,0,1,0,차대차 - 추돌,안전운전불이행,건조,기타,단일로 - 터널,승용,남,63세,상해없음,승용,여,48세,경상
2023110700100029,2023년 11월 7일 04시,화요일,대구광역시 달서구 호산동,중상사고,0,1,0,0,차대차 - 추돌,기타,건조,맑음,교차로 - 교차로부근,승용,여,26세,기타불명,화물,남,56세,중상
2023110700100049,2023년 11월 7일 06시,화요일,대구광역시 중구 동인동3가,중상사고,0,1,0,0,차대사람 - 차도통행중,안전운전불이행,건조,흐림,단일로 - 기타,승용,남,50세,상해없음,보행자,여,57세,중상
2023110700100073,2023년 11월 7일 07시,화요일,대구광역시 달서구 송현동,경상사고,0,0,1,0,차대차 - 측면충돌,안전거리미확보,건조,맑음,단일로 - 기타,특수,남,59세,상해없음,화물,남,65세,경상
2023110700100074,2023년 11월 7일 07시,화요일,대구광역시 북구 노원동2가,부상신고사고,0,0,0,1,차대차 - 측면충돌,직진우회전진행방해,건조,맑음,교차로 - 교차로안,개인형이동수단(PM),여,37세,부상신고,승용,남,57세,상해없음
2023110700100126,2023년 11월 7일 08시,화요일,대구광역시 동구 검사동,경상사고,0,0,1,0,차대차 - 측면충돌,안전운전불이행,건조,맑음,단일로 - 기타,승용,남,74세,상해없음,승용,남,47세,경상
2023110700100127,2023년 11월 7일 08시,화요일,대구광역시 동구 각산동,경상사고,0,0,2,0,차대차 - 측면충돌,안전거리미확보,건조,흐림,교차로 - 교차로부근,승용,여,37세,상해없음,승용,여,44세,경상
2023110700100128,2023년 11월 7일 08시,화요일,대구광역시 수성구 범어동,경상사고,0,0,1,0,차대차 - 측면충돌,신호위반,건조,맑음,단일로 - 기타,승합,남,62세,상해없음,승용,남,29세,경상
2023110700100129,2023년 11월 7일 08시,화요일,대구광역시 북구 산격동,중상사고,0,1,0,0,차대사람 - 횡단중,보행자보호의무위반,건조,맑음,교차로 - 교차로안,승용,남,65세,상해없음,보행자,여,62세,중상
2023110700100162,2023년 11월 7일 09시,화요일,대구광역시 남구 봉덕동,중상사고,0,2,0,0,차대차 - 추돌,안전거리미확보,건조,맑음,단일로 - 기타,승용,여,57세,상해없음,승용,남,46세,중상
2023110700100163,2023년 11월 7일 09시,화요일,대구광역시 달서구 송현동,경상사고,0,0,2,0,차대차 - 기타,직진우회전진행방해,건조,맑음,교차로 - 교차로안,개인형이동수단(PM),여,33세,경상,승용,남,46세,상해없음
2023110700100164,2023년 11월 7일 09시,화요일,대구광역시 북구 노원동1가,경상사고,0,0,1,0,차대차 - 측면충돌,안전거리미확보,건조,맑음,단일로 - 기타,화물,남,52세,상해없음,승용,남,55세,경상
2023110700100204,2023년 11월 7일 10시,화요일,대구광역시 남구 대명동,중상사고,0,1,0,0,차대차 - 측면충돌,차로위반,건조,맑음,기타 - 기타,승용,여,32세,상해없음,이륜,여,55세,중상
2023110700100205,2023년 11월 7일 10시,화요일,대구광역시 북구 산격동,경상사고,0,0,1,0,차대사람 - 기타,안전운전불이행,건조,맑음,교차로 - 교차로부근,승용,남,66세,기타불명,보행자,여,19세,경상
2023110700100206,2023년 11월 7일 10시,화요일,대구광역시 서구 비산동,경상사고,0,0,1,0,차대차 - 측면충돌,교차로운행방법위반,건조,맑음,교차로 - 교차로부근,화물,남,52세,상해없음,승용,남,34세,경상
2023110700100207,2023년 11월 7일 10시,화요일,대구광역시 중구 서문로1가,경상사고,0,0,1,0,차대차 - 기타,안전운전불이행,건조,맑음,단일로 - 기타,이륜,남,71세,경상,승용,남,50세,상해없음
2023110700100290,2023년 11월 7일 12시,화요일,대구광역시 달서구 본동,경상사고,0,0,2,0,차대차 - 측면충돌,안전운전불이행,건조,맑음,교차로 - 교차로부근,화물,남,64세,상해없음,승용,여,67세,경상
2023110700100291,2023년 11월 7일 12시,화요일,대구광역시 서구 비산동,경상사고,0,0,1,0,차대차 - 추돌,안전운전불이행,건조,맑음,교차로 - 교차로부근,승용,남,74세,상해없음,승용,남,58세,경상
2023110700100323,2023년 11월 7일 13시,화요일,대구광역시 서구 상리동,경상사고,0,0,1,0,차대차 - 측면충돌,신호위반,건조,맑음,단일로 - 기타,특수,남,56세,상해없음,승용,남,67세,경상
2023110700100327,2023년 11월 7일 13시,화요일,대구광역시 북구 태전동,경상사고,0,0,1,0,차대차 - 측면충돌,교차로운행방법위반,건조,맑음,교차로 - 교차로안,승용,남,52세,상해없음,승용,남,65세,경상
2023110700100364,2023년 11월 7일 14시,화요일,대구광역시 남구 대명동,경상사고,0,0,2,0,차대차 - 측면충돌,신호위반,건조,맑음,교차로 - 교차로안,승용,남,20세,상해없음,승용,남,74세,경상
2023110700100365,2023년 11월 7일 14시,화요일,대구광역시 북구 동천동,경상사고,0,0,1,0,차대사람 - 기타,안전운전불이행,건조,맑음,교차로 - 교차로부근,승용,여,67세,상해없음,보행자,여,41세,경상
2023110700100401,2023년 11월 7일 15시,화요일,대구광역시 달서구 월성동,경상사고,0,0,1,0,차대차 - 측면충돌,안전운전불이행,건조,맑음,단일로 - 기타,승용,남,77세,기타불명,자전거,여,11세,경상
2023110700100447,2023년 11월 7일 16시,화요일,대구광역시 수성구 만촌동,경상사고,0,0,1,0,차대차 - 측면충돌,안전운전불이행,건조,맑음,교차로 - 교차로횡단보도내,승용,여,52세,상해없음,자전거,남,17세,경상
2023110700100501,2023년 11월 7일 17시,화요일,대구광역시 동구 신암동,경상사고,0,0,1,0,차대차 - 측면충돌,신호위반,건조,맑음,교차로 - 교차로안,승용,남,57세,상해없음,화물,남,37세,경상
2023110700100502,2023년 11월 7일 17시,화요일,대구광역시 달서구 본동,경상사고,0,0,1,1,차대차 - 추돌,안전거리미확보,건조,맑음,단일로 - 기타,화물,남,73세,상해없음,승용,남,34세,부상신고
2023110700100503,2023년 11월 7일 17시,화요일,대구광역시 서구 이현동,경상사고,0,0,1,0,차대차 - 측면충돌,안전운전불이행,건조,맑음,단일로 - 기타,승용,남,44세,상해없음,승용,여,55세,경상
2023110700100504,2023년 11월 7일 17시,화요일,대구광역시 북구 태전동,중상사고,0,1,3,0,차대차 - 추돌,안전운전불이행,건조,맑음,단일로 - 기타,승용,남,58세,경상,승용,남,54세,경상
2023110700100561,2023년 11월 7일 18시,화요일,대구광역시 수성구 연호동,경상사고,0,0,4,0,차대차 - 추돌,안전운전불이행,건조,맑음,교차로 - 교차로부근,승용,남,22세,경상,승용,여,37세,경상
2023110700100562,2023년 11월 7일 18시,화요일,대구광역시 달서구 성당동,경상사고,0,0,1,0,차대차 - 기타,직진우회전진행방해,건조,맑음,교차로 - 교차로안,화물,남,49세,경상,승용,여,32세,상해없음
2023110700100603,2023년 11월 7일 19시,화요일,대구광역시 달성군 유가읍,경상사고,0,0,1,0,차대사람 - 차도통행중,안전운전불이행,건조,맑음,단일로 - 기타,이륜,남,25세,상해없음,보행자,여,54세,경상
2023110700100604,2023년 11월 7일 19시,화요일,대구광역시 서구 상리동,경상사고,0,0,1,0,차대차 - 추돌,안전운전불이행,건조,맑음,단일로 - 기타,승용,남,45세,상해없음,승용,남,41세,경상
2023110700100605,2023년 11월 7일 19시,화요일,대구광역시 달서구 성당동,경상사고,0,0,2,0,차대차 - 기타,안전운전불이행,건조,맑음,단일로 - 기타,승용,여,25세,기타불명,승용,여,61세,경상
2023110700100662,2023년 11월 7일 22시,화요일,대구광역시 중구 덕산동,부상신고사고,0,0,0,1,차대차 - 기타,안전운전불이행,건조,맑음,교차로 - 교차로부근,화물,남,51세,기타불명,이륜,남,49세,부상신고
2023110800100012,2023년 11월 8일 03시,수요일,대구광역시 중구 삼덕동1가,부상신고사고,0,0,0,1,차대사람 - 횡단중,기타,건조,맑음,단일로 - 기타,승용,남,25세,상해없음,보행자,남,24세,부상신고
2023110800100025,2023년 11월 8일 05시,수요일,대구광역시 북구 읍내동,경상사고,0,0,3,0,차대차 - 측면충돌,안전거리미확보,건조,맑음,단일로 - 기타,승용,남,68세,상해없음,승용,여,42세,경상
2023110800100039,2023년 11월 8일 06시,수요일,대구광역시 중구 태평로3가,경상사고,0,0,1,1,차대차 - 정면충돌,신호위반,건조,맑음,교차로 - 교차로안,승용,남,31세,부상신고,승용,남,78세,경상
2023110800100071,2023년 11월 8일 07시,수요일,대구광역시 동구 신암동,경상사고,0,0,1,0,차대차 - 측면충돌,안전운전불이행,건조,맑음,단일로 - 기타,자전거,남,10세,경상,승용,남,72세,상해없음
2023110800100072,2023년 11월 8일 07시,수요일,대구광역시 달서구 성당동,경상사고,0,0,1,0,차대차 - 측면충돌,기타,건조,맑음,교차로 - 교차로부근,승용,남,69세,상해없음,이륜,남,31세,경상
2023110800100120,2023년 11월 8일 08시,수요일,대구광역시 북구 국우동,경상사고,0,0,1,0,차대사람 - 횡단중,보행자보호의무위반,건조,맑음,교차로 - 교차로횡단보도내,승용,여,42세,상해없음,보행자,여,40세,경상
2023110800100163,2023년 11월 8일 09시,수요일,대구광역시 북구 고성동2가,경상사고,0,0,1,0,차대차 - 측면충돌,신호위반,건조,맑음,교차로 - 교차로횡단보도내,이륜,남,51세,상해없음,자전거,남,45세,경상