사고번호,사고일시,요일,시군구,사고내용,사망자수,중상자수,경상자수,부상신고자수,사고유형,법규위반,노면상태,기상상태,도로형태,가해운전자 차종,가해운전자 성별,가해운전자 연령,가해운전자 상해정도,피해운전자 차종,피해운전자 성별,피해운전자 연령,피해운전자 상해정도
2023110800100204,2023년 11월 8일 10시,수요일,대구광역시 동구 신천동,경상사고,0,0,3,0,차대차 - 측면충돌,신호위반,건조,맑음,교차로 - 교차로부근,승용,여,64세,상해없음,승용,남,64세,경상
2023110800100259,2023년 11월 8일 12시,수요일,대구광역시 수성구 범어동,경상사고,0,0,1,0,차대차 - 후진중충돌,안전운전불이행,건조,맑음,단일로 - 기타,승용,남,38세,상해없음,이륜,남,29세,경상
2023110800100260,2023년 11월 8일 12시,수요일,대구광역시 북구 복현동,경상사고,0,0,1,0,차대차 - 측면충돌,교차로운행방법위반,건조,맑음,단일로 - 기타,승용,여,45세,상해없음,이륜,남,55세,경상
2023110800100293,2023년 11월 8일 13시,수요일,대구광역시 동구 불로동,경상사고,0,0,1,0,차대차 - 측면충돌,안전운전불이행,건조,맑음,교차로 - 교차로부근,승용,남,36세,기타불명,승용,남,26세,경상
2023110800100294,2023년 11월 8일 13시,수요일,대구광역시 수성구 지산동,중상사고,0,1,0,0,차대사람 - 기타,안전운전불이행,건조,맑음,기타 - 기타,화물,남,31세,상해없음,보행자,여,65세,중상
2023110800100295,2023년 11월 8일 13시,수요일,대구광역시 북구 노원동1가,부상신고사고,0,0,0,1,차대차 - 기타,안전운전불이행,건조,맑음,단일로 - 기타,자전거,남,61세,부상신고,승용,여,52세,상해없음
2023110800100335,2023년 11월 8일 14시,수요일,대구광역시 동구 신천동,경상사고,0,0,1,0,차대차 - 후진중충돌,안전운전불이행,건조,맑음,단일로 - 기타,승용,여,54세,상해없음,승용,여,29세,경상
2023110800100336,2023년 11월 8일 14시,수요일,대구광역시 수성구 범어동,경상사고,0,0,7,0,차대차 - 추돌,안전운전불이행,건조,맑음,교차로 - 교차로부근,승용,남,42세,상해없음,승용,여,34세,경상
2023110800100337,2023년 11월 8일 14시,수요일,대구광역시 북구 대현동,중상사고,0,1,0,0,차대차 - 기타,교차로운행방법위반,건조,맑음,교차로 - 교차로부근,승용,여,46세,상해없음,승용,남,53세,중상
2023110800100372,2023년 11월 8일 15시,수요일,대구광역시 수성구 만촌동,경상사고,0,0,1,0,차대차 - 측면충돌,안전운전불이행,건조,맑음,교차로 - 교차로부근,승용,여,75세,상해없음,승용,여,36세,경상
2023110800100373,2023년 11월 8일 15시,수요일,대구광역시 달서구 대천동,경상사고,0,0,1,0,차대차 - 후진중충돌,안전운전불이행,건조,맑음,단일로 - 기타,화물,남,66세,상해없음,화물,남,47세,경상
2023110800100416,2023년 11월 8일 16시,수요일,대구광역시 수성구 시지동,경상사고,0,0,1,0,차대차 - 측면충돌,안전거리미확보,건조,맑음,단일로 - 기타,승용,여,57세,상해없음,승용,여,32세,경상
2023110800100417,2023년 11월 8일 16시,수요일,대구광역시 북구 대현동,경상사고,0,0,1,0,차량단독 - 기타,안전운전불이행,건조,맑음,단일로 - 기타,승용,남,63세,상해없음,,,,
2023110800100469,2023년 11월 8일 17시,수요일,대구광역시 동구 방촌동,경상사고,0,0,1,0,차대차 - 기타,안전운전불이행,건조,맑음,교차로 - 교차로횡단보도내,화물,남,56세,상해없음,자전거,남,39세,경상
2023110800100526,2023년 11월 8일 18시,수요일,대구광역시 북구 침산동,경상사고,0,0,1,0,차대사람 - 보도통행중,보행자보호의무위반,건조,맑음,단일로 - 기타,승용,여,52세,기타불명,보행자,여,2세,경상
2023110800100527,2023년 11월 8일 18시,수요일,대구광역시 중구 수창동,경상사고,0,0,3,0,차대차 - 기타,안전운전불이행,건조,맑음,단일로 - 기타,승용,여,67세,상해없음,승용,남,26세,경상
2023110800100569,2023년 11월 8일 19시,수요일,대구광역시 수성구 중동,경상사고,0,0,1,0,차대차 - 추돌,안전거리미확보,건조,맑음,단일로 - 기타,승용,여,26세,상해없음,승용,여,49세,경상
2023110800100634,2023년 11월 8일 22시,수요일,대구광역시 달서구 송현동,경상사고,0,0,1,0,차대차 - 측면충돌,안전운전불이행,건조,맑음,교차로 - 교차로부근,승용,남,37세,상해없음,이륜,남,31세,경상
2023110800100648,2023년 11월 8일 23시,수요일,대구광역시 달서구 대천동,경상사고,0,0,1,0,차대차 - 측면충돌,신호위반,건조,맑음,교차로 - 교차로안,승용,남,59세,상해없음,승용,남,46세,상해없음
2023110900100014,2023년 11월 9일 00시,목요일,대구광역시 동구 불로동,경상사고,0,0,1,0,차대차 - 측면충돌,직진우회전진행방해,건조,맑음,교차로 - 교차로안,승용,남,25세,상해없음,승용,여,34세,경상
2023110900100021,2023년 11월 9일 01시,목요일,대구광역시 수성구 수성동4가,경상사고,0,0,1,0,차량단독 - 공작물충돌,안전운전불이행,건조,맑음,기타 - 기타,승용,여,31세,경상,,,,
2023110900100074,2023년 11월 9일 07시,목요일,대구광역시 북구 침산동,경상사고,0,0,1,0,차대차 - 측면충돌,신호위반,건조,맑음,교차로 - 교차로안,승용,남,71세,상해없음,승용,남,56세,경상
2023110900100114,2023년 11월 9일 08시,목요일,대구광역시 북구 서변동,경상사고,0,0,1,0,차대차 - 후진중충돌,불법유턴,건조,맑음,단일로 - 기타,승용,여,46세,상해없음,승용,남,48세,경상
2023110900100151,2023년 11월 9일 09시,목요일,대구광역시 남구 대명동,경상사고,0,0,1,0,차대사람 - 기타,안전운전불이행,건조,맑음,단일로 - 기타,화물,남,52세,상해없음,보행자,남,53세,경상
2023110900100218,2023년 11월 9일 11시,목요일,대구광역시 북구 태전동,중상사고,0,1,0,0,차대차 - 측면충돌,교차로운행방법위반,건조,맑음,교차로 - 교차로안,승용,남,47세,상해없음,자전거,남,71세,중상
2023110900100243,2023년 11월 9일 12시,목요일,대구광역시 동구 불로동,경상사고,0,0,2,0,차대차 - 측면충돌,신호위반,건조,맑음,교차로 - 교차로안,승용,여,65세,상해없음,화물,남,44세,경상
2023110900100244,2023년 11월 9일 12시,목요일,대구광역시 수성구 연호동,경상사고,0,0,1,0,차대차 - 기타,교차로운행방법위반,건조,맑음,교차로 - 교차로부근,화물,남,47세,상해없음,승용,여,23세,경상
2023110900100278,2023년 11월 9일 13시,목요일,대구광역시 동구 방촌동,경상사고,0,0,1,0,차대차 - 측면충돌,안전운전불이행,건조,맑음,단일로 - 기타,승용,여,48세,상해없음,화물,남,43세,경상
2023110900100279,2023년 11월 9일 13시,목요일,대구광역시 동구 방촌동,경상사고,0,0,2,0,차대차 - 측면충돌,안전운전불이행,건조,맑음,기타 - 기타,화물,남,68세,상해없음,승용,남,64세,경상
2023110900100280,2023년 11월 9일 13시,목요일,대구광역시 서구 평리동,경상사고,0,0,1,0,차대차 - 추돌,안전운전불이행,건조,맑음,단일로 - 기타,승용,남,30세,상해없음,화물,남,75세,경상
2023110900100302,2023년 11월 9일 14시,목요일,대구광역시 수성구 범물동,경상사고,0,0,1,0,차대차 - 측면충돌,안전거리미확보,건조,맑음,단일로 - 기타,승용,남,80세,기타불명,승용,남,65세,경상
2023110900100342,2023년 11월 9일 15시,목요일,대구광역시 북구 노원동1가,경상사고,0,0,1,1,차대차 - 측면충돌,신호위반,건조,맑음,교차로 - 교차로안,이륜,남,43세,부상신고,승용,여,27세,경상
2023110900100343,2023년 11월 9일 15시,목요일,대구광역시 북구 서변동,경상사고,0,0,1,0,차대사람 - 차도통행중,안전운전불이행,건조,맑음,단일로 - 기타,승용,남,46세,상해없음,보행자,남,39세,경상
2023110900100373,2023년 11월 9일 16시,목요일,대구광역시 북구 칠성동2가,경상사고,0,0,1,0,차대차 - 후진중충돌,불법유턴,건조,맑음,단일로 - 기타,승용,남,64세,상해없음,이륜,남,31세,경상
2023110900100412,2023년 11월 9일 17시,목요일,대구광역시 군위군 부계면,경상사고,0,0,2,0,차대차 - 추돌,안전운전불이행,건조,맑음,단일로 - 기타,승용,남,33세,상해없음,농기계,남,82세,경상
2023110900100416,2023년 11월 9일 17시,목요일,대구광역시 수성구 지산동,중상사고,0,1,0,0,차대사람 - 기타,안전운전불이행,건조,맑음,기타 - 기타,화물,남,58세,상해없음,보행자,여,82세,중상
2023110900100417,2023년 11월 9일 17시,목요일,대구광역시 서구 평리동,중상사고,0,1,1,0,차대차 - 후진중충돌,안전운전불이행,건조,맑음,단일로 - 기타,승용,여,75세,상해없음,승용,여,20세,경상
2023110900100418,2023년 11월 9일 17시,목요일,대구광역시 북구 관음동,경상사고,0,0,3,0,차대차 - 측면충돌,안전운전불이행,건조,맑음,단일로 - 기타,화물,남,49세,기타불명,승용,여,61세,경상
2023110900100477,2023년 11월 9일 18시,목요일,대구광역시 동구 입석동,중상사고,0,1,0,0,차대차 - 기타,안전운전불이행,건조,맑음,단일로 - 기타,기타불명,기타불명,미분류,기타불명,자전거,남,74세,중상
2023110900100478,2023년 11월 9일 18시,목요일,대구광역시 달서구 대곡동,경상사고,0,0,1,0,차대차 - 측면충돌,안전거리미확보,건조,맑음,단일로 - 기타,이륜,남,32세,경상,승용,남,28세,상해없음
2023110900100479,2023년 11월 9일 18시,목요일,대구광역시 달성군 하빈면,중상사고,0,1,0,0,차대사람 - 횡단중,안전운전불이행,건조,맑음,단일로 - 기타,승용,남,36세,상해없음,보행자,여,91세,중상
2023110900100480,2023년 11월 9일 18시,목요일,대구광역시 북구 동호동,경상사고,0,0,1,1,차대차 - 측면충돌,불법유턴,건조,맑음,단일로 - 지하차도(도로)내,승용,남,56세,부상신고,승용,여,31세,경상
2023110900100526,2023년 11월 9일 19시,목요일,대구광역시 수성구 만촌동,경상사고,0,0,2,0,차대차 - 측면충돌,안전운전불이행,건조,맑음,기타 - 기타,승용,남,59세,상해없음,승용,여,30세,경상
2023110900100527,2023년 11월 9일 19시,목요일,대구광역시 중구 동산동,경상사고,0,0,3,0,차대차 - 측면충돌,안전거리미확보,건조,맑음,단일로 - 기타,승용,남,31세,경상,승용,남,50세,경상
2023110900100558,2023년 11월 9일 20시,목요일,대구광역시 동구 불로동,중상사고,0,1,0,0,차대차 - 정면충돌,안전운전불이행,건조,맑음,단일로 - 기타,승용,남,25세,상해없음,이륜,남,52세,중상
2023110900100559,2023년 11월 9일 20시,목요일,대구광역시 달서구 상인동,경상사고,0,0,1,0,차대차 - 측면충돌,차로위반,건조,맑음,단일로 - 기타,승용,여,27세,상해없음,이륜,남,37세,경상
2023110900100560,2023년 11월 9일 20시,목요일,대구광역시 달서구 월성동,경상사고,0,0,1,0,차대차 - 측면충돌,안전운전불이행,건조,맑음,교차로 - 교차로부근,이륜,남,35세,상해없음,승용,여,53세,경상
2023110900100603,2023년 11월 9일 22시,목요일,대구광역시 남구 봉덕동,중상사고,0,1,2,0,차대차 - 기타,신호위반,건조,맑음,교차로 - 교차로안,이륜,남,24세,중상,승용,남,55세,경상
2023110900100618,2023년 11월 9일 23시,목요일,대구광역시 서구 비산동,경상사고,0,0,2,0,차대차 - 추돌,안전운전불이행,건조,맑음,교차로 - 교차로안,승용,남,36세,상해없음,승용,남,61세,경상
2023111000100006,2023년 11월 10일 00시,금요일,대구광역시 동구 신천동,중상사고,0,1,0,0,차대차 - 측면충돌,안전거리미확보,젖음/습기,비,교차로 - 교차로안,승용,남,39세,상해없음,승용,남,72세,중상
2023111000100015,2023년 11월 10일 01시,금요일,대구광역시 달서구 두류동,경상사고,0,0,2,0,차대차 - 추돌,안전운전불이행,젖음/습기,흐림,교차로 - 교차로부근,승용,남,24세,상해없음,승용,남,24세,경상
2023111000100044,2023년 11월 10일 05시,금요일,대구광역시 수성구 범어동,중상사고,0,1,0,0,차대사람 - 기타,안전운전불이행,젖음/습기,비,단일로 - 기타,화물,남,54세,상해없음,보행자,여,78세,중상
2023111000100060,2023년 11월 10일 06시,금요일,대구광역시 서구 내당동,경상사고,0,0,2,0,차대차 - 기타,안전운전불이행,젖음/습기,비,교차로 - 교차로안,화물,남,68세,상해없음,이륜,남,44세,경상
2023111000100079,2023년 11월 10일 07시,금요일,대구광역시 달서구 신당동,경상사고,0,0,1,0,차대사람 - 기타,안전운전불이행,건조,맑음,단일로 - 기타,개인형이동수단(PM),여,30세,기타불명,보행자,남,44세,경상
2023111000100080,2023년 11월 10일 07시,금요일,대구광역시 달서구 용산동,경상사고,0,0,1,0,차대차 - 추돌,안전운전불이행,건조,맑음,단일로 - 기타,승용,남,24세,상해없음,승용,남,30세,경상
2023111000100116,2023년 11월 10일 08시,금요일,대구광역시 동구 서호동,경상사고,0,0,1,0,차대차 - 측면충돌,교차로운행방법위반,건조,맑음,교차로 - 교차로안,승용,남,26세,상해없음,자전거,남,13세,경상
2023111000100117,2023년 11월 10일 08시,금요일,대구광역시 북구 학정동,경상사고,0,0,1,0,차대차 - 측면충돌,안전운전불이행,건조,맑음,단일로 - 기타,승용,남,29세,상해없음,승용,여,48세,경상
2023111000100148,2023년 11월 10일 09시,금요일,대구광역시 수성구 매호동,중상사고,0,1,0,0,차대사람 - 횡단중,안전운전불이행,건조,맑음,교차로 - 교차로횡단보도내,화물,남,63세,상해없음,보행자,여,61세,중상
2023111000100181,2023년 11월 10일 10시,금요일,대구광역시 남구 대명동,중상사고,0,1,0,0,차대차 - 기타,안전운전불이행,건조,맑음,교차로 - 교차로안,승용,여,44세,상해없음,자전거,여,19세,중상
2023111000100182,2023년 11월 10일 10시,금요일,대구광역시 수성구 성동,경상사고,0,0,1,0,차대차 - 정면충돌,중앙선침범,건조,맑음,단일로 - 기타,승용,남,22세,상해없음,승용,남,27세,경상
2023111000100209,2023년 11월 10일 11시,금요일,대구광역시 달성군 다사읍,경상사고,0,0,1,0,차대사람 - 기타,기타,건조,맑음,기타 - 기타,이륜,남,36세,상해없음,보행자,남,49세,경상
2023111000100239,2023년 11월 10일 12시,금요일,대구광역시 수성구 이천동,경상사고,0,0,2,0,차대차 - 추돌,안전운전불이행,건조,맑음,단일로 - 기타,승합,남,52세,상해없음,화물,남,58세,경상
2023111000100240,2023년 11월 10일 12시,금요일,대구광역시 중구 삼덕동2가,부상신고사고,0,0,0,1,차대차 - 기타,안전운전불이행,건조,맑음,단일로 - 기타,기타불명,기타불명,미분류,기타불명,이륜,남,31세,부상신고
2023111000100366,2023년 11월 10일 15시,금요일,대구광역시 달서구 송현동,경상사고,0,0,1,0,차대차 - 측면충돌,안전거리미확보,건조,맑음,단일로 - 기타,자전거,남,80세,경상,승용,남,66세,상해없음
2023111000100367,2023년 11월 10일 15시,금요일,대구광역시 서구 평리동,경상사고,0,0,1,0,차대차 - 후진중충돌,안전운전불이행,건조,맑음,단일로 - 기타,승용,여,42세,상해없음,화물,남,47세,경상
2023111000100416,2023년 11월 10일 16시,금요일,대구광역시 중구 남산동,경상사고,0,0,1,0,차대차 - 기타,안전운전불이행,건조,맑음,단일로 - 기타,승용,남,55세,기타불명,승합,남,40세,경상
2023111000100461,2023년 11월 10일 17시,금요일,대구광역시 달서구 진천동,경상사고,0,0,1,0,차대차 - 측면충돌,안전거리미확보,건조,맑음,단일로 - 기타,승용,여,67세,상해없음,승용,남,33세,경상
2023111000100462,2023년 11월 10일 17시,금요일,대구광역시 달서구 월성동,경상사고,0,0,1,0,차대차 - 측면충돌,안전운전불이행,건조,흐림,교차로 - 교차로안,승용,남,61세,상해없음,승용,여,46세,경상
2023111000100526,2023년 11월 10일 18시,금요일,대구광역시 동구 지묘동,경상사고,0,0,2,0,차대차 - 측면충돌,직진우회전진행방해,건조,맑음,교차로 - 교차로안,승용,남,73세,경상,승용,여,57세,경상
2023111000100527,2023년 11월 10일 18시,금요일,대구광역시 달서구 상인동,경상사고,0,0,1,0,차대차 - 기타,기타,건조,맑음,교차로 - 교차로부근,기타불명,기타불명,미분류,기타불명,승합,남,37세,상해없음
2023111000100528,2023년 11월 10일 18시,금요일,대구광역시 달성군 화원읍,경상사고,0,0,1,0,차대사람 - 기타,안전운전불이행,건조,맑음,기타 - 기타,이륜,남,46세,상해없음,보행자,여,74세,경상
2023111000100580,2023년 11월 10일 19시,금요일,대구광역시 동구 율하동,경상사고,0,0,1,0,차대차 - 측면충돌,신호위반,건조,맑음,교차로 - 교차로안,기타불명,기타불명,미분류,기타불명,이륜,남,48세,경상
2023111000100581,2023년 11월 10일 19시,금요일,대구광역시 달서구 월성동,경상사고,0,0,1,0,차대사람 - 횡단중,안전운전불이행,건조,맑음,교차로 - 교차로안,승용,여,57세,상해없음,보행자,남,39세,경상
2023111000100582,2023년 11월 10일 19시,금요일,대구광역시 달서구 본동,경상사고,0,0,1,0,차대차 - 측면충돌,안전운전불이행,젖음/습기,비,교차로 - 교차로안,승용,남,71세,상해없음,이륜,남,33세,경상
2023111000100583,2023년 11월 10일 19시,금요일,대구광역시 달성군 화원읍,경상사고,0,0,1,0,차대차 - 기타,안전운전불이행,건조,맑음,단일로 - 기타,승용,남,64세,상해없음,이륜,남,51세,경상
2023111000100614,2023년 11월 10일 20시,금요일,대구광역시 동구 율하동,중상사고,0,1,0,0,차대차 - 측면충돌,교차로운행방법위반,건조,맑음,교차로 - 교차로안,승용,여,42세,상해없음,이륜,남,44세,중상
2023111000100615,2023년 11월 10일 20시,금요일,대구광역시 수성구 황금동,경상사고,0,0,1,0,차대차 - 후진중충돌,안전운전불이행,건조,맑음,기타 - 기타,승용,남,31세,상해없음,자전거,남,14세,경상
2023111000100647,2023년 11월 10일 21시,금요일,대구광역시 서구 평리동,경상사고,0,0,1,0,차대차 - 추돌,안전운전불이행,건조,맑음,단일로 - 기타,이륜,남,19세,상해없음,승용,남,66세,상해없음
2023111100100029,2023년 11월 11일 02시,토요일,대구광역시 중구 동인동1가,경상사고,0,0,1,0,차대차 - 측면충돌,안전운전불이행,건조,맑음,교차로 - 교차로안,이륜,남,16세,상해없음,승용,남,50세,경상
2023111100100064,2023년 11월 11일 06시,토요일,대구광역시 달성군 화원읍,경상사고,0,0,1,0,차대차 - 정면충돌,교차로운행방법위반,건조,맑음,교차로 - 교차로안,승용,남,61세,상해없음,승용,남,54세,경상
2023111100100094,2023년 11월 11일 08시,토요일,대구광역시 서구 내당동,경상사고,0,0,3,0,차대차 - 측면충돌,안전거리미확보,건조,맑음,교차로 - 교차로부근,건설기계,남,64세,상해없음,승용,남,44세,경상
2023111100100118,2023년 11월 11일 09시,토요일,대구광역시 남구 대명동,중상사고,0,1,0,0,차대사람 - 횡단중,보행자보호의무위반,건조,맑음,교차로 - 교차로횡단보도내,승용,여,53세,상해없음,보행자,여,59세,중상
2023111100100119,2023년 11월 11일 09시,토요일,대구광역시 동구 지묘동,경상사고,0,0,1,0,차대차 - 추돌,안전운전불이행,건조,맑음,교차로 - 교차로부근,승용,남,77세,상해없음,승용,여,64세,경상
2023111100100145,2023년 11월 11일 10시,토요일,대구광역시 수성구 만촌동,경상사고,0,0,2,0,차대차 - 측면충돌,안전거리미확보,건조,맑음,단일로 - 고가도로위,기타불명,기타불명,미분류,기타불명,승용,남,27세,경상
2023111100100146,2023년 11월 11일 10시,토요일,대구광역시 서구 평리동,사망사고,1,0,0,0,차대사람 - 차도통행중,안전운전불이행,건조,맑음,단일로 - 기타,승용,여,59세,상해없음,보행자,남,39세,사망
2023111100100147,2023년 11월 11일 10시,토요일,대구광역시 중구 동인동1가,중상사고,0,1,1,0,차대차 - 기타,안전운전불이행,건조,맑음,교차로 - 교차로안,승용,남,70세,경상,이륜,남,76세,중상
2023111100100256,2023년 11월 11일 13시,토요일,대구광역시 군위군 부계면,경상사고,0,0,1,0,차대차 - 측면충돌,교차로운행방법위반,건조,맑음,교차로 - 교차로안,승용,남,61세,상해없음,승용,남,69세,경상
2023111100100260,2023년 11월 11일 13시,토요일,대구광역시 달성군 현풍읍,사망사고,1,0,0,0,차대차 - 기타,안전운전불이행,건조,맑음,교차로 - 교차로부근,승용,여,38세,상해없음,이륜,남,87세,사망
2023111100100284,2023년 11월 11일 14시,토요일,대구광역시 동구 효목동,경상사고,0,0,1,0,차량단독 - 기타,안전운전불이행,건조,맑음,단일로 - 기타,승합,남,32세,상해없음,,,,
2023111100100285,2023년 11월 11일 14시,토요일,대구광역시 수성구 범어동,경상사고,0,0,2,0,차대차 - 추돌,안전운전불이행,건조,맑음,교차로 - 교차로부근,승용,여,29세,상해없음,승용,여,36세,경상
2023111100100286,2023년 11월 11일 14시,토요일,대구광역시 달서구 도원동,경상사고,0,0,1,0,차대사람 - 횡단중,보행자보호의무위반,건조,맑음,교차로 - 교차로횡단보도내,승용,여,61세,상해없음,보행자,남,63세,경상
2023111100100287,2023년 11월 11일 14시,토요일,대구광역시 달성군 화원읍,경상사고,0,0,1,0,차대차 - 기타,안전운전불이행,건조,맑음,단일로 - 기타,승용,남,29세,상해없음,화물,남,65세,경상
2023111100100288,2023년 11월 11일 14시,토요일,대구광역시 북구 관음동,경상사고,0,0,3,0,차대차 - 측면충돌,안전운전불이행,건조,맑음,교차로 - 교차로안,승합,남,70세,상해없음,승용,남,46세,경상
2023111100100364,2023년 11월 11일 16시,토요일,대구광역시 중구 동인동3가,중상사고,0,2,0,0,차대차 - 기타,신호위반,건조,맑음,교차로 - 교차로안,승용,남,84세,상해없음,승용,남,26세,중상
2023111100100405,2023년 11월 11일 17시,토요일,대구광역시 수성구 수성동2가,중상사고,0,1,0,0,차대차 - 기타,안전거리미확보,건조,맑음,교차로 - 교차로부근,승용,남,71세,상해없음,승합,남,35세,상해없음
2023111100100406,2023년 11월 11일 17시,토요일,대구광역시 달서구 송현동,경상사고,0,0,2,0,차대차 - 측면충돌,안전거리미확보,건조,맑음,단일로 - 기타,승용,여,50세,상해없음,승용,남,45세,경상
2023111100100407,2023년 11월 11일 17시,토요일,대구광역시 중구 동산동,경상사고,0,0,1,0,차대차 - 기타,안전거리미확보,건조,맑음,단일로 - 기타,승용,남,81세,상해없음,이륜,남,23세,경상
2023111100100408,2023년 11월 11일 17시,토요일,대구광역시 달서구 신당동,경상사고,0,0,2,0,차대차 - 측면충돌,안전거리미확보,건조,맑음,교차로 - 교차로부근,승용,남,21세,상해없음,승용,남,33세,경상
2023111100100409,2023년 11월 11일 17시,토요일,대구광역시 달서구 용산동,경상사고,0,0,1,0,차대차 - 후진중충돌,불법유턴,건조,맑음,교차로 - 교차로부근,승합,남,53세,상해없음,승용,남,43세,경상
2023111100100448,2023년 11월 11일 18시,토요일,대구광역시 수성구 만촌동,경상사고,0,0,1,0,차대차 - 기타,안전거리미확보,건조,맑음,단일로 - 기타,승용,여,70세,상해없음,승용,남,64세,경상
2023111100100449,2023년 11월 11일 18시,토요일,대구광역시 수성구 지산동,경상사고,0,0,1,0,차대차 - 기타,직진우회전진행방해,건조,맑음,교차로 - 교차로안,승용,남,24세,상해없음,이륜,남,29세,경상
2023111100100450,2023년 11월 11일 18시,토요일,대구광역시 달성군 가창면,경상사고,0,0,1,0,차대사람 - 차도통행중,안전운전불이행,건조,맑음,단일로 - 기타,승용,남,57세,상해없음,보행자,남,71세,경상
2023111100100451,2023년 11월 11일 18시,토요일,대구광역시 달서구 성당동,중상사고,0,1,0,0,차대사람 - 횡단중,보행자보호의무위반,건조,맑음,기타 - 기타,승용,남,51세,상해없음,보행자,남,68세,중상
2023111100100490,2023년 11월 11일 19시,토요일,대구광역시 남구 대명동,중상사고,0,1,0,0,차대차 - 추돌,안전운전불이행,건조,맑음,단일로 - 기타,이륜,남,24세,기타불명,이륜,남,37세,중상
2023111100100531,2023년 11월 11일 21시,토요일,대구광역시 달서구 월성동,경상사고,0,0,1,0,차대사람 - 횡단중,신호위반,건조,맑음,교차로 - 교차로횡단보도내,이륜,남,46세,상해없음,보행자,여,14세,경상
2023111100100532,2023년 11월 11일 21시,토요일,대구광역시 중구 남산동,경상사고,0,0,1,1,차대차 - 측면충돌,신호위반,건조,맑음,교차로 - 교차로안,승용,여,30세,상해없음,승용,남,49세,경상
2023111200100028,2023년 11월 12일 02시,일요일,대구광역시 서구 내당동,경상사고,0,0,3,0,차대차 - 추돌,안전운전불이행,건조,맑음,단일로 - 기타,승용,남,23세,상해없음,승용,남,21세,경상
2023111200100029,2023년 11월 12일 02시,일요일,대구광역시 서구 내당동,중상사고,0,1,0,0,차대사람 - 횡단중,안전운전불이행,건조,맑음,교차로 - 교차로부근,승용,남,51세,상해없음,보행자,여,61세,중상
2023111200100049,2023년 11월 12일 05시,일요일,대구광역시 동구 신암동,경상사고,0,0,1,0,차대차 - 추돌,안전운전불이행,건조,맑음,단일로 - 기타,승용,남,32세,상해없음,승용,여,65세,경상
2023111200100069,2023년 11월 12일 08시,일요일,대구광역시 달성군 구지면,경상사고,0,0,1,0,차대차 - 기타,안전운전불이행,건조,맑음,교차로 - 교차로안,승합,남,59세,상해없음,승용,남,25세,경상
2023111200100106,2023년 11월 12일 10시,일요일,대구광역시 북구 복현동,경상사고,0,0,1,0,차대차 - 측면충돌,안전거리미확보,건조,맑음,교차로 - 교차로안,승용,여,53세,상해없음,승용,남,61세,경상
2023111200100137,2023년 11월 12일 11시,일요일,대구광역시 달서구 본동,경상사고,0,0,2,0,차대차 - 측면충돌,안전거리미확보,건조,맑음,교차로 - 교차로부근,승용,남,23세,기타불명,승용,남,32세,경상
2023111200100138,2023년 11월 12일 11시,일요일,대구광역시 중구 태평로2가,부상신고사고,0,0,0,1,차대차 - 측면충돌,안전운전불이행,건조,맑음,교차로 - 교차로안,이륜,남,60세,부상신고,승용,남,38세,상해없음
2023111200100164,2023년 11월 12일 12시,일요일,대구광역시 동구 율하동,경상사고,0,0,1,0,차대차 - 추돌,안전운전불이행,건조,맑음,교차로 - 교차로부근,승용,남,30세,상해없음,승용,남,47세,경상
2023111200100165,2023년 11월 12일 12시,일요일,대구광역시 수성구 두산동,경상사고,0,0,2,0,차대차 - 추돌,안전운전불이행,건조,맑음,단일로 - 기타,승용,남,26세,상해없음,승용,남,40세,경상
2023111200100166,2023년 11월 12일 12시,일요일,대구광역시 중구 포정동,중상사고,0,1,0,0,차대차 - 측면충돌,신호위반,건조,맑음,단일로 - 기타,승용,남,33세,상해없음,이륜,남,47세,중상
2023111200100167,2023년 11월 12일 12시,일요일,대구광역시 남구 대명동,경상사고,0,0,1,0,차대차 - 기타,안전운전불이행,건조,맑음,단일로 - 기타,승용,여,69세,상해없음,승용,남,54세,경상
2023111200100189,2023년 11월 12일 13시,일요일,대구광역시 달서구 송현동,중상사고,0,1,1,0,차대차 - 측면충돌,안전운전불이행,건조,맑음,단일로 - 기타,승용,여,50세,경상,화물,남,61세,중상
2023111200100190,2023년 11월 12일 13시,일요일,대구광역시 달서구 용산동,경상사고,0,0,2,0,차대차 - 기타,안전운전불이행,건조,맑음,단일로 - 기타,특수,남,34세,상해없음,승용,남,55세,경상
2023111200100220,2023년 11월 12일 14시,일요일,대구광역시 달성군 유가읍,경상사고,0,0,3,0,차대차 - 기타,안전운전불이행,건조,맑음,단일로 - 기타,승용,남,76세,상해없음,승용,여,62세,상해없음
2023111200100221,2023년 11월 12일 14시,일요일,대구광역시 북구 태전동,경상사고,0,0,1,0,차대차 - 측면충돌,안전거리미확보,건조,맑음,교차로 - 교차로부근,화물,남,62세,상해없음,이륜,남,39세,경상
2023111200100252,2023년 11월 12일 15시,일요일,대구광역시 서구 비산동,경상사고,0,0,1,0,차대차 - 측면충돌,안전운전불이행,건조,맑음,단일로 - 기타,승용,여,50세,상해없음,이륜,남,18세,경상
2023111200100253,2023년 11월 12일 15시,일요일,대구광역시 달서구 용산동,경상사고,0,0,2,0,차대차 - 기타,안전운전불이행,건조,맑음,교차로 - 교차로부근,승용,남,66세,상해없음,승용,남,25세,경상
2023111200100254,2023년 11월 12일 15시,일요일,대구광역시 달서구 이곡동,중상사고,0,1,0,0,차대차 - 추돌,안전운전불이행,건조,맑음,교차로 - 교차로부근,승용,남,54세,상해없음,이륜,남,56세,중상