사고번호,사고일시,요일,시군구,사고내용,사망자수,중상자수,경상자수,부상신고자수,사고유형,법규위반,노면상태,기상상태,도로형태,가해운전자 차종,가해운전자 성별,가해운전자 연령,가해운전자 상해정도,피해운전자 차종,피해운전자 성별,피해운전자 연령,피해운전자 상해정도
2023111200100255,2023년 11월 12일 15시,일요일,대구광역시 북구 서변동,중상사고,0,1,0,0,차대차 - 기타,안전거리미확보,건조,맑음,교차로 - 교차로부근,승용,남,42세,상해없음,이륜,남,54세,중상
2023111200100327,2023년 11월 12일 18시,일요일,대구광역시 북구 대현동,경상사고,0,0,1,0,차대차 - 측면충돌,교차로운행방법위반,건조,맑음,교차로 - 교차로안,승용,남,65세,상해없음,승용,여,55세,경상
2023111200100328,2023년 11월 12일 18시,일요일,대구광역시 서구 원대동2가,중상사고,0,1,0,0,차대차 - 측면충돌,안전운전불이행,건조,맑음,단일로 - 기타,이륜,남,51세,상해없음,자전거,남,34세,중상
2023111200100329,2023년 11월 12일 18시,일요일,대구광역시 달서구 성당동,중상사고,0,1,0,0,차대사람 - 길가장자리구역통행중,안전운전불이행,건조,맑음,단일로 - 기타,이륜,남,24세,상해없음,보행자,남,79세,중상
2023111200100362,2023년 11월 12일 19시,일요일,대구광역시 수성구 만촌동,경상사고,0,0,1,0,차대사람 - 보도통행중,기타,건조,맑음,기타 - 기타,이륜,남,31세,상해없음,보행자,남,34세,경상
2023111200100422,2023년 11월 12일 21시,일요일,대구광역시 남구 대명동,경상사고,0,0,1,0,차대차 - 측면충돌,안전운전불이행,건조,맑음,교차로 - 교차로부근,이륜,남,18세,상해없음,승용,남,43세,경상
2023111200100423,2023년 11월 12일 21시,일요일,대구광역시 수성구 지산동,경상사고,0,0,1,0,차대사람 - 길가장자리구역통행중,안전운전불이행,건조,맑음,단일로 - 기타,승용,남,22세,상해없음,보행자,남,18세,경상
2023111300100007,2023년 11월 13일 01시,월요일,대구광역시 달서구 상인동,부상신고사고,0,0,0,1,차대차 - 정면충돌,신호위반,건조,맑음,교차로 - 교차로안,이륜,남,17세,상해없음,승용,남,23세,부상신고
2023111300100060,2023년 11월 13일 06시,월요일,대구광역시 동구 불로동,사망사고,1,0,0,0,차대사람 - 횡단중,안전운전불이행,건조,맑음,단일로 - 기타,승용,남,56세,상해없음,보행자,여,80세,사망
2023111300100061,2023년 11월 13일 06시,월요일,대구광역시 북구 복현동,경상사고,0,0,2,0,차대차 - 측면충돌,안전운전불이행,건조,맑음,단일로 - 기타,승용,여,37세,기타불명,승용,남,40세,경상
2023111300100091,2023년 11월 13일 07시,월요일,대구광역시 중구 남일동,중상사고,0,1,0,0,차대차 - 추돌,안전거리미확보,건조,맑음,단일로 - 기타,이륜,남,38세,중상,화물,남,64세,상해없음
2023111300100151,2023년 11월 13일 08시,월요일,대구광역시 동구 입석동,중상사고,0,1,0,0,차대차 - 기타,안전운전불이행,건조,맑음,교차로 - 교차로횡단보도내,승용,남,81세,상해없음,자전거,여,75세,중상
2023111300100152,2023년 11월 13일 08시,월요일,대구광역시 북구 대현동,경상사고,0,0,1,0,차대차 - 기타,안전거리미확보,건조,맑음,단일로 - 기타,승용,여,46세,경상,승용,여,46세,상해없음
2023111300100153,2023년 11월 13일 08시,월요일,대구광역시 북구 구암동,경상사고,0,0,1,0,차대차 - 추돌,안전거리미확보,건조,맑음,단일로 - 터널,원동기,남,17세,상해없음,승용,남,46세,경상
2023111300100196,2023년 11월 13일 09시,월요일,대구광역시 동구 신천동,경상사고,0,0,1,0,차대차 - 측면충돌,안전운전불이행,건조,맑음,단일로 - 기타,승용,남,41세,상해없음,승용,남,70세,경상
2023111300100197,2023년 11월 13일 09시,월요일,대구광역시 달서구 본리동,경상사고,0,0,1,0,차대차 - 측면충돌,안전거리미확보,건조,맑음,교차로 - 교차로안,승용,여,76세,상해없음,승용,남,33세,경상
2023111300100198,2023년 11월 13일 09시,월요일,대구광역시 북구 침산동,경상사고,0,0,1,0,차대차 - 추돌,안전운전불이행,건조,맑음,단일로 - 기타,승용,남,38세,상해없음,승용,남,66세,경상
2023111300100228,2023년 11월 13일 10시,월요일,대구광역시 동구 신암동,경상사고,0,0,1,0,차대차 - 측면충돌,교차로운행방법위반,건조,맑음,교차로 - 교차로안,승용,여,48세,상해없음,승용,남,45세,경상
2023111300100229,2023년 11월 13일 10시,월요일,대구광역시 서구 내당동,중상사고,0,1,0,0,차대사람 - 횡단중,안전운전불이행,건조,맑음,단일로 - 기타,승용,남,60세,상해없음,보행자,여,76세,중상
2023111300100259,2023년 11월 13일 11시,월요일,대구광역시 수성구 상동,경상사고,0,0,1,1,차대차 - 측면충돌,안전운전불이행,건조,맑음,단일로 - 기타,이륜,남,26세,부상신고,승용,남,46세,경상
2023111300100296,2023년 11월 13일 12시,월요일,대구광역시 동구 진인동,경상사고,0,0,2,0,차대차 - 측면충돌,교차로운행방법위반,건조,맑음,교차로 - 교차로안,승용,여,64세,기타불명,승용,여,55세,경상
2023111300100297,2023년 11월 13일 12시,월요일,대구광역시 달서구 대천동,중상사고,0,1,0,0,차대차 - 측면충돌,안전거리미확보,건조,맑음,단일로 - 기타,화물,남,43세,상해없음,승용,남,55세,중상
2023111300100298,2023년 11월 13일 12시,월요일,대구광역시 북구 대현동,경상사고,0,0,1,0,차대차 - 기타,안전운전불이행,건조,맑음,단일로 - 기타,승용,여,43세,상해없음,승용,남,25세,경상
2023111300100326,2023년 11월 13일 13시,월요일,대구광역시 수성구 범어동,경상사고,0,0,1,0,차대차 - 측면충돌,안전거리미확보,건조,맑음,단일로 - 기타,승용,남,63세,상해없음,화물,남,39세,경상
2023111300100327,2023년 11월 13일 13시,월요일,대구광역시 수성구 시지동,경상사고,0,0,1,0,차대차 - 추돌,안전운전불이행,건조,맑음,교차로 - 교차로부근,승합,남,58세,상해없음,승합,남,61세,상해없음
2023111300100366,2023년 11월 13일 14시,월요일,대구광역시 동구 동호동,경상사고,0,0,1,0,차대차 - 기타,안전운전불이행,건조,맑음,단일로 - 기타,승용,남,69세,상해없음,승용,여,41세,경상
2023111300100367,2023년 11월 13일 14시,월요일,대구광역시 서구 내당동,경상사고,0,0,2,0,차대차 - 측면충돌,기타,건조,맑음,교차로 - 교차로안,이륜,남,22세,상해없음,승용,남,55세,경상
2023111300100368,2023년 11월 13일 14시,월요일,대구광역시 북구 국우동,경상사고,0,0,1,0,차대차 - 추돌,안전운전불이행,건조,맑음,교차로 - 교차로안,승용,남,59세,기타불명,승용,여,58세,경상
2023111300100412,2023년 11월 13일 15시,월요일,대구광역시 수성구 범어동,경상사고,0,0,1,0,차대차 - 기타,안전운전불이행,건조,맑음,단일로 - 기타,승용,여,77세,상해없음,승용,여,50세,경상
2023111300100413,2023년 11월 13일 15시,월요일,대구광역시 북구 구암동,경상사고,0,0,1,0,차대차 - 측면충돌,안전거리미확보,건조,맑음,단일로 - 기타,승용,남,64세,기타불명,승용,여,42세,경상
2023111300100499,2023년 11월 13일 17시,월요일,대구광역시 달서구 진천동,경상사고,0,0,1,0,차대사람 - 기타,안전운전불이행,건조,맑음,교차로 - 교차로부근,승용,남,31세,상해없음,보행자,여,54세,경상
2023111300100571,2023년 11월 13일 18시,월요일,대구광역시 수성구 범어동,경상사고,0,0,1,0,차대차 - 정면충돌,교차로운행방법위반,건조,맑음,교차로 - 교차로안,승용,남,41세,상해없음,자전거,남,59세,경상
2023111300100572,2023년 11월 13일 18시,월요일,대구광역시 달서구 도원동,경상사고,0,0,1,0,차대사람 - 차도통행중,안전운전불이행,건조,맑음,단일로 - 기타,승용,남,40세,상해없음,보행자,여,38세,경상
2023111300100573,2023년 11월 13일 18시,월요일,대구광역시 달서구 송현동,경상사고,0,0,1,0,차대사람 - 기타,안전운전불이행,건조,맑음,교차로 - 교차로안,승용,여,41세,상해없음,보행자,남,36세,경상
2023111300100574,2023년 11월 13일 18시,월요일,대구광역시 달성군 현풍읍,중상사고,0,1,1,0,차대차 - 추돌,안전운전불이행,건조,맑음,단일로 - 기타,승합,여,37세,상해없음,승용,남,55세,중상
2023111300100575,2023년 11월 13일 18시,월요일,대구광역시 북구 노원동1가,부상신고사고,0,0,0,1,차대차 - 측면충돌,안전운전불이행,건조,맑음,교차로 - 교차로부근,이륜,남,46세,상해없음,이륜,남,18세,부상신고
2023111300100576,2023년 11월 13일 18시,월요일,대구광역시 중구 남산동,경상사고,0,0,1,0,차대차 - 추돌,안전운전불이행,건조,맑음,단일로 - 기타,승용,여,52세,상해없음,승용,여,23세,경상
2023111300100623,2023년 11월 13일 19시,월요일,대구광역시 달서구 진천동,중상사고,0,1,0,0,차대사람 - 보도통행중,기타,건조,맑음,단일로 - 기타,자전거,남,36세,상해없음,보행자,여,42세,중상
2023111300100673,2023년 11월 13일 21시,월요일,대구광역시 동구 효목동,경상사고,0,0,1,0,차대차 - 정면충돌,안전운전불이행,건조,맑음,교차로 - 교차로안,승용,남,63세,상해없음,이륜,남,34세,경상
2023111300100674,2023년 11월 13일 21시,월요일,대구광역시 수성구 사월동,경상사고,0,0,2,0,차대차 - 측면충돌,안전거리미확보,건조,맑음,단일로 - 기타,승용,여,63세,상해없음,승용,남,23세,경상
2023111300100675,2023년 11월 13일 21시,월요일,대구광역시 달성군 옥포읍,경상사고,0,0,1,0,차대차 - 기타,안전운전불이행,건조,맑음,기타 - 기타,화물,남,46세,상해없음,승용,여,41세,경상
2023111300100691,2023년 11월 13일 23시,월요일,대구광역시 동구 신용동,경상사고,0,0,1,0,차량단독 - 공작물충돌,안전운전불이행,건조,맑음,단일로 - 기타,승용,여,19세,상해없음,,,,
2023111400100022,2023년 11월 14일 04시,화요일,대구광역시 달서구 두류동,경상사고,0,0,3,0,차대차 - 측면충돌,안전운전불이행,건조,맑음,교차로 - 교차로부근,승용,남,76세,상해없음,승용,남,70세,경상
2023111400100050,2023년 11월 14일 06시,화요일,대구광역시 북구 노원동2가,경상사고,0,0,1,0,차대사람 - 기타,보행자보호의무위반,건조,맑음,교차로 - 교차로횡단보도내,승용,남,67세,상해없음,보행자,여,73세,경상
2023111400100072,2023년 11월 14일 07시,화요일,대구광역시 북구 검단동,경상사고,0,0,1,0,차대차 - 정면충돌,중앙선침범,건조,맑음,단일로 - 기타,이륜,남,37세,상해없음,자전거,남,54세,경상
2023111400100117,2023년 11월 14일 08시,화요일,대구광역시 달성군 화원읍,경상사고,0,0,1,0,차대차 - 기타,안전운전불이행,건조,맑음,기타 - 기타,승용,여,49세,상해없음,승용,여,39세,경상
2023111400100118,2023년 11월 14일 08시,화요일,대구광역시 달서구 파호동,경상사고,0,0,1,0,차대차 - 측면충돌,교차로운행방법위반,건조,맑음,교차로 - 교차로안,승용,남,25세,상해없음,이륜,남,23세,경상
2023111400100119,2023년 11월 14일 08시,화요일,대구광역시 달서구 파호동,경상사고,0,0,1,0,차대차 - 기타,안전거리미확보,건조,맑음,기타 - 기타,승합,남,50세,상해없음,승용,남,31세,경상
2023111400100198,2023년 11월 14일 10시,화요일,대구광역시 수성구 상동,경상사고,0,0,1,0,차대차 - 추돌,안전운전불이행,건조,맑음,단일로 - 기타,승용,남,55세,상해없음,승용,여,57세,경상
2023111400100225,2023년 11월 14일 11시,화요일,대구광역시 남구 대명동,경상사고,0,0,1,0,차대사람 - 차도통행중,안전운전불이행,건조,맑음,교차로 - 교차로안,승합,남,64세,상해없음,보행자,남,34세,경상
2023111400100226,2023년 11월 14일 11시,화요일,대구광역시 동구 신암동,부상신고사고,0,0,0,1,차대차 - 측면충돌,안전운전불이행,건조,맑음,교차로 - 교차로안,이륜,남,35세,부상신고,승용,남,54세,상해없음
2023111400100227,2023년 11월 14일 11시,화요일,대구광역시 수성구 대흥동,경상사고,0,0,1,0,차대차 - 측면충돌,안전거리미확보,건조,맑음,교차로 - 교차로안,승용,여,51세,상해없음,승용,남,35세,경상
2023111400100228,2023년 11월 14일 11시,화요일,대구광역시 달서구 이곡동,중상사고,0,1,1,0,차대차 - 측면충돌,교차로운행방법위반,건조,맑음,교차로 - 교차로안,승용,여,24세,중상,승용,여,51세,경상
2023111400100256,2023년 11월 14일 12시,화요일,대구광역시 달서구 송현동,경상사고,0,0,1,0,차대차 - 기타,기타,건조,맑음,교차로 - 교차로부근,화물,남,44세,상해없음,승용,남,52세,경상
2023111400100257,2023년 11월 14일 12시,화요일,대구광역시 북구 서변동,경상사고,0,0,1,0,차대차 - 기타,안전운전불이행,건조,맑음,교차로 - 교차로안,승용,여,57세,상해없음,승합,남,55세,상해없음
2023111400100336,2023년 11월 14일 14시,화요일,대구광역시 수성구 범물동,경상사고,0,0,1,0,차대사람 - 횡단중,안전운전불이행,건조,맑음,교차로 - 교차로횡단보도내,승용,여,53세,상해없음,보행자,남,8세,경상
2023111400100337,2023년 11월 14일 14시,화요일,대구광역시 수성구 가천동,경상사고,0,0,1,0,차대차 - 측면충돌,안전거리미확보,건조,맑음,단일로 - 기타,승용,여,59세,기타불명,승용,여,20세,경상
2023111400100338,2023년 11월 14일 14시,화요일,대구광역시 수성구 범어동,경상사고,0,0,1,0,차대차 - 측면충돌,안전운전불이행,건조,맑음,단일로 - 기타,승용,여,45세,상해없음,승용,남,33세,경상
2023111400100339,2023년 11월 14일 14시,화요일,대구광역시 달성군 유가읍,사망사고,1,0,1,0,차량단독 - 전도전복 - 전도,안전운전불이행,건조,맑음,기타 - 기타,승용,남,81세,경상,,,,
2023111400100340,2023년 11월 14일 14시,화요일,대구광역시 북구 침산동,경상사고,0,0,1,0,차대차 - 기타,안전운전불이행,건조,맑음,기타 - 기타,승용,남,63세,상해없음,이륜,남,48세,경상
2023111400100341,2023년 11월 14일 14시,화요일,대구광역시 북구 서변동,경상사고,0,0,1,0,차대차 - 측면충돌,안전운전불이행,건조,맑음,교차로 - 교차로부근,화물,남,48세,상해없음,승용,여,70세,경상
2023111400100376,2023년 11월 14일 15시,화요일,대구광역시 남구 봉덕동,경상사고,0,0,1,0,차대차 - 측면충돌,안전운전불이행,건조,맑음,단일로 - 기타,화물,남,54세,상해없음,자전거,남,68세,경상
2023111400100377,2023년 11월 14일 15시,화요일,대구광역시 달서구 대천동,경상사고,0,0,1,0,차대사람 - 횡단중,보행자보호의무위반,건조,맑음,단일로 - 기타,승용,남,66세,상해없음,보행자,남,28세,경상
2023111400100378,2023년 11월 14일 15시,화요일,대구광역시 서구 비산동,경상사고,0,0,1,0,차대사람 - 보도통행중,안전운전불이행,건조,맑음,교차로 - 교차로부근,화물,남,61세,상해없음,보행자,여,66세,경상
2023111400100405,2023년 11월 14일 16시,화요일,대구광역시 수성구 수성동3가,경상사고,0,0,1,0,차대차 - 기타,안전운전불이행,건조,맑음,단일로 - 기타,승용,여,70세,상해없음,승용,여,39세,경상
2023111400100500,2023년 11월 14일 18시,화요일,대구광역시 북구 검단동,경상사고,0,0,1,0,차대차 - 기타,안전운전불이행,건조,맑음,단일로 - 기타,승용,남,55세,상해없음,승용,남,27세,경상
2023111400100505,2023년 11월 14일 18시,화요일,대구광역시 동구 지묘동,경상사고,0,0,1,0,차대차 - 측면충돌,직진우회전진행방해,건조,맑음,교차로 - 교차로안,승용,남,33세,상해없음,이륜,남,51세,경상
2023111400100507,2023년 11월 14일 18시,화요일,대구광역시 수성구 상동,경상사고,0,0,1,0,차대사람 - 기타,안전운전불이행,건조,맑음,단일로 - 기타,승용,여,65세,상해없음,보행자,남,68세,경상
2023111400100508,2023년 11월 14일 18시,화요일,대구광역시 달성군 다사읍,경상사고,0,0,1,0,차대차 - 기타,중앙선침범,건조,맑음,기타 - 기타,화물,남,61세,상해없음,개인형이동수단(PM),남,45세,경상
2023111400100509,2023년 11월 14일 18시,화요일,대구광역시 북구 노원동2가,경상사고,0,0,2,0,차대차 - 기타,안전운전불이행,건조,맑음,교차로 - 교차로안,이륜,남,57세,경상,승용,남,64세,경상
2023111400100549,2023년 11월 14일 19시,화요일,대구광역시 달서구 상인동,경상사고,0,0,1,0,차대차 - 측면충돌,안전운전불이행,건조,맑음,단일로 - 기타,승용,남,68세,상해없음,자전거,남,66세,경상
2023111400100550,2023년 11월 14일 19시,화요일,대구광역시 달서구 송현동,중상사고,0,1,1,0,차대차 - 측면충돌,교차로운행방법위반,건조,맑음,교차로 - 교차로안,승용,남,51세,경상,승용,남,30세,중상
2023111400100551,2023년 11월 14일 19시,화요일,대구광역시 달성군 화원읍,경상사고,0,0,1,0,차대차 - 측면충돌,안전운전불이행,기타,맑음,기타 - 기타,화물,남,60세,기타불명,승용,남,25세,경상
2023111400100580,2023년 11월 14일 20시,화요일,대구광역시 달성군 다사읍,부상신고사고,0,0,0,3,차대차 - 측면충돌,교차로운행방법위반,건조,맑음,교차로 - 교차로안,승용,남,41세,상해없음,승합,남,59세,상해없음
2023111500100020,2023년 11월 15일 04시,수요일,대구광역시 달서구 상인동,경상사고,0,0,1,0,차대사람 - 횡단중,보행자보호의무위반,건조,맑음,교차로 - 교차로부근,승용,남,61세,상해없음,보행자,남,87세,경상
2023111500100021,2023년 11월 15일 04시,수요일,대구광역시 북구 산격동,경상사고,0,0,1,0,차대차 - 측면충돌,차로위반,건조,맑음,교차로 - 교차로부근,승용,남,73세,상해없음,승용,여,58세,경상
2023111500100027,2023년 11월 15일 05시,수요일,대구광역시 동구 효목동,경상사고,0,0,1,0,차대사람 - 보도통행중,보행자보호의무위반,건조,맑음,교차로 - 교차로횡단보도내,승용,남,63세,상해없음,보행자,남,69세,경상
2023111500100078,2023년 11월 15일 07시,수요일,대구광역시 수성구 대흥동,경상사고,0,0,1,0,차대차 - 추돌,안전운전불이행,건조,맑음,교차로 - 교차로부근,승용,남,55세,상해없음,승용,남,48세,경상
2023111500100079,2023년 11월 15일 07시,수요일,대구광역시 달서구 상인동,경상사고,0,0,1,0,차대차 - 추돌,안전거리미확보,건조,맑음,단일로 - 기타,승용,남,77세,상해없음,승용,남,50세,경상
2023111500100080,2023년 11월 15일 07시,수요일,대구광역시 달성군 현풍읍,경상사고,0,0,1,0,차대차 - 추돌,안전거리미확보,건조,맑음,단일로 - 기타,승용,남,32세,상해없음,승용,남,42세,경상
2023111500100122,2023년 11월 15일 08시,수요일,대구광역시 달서구 장동,사망사고,1,0,0,0,차대차 - 기타,안전운전불이행,건조,맑음,기타 - 기타,승용,남,56세,상해없음,이륜,남,70세,사망
2023111500100123,2023년 11월 15일 08시,수요일,대구광역시 북구 읍내동,경상사고,0,0,1,0,차대차 - 측면충돌,안전운전불이행,건조,맑음,단일로 - 터널,승용,여,65세,상해없음,승합,남,58세,상해없음
2023111500100155,2023년 11월 15일 09시,수요일,대구광역시 달서구 상인동,중상사고,0,1,0,0,차대사람 - 횡단중,기타,건조,맑음,단일로 - 기타,화물,남,49세,상해없음,보행자,여,73세,중상
2023111500100194,2023년 11월 15일 10시,수요일,대구광역시 중구 동성로2가,중상사고,0,1,0,0,차대사람 - 기타,안전운전불이행,건조,맑음,단일로 - 기타,승용,남,34세,상해없음,보행자,여,59세,중상
2023111500100195,2023년 11월 15일 10시,수요일,대구광역시 중구 태평로2가,중상사고,0,1,0,0,차량단독 - 기타,안전운전불이행,건조,맑음,단일로 - 기타,승용,남,66세,상해없음,,,,
2023111500100227,2023년 11월 15일 11시,수요일,대구광역시 달성군 화원읍,중상사고,0,1,0,0,차대차 - 기타,신호위반,건조,맑음,교차로 - 교차로안,화물,남,67세,상해없음,이륜,남,32세,중상
2023111500100228,2023년 11월 15일 11시,수요일,대구광역시 서구 비산동,경상사고,0,0,1,0,차대차 - 기타,안전운전불이행,건조,맑음,단일로 - 기타,승용,남,44세,상해없음,자전거,남,74세,경상
2023111500100229,2023년 11월 15일 11시,수요일,대구광역시 북구 태전동,중상사고,0,1,0,0,차대차 - 측면충돌,불법유턴,건조,맑음,단일로 - 지하차도(도로)내,승용,남,60세,기타불명,이륜,남,31세,중상
2023111500100263,2023년 11월 15일 12시,수요일,대구광역시 수성구 신매동,경상사고,0,0,1,0,차대차 - 기타,안전거리미확보,건조,맑음,단일로 - 기타,승용,여,53세,상해없음,승합,남,50세,상해없음
2023111500100264,2023년 11월 15일 12시,수요일,대구광역시 중구 삼덕동1가,부상신고사고,0,0,0,1,차대차 - 기타,안전거리미확보,건조,맑음,단일로 - 기타,승용,남,31세,상해없음,이륜,남,24세,부상신고
2023111500100265,2023년 11월 15일 12시,수요일,대구광역시 달서구 감삼동,경상사고,0,0,1,0,차대차 - 측면충돌,안전운전불이행,건조,맑음,단일로 - 지하차도(도로)내,승용,남,69세,상해없음,승용,여,50세,경상
2023111500100266,2023년 11월 15일 12시,수요일,대구광역시 달서구 장기동,경상사고,0,0,2,0,차대차 - 측면충돌,안전거리미확보,건조,맑음,단일로 - 기타,승용,여,48세,상해없음,승용,남,51세,경상
2023111500100323,2023년 11월 15일 14시,수요일,대구광역시 동구 신무동,중상사고,0,2,0,0,차대차 - 추돌,안전운전불이행,건조,맑음,단일로 - 기타,승용,여,54세,상해없음,승용,여,48세,중상
2023111500100361,2023년 11월 15일 15시,수요일,대구광역시 동구 신암동,경상사고,0,0,1,0,차대차 - 측면충돌,신호위반,건조,맑음,단일로 - 지하차도(도로)내,승용,남,65세,상해없음,화물,남,41세,경상
2023111500100402,2023년 11월 15일 16시,수요일,대구광역시 북구 산격동,부상신고사고,0,0,0,1,차대사람 - 기타,안전운전불이행,건조,맑음,기타 - 기타,개인형이동수단(PM),여,27세,상해없음,보행자,여,26세,부상신고
2023111500100444,2023년 11월 15일 17시,수요일,대구광역시 남구 대명동,경상사고,0,0,1,0,차대차 - 기타,신호위반,건조,맑음,단일로 - 기타,승용,남,38세,상해없음,승용,남,28세,경상
2023111500100445,2023년 11월 15일 17시,수요일,대구광역시 달성군 논공읍,경상사고,0,0,2,0,차대사람 - 횡단중,보행자보호의무위반,건조,맑음,교차로 - 교차로횡단보도내,승용,여,46세,상해없음,보행자,여,11세,경상
2023111500100446,2023년 11월 15일 17시,수요일,대구광역시 달서구 신당동,경상사고,0,0,1,0,차대차 - 측면충돌,안전운전불이행,건조,맑음,교차로 - 교차로부근,승합,남,61세,상해없음,승용,남,38세,경상
2023111500100496,2023년 11월 15일 18시,수요일,대구광역시 동구 효목동,경상사고,0,0,1,1,차대차 - 측면충돌,안전운전불이행,건조,맑음,단일로 - 기타,승용,여,23세,상해없음,승용,남,42세,경상
2023111500100497,2023년 11월 15일 18시,수요일,대구광역시 달서구 월성동,경상사고,0,0,1,0,차대차 - 측면충돌,안전거리미확보,건조,맑음,단일로 - 기타,승용,남,69세,상해없음,승용,여,41세,경상
2023111500100540,2023년 11월 15일 19시,수요일,대구광역시 동구 효목동,경상사고,0,0,1,0,차대차 - 측면충돌,안전거리미확보,건조,맑음,교차로 - 교차로안,화물,남,72세,상해없음,승용,남,24세,경상
2023111500100541,2023년 11월 15일 19시,수요일,대구광역시 서구 내당동,경상사고,0,0,2,1,차대차 - 측면충돌,안전운전불이행,건조,맑음,교차로 - 교차로안,승용,남,46세,부상신고,승용,여,33세,경상
2023111500100563,2023년 11월 15일 20시,수요일,대구광역시 동구 효목동,경상사고,0,0,1,0,차대차 - 측면충돌,안전거리미확보,건조,맑음,교차로 - 교차로안,승용,여,52세,상해없음,승용,남,26세,경상
2023111500100564,2023년 11월 15일 20시,수요일,대구광역시 수성구 만촌동,중상사고,0,1,0,0,차대차 - 기타,안전운전불이행,건조,맑음,기타 - 기타,승용,여,61세,상해없음,자전거,남,15세,중상
2023111500100565,2023년 11월 15일 20시,수요일,대구광역시 수성구 만촌동,경상사고,0,0,1,1,차대차 - 기타,안전거리미확보,건조,맑음,기타 - 기타,승용,남,60세,부상신고,승용,남,31세,경상
2023111500100592,2023년 11월 15일 21시,수요일,대구광역시 수성구 두산동,경상사고,0,0,1,0,차대차 - 기타,안전거리미확보,건조,맑음,단일로 - 기타,승용,남,57세,상해없음,이륜,남,36세,경상
2023111500100593,2023년 11월 15일 21시,수요일,대구광역시 수성구 범어동,경상사고,0,0,1,0,차대차 - 기타,교차로운행방법위반,건조,맑음,교차로 - 교차로안,승용,남,27세,상해없음,승용,남,44세,경상
2023111500100614,2023년 11월 15일 22시,수요일,대구광역시 남구 대명동,경상사고,0,0,1,0,차대차 - 기타,안전운전불이행,건조,맑음,교차로 - 교차로안,이륜,남,64세,기타불명,이륜,남,24세,경상
2023111500100632,2023년 11월 15일 23시,수요일,대구광역시 동구 신암동,경상사고,0,0,3,0,차대차 - 측면충돌,중앙선침범,건조,맑음,단일로 - 기타,이륜,남,26세,경상,화물,남,64세,경상
2023111600100005,2023년 11월 16일 00시,목요일,대구광역시 서구 평리동,부상신고사고,0,0,0,1,차량단독 - 전도전복 - 전도,안전운전불이행,건조,맑음,단일로 - 기타,이륜,남,20세,부상신고,,,,
2023111600100029,2023년 11월 16일 05시,목요일,대구광역시 달성군 다사읍,중상사고,0,1,0,0,차대사람 - 기타,안전운전불이행,건조,맑음,기타 - 기타,승용,남,68세,상해없음,보행자,여,54세,중상
2023111600100037,2023년 11월 16일 06시,목요일,대구광역시 달서구 월성동,경상사고,0,0,1,0,차대사람 - 기타,안전운전불이행,건조,맑음,교차로 - 교차로부근,승용,남,48세,상해없음,보행자,남,59세,경상
2023111600100076,2023년 11월 16일 08시,목요일,대구광역시 동구 상매동,경상사고,0,0,1,0,차대차 - 측면충돌,안전거리미확보,건조,맑음,단일로 - 기타,승용,남,44세,상해없음,승용,남,61세,경상
2023111600100077,2023년 11월 16일 08시,목요일,대구광역시 중구 태평로2가,경상사고,0,0,1,0,차대차 - 측면충돌,안전거리미확보,건조,맑음,교차로 - 교차로안,승용,남,51세,상해없음,승용,여,56세,경상
2023111600100140,2023년 11월 16일 10시,목요일,대구광역시 남구 대명동,경상사고,0,0,1,0,차대차 - 측면충돌,안전운전불이행,건조,맑음,교차로 - 교차로안,승용,여,58세,상해없음,승용,여,35세,경상
2023111600100228,2023년 11월 16일 13시,목요일,대구광역시 달성군 구지면,경상사고,0,0,1,0,차대차 - 측면충돌,안전운전불이행,건조,맑음,교차로 - 교차로안,승용,남,66세,상해없음,승용,여,47세,경상
2023111600100229,2023년 11월 16일 13시,목요일,대구광역시 달성군 가창면,경상사고,0,0,1,0,차대차 - 기타,중앙선침범,건조,맑음,단일로 - 기타,승용,여,55세,상해없음,승용,남,57세,경상
2023111600100230,2023년 11월 16일 13시,목요일,대구광역시 달성군 현풍읍,경상사고,0,0,1,0,차대차 - 기타,신호위반,건조,맑음,교차로 - 교차로안,승용,남,45세,상해없음,승용,남,65세,경상
2023111600100231,2023년 11월 16일 13시,목요일,대구광역시 달서구 두류동,경상사고,0,0,1,0,차대사람 - 기타,안전운전불이행,젖음/습기,비,단일로 - 기타,이륜,남,25세,기타불명,보행자,남,67세,경상
2023111600100249,2023년 11월 16일 14시,목요일,대구광역시 달성군 하빈면,경상사고,0,0,1,0,차대차 - 기타,안전운전불이행,젖음/습기,비,단일로 - 기타,화물,남,57세,상해없음,승용,남,42세,경상
2023111600100253,2023년 11월 16일 14시,목요일,대구광역시 달서구 월성동,경상사고,0,0,1,0,차대차 - 측면충돌,신호위반,건조,맑음,교차로 - 교차로안,승용,남,41세,상해없음,화물,남,49세,경상
2023111600100254,2023년 11월 16일 14시,목요일,대구광역시 달서구 도원동,경상사고,0,0,2,0,차대차 - 추돌,안전운전불이행,건조,맑음,단일로 - 기타,승용,남,61세,상해없음,화물,남,45세,경상
2023111600100288,2023년 11월 16일 15시,목요일,대구광역시 중구 삼덕동1가,경상사고,0,0,1,0,차대차 - 기타,기타,건조,맑음,단일로 - 기타,승용,남,42세,상해없음,이륜,남,51세,경상