사고번호,사고일시,요일,시군구,사고내용,사망자수,중상자수,경상자수,부상신고자수,사고유형,법규위반,노면상태,기상상태,도로형태,가해운전자 차종,가해운전자 성별,가해운전자 연령,가해운전자 상해정도,피해운전자 차종,피해운전자 성별,피해운전자 연령,피해운전자 상해정도
2023112000100126,2023년 11월 20일 08시,월요일,대구광역시 중구 봉산동,경상사고,0,0,1,0,차대사람 - 횡단중,보행자보호의무위반,건조,맑음,교차로 - 교차로횡단보도내,승용,남,26세,상해없음,보행자,여,67세,경상
2023112000100127,2023년 11월 20일 08시,월요일,대구광역시 달서구 감삼동,중상사고,0,1,0,0,차대사람 - 횡단중,신호위반,건조,맑음,교차로 - 교차로안,원동기,여,60세,상해없음,보행자,여,59세,중상
2023112000100168,2023년 11월 20일 09시,월요일,대구광역시 수성구 수성동3가,경상사고,0,0,1,0,차대차 - 측면충돌,안전운전불이행,건조,맑음,단일로 - 기타,화물,남,62세,기타불명,승용,남,47세,경상
2023112000100169,2023년 11월 20일 09시,월요일,대구광역시 달성군 다사읍,경상사고,0,0,2,0,차대차 - 기타,안전운전불이행,건조,맑음,교차로 - 교차로안,승용,남,71세,경상,화물,남,35세,경상
2023112000100170,2023년 11월 20일 09시,월요일,대구광역시 중구 남산동,경상사고,0,0,1,0,차대차 - 측면충돌,안전운전불이행,건조,맑음,교차로 - 교차로부근,승용,남,67세,상해없음,승용,남,39세,경상
2023112000100209,2023년 11월 20일 10시,월요일,대구광역시 동구 율암동,경상사고,0,0,1,0,차대차 - 정면충돌,안전운전불이행,건조,맑음,단일로 - 지하차도(도로)내,승용,여,32세,상해없음,승용,남,34세,경상
2023112000100210,2023년 11월 20일 10시,월요일,대구광역시 달서구 진천동,중상사고,0,1,0,0,차대사람 - 보도통행중,보행자보호의무위반,건조,맑음,교차로 - 교차로횡단보도내,승용,여,48세,상해없음,보행자,여,74세,중상
2023112000100252,2023년 11월 20일 11시,월요일,대구광역시 동구 봉무동,중상사고,0,1,0,0,차대차 - 정면충돌,신호위반,건조,맑음,단일로 - 기타,승용,여,27세,상해없음,자전거,여,68세,중상
2023112000100253,2023년 11월 20일 11시,월요일,대구광역시 달성군 현풍읍,사망사고,1,0,0,0,차대사람 - 기타,안전운전불이행,건조,맑음,교차로 - 교차로부근,승용,남,50세,상해없음,보행자,여,93세,사망
2023112000100254,2023년 11월 20일 11시,월요일,대구광역시 달성군 다사읍,경상사고,0,0,1,0,차대차 - 기타,안전운전불이행,건조,맑음,교차로 - 교차로안,승용,남,77세,상해없음,승용,여,38세,경상
2023112000100255,2023년 11월 20일 11시,월요일,대구광역시 북구 태전동,경상사고,0,0,1,0,차대사람 - 횡단중,보행자보호의무위반,건조,맑음,교차로 - 교차로부근,승용,여,43세,상해없음,보행자,남,38세,경상
2023112000100291,2023년 11월 20일 12시,월요일,대구광역시 군위군 우보면,경상사고,0,0,2,0,차대차 - 측면충돌,중앙선침범,건조,맑음,단일로 - 기타,화물,남,38세,경상,승용,여,45세,경상
2023112000100300,2023년 11월 20일 12시,월요일,대구광역시 수성구 범어동,경상사고,0,0,1,0,차대차 - 후진중충돌,안전운전불이행,건조,맑음,주차장 - 주차장,승용,여,67세,상해없음,화물,남,43세,경상
2023112000100301,2023년 11월 20일 12시,월요일,대구광역시 중구 남산동,중상사고,0,1,0,0,차대차 - 측면충돌,교차로운행방법위반,건조,맑음,교차로 - 교차로안,승용,남,74세,상해없음,이륜,남,48세,중상
2023112000100332,2023년 11월 20일 13시,월요일,대구광역시 남구 대명동,중상사고,0,1,1,0,차대차 - 기타,중앙선침범,건조,맑음,단일로 - 기타,승용,여,63세,중상,승용,남,41세,경상
2023112000100333,2023년 11월 20일 13시,월요일,대구광역시 동구 신암동,경상사고,0,0,1,0,차대차 - 기타,신호위반,건조,맑음,교차로 - 교차로안,승용,여,25세,상해없음,이륜,남,43세,경상
2023112000100375,2023년 11월 20일 14시,월요일,대구광역시 동구 지묘동,경상사고,0,0,4,0,차대차 - 측면충돌,안전거리미확보,건조,맑음,단일로 - 기타,승용,여,68세,상해없음,승용,남,55세,경상
2023112000100376,2023년 11월 20일 14시,월요일,대구광역시 달서구 월성동,경상사고,0,0,1,0,차대사람 - 횡단중,보행자보호의무위반,건조,맑음,교차로 - 교차로안,승용,남,30세,상해없음,보행자,여,10세,경상
2023112000100377,2023년 11월 20일 14시,월요일,대구광역시 북구 침산동,경상사고,0,0,1,0,차대차 - 정면충돌,교차로운행방법위반,건조,맑음,교차로 - 교차로안,승용,여,61세,기타불명,이륜,남,17세,경상
2023112000100421,2023년 11월 20일 15시,월요일,대구광역시 남구 대명동,경상사고,0,0,1,0,차대차 - 측면충돌,신호위반,건조,맑음,교차로 - 교차로부근,승용,여,50세,상해없음,승용,여,47세,경상
2023112000100422,2023년 11월 20일 15시,월요일,대구광역시 동구 방촌동,중상사고,0,1,0,0,차대사람 - 기타,기타,건조,맑음,단일로 - 기타,이륜,남,66세,상해없음,보행자,여,34세,중상
2023112000100423,2023년 11월 20일 15시,월요일,대구광역시 달서구 월성동,경상사고,0,0,2,0,차대차 - 측면충돌,교차로운행방법위반,건조,맑음,교차로 - 교차로안,화물,남,42세,상해없음,승용,남,22세,경상
2023112000100424,2023년 11월 20일 15시,월요일,대구광역시 서구 평리동,경상사고,0,0,1,0,차대차 - 측면충돌,안전운전불이행,건조,맑음,단일로 - 기타,승용,여,43세,상해없음,화물,남,68세,경상
2023112000100466,2023년 11월 20일 16시,월요일,대구광역시 달서구 본동,중상사고,0,1,0,0,차대차 - 측면충돌,안전운전불이행,건조,맑음,단일로 - 교량,화물,남,63세,상해없음,승용,남,26세,중상
2023112000100505,2023년 11월 20일 17시,월요일,대구광역시 서구 평리동,중상사고,0,1,1,0,차대차 - 정면충돌,안전운전불이행,건조,맑음,교차로 - 교차로부근,승합,남,53세,상해없음,승용,남,62세,경상
2023112000100546,2023년 11월 20일 18시,월요일,대구광역시 동구 신암동,경상사고,0,0,1,0,차대사람 - 기타,안전운전불이행,건조,맑음,단일로 - 기타,승용,여,24세,상해없음,보행자,여,65세,경상
2023112000100547,2023년 11월 20일 18시,월요일,대구광역시 달서구 대천동,경상사고,0,0,1,0,차대차 - 측면충돌,안전운전불이행,건조,맑음,교차로 - 교차로부근,승용,남,63세,경상,화물,남,51세,상해없음
2023112000100584,2023년 11월 20일 19시,월요일,대구광역시 북구 노원동3가,경상사고,0,0,1,0,차대차 - 추돌,안전거리미확보,건조,맑음,단일로 - 기타,승용,남,30세,상해없음,승용,여,44세,경상
2023112000100613,2023년 11월 20일 20시,월요일,대구광역시 동구 방촌동,중상사고,0,1,0,0,차대사람 - 횡단중,안전운전불이행,건조,맑음,교차로 - 교차로안,승용,남,63세,상해없음,보행자,여,60세,중상
2023112100100013,2023년 11월 21일 01시,화요일,대구광역시 수성구 범어동,중상사고,0,1,1,0,차대차 - 정면충돌,중앙선침범,건조,맑음,교차로 - 교차로부근,승용,남,42세,상해없음,승용,남,54세,중상
2023112100100020,2023년 11월 21일 02시,화요일,대구광역시 수성구 사월동,중상사고,0,1,0,0,차대차 - 추돌,안전운전불이행,건조,맑음,교차로 - 교차로부근,기타불명,기타불명,미분류,기타불명,화물,남,47세,중상
2023112100100057,2023년 11월 21일 06시,화요일,대구광역시 군위군 군위읍,중상사고,0,1,0,0,차대차 - 정면충돌,안전운전불이행,젖음/습기,안개,단일로 - 기타,승용,여,52세,상해없음,화물,남,73세,중상
2023112100100061,2023년 11월 21일 06시,화요일,대구광역시 달성군 화원읍,중상사고,0,1,0,0,차대사람 - 횡단중,안전운전불이행,건조,맑음,교차로 - 교차로횡단보도내,승용,여,43세,상해없음,보행자,여,71세,중상
2023112100100081,2023년 11월 21일 07시,화요일,대구광역시 북구 침산동,경상사고,0,0,1,0,차대차 - 측면충돌,안전운전불이행,건조,맑음,교차로 - 교차로안,승용,남,44세,상해없음,승용,남,34세,경상
2023112100100138,2023년 11월 21일 08시,화요일,대구광역시 북구 산격동,경상사고,0,0,1,0,차대차 - 측면충돌,안전거리미확보,건조,맑음,단일로 - 기타,승용,여,51세,기타불명,승용,여,47세,경상
2023112100100139,2023년 11월 21일 08시,화요일,대구광역시 남구 대명동,중상사고,0,1,1,0,차대차 - 정면충돌,신호위반,건조,맑음,교차로 - 교차로횡단보도내,원동기,남,57세,중상,승용,여,53세,경상
2023112100100211,2023년 11월 21일 10시,화요일,대구광역시 동구 신암동,경상사고,0,0,1,0,차대차 - 측면충돌,교차로운행방법위반,건조,맑음,교차로 - 교차로부근,화물,남,59세,상해없음,자전거,남,78세,경상
2023112100100212,2023년 11월 21일 10시,화요일,대구광역시 중구 대신동,경상사고,0,0,1,0,차대차 - 기타,안전운전불이행,건조,맑음,단일로 - 기타,화물,남,28세,상해없음,승용,여,62세,경상
2023112100100245,2023년 11월 21일 11시,화요일,대구광역시 수성구 황금동,부상신고사고,0,0,0,1,차대차 - 측면충돌,안전운전불이행,건조,맑음,단일로 - 기타,이륜,남,51세,부상신고,승용,여,68세,상해없음
2023112100100246,2023년 11월 21일 11시,화요일,대구광역시 중구 동산동,경상사고,0,0,2,0,차대차 - 기타,안전거리미확보,건조,맑음,단일로 - 기타,승용,여,28세,경상,승용,여,52세,경상
2023112100100276,2023년 11월 21일 12시,화요일,대구광역시 달서구 월성동,경상사고,0,0,3,0,차대차 - 측면충돌,교차로운행방법위반,건조,맑음,교차로 - 교차로안,승용,여,31세,경상,화물,남,29세,경상
2023112100100277,2023년 11월 21일 12시,화요일,대구광역시 북구 산격동,경상사고,0,0,1,0,차대차 - 후진중충돌,안전운전불이행,건조,맑음,교차로 - 교차로부근,승용,여,63세,상해없음,승용,남,65세,경상
2023112100100278,2023년 11월 21일 12시,화요일,대구광역시 서구 비산동,경상사고,0,0,1,0,차대차 - 추돌,안전운전불이행,건조,맑음,단일로 - 기타,이륜,남,52세,기타불명,승용,여,31세,경상
2023112100100315,2023년 11월 21일 13시,화요일,대구광역시 남구 대명동,경상사고,0,0,1,0,차대차 - 추돌,안전운전불이행,건조,맑음,단일로 - 기타,이륜,남,51세,상해없음,이륜,남,56세,경상
2023112100100316,2023년 11월 21일 13시,화요일,대구광역시 서구 평리동,경상사고,0,0,1,0,차대사람 - 횡단중,보행자보호의무위반,건조,맑음,교차로 - 교차로안,승용,남,26세,상해없음,보행자,남,45세,경상
2023112100100317,2023년 11월 21일 13시,화요일,대구광역시 중구 동인동2가,경상사고,0,0,1,0,차대차 - 측면충돌,신호위반,건조,맑음,교차로 - 교차로부근,승용,남,54세,상해없음,승용,남,36세,경상
2023112100100355,2023년 11월 21일 14시,화요일,대구광역시 동구 신기동,경상사고,0,0,7,0,차대차 - 추돌,안전운전불이행,건조,맑음,단일로 - 지하차도(도로)내,화물,남,40세,상해없음,승합,남,59세,경상
2023112100100356,2023년 11월 21일 14시,화요일,대구광역시 동구 신천동,경상사고,0,0,4,1,차대차 - 측면충돌,안전운전불이행,건조,맑음,단일로 - 기타,승용,여,60세,부상신고,승용,남,64세,경상
2023112100100357,2023년 11월 21일 14시,화요일,대구광역시 달서구 월암동,경상사고,0,0,1,0,차대차 - 측면충돌,신호위반,건조,맑음,교차로 - 교차로안,화물,남,58세,상해없음,화물,남,63세,경상
2023112100100392,2023년 11월 21일 15시,화요일,대구광역시 남구 대명동,경상사고,0,0,1,0,차대사람 - 기타,안전운전불이행,건조,맑음,단일로 - 기타,승용,여,53세,기타불명,보행자,여,13세,경상
2023112100100393,2023년 11월 21일 15시,화요일,대구광역시 수성구 범어동,경상사고,0,0,1,0,차대차 - 측면충돌,안전운전불이행,건조,맑음,교차로 - 교차로부근,승용,남,79세,상해없음,승용,남,39세,경상
2023112100100395,2023년 11월 21일 15시,화요일,대구광역시 중구 삼덕동3가,경상사고,0,0,1,0,차대차 - 측면충돌,안전거리미확보,건조,맑음,단일로 - 기타,승용,남,83세,상해없음,승용,남,35세,경상
2023112100100442,2023년 11월 21일 16시,화요일,대구광역시 동구 각산동,경상사고,0,0,1,1,차대차 - 측면충돌,안전거리미확보,건조,맑음,단일로 - 기타,화물,남,59세,상해없음,승용,남,69세,부상신고
2023112100100443,2023년 11월 21일 16시,화요일,대구광역시 달성군 구지면,중상사고,0,1,1,0,차대사람 - 보도통행중,기타,건조,맑음,단일로 - 기타,승용,남,32세,상해없음,보행자,남,11세,중상
2023112100100504,2023년 11월 21일 17시,화요일,대구광역시 수성구 수성동1가,경상사고,0,0,1,0,차대차 - 후진중충돌,안전운전불이행,건조,맑음,단일로 - 기타,승용,남,47세,상해없음,화물,남,42세,경상
2023112100100505,2023년 11월 21일 17시,화요일,대구광역시 달서구 두류동,중상사고,0,1,0,0,차대사람 - 보도통행중,안전운전불이행,건조,맑음,기타 - 기타,승용,남,39세,상해없음,보행자,남,11세,중상
2023112100100506,2023년 11월 21일 17시,화요일,대구광역시 달서구 이곡동,경상사고,0,0,1,0,차대사람 - 기타,신호위반,건조,맑음,교차로 - 교차로부근,승용,남,58세,기타불명,보행자,여,73세,경상
2023112100100507,2023년 11월 21일 17시,화요일,대구광역시 달서구 성당동,경상사고,0,0,1,0,차대차 - 기타,안전운전불이행,건조,맑음,기타 - 기타,승용,남,56세,상해없음,승용,남,46세,경상
2023112100100562,2023년 11월 21일 18시,화요일,대구광역시 동구 율하동,경상사고,0,0,1,0,차대사람 - 기타,안전운전불이행,건조,맑음,단일로 - 지하차도(도로)내,화물,남,30세,상해없음,보행자,여,70세,경상
2023112100100563,2023년 11월 21일 18시,화요일,대구광역시 동구 신기동,경상사고,0,0,1,0,차대차 - 측면충돌,안전운전불이행,건조,맑음,단일로 - 기타,승용,남,54세,상해없음,자전거,남,19세,경상
2023112100100564,2023년 11월 21일 18시,화요일,대구광역시 달성군 다사읍,경상사고,0,0,2,0,차대사람 - 기타,보행자보호의무위반,건조,맑음,교차로 - 교차로횡단보도내,승용,남,69세,상해없음,보행자,여,65세,경상
2023112100100565,2023년 11월 21일 18시,화요일,대구광역시 북구 읍내동,경상사고,0,0,1,0,차대차 - 측면충돌,직진우회전진행방해,건조,맑음,교차로 - 교차로안,승용,여,50세,기타불명,이륜,남,48세,경상
2023112100100610,2023년 11월 21일 19시,화요일,대구광역시 수성구 신매동,경상사고,0,0,1,0,차대사람 - 횡단중,보행자보호의무위반,건조,맑음,교차로 - 교차로횡단보도내,승용,남,57세,상해없음,보행자,여,8세,경상
2023112200100086,2023년 11월 22일 07시,수요일,대구광역시 동구 검사동,중상사고,0,1,0,0,차대사람 - 횡단중,안전운전불이행,건조,맑음,단일로 - 지하차도(도로)내,승용,여,53세,상해없음,보행자,여,73세,중상
2023112200100087,2023년 11월 22일 07시,수요일,대구광역시 수성구 만촌동,경상사고,0,0,1,0,차대사람 - 기타,안전운전불이행,기타,맑음,기타 - 기타,화물,남,71세,상해없음,보행자,여,67세,경상
2023112200100171,2023년 11월 22일 09시,수요일,대구광역시 군위군 군위읍,중상사고,0,1,0,0,차대차 - 측면충돌,안전운전불이행,건조,맑음,교차로 - 교차로안,승용,남,29세,상해없음,이륜,남,82세,중상
2023112200100174,2023년 11월 22일 09시,수요일,대구광역시 수성구 지산동,경상사고,0,0,1,0,차대차 - 측면충돌,안전거리미확보,건조,맑음,단일로 - 기타,승용,여,63세,상해없음,승용,남,59세,경상
2023112200100175,2023년 11월 22일 09시,수요일,대구광역시 달서구 대곡동,경상사고,0,0,1,0,차대차 - 측면충돌,직진우회전진행방해,건조,맑음,교차로 - 교차로안,승용,여,54세,상해없음,승용,여,53세,경상
2023112200100243,2023년 11월 22일 11시,수요일,대구광역시 북구 노원동3가,중상사고,0,1,0,0,차대차 - 측면충돌,안전운전불이행,건조,맑음,단일로 - 기타,화물,남,63세,상해없음,이륜,남,45세,중상
2023112200100280,2023년 11월 22일 12시,수요일,대구광역시 북구 팔달동,경상사고,0,0,1,0,차대차 - 기타,기타,건조,맑음,교차로 - 교차로부근,기타불명,기타불명,미분류,기타불명,이륜,남,32세,경상
2023112200100317,2023년 11월 22일 13시,수요일,대구광역시 달서구 진천동,경상사고,0,0,1,0,차대차 - 기타,안전운전불이행,건조,맑음,단일로 - 기타,승용,여,32세,상해없음,이륜,남,27세,경상
2023112200100318,2023년 11월 22일 13시,수요일,대구광역시 달서구 송현동,중상사고,0,1,2,0,차대차 - 기타,교차로운행방법위반,건조,맑음,단일로 - 기타,승용,여,65세,상해없음,승합,남,51세,상해없음
2023112200100341,2023년 11월 22일 14시,수요일,대구광역시 동구 지묘동,중상사고,0,1,0,0,차대차 - 측면충돌,안전운전불이행,건조,맑음,단일로 - 기타,승용,남,56세,상해없음,자전거,남,82세,중상
2023112200100343,2023년 11월 22일 14시,수요일,대구광역시 달서구 상인동,경상사고,0,0,1,0,차대차 - 측면충돌,안전운전불이행,건조,맑음,교차로 - 교차로안,화물,남,42세,상해없음,자전거,여,42세,경상
2023112200100344,2023년 11월 22일 14시,수요일,대구광역시 북구 읍내동,중상사고,0,1,0,0,차대차 - 측면충돌,안전운전불이행,건조,맑음,단일로 - 기타,승용,남,65세,상해없음,승용,남,31세,중상
2023112200100386,2023년 11월 22일 15시,수요일,대구광역시 달서구 송현동,경상사고,0,0,1,0,차대사람 - 차도통행중,안전운전불이행,건조,맑음,단일로 - 기타,이륜,남,18세,기타불명,보행자,남,12세,경상
2023112200100387,2023년 11월 22일 15시,수요일,대구광역시 달성군 화원읍,부상신고사고,0,0,0,1,차대사람 - 기타,안전운전불이행,건조,맑음,기타 - 기타,승합,남,48세,기타불명,보행자,여,72세,부상신고
2023112200100448,2023년 11월 22일 17시,수요일,대구광역시 북구 고성동2가,경상사고,0,0,1,0,차대사람 - 횡단중,보행자보호의무위반,건조,맑음,단일로 - 기타,화물,남,53세,상해없음,보행자,남,36세,경상
2023112200100449,2023년 11월 22일 17시,수요일,대구광역시 서구 원대동2가,중상사고,0,1,1,0,차대차 - 측면충돌,직진우회전진행방해,건조,맑음,교차로 - 교차로안,자전거,여,22세,중상,이륜,남,43세,경상
2023112200100513,2023년 11월 22일 18시,수요일,대구광역시 수성구 신매동,경상사고,0,0,3,0,차대차 - 기타,직진우회전진행방해,건조,맑음,교차로 - 교차로안,승용,여,45세,경상,승용,남,66세,경상
2023112200100514,2023년 11월 22일 18시,수요일,대구광역시 달서구 유천동,경상사고,0,0,1,0,차대차 - 측면충돌,안전운전불이행,건조,맑음,교차로 - 교차로안,승용,여,67세,상해없음,자전거,남,12세,경상
2023112200100558,2023년 11월 22일 19시,수요일,대구광역시 수성구 두산동,경상사고,0,0,1,0,차대사람 - 기타,안전운전불이행,건조,맑음,미분류 - 미분류,개인형이동수단(PM),남,15세,상해없음,보행자,여,52세,경상
2023112200100559,2023년 11월 22일 19시,수요일,대구광역시 달서구 도원동,중상사고,0,1,0,0,차대사람 - 횡단중,안전운전불이행,건조,맑음,단일로 - 기타,승용,남,44세,상해없음,보행자,여,53세,중상
2023112200100560,2023년 11월 22일 19시,수요일,대구광역시 달성군 옥포읍,중상사고,0,1,0,0,차대차 - 기타,안전운전불이행,건조,맑음,교차로 - 교차로부근,승용,여,57세,상해없음,승용,남,73세,중상
2023112200100561,2023년 11월 22일 19시,수요일,대구광역시 달성군 논공읍,중상사고,0,1,0,0,차대사람 - 기타,교차로운행방법위반,건조,맑음,기타 - 기타,승용,남,50세,상해없음,보행자,남,48세,중상
2023112200100603,2023년 11월 22일 21시,수요일,대구광역시 동구 상매동,부상신고사고,0,0,0,3,차대차 - 측면충돌,안전운전불이행,건조,맑음,단일로 - 기타,승용,남,40세,상해없음,승용,남,63세,상해없음
2023112200100620,2023년 11월 22일 22시,수요일,대구광역시 수성구 범어동,부상신고사고,0,0,0,1,차대차 - 측면충돌,안전운전불이행,건조,기타,교차로 - 교차로횡단보도내,기타불명,기타불명,미분류,기타불명,자전거,여,59세,부상신고
2023112200100633,2023년 11월 22일 23시,수요일,대구광역시 수성구 파동,경상사고,0,0,1,0,차대차 - 측면충돌,안전운전불이행,건조,맑음,교차로 - 교차로안,승용,남,70세,상해없음,이륜,남,21세,경상
2023112200100634,2023년 11월 22일 23시,수요일,대구광역시 달성군 화원읍,경상사고,0,0,1,0,차량단독 - 기타,안전운전불이행,건조,맑음,단일로 - 기타,이륜,남,18세,경상,,,,
2023112300100020,2023년 11월 23일 02시,목요일,대구광역시 달서구 이곡동,경상사고,0,0,1,0,차대차 - 정면충돌,안전운전불이행,건조,맑음,교차로 - 교차로부근,승용,남,37세,상해없음,승용,남,53세,경상
2023112300100079,2023년 11월 23일 07시,목요일,대구광역시 수성구 파동,중상사고,0,1,0,0,차대차 - 측면충돌,안전운전불이행,건조,맑음,단일로 - 기타,승용,여,70세,상해없음,이륜,남,59세,중상
2023112300100180,2023년 11월 23일 10시,목요일,대구광역시 북구 산격동,경상사고,0,0,1,0,차대사람 - 횡단중,보행자보호의무위반,건조,맑음,교차로 - 교차로안,화물,남,34세,상해없음,보행자,여,62세,경상
2023112300100238,2023년 11월 23일 12시,목요일,대구광역시 동구 동호동,경상사고,0,0,1,0,차대차 - 측면충돌,신호위반,건조,맑음,교차로 - 교차로안,승용,여,52세,상해없음,승용,여,39세,경상
2023112300100265,2023년 11월 23일 13시,목요일,대구광역시 동구 율암동,경상사고,0,0,1,0,차대차 - 측면충돌,안전거리미확보,건조,맑음,단일로 - 기타,승용,남,33세,기타불명,승용,남,59세,경상
2023112300100266,2023년 11월 23일 13시,목요일,대구광역시 달서구 월암동,경상사고,0,0,1,0,차대차 - 측면충돌,안전운전불이행,건조,맑음,교차로 - 교차로횡단보도내,화물,남,55세,상해없음,개인형이동수단(PM),여,21세,경상
2023112300100267,2023년 11월 23일 13시,목요일,대구광역시 북구 침산동,경상사고,0,0,1,0,차대차 - 측면충돌,안전거리미확보,건조,맑음,교차로 - 교차로횡단보도내,승용,여,48세,상해없음,승합,남,40세,상해없음
2023112300100296,2023년 11월 23일 14시,목요일,대구광역시 수성구 시지동,중상사고,0,1,4,0,차대차 - 추돌,안전거리미확보,건조,맑음,교차로 - 교차로부근,화물,남,64세,상해없음,승용,여,41세,경상
2023112300100298,2023년 11월 23일 14시,목요일,대구광역시 중구 대봉동,중상사고,0,1,0,0,차대차 - 측면충돌,안전운전불이행,건조,맑음,기타 - 기타,승용,남,63세,상해없음,승용,남,22세,중상
2023112300100299,2023년 11월 23일 14시,목요일,대구광역시 달서구 이곡동,경상사고,0,0,1,0,차대차 - 측면충돌,안전운전불이행,건조,맑음,교차로 - 교차로안,이륜,남,37세,경상,승용,여,56세,상해없음
2023112300100321,2023년 11월 23일 15시,목요일,대구광역시 달성군 옥포읍,경상사고,0,0,1,0,차대차 - 기타,안전운전불이행,건조,맑음,단일로 - 기타,화물,남,65세,상해없음,승용,남,46세,경상
2023112300100366,2023년 11월 23일 16시,목요일,대구광역시 달서구 월성동,경상사고,0,0,1,0,차대사람 - 횡단중,안전운전불이행,건조,맑음,교차로 - 교차로부근,승용,여,32세,상해없음,보행자,남,18세,경상
2023112300100367,2023년 11월 23일 16시,목요일,대구광역시 달서구 도원동,경상사고,0,0,1,0,차대차 - 측면충돌,안전운전불이행,건조,맑음,단일로 - 기타,승용,여,42세,상해없음,승용,여,61세,경상
2023112300100368,2023년 11월 23일 16시,목요일,대구광역시 달성군 화원읍,중상사고,0,1,0,0,차대사람 - 기타,기타,건조,맑음,단일로 - 기타,승용,남,67세,상해없음,보행자,여,57세,중상
2023112300100413,2023년 11월 23일 17시,목요일,대구광역시 서구 비산동,경상사고,0,0,1,0,차대차 - 측면충돌,안전운전불이행,건조,맑음,단일로 - 기타,이륜,남,52세,경상,승용,여,31세,상해없음
2023112300100414,2023년 11월 23일 17시,목요일,대구광역시 북구 동변동,경상사고,0,0,1,0,차대사람 - 횡단중,안전운전불이행,건조,맑음,교차로 - 교차로안,승용,남,43세,상해없음,보행자,남,72세,경상
2023112300100468,2023년 11월 23일 18시,목요일,대구광역시 동구 신암동,경상사고,0,0,1,0,차대차 - 측면충돌,안전거리미확보,건조,맑음,교차로 - 교차로안,승용,남,77세,상해없음,승용,남,31세,상해없음
2023112300100469,2023년 11월 23일 18시,목요일,대구광역시 수성구 수성동2가,경상사고,0,0,2,0,차대차 - 측면충돌,안전운전불이행,건조,맑음,교차로 - 교차로부근,승용,남,30세,경상,승용,남,54세,경상
2023112300100470,2023년 11월 23일 18시,목요일,대구광역시 수성구 범어동,경상사고,0,0,1,0,차대차 - 추돌,안전운전불이행,건조,맑음,단일로 - 기타,이륜,남,53세,상해없음,승용,여,43세,경상
2023112300100471,2023년 11월 23일 18시,목요일,대구광역시 북구 산격동,부상신고사고,0,0,0,1,차대차 - 측면충돌,중앙선침범,건조,기타,교차로 - 교차로횡단보도내,자전거,여,65세,부상신고,승용,남,36세,상해없음
2023112300100472,2023년 11월 23일 18시,목요일,대구광역시 서구 중리동,경상사고,0,0,1,0,차대사람 - 기타,안전운전불이행,건조,맑음,교차로 - 교차로부근,승용,여,24세,상해없음,보행자,여,67세,경상
2023112300100506,2023년 11월 23일 19시,목요일,대구광역시 수성구 성동,사망사고,1,0,0,0,차대차 - 기타,안전운전불이행,건조,맑음,단일로 - 기타,승용,남,32세,상해없음,화물,기타불명,미분류,기타불명
2023112300100507,2023년 11월 23일 19시,목요일,대구광역시 수성구 삼덕동,경상사고,0,0,1,0,차대차 - 측면충돌,안전운전불이행,건조,맑음,단일로 - 기타,승용,여,45세,상해없음,승용,남,46세,경상
2023112300100542,2023년 11월 23일 20시,목요일,대구광역시 수성구 신매동,경상사고,0,0,2,0,차대차 - 기타,신호위반,건조,맑음,단일로 - 기타,승용,남,22세,상해없음,승용,남,34세,경상
2023112300100543,2023년 11월 23일 20시,목요일,대구광역시 달서구 이곡동,경상사고,0,0,1,0,차대차 - 후진중충돌,불법유턴,건조,맑음,단일로 - 기타,승용,남,65세,상해없음,승용,남,26세,경상
2023112300100573,2023년 11월 23일 21시,목요일,대구광역시 서구 평리동,경상사고,0,0,2,0,차대차 - 측면충돌,기타,건조,맑음,단일로 - 기타,승용,남,43세,경상,승용,남,61세,경상
2023112300100597,2023년 11월 23일 22시,목요일,대구광역시 수성구 범어동,경상사고,0,0,2,1,차대차 - 추돌,안전운전불이행,건조,맑음,기타 - 기타,이륜,남,21세,부상신고,승용,여,45세,경상
2023112300100618,2023년 11월 23일 23시,목요일,대구광역시 수성구 지산동,부상신고사고,0,0,0,1,차대차 - 측면충돌,안전운전불이행,건조,맑음,단일로 - 기타,승용,여,44세,부상신고,승용,남,31세,기타불명
2023112400100058,2023년 11월 24일 06시,금요일,대구광역시 수성구 지산동,경상사고,0,0,1,0,차대차 - 기타,신호위반,건조,맑음,교차로 - 교차로안,승용,남,71세,상해없음,승용,남,72세,경상
2023112400100080,2023년 11월 24일 07시,금요일,대구광역시 동구 방촌동,경상사고,0,0,1,0,차대차 - 측면충돌,안전운전불이행,건조,맑음,교차로 - 교차로부근,건설기계,남,63세,상해없음,승용,여,55세,경상
2023112400100081,2023년 11월 24일 07시,금요일,대구광역시 달성군 현풍읍,중상사고,0,1,2,0,차대차 - 기타,차로위반,건조,맑음,단일로 - 기타,승용,여,29세,상해없음,승용,남,64세,경상
2023112400100115,2023년 11월 24일 08시,금요일,대구광역시 동구 신천동,경상사고,0,0,1,0,차대사람 - 보도통행중,기타,건조,맑음,단일로 - 기타,자전거,남,13세,상해없음,보행자,여,18세,경상
2023112400100116,2023년 11월 24일 08시,금요일,대구광역시 동구 동호동,경상사고,0,0,1,1,차대차 - 기타,안전운전불이행,건조,맑음,교차로 - 교차로안,승용,여,34세,상해없음,승용,남,43세,부상신고