사고번호,사고일시,요일,시군구,사고내용,사망자수,중상자수,경상자수,부상신고자수,사고유형,법규위반,노면상태,기상상태,도로형태,가해운전자 차종,가해운전자 성별,가해운전자 연령,가해운전자 상해정도,피해운전자 차종,피해운전자 성별,피해운전자 연령,피해운전자 상해정도
2023112400100117,2023년 11월 24일 08시,금요일,대구광역시 수성구 만촌동,경상사고,0,0,1,0,차대사람 - 횡단중,안전운전불이행,건조,맑음,단일로 - 기타,승용,여,70세,상해없음,보행자,여,63세,경상
2023112400100118,2023년 11월 24일 08시,금요일,대구광역시 수성구 황금동,부상신고사고,0,0,0,1,차대사람 - 길가장자리구역통행중,안전운전불이행,건조,맑음,단일로 - 기타,승합,남,61세,상해없음,보행자,남,61세,부상신고
2023112400100119,2023년 11월 24일 08시,금요일,대구광역시 달서구 월성동,중상사고,0,1,0,0,차대차 - 측면충돌,안전운전불이행,건조,맑음,단일로 - 기타,승용,남,36세,상해없음,자전거,여,67세,중상
2023112400100120,2023년 11월 24일 08시,금요일,대구광역시 달서구 상인동,경상사고,0,0,2,0,차대차 - 측면충돌,안전운전불이행,건조,맑음,단일로 - 기타,승용,여,49세,경상,승용,남,51세,경상
2023112400100121,2023년 11월 24일 08시,금요일,대구광역시 달성군 다사읍,경상사고,0,0,1,0,차대사람 - 기타,보행자보호의무위반,건조,맑음,교차로 - 교차로안,승용,여,40세,상해없음,보행자,남,38세,경상
2023112400100152,2023년 11월 24일 09시,금요일,대구광역시 수성구 범어동,부상신고사고,0,0,0,1,차대차 - 추돌,안전운전불이행,건조,맑음,단일로 - 기타,자전거,여,76세,부상신고,승용,남,59세,기타불명
2023112400100153,2023년 11월 24일 09시,금요일,대구광역시 달서구 호산동,경상사고,0,0,1,0,차대차 - 후진중충돌,안전운전불이행,건조,맑음,단일로 - 기타,승용,남,53세,기타불명,승용,여,33세,경상
2023112400100154,2023년 11월 24일 09시,금요일,대구광역시 북구 구암동,경상사고,0,0,1,0,차대차 - 측면충돌,교차로운행방법위반,건조,맑음,교차로 - 교차로안,승용,여,64세,상해없음,승용,남,63세,경상
2023112400100188,2023년 11월 24일 10시,금요일,대구광역시 수성구 범어동,부상신고사고,0,0,0,1,차대차 - 측면충돌,안전운전불이행,건조,맑음,단일로 - 기타,승용,남,56세,상해없음,승용,여,71세,부상신고
2023112400100189,2023년 11월 24일 10시,금요일,대구광역시 달서구 상인동,경상사고,0,0,1,0,차대차 - 기타,안전거리미확보,건조,맑음,단일로 - 기타,승용,여,78세,상해없음,승용,여,52세,경상
2023112400100190,2023년 11월 24일 10시,금요일,대구광역시 북구 학정동,경상사고,0,0,1,0,차대차 - 추돌,안전운전불이행,건조,맑음,교차로 - 교차로부근,화물,남,56세,상해없음,승용,남,39세,경상
2023112400100223,2023년 11월 24일 11시,금요일,대구광역시 서구 내당동,경상사고,0,0,1,1,차대차 - 측면충돌,안전거리미확보,건조,맑음,단일로 - 기타,승용,여,55세,부상신고,이륜,남,42세,경상
2023112400100224,2023년 11월 24일 11시,금요일,대구광역시 달서구 죽전동,경상사고,0,0,1,0,차대차 - 측면충돌,신호위반,건조,맑음,교차로 - 교차로안,승용,여,52세,상해없음,이륜,남,45세,경상
2023112400100262,2023년 11월 24일 12시,금요일,대구광역시 수성구 범어동,경상사고,0,0,1,0,차대차 - 측면충돌,안전운전불이행,건조,맑음,단일로 - 기타,건설기계,남,61세,상해없음,승용,남,25세,경상
2023112400100263,2023년 11월 24일 12시,금요일,대구광역시 수성구 황금동,중상사고,0,1,1,0,차대차 - 측면충돌,안전운전불이행,건조,맑음,교차로 - 교차로부근,승용,여,53세,상해없음,승용,남,59세,중상
2023112400100304,2023년 11월 24일 13시,금요일,대구광역시 동구 용수동,중상사고,0,2,0,1,차대사람 - 기타,안전운전불이행,건조,맑음,단일로 - 기타,화물,남,66세,중상,보행자,여,64세,부상신고
2023112400100305,2023년 11월 24일 13시,금요일,대구광역시 동구 효목동,경상사고,0,0,1,0,차대차 - 추돌,안전운전불이행,건조,맑음,단일로 - 기타,승용,남,34세,상해없음,승용,남,47세,경상
2023112400100347,2023년 11월 24일 14시,금요일,대구광역시 북구 산격동,경상사고,0,0,1,0,차대차 - 기타,안전거리미확보,건조,맑음,단일로 - 기타,승용,남,89세,상해없음,승용,남,46세,경상
2023112400100348,2023년 11월 24일 14시,금요일,대구광역시 서구 이현동,경상사고,0,0,2,0,차대차 - 추돌,안전운전불이행,건조,맑음,단일로 - 기타,화물,남,53세,상해없음,승용,여,32세,경상
2023112400100382,2023년 11월 24일 15시,금요일,대구광역시 군위군 효령면,사망사고,2,0,0,0,차량단독 - 공작물충돌,안전운전불이행,건조,맑음,단일로 - 기타,화물,남,82세,사망,,,,
2023112400100386,2023년 11월 24일 15시,금요일,대구광역시 수성구 상동,경상사고,0,0,1,0,차대차 - 추돌,안전운전불이행,건조,맑음,단일로 - 기타,원동기,남,46세,상해없음,승용,남,60세,상해없음
2023112400100423,2023년 11월 24일 16시,금요일,대구광역시 동구 각산동,경상사고,0,0,1,0,차대사람 - 차도통행중,안전운전불이행,건조,맑음,교차로 - 교차로안,승용,남,37세,상해없음,보행자,남,13세,경상
2023112400100424,2023년 11월 24일 16시,금요일,대구광역시 수성구 중동,경상사고,0,0,1,0,차대차 - 측면충돌,안전운전불이행,건조,맑음,단일로 - 기타,승용,여,47세,상해없음,승용,남,21세,경상
2023112400100425,2023년 11월 24일 16시,금요일,대구광역시 달성군 화원읍,경상사고,0,0,2,0,차대차 - 측면충돌,안전운전불이행,건조,맑음,교차로 - 교차로부근,자전거,남,13세,기타불명,승용,여,34세,경상
2023112400100426,2023년 11월 24일 16시,금요일,대구광역시 북구 국우동,사망사고,1,0,0,0,차대사람 - 기타,안전운전불이행,건조,맑음,단일로 - 기타,승합,남,65세,상해없음,보행자,여,84세,사망
2023112400100427,2023년 11월 24일 16시,금요일,대구광역시 북구 동천동,경상사고,0,0,1,0,차대사람 - 기타,안전운전불이행,건조,맑음,교차로 - 교차로부근,승용,여,29세,상해없음,보행자,남,26세,경상
2023112400100477,2023년 11월 24일 17시,금요일,대구광역시 동구 불로동,경상사고,0,0,2,0,차대차 - 측면충돌,안전거리미확보,건조,맑음,교차로 - 교차로안,승용,남,23세,상해없음,승용,여,61세,경상
2023112400100542,2023년 11월 24일 18시,금요일,대구광역시 남구 대명동,경상사고,0,0,2,0,차대차 - 측면충돌,안전운전불이행,건조,맑음,교차로 - 교차로안,승용,여,34세,경상,승용,여,56세,경상
2023112400100544,2023년 11월 24일 18시,금요일,대구광역시 달서구 월성동,경상사고,0,0,2,1,차대차 - 측면충돌,안전거리미확보,건조,맑음,단일로 - 기타,승용,여,50세,부상신고,승용,남,70세,경상
2023112400100545,2023년 11월 24일 18시,금요일,대구광역시 북구 노원동2가,경상사고,0,0,2,0,차대차 - 추돌,안전운전불이행,건조,맑음,교차로 - 교차로부근,승용,남,57세,상해없음,승용,여,43세,경상
2023112400100546,2023년 11월 24일 18시,금요일,대구광역시 서구 비산동,경상사고,0,0,2,0,차대차 - 측면충돌,교차로운행방법위반,건조,맑음,교차로 - 교차로안,승용,여,53세,경상,이륜,남,54세,경상
2023112400100547,2023년 11월 24일 18시,금요일,대구광역시 달서구 감삼동,경상사고,0,0,1,0,차대차 - 측면충돌,신호위반,건조,맑음,단일로 - 기타,승용,남,69세,기타불명,승합,남,77세,경상
2023112400100548,2023년 11월 24일 18시,금요일,대구광역시 달서구 신당동,경상사고,0,0,1,0,차대차 - 측면충돌,안전거리미확보,건조,맑음,단일로 - 기타,화물,남,63세,상해없음,승용,여,36세,경상
2023112400100594,2023년 11월 24일 19시,금요일,대구광역시 동구 불로동,중상사고,0,1,0,0,차대차 - 정면충돌,신호위반,건조,맑음,교차로 - 교차로안,승용,남,63세,상해없음,이륜,남,70세,중상
2023112400100595,2023년 11월 24일 19시,금요일,대구광역시 동구 신천동,경상사고,0,0,2,0,차대차 - 측면충돌,안전거리미확보,건조,맑음,단일로 - 기타,승용,남,27세,경상,승용,남,52세,경상
2023112400100596,2023년 11월 24일 19시,금요일,대구광역시 수성구 황금동,중상사고,0,1,0,0,차량단독 - 기타,안전운전불이행,건조,맑음,단일로 - 기타,승합,남,51세,상해없음,,,,
2023112400100597,2023년 11월 24일 19시,금요일,대구광역시 수성구 황금동,경상사고,0,0,1,0,차대차 - 측면충돌,안전운전불이행,건조,맑음,기타 - 기타,승용,남,61세,상해없음,화물,남,60세,경상
2023112400100598,2023년 11월 24일 19시,금요일,대구광역시 달서구 월성동,경상사고,0,0,1,0,차대차 - 기타,안전거리미확보,건조,맑음,기타 - 기타,승용,남,63세,상해없음,승용,남,42세,경상
2023112400100599,2023년 11월 24일 19시,금요일,대구광역시 달성군 다사읍,중상사고,0,1,0,0,차대차 - 기타,안전운전불이행,건조,맑음,단일로 - 기타,화물,남,61세,상해없음,승용,남,61세,상해없음
2023112400100600,2023년 11월 24일 19시,금요일,대구광역시 달서구 용산동,중상사고,0,1,0,0,차대차 - 정면충돌,신호위반,건조,맑음,교차로 - 교차로안,승용,여,58세,상해없음,이륜,남,51세,중상
2023112400100683,2023년 11월 24일 22시,금요일,대구광역시 북구 산격동,경상사고,0,0,1,0,차대차 - 측면충돌,안전운전불이행,건조,맑음,단일로 - 기타,승용,여,62세,상해없음,원동기,남,28세,경상
2023112400100705,2023년 11월 24일 23시,금요일,대구광역시 서구 비산동,중상사고,0,1,0,0,차대차 - 측면충돌,교차로운행방법위반,건조,맑음,교차로 - 교차로안,화물,남,63세,상해없음,이륜,남,68세,중상
2023112500100070,2023년 11월 25일 06시,토요일,대구광역시 서구 비산동,경상사고,0,0,1,0,차대차 - 측면충돌,안전운전불이행,건조,맑음,교차로 - 교차로안,승용,남,57세,상해없음,개인형이동수단(PM),남,32세,경상
2023112500100083,2023년 11월 25일 07시,토요일,대구광역시 동구 방촌동,중상사고,0,1,1,0,차대차 - 추돌,안전거리미확보,건조,맑음,교차로 - 교차로안,승용,남,26세,상해없음,승용,여,63세,중상
2023112500100154,2023년 11월 25일 10시,토요일,대구광역시 군위군 군위읍,경상사고,0,0,2,0,차대차 - 측면충돌,중앙선침범,건조,맑음,단일로 - 기타,승용,남,64세,상해없음,승용,남,73세,경상
2023112500100156,2023년 11월 25일 10시,토요일,대구광역시 동구 율하동,경상사고,0,0,2,0,차대차 - 측면충돌,안전거리미확보,건조,맑음,단일로 - 고가도로위,건설기계,남,40세,상해없음,승용,여,67세,경상
2023112500100157,2023년 11월 25일 10시,토요일,대구광역시 동구 신기동,중상사고,0,1,6,0,차대차 - 추돌,안전거리미확보,건조,맑음,단일로 - 기타,화물,남,51세,상해없음,승용,남,48세,경상
2023112500100158,2023년 11월 25일 10시,토요일,대구광역시 달서구 유천동,경상사고,0,0,1,0,차대차 - 기타,안전거리미확보,건조,맑음,단일로 - 기타,승용,남,63세,상해없음,승용,남,25세,경상
2023112500100198,2023년 11월 25일 11시,토요일,대구광역시 서구 내당동,경상사고,0,0,3,0,차대차 - 측면충돌,안전운전불이행,건조,맑음,교차로 - 교차로부근,승용,여,75세,경상,승합,남,47세,경상
2023112500100239,2023년 11월 25일 12시,토요일,대구광역시 남구 대명동,중상사고,0,1,0,0,차대사람 - 기타,신호위반,건조,맑음,기타 - 기타,승용,남,78세,상해없음,보행자,남,44세,중상
2023112500100240,2023년 11월 25일 12시,토요일,대구광역시 수성구 상동,경상사고,0,0,2,0,차대차 - 기타,직진우회전진행방해,건조,맑음,교차로 - 교차로안,승용,여,55세,경상,승용,남,25세,경상
2023112500100241,2023년 11월 25일 12시,토요일,대구광역시 북구 산격동,경상사고,0,0,2,0,차대차 - 측면충돌,안전운전불이행,건조,맑음,단일로 - 기타,승용,여,31세,상해없음,승용,남,38세,경상
2023112500100287,2023년 11월 25일 13시,토요일,대구광역시 동구 검사동,경상사고,0,0,2,0,차대차 - 정면충돌,신호위반,건조,맑음,교차로 - 교차로안,승용,여,72세,경상,화물,남,61세,경상
2023112500100288,2023년 11월 25일 13시,토요일,대구광역시 수성구 신매동,부상신고사고,0,0,0,1,차대차 - 측면충돌,안전운전불이행,건조,맑음,교차로 - 교차로횡단보도내,자전거,남,12세,부상신고,승용,여,25세,상해없음
2023112500100334,2023년 11월 25일 14시,토요일,대구광역시 남구 봉덕동,중상사고,0,2,1,0,차대차 - 추돌,안전운전불이행,건조,맑음,단일로 - 기타,승용,남,35세,상해없음,승용,남,49세,중상
2023112500100335,2023년 11월 25일 14시,토요일,대구광역시 동구 백안동,경상사고,0,0,1,0,차대차 - 측면충돌,안전거리미확보,건조,맑음,단일로 - 기타,승용,여,60세,상해없음,승용,여,50세,경상
2023112500100370,2023년 11월 25일 15시,토요일,대구광역시 달서구 월성동,경상사고,0,0,1,0,차대차 - 측면충돌,안전운전불이행,건조,맑음,단일로 - 기타,승용,여,33세,상해없음,이륜,남,27세,경상
2023112500100371,2023년 11월 25일 15시,토요일,대구광역시 북구 칠성동2가,중상사고,0,1,0,2,차대차 - 측면충돌,안전운전불이행,건조,맑음,단일로 - 기타,화물,남,65세,부상신고,이륜,남,27세,중상
2023112500100418,2023년 11월 25일 16시,토요일,대구광역시 수성구 신매동,경상사고,0,0,1,0,차대차 - 측면충돌,안전거리미확보,건조,맑음,교차로 - 교차로부근,화물,남,77세,상해없음,승용,남,30세,경상
2023112500100419,2023년 11월 25일 16시,토요일,대구광역시 수성구 신매동,경상사고,0,0,1,0,차량단독 - 기타,안전운전불이행,건조,맑음,단일로 - 기타,승합,남,68세,상해없음,,,,
2023112500100420,2023년 11월 25일 16시,토요일,대구광역시 중구 남산동,경상사고,0,0,3,0,차대차 - 추돌,안전운전불이행,건조,맑음,교차로 - 교차로부근,승용,남,54세,상해없음,승용,남,40세,경상
2023112500100452,2023년 11월 25일 17시,토요일,대구광역시 수성구 두산동,경상사고,0,0,3,0,차대차 - 기타,안전운전불이행,젖음/습기,맑음,교차로 - 교차로부근,이륜,남,20세,상해없음,승용,남,41세,경상
2023112500100453,2023년 11월 25일 17시,토요일,대구광역시 북구 칠성동2가,중상사고,0,1,0,0,차대사람 - 기타,안전운전불이행,건조,맑음,단일로 - 기타,승용,여,52세,상해없음,보행자,남,6세,중상
2023112500100503,2023년 11월 25일 18시,토요일,대구광역시 달서구 유천동,중상사고,0,1,0,0,차량단독 - 기타,안전운전불이행,건조,맑음,교차로 - 교차로안,이륜,남,63세,중상,,,,
2023112500100504,2023년 11월 25일 18시,토요일,대구광역시 달서구 진천동,경상사고,0,0,1,0,차대차 - 기타,안전거리미확보,건조,맑음,단일로 - 기타,승용,남,25세,상해없음,이륜,남,43세,경상
2023112500100505,2023년 11월 25일 18시,토요일,대구광역시 중구 남산동,경상사고,0,0,1,0,차대차 - 측면충돌,안전거리미확보,건조,맑음,단일로 - 기타,승용,남,27세,상해없음,이륜,남,45세,경상
2023112500100528,2023년 11월 25일 19시,토요일,대구광역시 군위군 우보면,중상사고,0,3,1,0,차대차 - 측면충돌,안전운전불이행,건조,맑음,단일로 - 기타,승용,남,64세,경상,승용,여,48세,중상
2023112500100532,2023년 11월 25일 19시,토요일,대구광역시 남구 대명동,경상사고,0,0,2,0,차대차 - 기타,신호위반,건조,맑음,교차로 - 교차로부근,이륜,남,32세,경상,승용,남,47세,경상
2023112500100533,2023년 11월 25일 19시,토요일,대구광역시 수성구 중동,경상사고,0,0,1,0,차대차 - 후진중충돌,안전운전불이행,건조,맑음,단일로 - 기타,승용,남,70세,상해없음,승용,남,46세,경상
2023112500100534,2023년 11월 25일 19시,토요일,대구광역시 서구 내당동,경상사고,0,0,1,0,차대사람 - 차도통행중,안전운전불이행,건조,맑음,단일로 - 기타,승용,남,73세,상해없음,보행자,남,57세,경상
2023112500100535,2023년 11월 25일 19시,토요일,대구광역시 중구 동인동1가,경상사고,0,0,2,0,차대차 - 측면충돌,안전운전불이행,건조,흐림,교차로 - 교차로부근,승용,남,75세,경상,승용,남,47세,경상
2023112500100536,2023년 11월 25일 19시,토요일,대구광역시 중구 남일동,중상사고,0,1,1,0,차대차 - 측면충돌,차로위반,건조,맑음,교차로 - 교차로부근,승용,남,66세,상해없음,승용,남,26세,경상
2023112500100537,2023년 11월 25일 19시,토요일,대구광역시 달서구 죽전동,경상사고,0,0,1,0,차대차 - 측면충돌,안전운전불이행,건조,맑음,단일로 - 기타,승용,남,24세,상해없음,승용,여,61세,경상
2023112500100567,2023년 11월 25일 20시,토요일,대구광역시 달서구 상인동,중상사고,0,1,0,0,차대차 - 측면충돌,불법유턴,건조,맑음,단일로 - 기타,승용,여,41세,상해없음,이륜,남,39세,중상
2023112600100007,2023년 11월 26일 00시,일요일,대구광역시 북구 침산동,경상사고,0,0,1,0,차대차 - 측면충돌,기타,건조,맑음,단일로 - 기타,승용,여,61세,상해없음,승용,여,55세,경상
2023112600100026,2023년 11월 26일 02시,일요일,대구광역시 동구 효목동,중상사고,0,1,0,0,차대사람 - 기타,안전운전불이행,건조,맑음,교차로 - 교차로안,승용,남,60세,상해없음,보행자,남,75세,중상
2023112600100041,2023년 11월 26일 04시,일요일,대구광역시 수성구 범어동,경상사고,0,0,2,0,차대차 - 측면충돌,안전운전불이행,건조,맑음,교차로 - 교차로안,승용,남,42세,상해없음,승용,남,66세,상해없음
2023112600100048,2023년 11월 26일 05시,일요일,대구광역시 수성구 범어동,경상사고,0,0,1,0,차대차 - 측면충돌,안전거리미확보,건조,맑음,단일로 - 기타,승용,남,58세,상해없음,승용,여,44세,경상
2023112600100049,2023년 11월 26일 05시,일요일,대구광역시 서구 비산동,경상사고,0,0,1,0,차대차 - 측면충돌,신호위반,건조,맑음,교차로 - 교차로안,승용,여,54세,상해없음,승용,남,69세,경상
2023112600100056,2023년 11월 26일 06시,일요일,대구광역시 남구 대명동,경상사고,0,0,1,0,차대차 - 기타,안전운전불이행,건조,맑음,기타 - 기타,승용,여,45세,상해없음,승용,여,37세,경상
2023112600100078,2023년 11월 26일 09시,일요일,대구광역시 북구 복현동,경상사고,0,0,1,0,차대차 - 후진중충돌,안전운전불이행,건조,맑음,단일로 - 기타,화물,남,77세,상해없음,승용,여,53세,경상
2023112600100079,2023년 11월 26일 09시,일요일,대구광역시 중구 인교동,중상사고,0,1,0,1,차대차 - 기타,안전운전불이행,건조,맑음,단일로 - 기타,승용,남,73세,부상신고,승용,남,66세,상해없음
2023112600100080,2023년 11월 26일 09시,일요일,대구광역시 북구 동천동,경상사고,0,0,2,0,차대차 - 측면충돌,안전운전불이행,건조,맑음,기타 - 기타,승용,여,61세,상해없음,승용,여,47세,경상
2023112600100101,2023년 11월 26일 10시,일요일,대구광역시 남구 대명동,중상사고,0,1,0,0,차대차 - 기타,안전운전불이행,건조,맑음,단일로 - 기타,승용,여,55세,상해없음,이륜,남,33세,중상
2023112600100142,2023년 11월 26일 12시,일요일,대구광역시 달서구 호산동,경상사고,0,0,3,0,차대차 - 추돌,안전운전불이행,건조,맑음,교차로 - 교차로안,승용,남,67세,경상,승용,남,23세,경상
2023112600100168,2023년 11월 26일 13시,일요일,대구광역시 달서구 월성동,경상사고,0,0,1,0,차대차 - 측면충돌,안전운전불이행,건조,맑음,교차로 - 교차로안,승용,남,75세,상해없음,승용,남,67세,상해없음
2023112600100195,2023년 11월 26일 14시,일요일,대구광역시 북구 산격동,경상사고,0,0,3,0,차대차 - 기타,안전거리미확보,건조,맑음,단일로 - 기타,승용,여,57세,상해없음,승용,남,56세,경상
2023112600100196,2023년 11월 26일 14시,일요일,대구광역시 중구 덕산동,경상사고,0,0,2,0,차대차 - 추돌,안전운전불이행,건조,맑음,단일로 - 기타,승용,여,29세,상해없음,승용,남,21세,경상
2023112600100223,2023년 11월 26일 15시,일요일,대구광역시 동구 신기동,중상사고,0,1,0,0,차대차 - 기타,안전운전불이행,건조,맑음,교차로 - 교차로부근,승합,남,45세,상해없음,승용,여,22세,상해없음
2023112600100247,2023년 11월 26일 16시,일요일,대구광역시 수성구 사월동,경상사고,0,0,5,0,차대차 - 측면충돌,교차로운행방법위반,건조,맑음,교차로 - 교차로안,승용,여,40세,경상,승용,여,44세,경상
2023112600100272,2023년 11월 26일 17시,일요일,대구광역시 군위군 삼국유사면,경상사고,0,0,3,0,차대차 - 측면충돌,안전운전불이행,건조,맑음,단일로 - 기타,승용,남,54세,상해없음,승용,남,54세,경상
2023112600100273,2023년 11월 26일 17시,일요일,대구광역시 군위군 부계면,경상사고,0,0,1,2,차대차 - 측면충돌,안전거리미확보,건조,맑음,단일로 - 기타,승용,남,23세,상해없음,승용,남,55세,부상신고
2023112600100277,2023년 11월 26일 17시,일요일,대구광역시 달서구 상인동,경상사고,0,0,1,0,차대차 - 측면충돌,직진우회전진행방해,건조,맑음,교차로 - 교차로안,승용,남,56세,상해없음,이륜,남,25세,경상
2023112600100278,2023년 11월 26일 17시,일요일,대구광역시 달성군 현풍읍,경상사고,0,0,1,0,차량단독 - 공작물충돌,안전운전불이행,건조,맑음,교차로 - 교차로부근,승용,여,44세,경상,,,,
2023112600100279,2023년 11월 26일 17시,일요일,대구광역시 달성군 유가읍,중상사고,0,1,0,0,차대차 - 측면충돌,안전거리미확보,건조,맑음,단일로 - 기타,승용,여,41세,상해없음,이륜,남,29세,중상
2023112600100309,2023년 11월 26일 18시,일요일,대구광역시 수성구 범어동,중상사고,0,1,0,0,차대사람 - 차도통행중,안전운전불이행,건조,맑음,교차로 - 교차로안,승용,남,32세,상해없음,보행자,여,84세,중상
2023112600100357,2023년 11월 26일 20시,일요일,대구광역시 수성구 만촌동,경상사고,0,0,2,0,차대차 - 후진중충돌,안전운전불이행,건조,맑음,단일로 - 기타,승용,남,54세,상해없음,승용,남,23세,경상
2023112600100358,2023년 11월 26일 20시,일요일,대구광역시 중구 덕산동,경상사고,0,0,2,0,차대차 - 기타,안전운전불이행,건조,맑음,단일로 - 기타,승용,남,59세,상해없음,승용,남,37세,상해없음
2023112700100008,2023년 11월 27일 00시,월요일,대구광역시 달서구 상인동,경상사고,0,0,1,0,차대차 - 측면충돌,신호위반,건조,맑음,교차로 - 교차로안,승용,남,33세,상해없음,승용,남,63세,경상
2023112700100009,2023년 11월 27일 00시,월요일,대구광역시 중구 문화동,경상사고,0,0,1,0,차대차 - 추돌,안전거리미확보,건조,맑음,단일로 - 기타,화물,남,68세,상해없음,승용,여,35세,경상
2023112700100022,2023년 11월 27일 02시,월요일,대구광역시 동구 방촌동,부상신고사고,0,0,0,1,차대차 - 측면충돌,안전운전불이행,건조,맑음,교차로 - 교차로안,화물,남,61세,상해없음,이륜,남,27세,부상신고
2023112700100043,2023년 11월 27일 05시,월요일,대구광역시 달성군 화원읍,경상사고,0,0,1,0,차대차 - 기타,안전운전불이행,건조,맑음,교차로 - 교차로안,화물,남,58세,상해없음,승용,남,54세,경상
2023112700100064,2023년 11월 27일 06시,월요일,대구광역시 달서구 월성동,경상사고,0,0,1,0,차대차 - 측면충돌,신호위반,건조,맑음,교차로 - 교차로안,승용,남,78세,상해없음,승용,남,61세,경상
2023112700100065,2023년 11월 27일 06시,월요일,대구광역시 달서구 월성동,중상사고,0,1,0,0,차대사람 - 횡단중,안전운전불이행,건조,맑음,기타 - 기타,승용,여,59세,상해없음,보행자,여,27세,중상
2023112700100066,2023년 11월 27일 06시,월요일,대구광역시 북구 관음동,경상사고,0,0,1,0,차대차 - 측면충돌,교차로운행방법위반,건조,맑음,교차로 - 교차로안,화물,남,67세,상해없음,승용,여,29세,경상
2023112700100090,2023년 11월 27일 07시,월요일,대구광역시 달서구 진천동,경상사고,0,0,1,0,차대차 - 측면충돌,안전거리미확보,건조,맑음,단일로 - 기타,승용,남,65세,상해없음,승합,남,75세,상해없음
2023112700100091,2023년 11월 27일 07시,월요일,대구광역시 달서구 월암동,경상사고,0,0,1,0,차대차 - 정면충돌,중앙선침범,건조,맑음,교차로 - 교차로부근,승용,여,44세,상해없음,승용,남,60세,경상
2023112700100137,2023년 11월 27일 08시,월요일,대구광역시 달서구 상인동,경상사고,0,0,2,0,차대차 - 추돌,안전운전불이행,건조,맑음,단일로 - 터널,승용,남,51세,경상,승용,여,29세,경상
2023112700100166,2023년 11월 27일 09시,월요일,대구광역시 달서구 상인동,경상사고,0,0,1,0,차대차 - 측면충돌,교차로운행방법위반,건조,맑음,교차로 - 교차로안,승용,남,36세,상해없음,승용,남,34세,경상
2023112700100198,2023년 11월 27일 10시,월요일,대구광역시 북구 서변동,중상사고,0,1,2,0,차대차 - 측면충돌,신호위반,건조,맑음,교차로 - 교차로안,승합,남,61세,상해없음,승용,남,56세,중상
2023112700100229,2023년 11월 27일 11시,월요일,대구광역시 수성구 지산동,경상사고,0,0,2,1,차대차 - 측면충돌,안전운전불이행,건조,맑음,교차로 - 교차로안,승용,남,62세,부상신고,승용,남,35세,경상
2023112700100264,2023년 11월 27일 12시,월요일,대구광역시 동구 신서동,경상사고,0,0,1,0,차대차 - 추돌,신호위반,건조,맑음,교차로 - 교차로부근,승용,남,27세,상해없음,이륜,남,40세,경상
2023112700100265,2023년 11월 27일 12시,월요일,대구광역시 중구 대신동,경상사고,0,0,4,0,차대차 - 기타,안전운전불이행,건조,맑음,단일로 - 기타,화물,남,54세,경상,승용,남,35세,경상
2023112700100293,2023년 11월 27일 13시,월요일,대구광역시 군위군 군위읍,중상사고,0,2,0,0,차량단독 - 공작물충돌,안전운전불이행,건조,맑음,단일로 - 기타,승용,남,30세,중상,,,,
2023112700100296,2023년 11월 27일 13시,월요일,대구광역시 동구 방촌동,경상사고,0,0,1,0,차대사람 - 횡단중,안전운전불이행,젖음/습기,비,교차로 - 교차로안,승용,여,75세,상해없음,보행자,남,67세,경상
2023112700100297,2023년 11월 27일 13시,월요일,대구광역시 달성군 다사읍,경상사고,0,0,2,0,차대차 - 추돌,안전운전불이행,건조,맑음,단일로 - 기타,화물,남,31세,상해없음,승용,남,37세,경상
2023112700100298,2023년 11월 27일 13시,월요일,대구광역시 북구 대현동,경상사고,0,0,1,0,차대차 - 기타,차로위반,건조,맑음,교차로 - 교차로부근,승용,여,60세,상해없음,승용,남,52세,경상
2023112700100336,2023년 11월 27일 14시,월요일,대구광역시 동구 신암동,중상사고,0,1,3,0,차대차 - 기타,교차로운행방법위반,건조,맑음,교차로 - 교차로안,승용,여,70세,상해없음,승용,남,55세,경상
2023112700100337,2023년 11월 27일 14시,월요일,대구광역시 북구 산격동,중상사고,0,1,0,0,차대차 - 기타,안전운전불이행,건조,맑음,단일로 - 교량,건설기계,남,66세,상해없음,이륜,남,71세,중상
2023112700100364,2023년 11월 27일 15시,월요일,대구광역시 수성구 두산동,경상사고,0,0,4,0,차대차 - 측면충돌,교차로운행방법위반,건조,맑음,교차로 - 교차로안,화물,남,78세,경상,승용,남,52세,경상
2023112700100365,2023년 11월 27일 15시,월요일,대구광역시 북구 금호동,경상사고,0,0,1,0,차대사람 - 기타,안전운전불이행,기타,맑음,기타 - 기타,승용,여,60세,상해없음,보행자,남,81세,경상
2023112700100396,2023년 11월 27일 16시,월요일,대구광역시 수성구 욱수동,경상사고,0,0,2,0,차대차 - 추돌,안전운전불이행,건조,맑음,단일로 - 기타,화물,남,67세,상해없음,승용,여,56세,경상
2023112700100397,2023년 11월 27일 16시,월요일,대구광역시 서구 원대동3가,경상사고,0,0,1,1,차대차 - 측면충돌,안전거리미확보,건조,맑음,단일로 - 기타,승용,여,59세,부상신고,승용,여,55세,경상
2023112700100398,2023년 11월 27일 16시,월요일,대구광역시 북구 산격동,중상사고,0,1,0,0,차대차 - 기타,안전운전불이행,건조,맑음,단일로 - 기타,승용,여,67세,상해없음,자전거,남,21세,중상