사고번호,사고일시,요일,시군구,사고내용,사망자수,중상자수,경상자수,부상신고자수,사고유형,법규위반,노면상태,기상상태,도로형태,가해운전자 차종,가해운전자 성별,가해운전자 연령,가해운전자 상해정도,피해운전자 차종,피해운전자 성별,피해운전자 연령,피해운전자 상해정도
2023120200100129,2023년 12월 2일 10시,토요일,대구광역시 달서구 용산동,중상사고,0,1,5,0,차대차 - 추돌,기타,건조,맑음,단일로 - 기타,이륜,남,25세,중상,승용,남,38세,경상
2023120200100174,2023년 12월 2일 11시,토요일,대구광역시 동구 방촌동,중상사고,0,1,0,0,차대사람 - 횡단중,보행자보호의무위반,건조,맑음,교차로 - 교차로횡단보도내,화물,남,55세,상해없음,보행자,남,78세,중상
2023120200100175,2023년 12월 2일 11시,토요일,대구광역시 달서구 용산동,경상사고,0,0,1,0,차대차 - 측면충돌,불법유턴,건조,맑음,단일로 - 기타,화물,남,61세,기타불명,승용,여,57세,경상
2023120200100194,2023년 12월 2일 12시,토요일,대구광역시 동구 동호동,경상사고,0,0,1,0,차대차 - 정면충돌,안전운전불이행,건조,맑음,교차로 - 교차로횡단보도내,승용,남,41세,상해없음,자전거,남,64세,경상
2023120200100195,2023년 12월 2일 12시,토요일,대구광역시 북구 서변동,부상신고사고,0,0,0,1,차대차 - 측면충돌,차로위반,건조,맑음,단일로 - 기타,화물,여,42세,기타불명,승용,남,37세,부상신고
2023120200100196,2023년 12월 2일 12시,토요일,대구광역시 북구 읍내동,중상사고,0,1,0,0,차대사람 - 횡단중,신호위반,건조,맑음,교차로 - 교차로횡단보도내,이륜,남,23세,상해없음,보행자,여,64세,중상
2023120200100239,2023년 12월 2일 13시,토요일,대구광역시 중구 대신동,경상사고,0,0,1,0,차대차 - 측면충돌,안전운전불이행,건조,맑음,단일로 - 기타,승용,남,56세,상해없음,이륜,남,32세,경상
2023120200100282,2023년 12월 2일 14시,토요일,대구광역시 동구 효목동,부상신고사고,0,0,0,1,차대차 - 측면충돌,불법유턴,건조,맑음,단일로 - 기타,이륜,남,76세,부상신고,승용,여,55세,상해없음
2023120200100283,2023년 12월 2일 14시,토요일,대구광역시 서구 평리동,경상사고,0,0,1,0,차대차 - 기타,기타,건조,맑음,교차로 - 교차로안,이륜,남,29세,경상,승용,남,67세,상해없음
2023120200100284,2023년 12월 2일 14시,토요일,대구광역시 중구 태평로1가,경상사고,0,0,1,0,차대차 - 측면충돌,안전운전불이행,건조,맑음,교차로 - 교차로부근,승용,여,66세,기타불명,승용,여,40세,경상
2023120200100285,2023년 12월 2일 14시,토요일,대구광역시 북구 서변동,경상사고,0,0,4,0,차대차 - 측면충돌,안전운전불이행,건조,맑음,단일로 - 기타,승용,남,65세,기타불명,승용,남,41세,경상
2023120200100320,2023년 12월 2일 15시,토요일,대구광역시 달서구 상인동,경상사고,0,0,2,0,차대차 - 측면충돌,안전운전불이행,건조,맑음,기타 - 기타,이륜,남,38세,경상,개인형이동수단(PM),남,20세,경상
2023120200100321,2023년 12월 2일 15시,토요일,대구광역시 달서구 상인동,부상신고사고,0,0,0,1,차대차 - 기타,안전운전불이행,건조,맑음,단일로 - 기타,이륜,남,40세,상해없음,이륜,남,17세,부상신고
2023120200100322,2023년 12월 2일 15시,토요일,대구광역시 서구 내당동,경상사고,0,0,3,0,차대차 - 측면충돌,신호위반,건조,맑음,교차로 - 교차로부근,원동기,남,69세,상해없음,승용,남,36세,경상
2023120200100350,2023년 12월 2일 16시,토요일,대구광역시 남구 대명동,중상사고,0,1,0,0,차대사람 - 기타,안전운전불이행,건조,맑음,기타 - 기타,화물,남,65세,상해없음,보행자,여,73세,중상
2023120200100384,2023년 12월 2일 17시,토요일,대구광역시 군위군 효령면,중상사고,0,1,1,0,차대차 - 추돌,안전운전불이행,건조,맑음,단일로 - 기타,승합,남,68세,상해없음,승합,여,35세,상해없음
2023120200100387,2023년 12월 2일 17시,토요일,대구광역시 동구 신암동,중상사고,0,1,0,0,차대차 - 측면충돌,신호위반,건조,맑음,교차로 - 교차로안,승용,남,83세,상해없음,이륜,남,53세,중상
2023120200100388,2023년 12월 2일 17시,토요일,대구광역시 수성구 수성동4가,경상사고,0,0,1,0,차대사람 - 횡단중,보행자보호의무위반,건조,맑음,단일로 - 기타,승용,남,55세,상해없음,보행자,남,45세,경상
2023120200100389,2023년 12월 2일 17시,토요일,대구광역시 북구 칠성동2가,경상사고,0,0,2,1,차대차 - 측면충돌,신호위반,건조,맑음,교차로 - 교차로안,승용,여,34세,부상신고,승용,남,71세,경상
2023120200100390,2023년 12월 2일 17시,토요일,대구광역시 서구 평리동,경상사고,0,0,1,0,차대사람 - 길가장자리구역통행중,안전운전불이행,건조,맑음,단일로 - 기타,승용,여,66세,상해없음,보행자,여,67세,경상
2023120200100391,2023년 12월 2일 17시,토요일,대구광역시 중구 동인동4가,경상사고,0,0,3,0,차대차 - 기타,안전운전불이행,건조,맑음,교차로 - 교차로부근,승용,남,30세,상해없음,승용,남,54세,경상
2023120200100392,2023년 12월 2일 17시,토요일,대구광역시 북구 구암동,경상사고,0,0,1,0,차대사람 - 횡단중,보행자보호의무위반,건조,맑음,교차로 - 교차로횡단보도내,개인형이동수단(PM),여,13세,상해없음,보행자,여,40세,경상
2023120200100437,2023년 12월 2일 18시,토요일,대구광역시 달서구 월성동,경상사고,0,0,2,0,차대차 - 측면충돌,안전운전불이행,건조,맑음,단일로 - 기타,이륜,남,44세,상해없음,승용,남,48세,경상
2023120200100438,2023년 12월 2일 18시,토요일,대구광역시 달성군 가창면,경상사고,0,0,1,0,차대차 - 측면충돌,안전거리미확보,건조,맑음,단일로 - 기타,화물,남,60세,상해없음,화물,남,50세,경상
2023120200100439,2023년 12월 2일 18시,토요일,대구광역시 서구 내당동,경상사고,0,0,2,0,차대차 - 측면충돌,교차로운행방법위반,건조,맑음,교차로 - 교차로안,이륜,남,41세,경상,이륜,남,54세,경상
2023120200100440,2023년 12월 2일 18시,토요일,대구광역시 달서구 파호동,경상사고,0,0,1,0,차대차 - 기타,안전운전불이행,건조,맑음,교차로 - 교차로부근,승용,여,61세,상해없음,승합,남,46세,경상
2023120200100483,2023년 12월 2일 19시,토요일,대구광역시 달서구 월성동,경상사고,0,0,1,0,차대차 - 추돌,안전운전불이행,건조,흐림,단일로 - 기타,승용,남,43세,상해없음,승용,남,51세,경상
2023120200100484,2023년 12월 2일 19시,토요일,대구광역시 북구 칠성동2가,경상사고,0,0,1,0,차대차 - 측면충돌,안전운전불이행,건조,맑음,단일로 - 고가도로위,승용,남,78세,상해없음,승용,여,24세,경상
2023120200100518,2023년 12월 2일 20시,토요일,대구광역시 동구 신서동,중상사고,0,2,0,0,차대차 - 정면충돌,신호위반,건조,맑음,교차로 - 교차로안,이륜,남,38세,중상,이륜,남,48세,중상
2023120200100519,2023년 12월 2일 20시,토요일,대구광역시 수성구 범물동,경상사고,0,0,1,0,차대차 - 측면충돌,안전운전불이행,건조,맑음,단일로 - 기타,기타불명,기타불명,미분류,기타불명,승용,여,61세,경상
2023120200100540,2023년 12월 2일 21시,토요일,대구광역시 동구 신암동,중상사고,0,1,0,0,차대차 - 후진중충돌,안전운전불이행,건조,맑음,단일로 - 기타,승용,여,43세,상해없음,승용,남,52세,중상
2023120200100541,2023년 12월 2일 21시,토요일,대구광역시 동구 효목동,경상사고,0,0,1,0,차대사람 - 횡단중,보행자보호의무위반,건조,맑음,교차로 - 교차로횡단보도내,이륜,남,59세,상해없음,보행자,여,31세,경상
2023120200100542,2023년 12월 2일 21시,토요일,대구광역시 수성구 신매동,중상사고,0,1,0,0,차량단독 - 기타,안전운전불이행,건조,맑음,단일로 - 기타,원동기,남,22세,중상,,,,
2023120200100560,2023년 12월 2일 22시,토요일,대구광역시 북구 산격동,중상사고,0,1,0,0,차대차 - 측면충돌,안전운전불이행,건조,맑음,기타 - 기타,승용,남,70세,중상,승합,남,54세,기타불명
2023120300100028,2023년 12월 3일 04시,일요일,대구광역시 남구 대명동,경상사고,0,0,1,0,차대차 - 추돌,안전운전불이행,건조,맑음,단일로 - 기타,이륜,남,31세,경상,화물,남,65세,상해없음
2023120300100037,2023년 12월 3일 05시,일요일,대구광역시 달서구 두류동,중상사고,0,1,0,0,차대사람 - 기타,안전운전불이행,건조,맑음,기타 - 기타,이륜,남,38세,상해없음,보행자,여,80세,중상
2023120300100041,2023년 12월 3일 06시,일요일,대구광역시 중구 공평동,경상사고,0,0,1,0,차대사람 - 기타,안전운전불이행,건조,맑음,단일로 - 기타,승용,남,25세,상해없음,보행자,남,22세,경상
2023120300100065,2023년 12월 3일 09시,일요일,대구광역시 동구 신천동,중상사고,0,1,0,0,차대차 - 측면충돌,안전운전불이행,건조,맑음,기타 - 기타,승용,여,70세,상해없음,이륜,남,35세,중상
2023120300100085,2023년 12월 3일 10시,일요일,대구광역시 서구 내당동,경상사고,0,0,8,0,차대차 - 측면충돌,중앙선침범,건조,맑음,단일로 - 기타,승용,여,49세,기타불명,승용,여,54세,경상
2023120300100145,2023년 12월 3일 12시,일요일,대구광역시 수성구 범어동,경상사고,0,0,1,0,차대사람 - 기타,안전운전불이행,건조,맑음,교차로 - 교차로부근,승용,남,54세,상해없음,보행자,남,19세,경상
2023120300100146,2023년 12월 3일 12시,일요일,대구광역시 수성구 만촌동,경상사고,0,0,1,0,차대차 - 측면충돌,안전운전불이행,건조,맑음,기타 - 기타,승용,남,58세,상해없음,승용,남,44세,경상
2023120300100147,2023년 12월 3일 12시,일요일,대구광역시 달성군 다사읍,중상사고,0,1,0,0,차대차 - 측면충돌,신호위반,건조,맑음,교차로 - 교차로안,승용,여,49세,상해없음,원동기,남,40세,중상
2023120300100175,2023년 12월 3일 13시,일요일,대구광역시 남구 대명동,경상사고,0,0,1,0,차대차 - 기타,안전운전불이행,건조,맑음,기타 - 기타,승용,여,44세,상해없음,이륜,남,45세,경상
2023120300100176,2023년 12월 3일 13시,일요일,대구광역시 수성구 만촌동,경상사고,0,0,1,0,차대사람 - 횡단중,보행자보호의무위반,건조,맑음,단일로 - 기타,승용,남,73세,기타불명,보행자,여,19세,경상
2023120300100177,2023년 12월 3일 13시,일요일,대구광역시 달서구 월성동,경상사고,0,0,1,0,차대차 - 추돌,안전운전불이행,건조,맑음,단일로 - 기타,승용,여,49세,기타불명,승용,여,54세,경상
2023120300100232,2023년 12월 3일 15시,일요일,대구광역시 북구 칠성동2가,경상사고,0,0,2,0,차대차 - 기타,안전운전불이행,건조,맑음,기타 - 기타,이륜,남,40세,경상,자전거,여,73세,경상
2023120300100233,2023년 12월 3일 15시,일요일,대구광역시 서구 이현동,경상사고,0,0,2,0,차대차 - 측면충돌,안전거리미확보,건조,맑음,단일로 - 기타,승용,남,62세,상해없음,승용,남,40세,경상
2023120300100327,2023년 12월 3일 18시,일요일,대구광역시 군위군 군위읍,중상사고,0,1,0,0,차대차 - 정면충돌,안전운전불이행,건조,맑음,교차로 - 교차로부근,승용,남,32세,상해없음,자전거,여,72세,중상
2023120300100334,2023년 12월 3일 18시,일요일,대구광역시 북구 고성동3가,경상사고,0,0,1,0,차대차 - 측면충돌,안전운전불이행,건조,맑음,단일로 - 기타,이륜,남,38세,경상,승용,남,52세,상해없음
2023120300100351,2023년 12월 3일 19시,일요일,대구광역시 동구 방촌동,경상사고,0,0,1,0,차대차 - 후진중충돌,안전운전불이행,건조,맑음,교차로 - 교차로안,승용,남,58세,상해없음,승용,남,33세,경상
2023120300100352,2023년 12월 3일 19시,일요일,대구광역시 달서구 송현동,경상사고,0,0,1,0,차대차 - 추돌,안전운전불이행,건조,맑음,단일로 - 기타,승용,남,53세,상해없음,승용,여,45세,경상
2023120300100353,2023년 12월 3일 19시,일요일,대구광역시 달성군 논공읍,경상사고,0,0,3,0,차대차 - 기타,중앙선침범,건조,맑음,교차로 - 교차로부근,승용,남,38세,상해없음,승용,여,38세,경상
2023120300100371,2023년 12월 3일 20시,일요일,대구광역시 서구 비산동,경상사고,0,0,1,0,차대사람 - 차도통행중,신호위반,건조,맑음,교차로 - 교차로부근,화물,남,58세,상해없음,보행자,남,59세,경상
2023120300100372,2023년 12월 3일 20시,일요일,대구광역시 중구 공평동,경상사고,0,0,1,0,차대사람 - 길가장자리구역통행중,안전운전불이행,건조,맑음,단일로 - 기타,승용,남,39세,상해없음,보행자,남,57세,경상
2023120300100416,2023년 12월 3일 23시,일요일,대구광역시 중구 동인동1가,경상사고,0,0,1,0,차대차 - 측면충돌,교차로운행방법위반,건조,맑음,교차로 - 교차로안,승용,남,72세,상해없음,승용,남,25세,상해없음
2023120400100017,2023년 12월 4일 01시,월요일,대구광역시 수성구 수성동4가,경상사고,0,0,1,0,차대차 - 측면충돌,신호위반,건조,맑음,교차로 - 교차로안,승용,남,38세,상해없음,승용,여,68세,경상
2023120400100019,2023년 12월 4일 02시,월요일,대구광역시 수성구 지산동,경상사고,0,0,1,0,차대차 - 추돌,안전운전불이행,건조,맑음,단일로 - 기타,승용,남,44세,상해없음,승용,여,36세,경상
2023120400100035,2023년 12월 4일 05시,월요일,대구광역시 달성군 논공읍,경상사고,0,0,1,0,차대차 - 추돌,안전운전불이행,건조,맑음,교차로 - 교차로안,화물,남,58세,기타불명,승용,남,50세,경상
2023120400100053,2023년 12월 4일 06시,월요일,대구광역시 북구 연경동,경상사고,0,0,1,0,차대차 - 측면충돌,신호위반,건조,맑음,교차로 - 교차로안,승용,여,46세,상해없음,화물,남,43세,경상
2023120400100072,2023년 12월 4일 07시,월요일,대구광역시 동구 효목동,중상사고,0,1,0,0,차대차 - 측면충돌,교차로운행방법위반,건조,맑음,교차로 - 교차로안,화물,남,72세,상해없음,이륜,여,64세,중상
2023120400100124,2023년 12월 4일 08시,월요일,대구광역시 동구 각산동,경상사고,0,0,1,0,차대차 - 측면충돌,안전운전불이행,건조,맑음,단일로 - 교량,승용,남,52세,상해없음,승용,여,43세,경상
2023120400100125,2023년 12월 4일 08시,월요일,대구광역시 수성구 범어동,중상사고,0,2,8,0,차대차 - 측면충돌,안전거리미확보,건조,맑음,단일로 - 기타,승용,여,32세,경상,승합,남,55세,상해없음
2023120400100126,2023년 12월 4일 08시,월요일,대구광역시 달서구 도원동,경상사고,0,0,1,0,차대차 - 후진중충돌,안전운전불이행,건조,맑음,단일로 - 기타,건설기계,남,63세,상해없음,승용,남,34세,경상
2023120400100253,2023년 12월 4일 11시,월요일,대구광역시 수성구 파동,경상사고,0,0,1,0,차대차 - 기타,안전거리미확보,건조,맑음,단일로 - 기타,화물,남,67세,상해없음,화물,남,66세,경상
2023120400100254,2023년 12월 4일 11시,월요일,대구광역시 달서구 송현동,경상사고,0,0,1,0,차대차 - 기타,안전운전불이행,건조,맑음,교차로 - 교차로안,승용,남,73세,상해없음,승합,남,51세,상해없음
2023120400100255,2023년 12월 4일 11시,월요일,대구광역시 북구 산격동,중상사고,0,1,0,0,차대사람 - 기타,안전운전불이행,건조,맑음,단일로 - 기타,승용,여,66세,상해없음,보행자,남,25세,중상
2023120400100292,2023년 12월 4일 12시,월요일,대구광역시 동구 신암동,경상사고,0,0,1,0,차대차 - 추돌,안전운전불이행,건조,맑음,단일로 - 기타,승용,남,62세,상해없음,이륜,남,54세,경상
2023120400100293,2023년 12월 4일 12시,월요일,대구광역시 중구 대신동,경상사고,0,0,1,0,차대차 - 기타,기타,건조,맑음,단일로 - 기타,승용,남,24세,상해없음,이륜,남,36세,경상
2023120400100334,2023년 12월 4일 13시,월요일,대구광역시 동구 효목동,경상사고,0,0,2,0,차대차 - 후진중충돌,안전운전불이행,건조,맑음,교차로 - 교차로부근,승합,남,82세,상해없음,승용,남,45세,경상
2023120400100335,2023년 12월 4일 13시,월요일,대구광역시 수성구 수성동1가,중상사고,0,2,6,0,차대차 - 기타,안전거리미확보,건조,맑음,기타 - 기타,승용,남,88세,경상,승합,남,34세,경상
2023120400100336,2023년 12월 4일 13시,월요일,대구광역시 달성군 옥포읍,중상사고,0,2,0,0,차대차 - 기타,안전운전불이행,건조,맑음,기타 - 기타,화물,남,43세,상해없음,화물,남,65세,중상
2023120400100337,2023년 12월 4일 13시,월요일,대구광역시 북구 침산동,경상사고,0,0,2,0,차대차 - 측면충돌,안전운전불이행,건조,맑음,단일로 - 기타,화물,남,74세,경상,승용,여,49세,경상
2023120400100338,2023년 12월 4일 13시,월요일,대구광역시 중구 삼덕동2가,경상사고,0,0,1,0,차대차 - 기타,안전운전불이행,건조,맑음,단일로 - 기타,승용,남,45세,상해없음,자전거,남,70세,경상
2023120400100370,2023년 12월 4일 14시,월요일,대구광역시 동구 동호동,경상사고,0,0,4,0,차대차 - 측면충돌,안전거리미확보,건조,맑음,단일로 - 기타,승용,여,46세,경상,승용,남,32세,경상
2023120400100371,2023년 12월 4일 14시,월요일,대구광역시 수성구 수성동4가,경상사고,0,0,1,0,차대사람 - 기타,기타,건조,맑음,단일로 - 기타,승용,여,32세,상해없음,보행자,여,49세,경상
2023120400100399,2023년 12월 4일 15시,월요일,대구광역시 수성구 범어동,경상사고,0,0,2,0,차대차 - 측면충돌,안전운전불이행,건조,맑음,단일로 - 기타,승용,남,45세,상해없음,승용,여,65세,경상
2023120400100400,2023년 12월 4일 15시,월요일,대구광역시 수성구 범어동,중상사고,0,1,0,0,차대사람 - 기타,신호위반,건조,맑음,단일로 - 기타,승용,여,56세,상해없음,보행자,여,11세,중상
2023120400100401,2023년 12월 4일 15시,월요일,대구광역시 달서구 진천동,중상사고,0,1,1,0,차대차 - 기타,안전운전불이행,건조,맑음,단일로 - 기타,승용,여,26세,경상,이륜,남,43세,중상
2023120400100402,2023년 12월 4일 15시,월요일,대구광역시 달서구 상인동,중상사고,0,1,0,0,차대사람 - 횡단중,안전운전불이행,건조,맑음,교차로 - 교차로안,승용,여,33세,상해없음,보행자,여,51세,중상
2023120400100431,2023년 12월 4일 16시,월요일,대구광역시 수성구 범어동,경상사고,0,0,1,0,차대차 - 측면충돌,안전운전불이행,건조,맑음,단일로 - 기타,승용,남,48세,상해없음,화물,남,50세,경상
2023120400100432,2023년 12월 4일 16시,월요일,대구광역시 중구 동성로2가,경상사고,0,0,1,0,차대사람 - 보도통행중,신호위반,건조,맑음,단일로 - 기타,승용,남,53세,상해없음,보행자,여,13세,경상
2023120400100433,2023년 12월 4일 16시,월요일,대구광역시 달서구 감삼동,경상사고,0,0,1,0,차대사람 - 기타,안전운전불이행,건조,맑음,단일로 - 기타,이륜,남,76세,상해없음,보행자,남,15세,경상
2023120400100434,2023년 12월 4일 16시,월요일,대구광역시 달서구 감삼동,중상사고,0,1,0,1,차대차 - 추돌,안전운전불이행,건조,맑음,단일로 - 기타,승용,여,71세,중상,승합,남,57세,부상신고
2023120400100480,2023년 12월 4일 17시,월요일,대구광역시 수성구 수성동1가,경상사고,0,0,2,0,차대차 - 기타,안전운전불이행,건조,맑음,단일로 - 기타,특수,남,35세,상해없음,승용,여,39세,경상
2023120400100481,2023년 12월 4일 17시,월요일,대구광역시 서구 비산동,중상사고,0,1,0,0,차대차 - 기타,안전운전불이행,건조,맑음,교차로 - 교차로부근,승용,여,43세,상해없음,이륜,남,49세,중상
2023120400100536,2023년 12월 4일 18시,월요일,대구광역시 동구 효목동,경상사고,0,0,3,0,차대차 - 추돌,안전운전불이행,건조,맑음,단일로 - 기타,화물,남,71세,상해없음,승용,남,50세,경상
2023120400100574,2023년 12월 4일 19시,월요일,대구광역시 동구 효목동,중상사고,0,1,0,0,차대차 - 측면충돌,안전운전불이행,건조,맑음,교차로 - 교차로안,승용,남,42세,상해없음,이륜,남,53세,중상
2023120400100575,2023년 12월 4일 19시,월요일,대구광역시 서구 내당동,경상사고,0,0,2,0,차대차 - 추돌,안전운전불이행,건조,맑음,단일로 - 기타,승용,남,73세,상해없음,승용,여,35세,경상
2023120400100576,2023년 12월 4일 19시,월요일,대구광역시 달서구 이곡동,경상사고,0,0,1,0,차대차 - 측면충돌,안전운전불이행,건조,흐림,교차로 - 교차로부근,자전거,남,13세,경상,승용,여,51세,상해없음
2023120400100625,2023년 12월 4일 21시,월요일,대구광역시 중구 봉산동,경상사고,0,0,1,0,차량단독 - 공작물충돌,안전운전불이행,건조,맑음,단일로 - 기타,원동기,남,19세,경상,,,,
2023120500100019,2023년 12월 5일 04시,화요일,대구광역시 북구 노원동2가,부상신고사고,0,0,0,1,차량단독 - 전도전복 - 전도,안전운전불이행,건조,맑음,교차로 - 교차로부근,이륜,남,23세,부상신고,,,,
2023120500100059,2023년 12월 5일 07시,화요일,대구광역시 남구 대명동,경상사고,0,0,3,0,차대차 - 정면충돌,교차로운행방법위반,건조,맑음,교차로 - 교차로안,원동기,여,50세,상해없음,승용,여,57세,경상
2023120500100098,2023년 12월 5일 08시,화요일,대구광역시 동구 신암동,경상사고,0,0,1,0,차대차 - 측면충돌,안전거리미확보,건조,맑음,단일로 - 기타,승용,남,76세,상해없음,승용,여,27세,경상
2023120500100099,2023년 12월 5일 08시,화요일,대구광역시 수성구 만촌동,경상사고,0,0,1,0,차대차 - 기타,안전운전불이행,건조,맑음,단일로 - 기타,승용,여,31세,상해없음,자전거,남,49세,경상
2023120500100100,2023년 12월 5일 08시,화요일,대구광역시 서구 이현동,경상사고,0,0,1,0,차대차 - 추돌,안전운전불이행,건조,맑음,단일로 - 고가도로위,승용,여,68세,상해없음,승용,남,33세,경상
2023120500100101,2023년 12월 5일 08시,화요일,대구광역시 달서구 두류동,중상사고,0,1,1,0,차대차 - 측면충돌,신호위반,건조,맑음,교차로 - 교차로부근,승용,여,42세,중상,승용,남,23세,상해없음
2023120500100102,2023년 12월 5일 08시,화요일,대구광역시 달서구 장기동,경상사고,0,0,1,0,차대차 - 추돌,안전운전불이행,건조,맑음,기타 - 기타,승용,남,30세,상해없음,승용,남,44세,경상
2023120500100148,2023년 12월 5일 10시,화요일,대구광역시 수성구 상동,경상사고,0,0,1,0,차대사람 - 기타,안전운전불이행,건조,맑음,단일로 - 기타,승용,여,47세,상해없음,보행자,남,31세,경상
2023120500100179,2023년 12월 5일 11시,화요일,대구광역시 동구 율하동,경상사고,0,0,1,0,차대차 - 기타,안전운전불이행,건조,맑음,교차로 - 교차로부근,승용,남,44세,상해없음,자전거,남,42세,경상
2023120500100218,2023년 12월 5일 12시,화요일,대구광역시 달서구 죽전동,경상사고,0,0,1,0,차대차 - 측면충돌,안전거리미확보,건조,맑음,단일로 - 기타,화물,남,45세,상해없음,승용,남,70세,경상
2023120500100244,2023년 12월 5일 13시,화요일,대구광역시 수성구 시지동,부상신고사고,0,0,0,1,차대사람 - 횡단중,보행자보호의무위반,건조,맑음,교차로 - 교차로횡단보도내,화물,남,53세,상해없음,보행자,여,63세,부상신고
2023120500100245,2023년 12월 5일 13시,화요일,대구광역시 달서구 송현동,경상사고,0,0,1,0,차대차 - 추돌,안전운전불이행,건조,맑음,단일로 - 기타,이륜,남,16세,상해없음,이륜,남,43세,경상
2023120500100246,2023년 12월 5일 13시,화요일,대구광역시 달서구 진천동,경상사고,0,0,2,0,차대차 - 측면충돌,안전거리미확보,건조,맑음,단일로 - 기타,승용,남,55세,경상,건설기계,남,51세,경상
2023120500100247,2023년 12월 5일 13시,화요일,대구광역시 북구 산격동,경상사고,0,0,1,2,차대차 - 추돌,안전거리미확보,건조,맑음,단일로 - 기타,화물,남,29세,상해없음,승용,남,56세,경상
2023120500100324,2023년 12월 5일 15시,화요일,대구광역시 달서구 갈산동,중상사고,0,1,0,0,차대사람 - 횡단중,보행자보호의무위반,건조,맑음,교차로 - 교차로횡단보도내,승용,남,58세,상해없음,보행자,여,68세,중상
2023120500100325,2023년 12월 5일 15시,화요일,대구광역시 달서구 감삼동,경상사고,0,0,1,0,차대차 - 추돌,안전운전불이행,건조,맑음,교차로 - 교차로부근,승용,남,30세,상해없음,승용,남,64세,경상
2023120500100352,2023년 12월 5일 16시,화요일,대구광역시 북구 읍내동,경상사고,0,0,1,0,차대차 - 측면충돌,안전운전불이행,건조,맑음,기타 - 기타,승용,남,21세,상해없음,자전거,남,13세,경상
2023120500100389,2023년 12월 5일 17시,화요일,대구광역시 동구 신천동,경상사고,0,0,1,0,차대차 - 측면충돌,안전거리미확보,건조,맑음,교차로 - 교차로부근,승용,남,47세,상해없음,화물,남,48세,경상
2023120500100390,2023년 12월 5일 17시,화요일,대구광역시 달서구 성당동,경상사고,0,0,1,0,차대사람 - 기타,안전운전불이행,건조,맑음,교차로 - 교차로안,승용,여,59세,상해없음,보행자,여,83세,경상
2023120500100442,2023년 12월 5일 18시,화요일,대구광역시 남구 이천동,경상사고,0,0,1,0,차대차 - 측면충돌,안전운전불이행,건조,맑음,교차로 - 교차로부근,승합,남,43세,상해없음,화물,남,41세,경상
2023120500100443,2023년 12월 5일 18시,화요일,대구광역시 수성구 중동,경상사고,0,0,1,0,차대차 - 기타,안전운전불이행,건조,맑음,단일로 - 기타,승용,남,52세,상해없음,개인형이동수단(PM),여,23세,경상
2023120500100444,2023년 12월 5일 18시,화요일,대구광역시 달서구 진천동,경상사고,0,0,1,0,차대사람 - 횡단중,보행자보호의무위반,건조,맑음,교차로 - 교차로횡단보도내,승용,여,33세,상해없음,보행자,여,58세,경상
2023120500100445,2023년 12월 5일 18시,화요일,대구광역시 달성군 유가읍,경상사고,0,0,1,0,차대사람 - 기타,안전운전불이행,건조,맑음,주차장 - 주차장,승용,남,35세,상해없음,보행자,남,33세,경상
2023120500100446,2023년 12월 5일 18시,화요일,대구광역시 북구 산격동,경상사고,0,0,1,0,차대차 - 기타,교차로운행방법위반,건조,맑음,교차로 - 교차로안,승용,여,58세,상해없음,승용,남,61세,경상
2023120500100447,2023년 12월 5일 18시,화요일,대구광역시 북구 노원동3가,경상사고,0,0,1,0,차대차 - 추돌,안전운전불이행,건조,맑음,교차로 - 교차로부근,승용,여,56세,상해없음,승합,여,36세,경상
2023120500100448,2023년 12월 5일 18시,화요일,대구광역시 서구 중리동,경상사고,0,0,1,0,차대차 - 기타,안전운전불이행,건조,맑음,기타 - 기타,승용,남,29세,상해없음,자전거,남,11세,경상
2023120500100520,2023년 12월 5일 20시,화요일,대구광역시 수성구 지산동,중상사고,0,1,1,0,차대사람 - 횡단중,신호위반,건조,맑음,교차로 - 교차로횡단보도내,승합,남,49세,상해없음,보행자,여,55세,중상
2023120500100521,2023년 12월 5일 20시,화요일,대구광역시 북구 칠성동2가,경상사고,0,0,1,0,차대차 - 기타,안전운전불이행,건조,맑음,단일로 - 기타,승용,여,62세,상해없음,자전거,여,51세,경상
2023120500100550,2023년 12월 5일 21시,화요일,대구광역시 달서구 상인동,경상사고,0,0,2,0,차대차 - 측면충돌,안전운전불이행,건조,맑음,교차로 - 교차로안,이륜,남,48세,상해없음,승용,남,59세,경상
2023120500100551,2023년 12월 5일 21시,화요일,대구광역시 북구 산격동,경상사고,0,0,1,1,차대차 - 기타,교차로운행방법위반,건조,맑음,교차로 - 교차로안,승용,남,61세,부상신고,승용,여,34세,경상
2023120500100552,2023년 12월 5일 21시,화요일,대구광역시 북구 복현동,중상사고,0,1,0,0,차대차 - 측면충돌,직진우회전진행방해,건조,맑음,교차로 - 교차로안,승용,남,33세,상해없음,이륜,남,28세,중상
2023120500100585,2023년 12월 5일 23시,화요일,대구광역시 수성구 연호동,경상사고,0,0,2,0,차대차 - 기타,안전운전불이행,건조,맑음,교차로 - 교차로부근,승용,남,28세,상해없음,승용,남,40세,경상
2023120600100007,2023년 12월 6일 00시,수요일,대구광역시 북구 태전동,경상사고,0,0,2,0,차대차 - 기타,안전거리미확보,건조,맑음,단일로 - 기타,승용,남,32세,경상,승용,남,40세,경상
2023120600100021,2023년 12월 6일 02시,수요일,대구광역시 수성구 두산동,중상사고,0,1,0,0,차대차 - 측면충돌,안전거리미확보,건조,맑음,단일로 - 기타,승용,남,75세,상해없음,이륜,남,30세,중상