사고번호,사고일시,요일,시군구,사고내용,사망자수,중상자수,경상자수,부상신고자수,사고유형,법규위반,노면상태,기상상태,도로형태,가해운전자 차종,가해운전자 성별,가해운전자 연령,가해운전자 상해정도,피해운전자 차종,피해운전자 성별,피해운전자 연령,피해운전자 상해정도
2023120600100112,2023년 12월 6일 08시,수요일,대구광역시 달서구 대천동,경상사고,0,0,5,0,차대차 - 측면충돌,기타,건조,맑음,단일로 - 기타,승용,남,37세,상해없음,승용,남,63세,경상
2023120600100113,2023년 12월 6일 08시,수요일,대구광역시 서구 내당동,경상사고,0,0,1,0,차대차 - 추돌,안전운전불이행,건조,맑음,단일로 - 기타,승용,남,27세,상해없음,승용,여,34세,경상
2023120600100144,2023년 12월 6일 09시,수요일,대구광역시 수성구 지산동,경상사고,0,0,1,0,차대차 - 추돌,안전운전불이행,젖음/습기,맑음,교차로 - 교차로부근,승용,남,63세,상해없음,승용,남,57세,경상
2023120600100145,2023년 12월 6일 09시,수요일,대구광역시 달서구 상인동,경상사고,0,0,2,0,차대차 - 기타,교차로운행방법위반,건조,맑음,교차로 - 교차로안,승용,여,28세,경상,승용,여,34세,경상
2023120600100181,2023년 12월 6일 10시,수요일,대구광역시 동구 신기동,중상사고,0,1,0,0,차대사람 - 횡단중,안전운전불이행,건조,맑음,단일로 - 기타,개인형이동수단(PM),여,21세,상해없음,보행자,여,72세,중상
2023120600100182,2023년 12월 6일 10시,수요일,대구광역시 동구 신암동,경상사고,0,0,1,0,차대사람 - 기타,안전운전불이행,건조,맑음,단일로 - 기타,승용,남,74세,상해없음,보행자,남,69세,경상
2023120600100183,2023년 12월 6일 10시,수요일,대구광역시 북구 대현동,중상사고,0,1,0,0,차량단독 - 기타,안전운전불이행,건조,맑음,단일로 - 기타,승합,남,36세,상해없음,,,,
2023120600100200,2023년 12월 6일 11시,수요일,대구광역시 수성구 두산동,중상사고,0,1,1,0,차대차 - 기타,안전운전불이행,건조,맑음,단일로 - 기타,승용,남,39세,경상,원동기,남,54세,중상
2023120600100270,2023년 12월 6일 14시,수요일,대구광역시 달성군 옥포읍,경상사고,0,0,1,0,차대차 - 기타,중앙선침범,건조,맑음,단일로 - 기타,화물,남,65세,상해없음,승용,남,75세,경상
2023120600100293,2023년 12월 6일 15시,수요일,대구광역시 수성구 상동,경상사고,0,0,1,0,차대차 - 측면충돌,안전운전불이행,건조,맑음,단일로 - 기타,화물,남,64세,상해없음,승용,여,24세,상해없음
2023120600100391,2023년 12월 6일 17시,수요일,대구광역시 중구 대봉동,경상사고,0,0,1,0,차대차 - 기타,안전거리미확보,건조,맑음,교차로 - 교차로부근,승용,남,64세,상해없음,승용,여,32세,경상
2023120600100392,2023년 12월 6일 17시,수요일,대구광역시 달서구 월암동,경상사고,0,0,1,0,차대차 - 측면충돌,신호위반,건조,맑음,교차로 - 교차로안,승용,남,58세,상해없음,승용,여,31세,경상
2023120600100393,2023년 12월 6일 17시,수요일,대구광역시 북구 서변동,경상사고,0,0,1,0,차대차 - 측면충돌,안전거리미확보,건조,흐림,단일로 - 지하차도(도로)내,화물,남,54세,상해없음,승용,남,23세,경상
2023120600100470,2023년 12월 6일 18시,수요일,대구광역시 동구 효목동,경상사고,0,0,1,0,차대차 - 추돌,안전거리미확보,건조,맑음,단일로 - 기타,승용,남,39세,기타불명,승용,남,68세,경상
2023120600100471,2023년 12월 6일 18시,수요일,대구광역시 수성구 노변동,중상사고,0,1,0,0,차대사람 - 횡단중,신호위반,건조,맑음,단일로 - 기타,이륜,남,22세,상해없음,보행자,여,29세,중상
2023120600100472,2023년 12월 6일 18시,수요일,대구광역시 수성구 황금동,경상사고,0,0,1,0,차대차 - 추돌,안전운전불이행,건조,맑음,기타 - 기타,승용,여,42세,상해없음,이륜,남,60세,경상
2023120600100473,2023년 12월 6일 18시,수요일,대구광역시 달서구 대천동,경상사고,0,0,1,0,차대차 - 측면충돌,안전거리미확보,건조,맑음,단일로 - 기타,승용,여,51세,상해없음,승용,남,41세,경상
2023120600100474,2023년 12월 6일 18시,수요일,대구광역시 북구 노원동3가,경상사고,0,0,4,0,차대차 - 추돌,안전운전불이행,건조,맑음,단일로 - 기타,승용,남,31세,상해없음,승용,남,27세,경상
2023120600100475,2023년 12월 6일 18시,수요일,대구광역시 서구 비산동,경상사고,0,0,4,0,차대차 - 추돌,안전운전불이행,건조,맑음,단일로 - 기타,승용,남,64세,상해없음,승합,남,55세,경상
2023120600100517,2023년 12월 6일 19시,수요일,대구광역시 동구 방촌동,중상사고,0,1,0,0,차대차 - 측면충돌,안전운전불이행,건조,맑음,단일로 - 기타,화물,여,62세,상해없음,자전거,남,68세,중상
2023120600100518,2023년 12월 6일 19시,수요일,대구광역시 수성구 수성동4가,경상사고,0,0,1,0,차대차 - 측면충돌,신호위반,젖음/습기,맑음,교차로 - 교차로안,승용,남,30세,상해없음,이륜,남,38세,경상
2023120600100519,2023년 12월 6일 19시,수요일,대구광역시 서구 평리동,경상사고,0,0,1,0,차대차 - 정면충돌,신호위반,젖음/습기,비,교차로 - 교차로부근,화물,남,48세,상해없음,승합,남,64세,경상
2023120600100520,2023년 12월 6일 19시,수요일,대구광역시 달서구 신당동,경상사고,0,0,1,0,차대차 - 측면충돌,안전운전불이행,젖음/습기,비,단일로 - 기타,승용,여,49세,상해없음,이륜,남,37세,경상
2023120600100521,2023년 12월 6일 19시,수요일,대구광역시 북구 금호동,경상사고,0,0,1,0,차대차 - 측면충돌,신호위반,젖음/습기,비,교차로 - 교차로부근,승용,남,67세,상해없음,승용,남,62세,경상
2023120600100547,2023년 12월 6일 20시,수요일,대구광역시 달서구 대천동,경상사고,0,0,1,0,차대차 - 측면충돌,안전운전불이행,젖음/습기,비,단일로 - 기타,이륜,남,40세,상해없음,승용,여,53세,경상
2023120600100568,2023년 12월 6일 21시,수요일,대구광역시 동구 방촌동,중상사고,0,1,0,0,차대사람 - 기타,보행자보호의무위반,젖음/습기,흐림,교차로 - 교차로횡단보도내,승용,남,63세,상해없음,보행자,남,63세,중상
2023120600100584,2023년 12월 6일 22시,수요일,대구광역시 동구 각산동,경상사고,0,0,1,0,차대차 - 기타,안전거리미확보,건조,맑음,교차로 - 교차로부근,승용,남,35세,상해없음,승용,남,33세,경상
2023120600100585,2023년 12월 6일 22시,수요일,대구광역시 동구 신암동,경상사고,0,0,2,0,차대차 - 측면충돌,신호위반,젖음/습기,비,단일로 - 기타,이륜,남,24세,경상,승용,여,55세,경상
2023120600100586,2023년 12월 6일 22시,수요일,대구광역시 수성구 두산동,경상사고,0,0,1,0,차대차 - 기타,안전운전불이행,건조,맑음,단일로 - 기타,승용,남,61세,상해없음,승용,남,25세,경상
2023120600100587,2023년 12월 6일 22시,수요일,대구광역시 달서구 월성동,경상사고,0,0,1,0,차대차 - 추돌,안전거리미확보,건조,맑음,단일로 - 기타,승용,남,27세,상해없음,승용,남,53세,경상
2023120600100588,2023년 12월 6일 22시,수요일,대구광역시 달서구 대천동,경상사고,0,0,1,0,차대차 - 측면충돌,교차로운행방법위반,건조,맑음,교차로 - 교차로안,승용,남,56세,상해없음,승용,남,24세,경상
2023120600100589,2023년 12월 6일 22시,수요일,대구광역시 북구 서변동,경상사고,0,0,1,0,차량단독 - 공작물충돌,안전운전불이행,젖음/습기,비,단일로 - 지하차도(도로)내,승합,남,22세,상해없음,,,,
2023120700100044,2023년 12월 7일 06시,목요일,대구광역시 달서구 감삼동,경상사고,0,0,1,0,차대차 - 추돌,안전운전불이행,건조,맑음,교차로 - 교차로부근,승용,남,34세,상해없음,승용,여,71세,상해없음
2023120700100065,2023년 12월 7일 07시,목요일,대구광역시 달서구 이곡동,경상사고,0,0,1,0,차대차 - 기타,신호위반,건조,맑음,교차로 - 교차로부근,승용,남,69세,상해없음,개인형이동수단(PM),여,53세,경상
2023120700100111,2023년 12월 7일 08시,목요일,대구광역시 수성구 수성동2가,경상사고,0,0,1,0,차대차 - 기타,교차로운행방법위반,건조,맑음,교차로 - 교차로부근,승용,여,67세,상해없음,자전거,남,66세,경상
2023120700100112,2023년 12월 7일 08시,목요일,대구광역시 북구 고성동2가,부상신고사고,0,0,0,1,차대차 - 측면충돌,안전운전불이행,건조,맑음,기타 - 기타,건설기계,여,58세,상해없음,자전거,남,14세,부상신고
2023120700100135,2023년 12월 7일 09시,목요일,대구광역시 동구 율하동,부상신고사고,0,0,0,1,차대차 - 측면충돌,안전운전불이행,건조,맑음,교차로 - 교차로부근,승용,여,64세,상해없음,승용,여,55세,부상신고
2023120700100136,2023년 12월 7일 09시,목요일,대구광역시 달서구 상인동,경상사고,0,0,1,0,차대차 - 기타,안전운전불이행,건조,맑음,단일로 - 기타,승용,여,43세,상해없음,승용,남,64세,경상
2023120700100137,2023년 12월 7일 09시,목요일,대구광역시 서구 비산동,중상사고,0,1,0,0,차대차 - 측면충돌,직진우회전진행방해,건조,맑음,교차로 - 교차로안,승용,여,52세,상해없음,자전거,남,71세,중상
2023120700100170,2023년 12월 7일 10시,목요일,대구광역시 달서구 상인동,중상사고,0,1,1,0,차대차 - 측면충돌,신호위반,건조,맑음,교차로 - 교차로안,이륜,남,30세,중상,승용,여,62세,경상
2023120700100171,2023년 12월 7일 10시,목요일,대구광역시 중구 삼덕동1가,경상사고,0,0,1,0,차대차 - 측면충돌,안전운전불이행,건조,맑음,기타 - 기타,승용,남,57세,상해없음,자전거,여,61세,경상
2023120700100221,2023년 12월 7일 12시,목요일,대구광역시 수성구 수성동4가,부상신고사고,0,0,0,1,차대사람 - 기타,안전운전불이행,건조,맑음,단일로 - 기타,승용,여,27세,상해없음,보행자,여,33세,부상신고
2023120700100222,2023년 12월 7일 12시,목요일,대구광역시 중구 대봉동,중상사고,0,1,0,0,차대차 - 추돌,안전운전불이행,건조,맑음,단일로 - 기타,승용,남,30세,상해없음,승용,여,28세,중상
2023120700100223,2023년 12월 7일 12시,목요일,대구광역시 북구 태전동,중상사고,0,1,0,0,차량단독 - 기타,안전운전불이행,건조,맑음,단일로 - 기타,승합,남,44세,상해없음,,,,
2023120700100264,2023년 12월 7일 13시,목요일,대구광역시 중구 삼덕동2가,경상사고,0,0,1,0,차대차 - 기타,안전운전불이행,건조,맑음,교차로 - 교차로안,화물,남,55세,상해없음,이륜,남,31세,상해없음
2023120700100293,2023년 12월 7일 14시,목요일,대구광역시 중구 태평로1가,경상사고,0,0,2,0,차대차 - 기타,안전운전불이행,건조,맑음,단일로 - 기타,승합,남,52세,상해없음,승용,남,39세,경상
2023120700100358,2023년 12월 7일 16시,목요일,대구광역시 달서구 상인동,중상사고,0,1,0,0,차대사람 - 횡단중,보행자보호의무위반,건조,흐림,교차로 - 교차로안,승용,남,45세,상해없음,보행자,여,77세,중상
2023120700100409,2023년 12월 7일 17시,목요일,대구광역시 남구 봉덕동,경상사고,0,0,1,0,차대차 - 추돌,안전운전불이행,건조,맑음,단일로 - 기타,승용,여,37세,기타불명,승용,남,66세,경상
2023120700100410,2023년 12월 7일 17시,목요일,대구광역시 달성군 옥포읍,중상사고,0,1,1,0,차대차 - 측면충돌,신호위반,건조,맑음,교차로 - 교차로안,승용,남,88세,경상,승용,남,36세,중상
2023120700100411,2023년 12월 7일 17시,목요일,대구광역시 중구 동인동4가,중상사고,0,1,0,0,차량단독 - 기타,안전운전불이행,건조,맑음,단일로 - 기타,승합,남,57세,상해없음,,,,
2023120700100412,2023년 12월 7일 17시,목요일,대구광역시 달서구 죽전동,중상사고,0,1,0,0,차대사람 - 기타,안전운전불이행,건조,맑음,단일로 - 기타,승합,남,53세,상해없음,보행자,여,66세,중상
2023120700100464,2023년 12월 7일 18시,목요일,대구광역시 동구 신암동,중상사고,0,1,0,0,차대차 - 측면충돌,교차로운행방법위반,건조,맑음,교차로 - 교차로부근,승용,여,65세,상해없음,이륜,남,24세,중상
2023120700100465,2023년 12월 7일 18시,목요일,대구광역시 달성군 구지면,경상사고,0,0,2,0,차대차 - 기타,안전운전불이행,건조,맑음,교차로 - 교차로안,승용,남,25세,상해없음,승용,남,69세,경상
2023120700100467,2023년 12월 7일 18시,목요일,대구광역시 북구 산격동,경상사고,0,0,2,0,차대차 - 추돌,안전운전불이행,건조,맑음,단일로 - 기타,승용,남,32세,상해없음,승용,남,65세,경상
2023120700100468,2023년 12월 7일 18시,목요일,대구광역시 서구 평리동,경상사고,0,0,1,0,차대차 - 측면충돌,직진우회전진행방해,건조,맑음,교차로 - 교차로안,승용,남,60세,상해없음,이륜,남,65세,경상
2023120700100513,2023년 12월 7일 19시,목요일,대구광역시 서구 원대동3가,경상사고,0,0,1,0,차대차 - 측면충돌,안전운전불이행,건조,맑음,단일로 - 기타,승용,남,60세,상해없음,이륜,남,23세,경상
2023120700100514,2023년 12월 7일 19시,목요일,대구광역시 달서구 두류동,경상사고,0,0,1,0,차대차 - 측면충돌,안전운전불이행,건조,흐림,교차로 - 교차로부근,승용,여,55세,상해없음,승용,여,39세,경상
2023120700100515,2023년 12월 7일 19시,목요일,대구광역시 달서구 두류동,중상사고,0,1,0,0,차대차 - 기타,안전운전불이행,건조,맑음,기타 - 기타,이륜,남,33세,상해없음,이륜,남,58세,중상
2023120700100536,2023년 12월 7일 20시,목요일,대구광역시 수성구 황금동,경상사고,0,0,1,0,차대차 - 측면충돌,안전운전불이행,건조,맑음,단일로 - 기타,승용,남,65세,상해없음,승용,남,35세,경상
2023120700100537,2023년 12월 7일 20시,목요일,대구광역시 달성군 논공읍,중상사고,0,1,0,0,차대차 - 기타,기타,건조,맑음,단일로 - 기타,승용,남,64세,상해없음,자전거,남,54세,중상
2023120700100538,2023년 12월 7일 20시,목요일,대구광역시 서구 중리동,중상사고,0,1,1,0,차량단독 - 공작물충돌,안전운전불이행,건조,맑음,단일로 - 기타,승용,남,25세,상해없음,,,,
2023120700100560,2023년 12월 7일 21시,목요일,대구광역시 달성군 화원읍,경상사고,0,0,1,0,차대차 - 추돌,안전운전불이행,건조,맑음,단일로 - 기타,승용,여,45세,상해없음,승용,여,52세,경상
2023120700100581,2023년 12월 7일 22시,목요일,대구광역시 달서구 두류동,경상사고,0,0,1,0,차대차 - 기타,안전운전불이행,건조,맑음,단일로 - 기타,승용,남,53세,상해없음,자전거,남,65세,경상
2023120800100008,2023년 12월 8일 00시,금요일,대구광역시 북구 노원동2가,경상사고,0,0,1,0,차대차 - 측면충돌,신호위반,건조,맑음,교차로 - 교차로안,승용,남,26세,상해없음,승용,여,22세,경상
2023120800100072,2023년 12월 8일 07시,금요일,대구광역시 서구 원대동2가,경상사고,0,0,1,0,차대차 - 측면충돌,안전운전불이행,건조,흐림,교차로 - 교차로안,승용,여,51세,상해없음,자전거,남,69세,경상
2023120800100105,2023년 12월 8일 08시,금요일,대구광역시 달성군 논공읍,경상사고,0,0,2,0,차대차 - 측면충돌,기타,건조,맑음,교차로 - 교차로안,승용,여,64세,경상,승용,남,25세,경상
2023120800100135,2023년 12월 8일 09시,금요일,대구광역시 달성군 다사읍,부상신고사고,0,0,0,1,차대차 - 기타,차로위반,건조,맑음,교차로 - 교차로부근,승용,여,66세,상해없음,승용,남,78세,부상신고
2023120800100136,2023년 12월 8일 09시,금요일,대구광역시 서구 비산동,경상사고,0,0,2,0,차대차 - 측면충돌,직진우회전진행방해,건조,맑음,교차로 - 교차로안,승용,남,58세,상해없음,승합,남,60세,경상
2023120800100167,2023년 12월 8일 10시,금요일,대구광역시 북구 노원동3가,중상사고,0,1,0,0,차대차 - 정면충돌,안전운전불이행,건조,맑음,교차로 - 교차로안,원동기,남,58세,중상,화물,남,71세,기타불명
2023120800100169,2023년 12월 8일 10시,금요일,대구광역시 중구 동산동,부상신고사고,0,0,0,1,차대차 - 측면충돌,안전운전불이행,건조,맑음,단일로 - 기타,자전거,남,49세,부상신고,승용,남,67세,상해없음
2023120800100225,2023년 12월 8일 12시,금요일,대구광역시 서구 내당동,경상사고,0,0,2,0,차대차 - 기타,안전운전불이행,건조,맑음,교차로 - 교차로부근,승용,여,54세,상해없음,승용,여,47세,경상
2023120800100226,2023년 12월 8일 12시,금요일,대구광역시 중구 태평로3가,경상사고,0,0,1,3,차대차 - 기타,신호위반,건조,맑음,교차로 - 교차로안,승합,남,66세,상해없음,승용,여,57세,경상
2023120800100261,2023년 12월 8일 13시,금요일,대구광역시 동구 신암동,경상사고,0,0,2,0,차대차 - 추돌,안전운전불이행,건조,맑음,단일로 - 교량,원동기,남,65세,상해없음,승용,남,63세,경상
2023120800100262,2023년 12월 8일 13시,금요일,대구광역시 수성구 상동,경상사고,0,0,1,0,차대차 - 추돌,안전운전불이행,건조,맑음,교차로 - 교차로부근,승용,여,26세,상해없음,승용,여,66세,경상
2023120800100263,2023년 12월 8일 13시,금요일,대구광역시 중구 동인동4가,부상신고사고,0,0,0,1,차대차 - 측면충돌,안전운전불이행,건조,맑음,교차로 - 교차로안,화물,남,54세,상해없음,승용,여,51세,부상신고
2023120800100306,2023년 12월 8일 14시,금요일,대구광역시 북구 매천동,경상사고,0,0,1,0,차대차 - 측면충돌,안전운전불이행,건조,맑음,기타 - 기타,이륜,남,54세,경상,화물,남,40세,상해없음
2023120800100358,2023년 12월 8일 15시,금요일,대구광역시 수성구 지산동,경상사고,0,0,1,0,차대사람 - 길가장자리구역통행중,기타,건조,맑음,교차로 - 교차로부근,화물,남,52세,상해없음,보행자,남,69세,경상
2023120800100359,2023년 12월 8일 15시,금요일,대구광역시 북구 침산동,중상사고,0,1,0,0,차대차 - 기타,안전운전불이행,건조,맑음,기타 - 기타,승용,여,64세,상해없음,자전거,남,9세,중상
2023120800100501,2023년 12월 8일 18시,금요일,대구광역시 동구 신천동,경상사고,0,0,1,0,차대차 - 측면충돌,안전거리미확보,건조,맑음,단일로 - 기타,승용,남,71세,기타불명,승용,여,36세,경상
2023120800100502,2023년 12월 8일 18시,금요일,대구광역시 달성군 옥포읍,경상사고,0,0,2,0,차대차 - 측면충돌,안전운전불이행,건조,맑음,교차로 - 교차로안,승용,여,44세,상해없음,승합,여,40세,경상
2023120800100503,2023년 12월 8일 18시,금요일,대구광역시 북구 산격동,중상사고,0,1,0,0,차대차 - 측면충돌,안전거리미확보,건조,맑음,교차로 - 교차로부근,이륜,남,47세,중상,승용,남,59세,상해없음
2023120800100504,2023년 12월 8일 18시,금요일,대구광역시 서구 내당동,경상사고,0,0,1,0,차대차 - 기타,기타,건조,맑음,교차로 - 교차로안,기타불명,기타불명,미분류,기타불명,승합,남,57세,상해없음
2023120800100505,2023년 12월 8일 18시,금요일,대구광역시 중구 동산동,중상사고,0,1,0,0,차대사람 - 횡단중,보행자보호의무위반,건조,맑음,단일로 - 기타,승용,남,48세,상해없음,보행자,여,66세,중상
2023120800100555,2023년 12월 8일 19시,금요일,대구광역시 달서구 월성동,경상사고,0,0,1,0,차대차 - 기타,안전운전불이행,건조,맑음,교차로 - 교차로횡단보도내,승용,여,41세,상해없음,자전거,남,13세,경상
2023120800100604,2023년 12월 8일 21시,금요일,대구광역시 달성군 현풍읍,경상사고,0,0,1,0,차대사람 - 횡단중,보행자보호의무위반,건조,맑음,교차로 - 교차로횡단보도내,승합,남,39세,상해없음,보행자,남,52세,경상
2023120800100605,2023년 12월 8일 21시,금요일,대구광역시 서구 비산동,부상신고사고,0,0,0,1,차량단독 - 공작물충돌,안전운전불이행,건조,맑음,주차장 - 주차장,승용,남,38세,부상신고,,,,
2023120800100629,2023년 12월 8일 22시,금요일,대구광역시 달서구 감삼동,부상신고사고,0,0,0,1,차대차 - 기타,안전운전불이행,건조,맑음,단일로 - 기타,승용,남,55세,상해없음,개인형이동수단(PM),남,15세,부상신고
2023120900100035,2023년 12월 9일 02시,토요일,대구광역시 중구 남산동,경상사고,0,0,2,0,차대차 - 정면충돌,안전거리미확보,건조,맑음,단일로 - 기타,승용,남,34세,경상,승용,남,33세,경상
2023120900100040,2023년 12월 9일 03시,토요일,대구광역시 동구 효목동,부상신고사고,0,0,0,1,차대차 - 추돌,안전운전불이행,건조,맑음,교차로 - 교차로부근,승용,남,34세,상해없음,이륜,남,21세,부상신고
2023120900100073,2023년 12월 9일 06시,토요일,대구광역시 달서구 도원동,중상사고,0,1,0,0,차대사람 - 횡단중,안전운전불이행,건조,맑음,교차로 - 교차로횡단보도내,승용,남,70세,상해없음,보행자,남,80세,중상
2023120900100092,2023년 12월 9일 07시,토요일,대구광역시 달서구 상인동,경상사고,0,0,1,0,차대차 - 기타,기타,건조,맑음,교차로 - 교차로안,기타불명,기타불명,미분류,기타불명,이륜,남,28세,경상
2023120900100103,2023년 12월 9일 08시,토요일,대구광역시 수성구 상동,경상사고,0,0,1,0,차대차 - 기타,안전운전불이행,건조,맑음,단일로 - 기타,화물,남,66세,상해없음,승용,여,40세,경상
2023120900100104,2023년 12월 9일 08시,토요일,대구광역시 서구 비산동,경상사고,0,0,1,0,차대차 - 측면충돌,신호위반,건조,맑음,교차로 - 교차로안,승용,여,62세,기타불명,승합,남,62세,경상
2023120900100124,2023년 12월 9일 09시,토요일,대구광역시 수성구 만촌동,경상사고,0,0,2,0,차대차 - 측면충돌,안전운전불이행,건조,맑음,단일로 - 기타,승용,남,69세,경상,승용,남,23세,경상
2023120900100125,2023년 12월 9일 09시,토요일,대구광역시 달성군 다사읍,경상사고,0,0,1,0,차대차 - 추돌,안전운전불이행,건조,맑음,기타 - 기타,승용,남,63세,상해없음,승용,남,30세,경상
2023120900100155,2023년 12월 9일 10시,토요일,대구광역시 수성구 범어동,부상신고사고,0,0,0,1,차대사람 - 횡단중,보행자보호의무위반,건조,맑음,교차로 - 교차로횡단보도내,기타불명,기타불명,미분류,기타불명,보행자,여,31세,부상신고
2023120900100185,2023년 12월 9일 11시,토요일,대구광역시 북구 침산동,경상사고,0,0,1,0,차대차 - 추돌,안전운전불이행,건조,맑음,교차로 - 교차로부근,이륜,남,62세,경상,승용,남,35세,상해없음
2023120900100186,2023년 12월 9일 11시,토요일,대구광역시 서구 원대동3가,경상사고,0,0,1,0,차대차 - 측면충돌,안전거리미확보,건조,맑음,단일로 - 기타,승용,남,70세,상해없음,승용,남,23세,경상
2023120900100188,2023년 12월 9일 11시,토요일,대구광역시 달서구 본리동,경상사고,0,0,1,0,차대차 - 측면충돌,안전거리미확보,건조,맑음,단일로 - 기타,승용,남,47세,상해없음,승용,남,51세,경상
2023120900100223,2023년 12월 9일 12시,토요일,대구광역시 북구 구암동,경상사고,0,0,8,0,차대차 - 측면충돌,중앙선침범,건조,맑음,교차로 - 교차로부근,승용,남,57세,상해없음,승합,남,50세,상해없음
2023120900100293,2023년 12월 9일 14시,토요일,대구광역시 동구 지저동,경상사고,0,0,1,0,차대차 - 측면충돌,안전운전불이행,건조,맑음,단일로 - 기타,승용,남,46세,기타불명,이륜,남,23세,경상
2023120900100294,2023년 12월 9일 14시,토요일,대구광역시 동구 신암동,경상사고,0,0,1,0,차대차 - 측면충돌,안전거리미확보,건조,맑음,교차로 - 교차로부근,승용,남,73세,상해없음,승용,남,58세,경상
2023120900100295,2023년 12월 9일 14시,토요일,대구광역시 달서구 상인동,경상사고,0,0,1,0,차대차 - 기타,안전운전불이행,건조,맑음,기타 - 기타,기타불명,기타불명,미분류,기타불명,자전거,남,13세,경상
2023120900100296,2023년 12월 9일 14시,토요일,대구광역시 서구 내당동,경상사고,0,0,1,0,차대차 - 측면충돌,교차로운행방법위반,건조,맑음,교차로 - 교차로안,승용,남,48세,상해없음,승용,남,20세,경상
2023120900100297,2023년 12월 9일 14시,토요일,대구광역시 달서구 용산동,경상사고,0,0,1,0,차대차 - 측면충돌,교차로운행방법위반,건조,맑음,교차로 - 교차로안,승용,남,61세,상해없음,승용,남,25세,경상
2023120900100329,2023년 12월 9일 15시,토요일,대구광역시 서구 평리동,경상사고,0,0,3,0,차대차 - 기타,안전운전불이행,건조,맑음,단일로 - 기타,승용,여,55세,상해없음,승합,남,53세,경상
2023120900100331,2023년 12월 9일 15시,토요일,대구광역시 달서구 장동,경상사고,0,0,1,0,차대차 - 기타,안전운전불이행,건조,맑음,단일로 - 기타,승용,남,50세,기타불명,승용,남,57세,경상
2023120900100363,2023년 12월 9일 16시,토요일,대구광역시 동구 중대동,중상사고,0,1,0,0,차대차 - 기타,교차로운행방법위반,건조,맑음,교차로 - 교차로안,화물,여,51세,상해없음,이륜,남,38세,중상
2023120900100364,2023년 12월 9일 16시,토요일,대구광역시 달서구 월성동,경상사고,0,0,1,0,차량단독 - 기타,기타,건조,맑음,단일로 - 기타,승합,남,36세,상해없음,,,,
2023120900100365,2023년 12월 9일 16시,토요일,대구광역시 북구 산격동,부상신고사고,0,0,0,1,차대차 - 기타,안전운전불이행,건조,맑음,교차로 - 교차로부근,승용,여,43세,상해없음,이륜,남,56세,부상신고
2023120900100396,2023년 12월 9일 17시,토요일,대구광역시 동구 신암동,경상사고,0,0,4,0,차대차 - 측면충돌,안전거리미확보,건조,맑음,교차로 - 교차로안,화물,남,66세,상해없음,승용,남,40세,경상
2023120900100397,2023년 12월 9일 17시,토요일,대구광역시 북구 팔달동,경상사고,0,0,1,0,차대차 - 측면충돌,안전운전불이행,건조,맑음,단일로 - 기타,자전거,여,51세,경상,승용,남,63세,상해없음
2023120900100440,2023년 12월 9일 18시,토요일,대구광역시 북구 산격동,경상사고,0,0,3,0,차대차 - 측면충돌,신호위반,건조,기타,교차로 - 교차로안,승용,여,74세,상해없음,승용,남,38세,경상
2023120900100441,2023년 12월 9일 18시,토요일,대구광역시 북구 칠성동2가,경상사고,0,0,1,0,차대차 - 측면충돌,안전거리미확보,건조,맑음,단일로 - 기타,화물,남,54세,상해없음,승용,여,60세,경상
2023120900100442,2023년 12월 9일 18시,토요일,대구광역시 서구 원대동1가,경상사고,0,0,1,0,차대차 - 측면충돌,안전운전불이행,건조,맑음,교차로 - 교차로부근,승용,여,56세,상해없음,이륜,남,37세,경상
2023120900100475,2023년 12월 9일 19시,토요일,대구광역시 동구 신천동,경상사고,0,0,1,0,차대차 - 측면충돌,안전운전불이행,건조,맑음,교차로 - 교차로부근,승용,여,65세,상해없음,이륜,남,27세,경상
2023120900100527,2023년 12월 9일 21시,토요일,대구광역시 동구 입석동,경상사고,0,0,2,0,차대사람 - 횡단중,보행자보호의무위반,건조,맑음,교차로 - 교차로횡단보도내,승용,남,65세,상해없음,보행자,여,57세,경상
2023120900100528,2023년 12월 9일 21시,토요일,대구광역시 동구 신천동,경상사고,0,0,2,0,차대차 - 측면충돌,안전운전불이행,건조,맑음,단일로 - 기타,이륜,여,21세,경상,승용,여,61세,경상
2023120900100529,2023년 12월 9일 21시,토요일,대구광역시 동구 신천동,부상신고사고,0,0,0,1,차량단독 - 전도전복 - 전도,안전운전불이행,건조,맑음,교차로 - 교차로안,원동기,남,51세,부상신고,,,,
2023120900100530,2023년 12월 9일 21시,토요일,대구광역시 동구 신천동,중상사고,0,1,0,0,차대차 - 측면충돌,안전거리미확보,건조,맑음,교차로 - 교차로안,승용,여,31세,상해없음,승용,남,60세,상해없음
2023120900100531,2023년 12월 9일 21시,토요일,대구광역시 북구 대현동,경상사고,0,0,2,0,차대차 - 기타,신호위반,건조,맑음,교차로 - 교차로안,이륜,남,35세,경상,승용,남,63세,경상
2023120900100565,2023년 12월 9일 23시,토요일,대구광역시 동구 신천동,부상신고사고,0,0,0,1,차대차 - 측면충돌,교차로운행방법위반,건조,맑음,교차로 - 교차로안,승용,남,63세,상해없음,승용,남,25세,부상신고
2023120900100566,2023년 12월 9일 23시,토요일,대구광역시 수성구 이천동,경상사고,0,0,1,0,차대차 - 기타,안전운전불이행,건조,맑음,단일로 - 기타,기타불명,기타불명,미분류,기타불명,승용,남,63세,상해없음