사고번호,사고일시,요일,시군구,사고내용,사망자수,중상자수,경상자수,부상신고자수,사고유형,법규위반,노면상태,기상상태,도로형태,가해운전자 차종,가해운전자 성별,가해운전자 연령,가해운전자 상해정도,피해운전자 차종,피해운전자 성별,피해운전자 연령,피해운전자 상해정도
2023121000100018,2023년 12월 10일 00시,일요일,대구광역시 수성구 신매동,중상사고,0,1,0,0,차대사람 - 차도통행중,안전운전불이행,건조,맑음,단일로 - 기타,개인형이동수단(PM),남,62세,상해없음,보행자,남,63세,중상
2023121000100040,2023년 12월 10일 02시,일요일,대구광역시 달서구 진천동,중상사고,0,1,1,0,차대사람 - 횡단중,신호위반,건조,맑음,단일로 - 기타,승용,남,61세,상해없음,보행자,여,33세,중상
2023121000100077,2023년 12월 10일 08시,일요일,대구광역시 수성구 범어동,부상신고사고,0,0,0,1,차대차 - 측면충돌,안전거리미확보,건조,맑음,교차로 - 교차로안,이륜,남,47세,부상신고,승용,남,65세,상해없음
2023121000100092,2023년 12월 10일 09시,일요일,대구광역시 달서구 신당동,중상사고,0,1,0,0,차대차 - 측면충돌,안전거리미확보,건조,맑음,단일로 - 기타,승용,여,46세,상해없음,이륜,남,57세,중상
2023121000100112,2023년 12월 10일 10시,일요일,대구광역시 동구 율하동,경상사고,0,0,1,0,차대차 - 추돌,안전운전불이행,건조,맑음,기타 - 기타,승용,남,43세,상해없음,승용,여,70세,경상
2023121000100113,2023년 12월 10일 10시,일요일,대구광역시 수성구 황금동,경상사고,0,0,1,0,차대사람 - 기타,안전운전불이행,기타,맑음,기타 - 기타,승용,남,70세,상해없음,보행자,여,27세,경상
2023121000100114,2023년 12월 10일 10시,일요일,대구광역시 수성구 지산동,부상신고사고,0,0,0,1,차대사람 - 차도통행중,안전운전불이행,건조,맑음,단일로 - 기타,승용,남,62세,기타불명,보행자,남,58세,부상신고
2023121000100176,2023년 12월 10일 13시,일요일,대구광역시 북구 구암동,중상사고,0,1,0,0,차대차 - 측면충돌,안전운전불이행,건조,맑음,단일로 - 기타,승용,남,62세,상해없음,이륜,남,39세,중상
2023121000100197,2023년 12월 10일 14시,일요일,대구광역시 동구 신암동,중상사고,0,1,0,0,차대차 - 측면충돌,안전운전불이행,건조,맑음,단일로 - 기타,승용,남,51세,상해없음,승용,남,69세,중상
2023121000100198,2023년 12월 10일 14시,일요일,대구광역시 북구 태전동,경상사고,0,0,1,3,차대차 - 측면충돌,교차로운행방법위반,건조,맑음,교차로 - 교차로안,승용,남,36세,부상신고,승용,여,30세,경상
2023121000100234,2023년 12월 10일 15시,일요일,대구광역시 달성군 화원읍,경상사고,0,0,1,0,차대차 - 측면충돌,안전운전불이행,건조,맑음,교차로 - 교차로안,승용,남,60세,상해없음,개인형이동수단(PM),남,28세,경상
2023121000100235,2023년 12월 10일 15시,일요일,대구광역시 서구 평리동,중상사고,0,1,0,0,차대차 - 기타,안전운전불이행,건조,맑음,단일로 - 기타,화물,남,58세,상해없음,이륜,여,62세,중상
2023121000100236,2023년 12월 10일 15시,일요일,대구광역시 달서구 장기동,경상사고,0,0,2,0,차대차 - 측면충돌,안전거리미확보,건조,맑음,단일로 - 기타,승용,남,67세,상해없음,승용,여,42세,경상
2023121000100267,2023년 12월 10일 16시,일요일,대구광역시 서구 내당동,중상사고,0,1,7,0,차대차 - 측면충돌,직진우회전진행방해,건조,맑음,교차로 - 교차로안,승용,여,27세,경상,승용,남,51세,경상
2023121000100297,2023년 12월 10일 17시,일요일,대구광역시 동구 신천동,중상사고,0,1,0,0,차대차 - 정면충돌,기타,건조,맑음,교차로 - 교차로안,이륜,남,62세,중상,승용,남,28세,상해없음
2023121000100298,2023년 12월 10일 17시,일요일,대구광역시 동구 신천동,경상사고,0,0,1,0,차대사람 - 길가장자리구역통행중,안전운전불이행,건조,맑음,단일로 - 기타,기타불명,기타불명,미분류,기타불명,보행자,여,13세,경상
2023121000100299,2023년 12월 10일 17시,일요일,대구광역시 수성구 두산동,경상사고,0,0,1,0,차대차 - 측면충돌,안전운전불이행,건조,맑음,단일로 - 기타,승용,여,24세,상해없음,개인형이동수단(PM),남,21세,경상
2023121000100300,2023년 12월 10일 17시,일요일,대구광역시 서구 평리동,부상신고사고,0,0,0,1,차대차 - 측면충돌,안전운전불이행,건조,맑음,교차로 - 교차로안,승합,남,82세,상해없음,자전거,남,74세,부상신고
2023121000100301,2023년 12월 10일 17시,일요일,대구광역시 달서구 신당동,경상사고,0,0,2,0,차대차 - 측면충돌,안전거리미확보,건조,맑음,단일로 - 기타,승용,남,64세,상해없음,승용,남,42세,경상
2023121000100408,2023년 12월 10일 21시,일요일,대구광역시 동구 지저동,경상사고,0,0,1,0,차대차 - 추돌,안전운전불이행,건조,맑음,교차로 - 교차로부근,화물,남,63세,상해없음,승용,남,52세,경상
2023121000100409,2023년 12월 10일 21시,일요일,대구광역시 수성구 두산동,경상사고,0,0,1,0,차대차 - 측면충돌,신호위반,건조,맑음,교차로 - 교차로안,승용,남,54세,상해없음,승용,남,63세,상해없음
2023121000100422,2023년 12월 10일 22시,일요일,대구광역시 달성군 화원읍,중상사고,0,1,0,0,차대차 - 기타,안전운전불이행,건조,맑음,기타 - 기타,자전거,남,28세,중상,승용,남,41세,상해없음
2023121100100004,2023년 12월 11일 00시,월요일,대구광역시 달성군 다사읍,경상사고,0,0,1,0,차량단독 - 공작물충돌,안전운전불이행,건조,맑음,단일로 - 기타,이륜,남,43세,경상,,,,
2023121100100054,2023년 12월 11일 06시,월요일,대구광역시 남구 대명동,중상사고,0,1,0,0,차대사람 - 횡단중,보행자보호의무위반,젖음/습기,비,교차로 - 교차로횡단보도내,승용,남,46세,상해없음,보행자,남,66세,중상
2023121100100055,2023년 12월 11일 06시,월요일,대구광역시 수성구 범물동,경상사고,0,0,1,0,차대사람 - 차도통행중,안전운전불이행,건조,맑음,단일로 - 기타,승용,남,42세,상해없음,보행자,여,73세,경상
2023121100100056,2023년 12월 11일 06시,월요일,대구광역시 달서구 성당동,중상사고,0,1,0,0,차대사람 - 차도통행중,안전운전불이행,건조,맑음,단일로 - 기타,승용,남,71세,상해없음,보행자,여,78세,중상
2023121100100125,2023년 12월 11일 08시,월요일,대구광역시 군위군 부계면,경상사고,0,0,1,0,차량단독 - 공작물충돌,안전운전불이행,젖음/습기,비,단일로 - 기타,승용,남,40세,경상,,,,
2023121100100131,2023년 12월 11일 08시,월요일,대구광역시 수성구 중동,경상사고,0,0,1,0,차대차 - 측면충돌,안전운전불이행,건조,맑음,기타 - 기타,승용,남,54세,상해없음,자전거,남,74세,경상
2023121100100161,2023년 12월 11일 09시,월요일,대구광역시 달성군 옥포읍,경상사고,0,0,1,0,차대차 - 기타,교차로운행방법위반,젖음/습기,비,교차로 - 교차로안,승용,여,54세,기타불명,승용,남,65세,경상
2023121100100189,2023년 12월 11일 10시,월요일,대구광역시 달성군 다사읍,경상사고,0,0,1,1,차대차 - 추돌,안전거리미확보,젖음/습기,비,기타 - 기타,화물,남,27세,부상신고,화물,남,54세,상해없음
2023121100100190,2023년 12월 11일 10시,월요일,대구광역시 북구 태전동,경상사고,0,0,2,0,차대차 - 추돌,안전운전불이행,젖음/습기,비,교차로 - 교차로부근,화물,남,56세,상해없음,승용,남,53세,경상
2023121100100216,2023년 12월 11일 11시,월요일,대구광역시 서구 비산동,경상사고,0,0,1,0,차대사람 - 기타,보행자보호의무위반,건조,맑음,단일로 - 기타,승용,남,71세,상해없음,보행자,여,48세,경상
2023121100100252,2023년 12월 11일 12시,월요일,대구광역시 달서구 두류동,경상사고,0,0,1,0,차대차 - 기타,안전운전불이행,젖음/습기,비,단일로 - 기타,화물,남,39세,상해없음,원동기,남,28세,경상
2023121100100276,2023년 12월 11일 13시,월요일,대구광역시 서구 비산동,경상사고,0,0,1,0,차대사람 - 기타,안전운전불이행,건조,맑음,단일로 - 기타,승용,여,41세,상해없음,보행자,남,36세,경상
2023121100100366,2023년 12월 11일 16시,월요일,대구광역시 달서구 상인동,경상사고,0,0,1,0,차대사람 - 기타,안전운전불이행,건조,맑음,기타 - 기타,승용,여,59세,상해없음,보행자,남,65세,경상
2023121100100367,2023년 12월 11일 16시,월요일,대구광역시 달성군 현풍읍,경상사고,0,0,2,2,차대차 - 기타,안전운전불이행,건조,맑음,단일로 - 기타,이륜,남,26세,부상신고,승용,남,36세,경상
2023121100100368,2023년 12월 11일 16시,월요일,대구광역시 서구 내당동,경상사고,0,0,1,0,차대차 - 추돌,안전운전불이행,젖음/습기,비,교차로 - 교차로부근,승용,남,27세,상해없음,승용,남,53세,경상
2023121100100433,2023년 12월 11일 17시,월요일,대구광역시 달서구 신당동,중상사고,0,1,0,0,차대사람 - 기타,보행자보호의무위반,젖음/습기,비,교차로 - 교차로횡단보도내,승용,남,57세,상해없음,보행자,여,57세,중상
2023121100100540,2023년 12월 11일 18시,월요일,대구광역시 중구 대봉동,경상사고,0,0,1,0,차대차 - 측면충돌,신호위반,젖음/습기,비,교차로 - 교차로안,승용,남,77세,상해없음,이륜,남,29세,경상
2023121100100541,2023년 12월 11일 18시,월요일,대구광역시 수성구 범어동,경상사고,0,0,1,0,차대차 - 측면충돌,안전거리미확보,건조,맑음,기타 - 기타,승용,여,30세,상해없음,승용,남,32세,경상
2023121100100542,2023년 12월 11일 18시,월요일,대구광역시 달서구 호산동,경상사고,0,0,1,0,차대차 - 측면충돌,안전거리미확보,건조,맑음,단일로 - 기타,승용,여,25세,상해없음,승용,여,43세,경상
2023121100100543,2023년 12월 11일 18시,월요일,대구광역시 북구 태전동,중상사고,0,1,0,0,차대사람 - 보도통행중,안전운전불이행,젖음/습기,비,교차로 - 교차로안,승용,남,69세,상해없음,보행자,남,18세,중상
2023121100100613,2023년 12월 11일 19시,월요일,대구광역시 동구 방촌동,경상사고,0,0,1,0,차대차 - 기타,안전운전불이행,젖음/습기,비,단일로 - 기타,승용,여,27세,상해없음,화물,남,35세,경상
2023121100100614,2023년 12월 11일 19시,월요일,대구광역시 달서구 상인동,경상사고,0,0,1,0,차대차 - 측면충돌,안전거리미확보,건조,맑음,단일로 - 기타,화물,남,60세,기타불명,승용,남,60세,경상
2023121100100615,2023년 12월 11일 19시,월요일,대구광역시 북구 산격동,경상사고,0,0,2,0,차대차 - 기타,신호위반,젖음/습기,비,교차로 - 교차로안,기타불명,남,31세,기타불명,승용,남,33세,경상
2023121100100650,2023년 12월 11일 20시,월요일,대구광역시 북구 칠성동2가,부상신고사고,0,0,0,1,차대사람 - 기타,안전운전불이행,건조,맑음,단일로 - 기타,이륜,남,30세,상해없음,보행자,남,39세,부상신고
2023121100100684,2023년 12월 11일 21시,월요일,대구광역시 동구 검사동,경상사고,0,0,1,0,차대차 - 정면충돌,안전운전불이행,젖음/습기,비,기타 - 기타,승용,남,31세,상해없음,승용,여,31세,경상
2023121100100685,2023년 12월 11일 21시,월요일,대구광역시 서구 내당동,중상사고,0,1,1,0,차대차 - 측면충돌,불법유턴,건조,맑음,교차로 - 교차로부근,이륜,남,38세,경상,이륜,남,19세,중상
2023121100100686,2023년 12월 11일 21시,월요일,대구광역시 북구 태전동,중상사고,0,1,0,0,차대사람 - 기타,안전운전불이행,젖음/습기,비,단일로 - 지하차도(도로)내,승용,남,75세,기타불명,보행자,여,48세,중상
2023121100100704,2023년 12월 11일 22시,월요일,대구광역시 동구 신천동,경상사고,0,0,1,0,차대차 - 후진중충돌,안전운전불이행,젖음/습기,비,기타 - 기타,승용,남,59세,상해없음,승용,남,37세,경상
2023121100100705,2023년 12월 11일 22시,월요일,대구광역시 수성구 두산동,중상사고,0,2,1,0,차대차 - 추돌,신호위반,기타,맑음,교차로 - 교차로안,승용,남,68세,상해없음,승용,여,72세,중상
2023121100100706,2023년 12월 11일 22시,월요일,대구광역시 달서구 용산동,중상사고,0,1,1,0,차대차 - 기타,안전운전불이행,건조,맑음,교차로 - 교차로안,승용,여,54세,기타불명,승합,여,55세,경상
2023121200100009,2023년 12월 12일 00시,화요일,대구광역시 동구 효목동,부상신고사고,0,0,0,1,차대차 - 측면충돌,불법유턴,젖음/습기,비,단일로 - 지하차도(도로)내,이륜,남,35세,부상신고,승용,남,66세,상해없음
2023121200100035,2023년 12월 12일 05시,화요일,대구광역시 달서구 월성동,중상사고,0,1,0,0,차대사람 - 기타,신호위반,건조,맑음,교차로 - 교차로안,승용,남,48세,상해없음,보행자,남,55세,중상
2023121200100060,2023년 12월 12일 06시,화요일,대구광역시 동구 효목동,경상사고,0,0,1,0,차대차 - 측면충돌,안전거리미확보,건조,맑음,단일로 - 기타,건설기계,남,60세,상해없음,승용,남,44세,경상
2023121200100131,2023년 12월 12일 08시,화요일,대구광역시 남구 이천동,경상사고,0,0,1,0,차대사람 - 횡단중,신호위반,건조,맑음,교차로 - 교차로횡단보도내,특수,남,35세,상해없음,보행자,여,45세,경상
2023121200100132,2023년 12월 12일 08시,화요일,대구광역시 수성구 만촌동,경상사고,0,0,1,0,차대차 - 측면충돌,안전거리미확보,건조,맑음,단일로 - 기타,승용,여,61세,상해없음,승용,여,48세,경상
2023121200100133,2023년 12월 12일 08시,화요일,대구광역시 달서구 월성동,경상사고,0,0,3,0,차대차 - 추돌,안전운전불이행,건조,맑음,단일로 - 기타,화물,남,43세,상해없음,승용,남,37세,경상
2023121200100167,2023년 12월 12일 09시,화요일,대구광역시 동구 율하동,경상사고,0,0,1,0,차대사람 - 횡단중,안전운전불이행,건조,맑음,단일로 - 기타,승용,여,37세,상해없음,보행자,남,64세,경상
2023121200100168,2023년 12월 12일 09시,화요일,대구광역시 달서구 대곡동,경상사고,0,0,2,0,차대차 - 측면충돌,안전거리미확보,건조,맑음,기타 - 기타,승용,남,65세,상해없음,승용,남,52세,경상
2023121200100169,2023년 12월 12일 09시,화요일,대구광역시 달서구 송현동,경상사고,0,0,1,0,차대차 - 기타,안전운전불이행,건조,맑음,단일로 - 기타,승용,남,69세,상해없음,승용,남,61세,경상
2023121200100191,2023년 12월 12일 10시,화요일,대구광역시 달서구 월암동,경상사고,0,0,1,0,차대차 - 측면충돌,안전운전불이행,건조,맑음,교차로 - 교차로안,승용,남,39세,상해없음,승용,여,43세,경상
2023121200100192,2023년 12월 12일 10시,화요일,대구광역시 북구 팔달동,경상사고,0,0,2,0,차대차 - 정면충돌,중앙선침범,건조,맑음,단일로 - 기타,승용,여,26세,상해없음,승용,남,73세,경상
2023121200100220,2023년 12월 12일 11시,화요일,대구광역시 달서구 상인동,경상사고,0,0,1,0,차대차 - 측면충돌,신호위반,건조,맑음,교차로 - 교차로안,승용,여,42세,상해없음,승용,남,57세,경상
2023121200100221,2023년 12월 12일 11시,화요일,대구광역시 달서구 본동,경상사고,0,0,1,0,차대차 - 기타,안전거리미확보,건조,맑음,단일로 - 기타,승용,남,74세,상해없음,승용,남,28세,경상
2023121200100222,2023년 12월 12일 11시,화요일,대구광역시 서구 이현동,경상사고,0,0,1,0,차대차 - 추돌,안전거리미확보,건조,맑음,단일로 - 기타,승용,남,30세,상해없음,승용,남,45세,경상
2023121200100241,2023년 12월 12일 12시,화요일,대구광역시 북구 태전동,경상사고,0,0,1,0,차대차 - 측면충돌,안전거리미확보,건조,맑음,단일로 - 기타,화물,남,66세,상해없음,이륜,남,26세,경상
2023121200100312,2023년 12월 12일 14시,화요일,대구광역시 수성구 수성동3가,경상사고,0,0,1,0,차대차 - 후진중충돌,안전운전불이행,건조,맑음,단일로 - 기타,승용,남,91세,상해없음,이륜,남,45세,경상
2023121200100313,2023년 12월 12일 14시,화요일,대구광역시 중구 삼덕동2가,경상사고,0,0,3,1,차대차 - 측면충돌,신호위반,건조,맑음,단일로 - 기타,승용,남,82세,경상,승용,남,49세,부상신고
2023121200100314,2023년 12월 12일 14시,화요일,대구광역시 달서구 성당동,경상사고,0,0,1,0,차대차 - 추돌,안전운전불이행,건조,맑음,단일로 - 기타,이륜,남,30세,상해없음,화물,남,52세,경상
2023121200100386,2023년 12월 12일 16시,화요일,대구광역시 수성구 파동,경상사고,0,0,1,0,차대차 - 추돌,안전운전불이행,건조,맑음,교차로 - 교차로부근,승용,여,53세,상해없음,승용,여,68세,경상
2023121200100451,2023년 12월 12일 17시,화요일,대구광역시 달서구 대천동,경상사고,0,0,1,0,차대차 - 측면충돌,안전운전불이행,건조,맑음,교차로 - 교차로안,승용,남,64세,상해없음,승용,남,39세,경상
2023121200100452,2023년 12월 12일 17시,화요일,대구광역시 달서구 월암동,경상사고,0,0,2,0,차대차 - 측면충돌,교차로운행방법위반,건조,맑음,교차로 - 교차로안,승용,여,58세,경상,승용,여,43세,경상
2023121200100508,2023년 12월 12일 18시,화요일,대구광역시 동구 방촌동,경상사고,0,0,1,0,차대차 - 추돌,안전운전불이행,건조,맑음,단일로 - 기타,자전거,여,63세,경상,기타불명,기타불명,미분류,기타불명
2023121200100509,2023년 12월 12일 18시,화요일,대구광역시 달서구 월성동,경상사고,0,0,1,0,차대차 - 측면충돌,안전운전불이행,건조,맑음,교차로 - 교차로안,승용,여,50세,상해없음,자전거,남,9세,경상
2023121200100510,2023년 12월 12일 18시,화요일,대구광역시 서구 상리동,경상사고,0,0,3,1,차대차 - 측면충돌,안전거리미확보,건조,맑음,단일로 - 기타,승용,남,65세,부상신고,승용,남,37세,경상
2023121200100511,2023년 12월 12일 18시,화요일,대구광역시 달서구 이곡동,경상사고,0,0,1,0,차대차 - 기타,안전거리미확보,건조,맑음,기타 - 기타,승용,남,25세,상해없음,승용,남,51세,경상
2023121200100512,2023년 12월 12일 18시,화요일,대구광역시 남구 대명동,경상사고,0,0,1,0,차대차 - 측면충돌,기타,건조,흐림,기타 - 기타,승용,남,74세,상해없음,자전거,여,51세,경상
2023121200100544,2023년 12월 12일 19시,화요일,대구광역시 수성구 지산동,경상사고,0,0,2,0,차대차 - 측면충돌,안전운전불이행,건조,맑음,단일로 - 기타,이륜,남,33세,경상,승용,남,31세,상해없음
2023121200100545,2023년 12월 12일 19시,화요일,대구광역시 달서구 월성동,경상사고,0,0,1,0,차대사람 - 횡단중,보행자보호의무위반,건조,맑음,교차로 - 교차로부근,승용,남,39세,상해없음,보행자,남,44세,경상
2023121200100571,2023년 12월 12일 20시,화요일,대구광역시 수성구 범어동,중상사고,0,1,0,0,차대사람 - 기타,기타,건조,맑음,단일로 - 기타,승합,남,60세,상해없음,보행자,여,13세,중상
2023121200100573,2023년 12월 12일 20시,화요일,대구광역시 달성군 화원읍,부상신고사고,0,0,0,2,차대차 - 측면충돌,직진우회전진행방해,건조,맑음,교차로 - 교차로안,승합,남,42세,부상신고,이륜,남,41세,부상신고
2023121200100588,2023년 12월 12일 21시,화요일,대구광역시 동구 신천동,경상사고,0,0,2,0,차대차 - 기타,안전거리미확보,건조,맑음,단일로 - 기타,승용,여,45세,상해없음,승용,남,29세,경상
2023121200100626,2023년 12월 12일 23시,화요일,대구광역시 수성구 두산동,경상사고,0,0,1,0,차대사람 - 기타,안전운전불이행,건조,맑음,주차장 - 주차장,승용,남,19세,상해없음,보행자,남,44세,경상
2023121200100627,2023년 12월 12일 23시,화요일,대구광역시 달서구 진천동,부상신고사고,0,0,0,1,차대차 - 측면충돌,교차로운행방법위반,건조,맑음,교차로 - 교차로안,승용,여,62세,상해없음,이륜,남,21세,부상신고
2023121300100007,2023년 12월 13일 00시,수요일,대구광역시 달서구 대천동,부상신고사고,0,0,0,1,차대차 - 기타,안전운전불이행,건조,맑음,단일로 - 기타,승용,남,50세,부상신고,승용,남,53세,상해없음
2023121300100049,2023년 12월 13일 06시,수요일,대구광역시 동구 신천동,경상사고,0,0,1,0,차대차 - 기타,안전거리미확보,건조,맑음,교차로 - 교차로안,이륜,남,55세,경상,승용,남,64세,상해없음
2023121300100050,2023년 12월 13일 06시,수요일,대구광역시 서구 내당동,경상사고,0,0,1,0,차대사람 - 횡단중,보행자보호의무위반,건조,맑음,교차로 - 교차로안,승용,남,70세,상해없음,보행자,남,35세,경상
2023121300100108,2023년 12월 13일 08시,수요일,대구광역시 동구 금강동,중상사고,0,1,0,0,차대차 - 측면충돌,안전운전불이행,건조,맑음,교차로 - 교차로안,화물,남,64세,상해없음,자전거,남,63세,중상
2023121300100109,2023년 12월 13일 08시,수요일,대구광역시 동구 용계동,경상사고,0,0,1,0,차대차 - 기타,안전거리미확보,건조,맑음,단일로 - 기타,승용,남,30세,경상,승용,남,23세,상해없음
2023121300100110,2023년 12월 13일 08시,수요일,대구광역시 수성구 삼덕동,경상사고,0,0,1,0,차대차 - 추돌,안전운전불이행,건조,맑음,교차로 - 교차로부근,화물,여,61세,상해없음,승용,남,45세,경상
2023121300100111,2023년 12월 13일 08시,수요일,대구광역시 동구 방촌동,경상사고,0,0,1,0,차대차 - 추돌,안전운전불이행,건조,맑음,기타 - 기타,승용,여,28세,상해없음,승용,여,68세,경상
2023121300100112,2023년 12월 13일 08시,수요일,대구광역시 북구 산격동,경상사고,0,0,2,0,차대차 - 측면충돌,교차로운행방법위반,건조,맑음,교차로 - 교차로안,승용,남,46세,상해없음,화물,남,67세,경상
2023121300100133,2023년 12월 13일 09시,수요일,대구광역시 북구 구암동,부상신고사고,0,0,0,1,차대차 - 기타,신호위반,건조,맑음,교차로 - 교차로안,이륜,남,67세,부상신고,승용,여,45세,상해없음
2023121300100165,2023년 12월 13일 10시,수요일,대구광역시 남구 봉덕동,경상사고,0,0,1,0,차대차 - 측면충돌,안전운전불이행,건조,맑음,교차로 - 교차로안,화물,남,79세,기타불명,승용,남,28세,경상
2023121300100166,2023년 12월 13일 10시,수요일,대구광역시 동구 도동,경상사고,0,0,1,0,차대차 - 측면충돌,안전운전불이행,건조,맑음,단일로 - 기타,이륜,여,65세,경상,화물,남,32세,상해없음
2023121300100192,2023년 12월 13일 11시,수요일,대구광역시 수성구 범어동,경상사고,0,0,1,0,차대사람 - 길가장자리구역통행중,안전운전불이행,건조,맑음,단일로 - 기타,특수,남,50세,상해없음,보행자,남,47세,경상
2023121300100193,2023년 12월 13일 11시,수요일,대구광역시 달서구 용산동,경상사고,0,0,1,0,차대사람 - 횡단중,안전운전불이행,건조,맑음,교차로 - 교차로안,승용,남,26세,상해없음,보행자,여,50세,경상
2023121300100219,2023년 12월 13일 12시,수요일,대구광역시 수성구 황금동,경상사고,0,0,1,0,차대사람 - 횡단중,보행자보호의무위반,건조,맑음,기타 - 기타,승용,여,49세,상해없음,보행자,여,7세,경상
2023121300100257,2023년 12월 13일 13시,수요일,대구광역시 서구 평리동,경상사고,0,0,4,0,차대차 - 측면충돌,안전거리미확보,건조,맑음,교차로 - 교차로부근,승용,여,48세,경상,승용,여,64세,경상
2023121300100285,2023년 12월 13일 14시,수요일,대구광역시 남구 봉덕동,경상사고,0,0,1,0,차대차 - 추돌,안전운전불이행,건조,맑음,교차로 - 교차로부근,승용,여,37세,상해없음,화물,남,55세,경상
2023121300100286,2023년 12월 13일 14시,수요일,대구광역시 동구 율하동,중상사고,0,1,0,0,차대차 - 기타,안전운전불이행,건조,맑음,교차로 - 교차로부근,기타불명,기타불명,미분류,기타불명,자전거,남,78세,중상
2023121300100309,2023년 12월 13일 15시,수요일,대구광역시 달성군 화원읍,경상사고,0,0,1,0,차대차 - 기타,안전운전불이행,건조,맑음,교차로 - 교차로안,승용,여,30세,상해없음,승용,남,62세,경상
2023121300100351,2023년 12월 13일 16시,수요일,대구광역시 수성구 성동,부상신고사고,0,0,0,1,차량단독 - 공작물충돌,안전운전불이행,건조,맑음,단일로 - 기타,이륜,여,54세,부상신고,,,,
2023121300100352,2023년 12월 13일 16시,수요일,대구광역시 수성구 지산동,경상사고,0,0,1,0,차대차 - 측면충돌,차로위반,건조,맑음,교차로 - 교차로부근,승용,여,57세,상해없음,승용,여,29세,경상
2023121300100353,2023년 12월 13일 16시,수요일,대구광역시 북구 침산동,경상사고,0,0,1,0,차대차 - 측면충돌,직진우회전진행방해,건조,맑음,교차로 - 교차로안,승용,남,77세,상해없음,이륜,남,24세,경상
2023121300100354,2023년 12월 13일 16시,수요일,대구광역시 달서구 본리동,경상사고,0,0,2,0,차대차 - 추돌,안전운전불이행,건조,맑음,교차로 - 교차로부근,승용,여,39세,경상,승용,여,50세,경상
2023121300100407,2023년 12월 13일 17시,수요일,대구광역시 서구 비산동,중상사고,0,1,0,0,차대차 - 측면충돌,차로위반,건조,맑음,단일로 - 기타,승용,여,46세,상해없음,승용,남,53세,중상
2023121300100408,2023년 12월 13일 17시,수요일,대구광역시 달서구 이곡동,경상사고,0,0,1,0,차대차 - 추돌,안전거리미확보,건조,맑음,교차로 - 교차로부근,승용,여,29세,상해없음,승용,여,27세,경상
2023121300100409,2023년 12월 13일 17시,수요일,대구광역시 북구 서변동,부상신고사고,0,0,0,1,차대사람 - 기타,안전운전불이행,건조,맑음,단일로 - 기타,승용,남,55세,상해없음,보행자,남,39세,부상신고
2023121300100473,2023년 12월 13일 18시,수요일,대구광역시 북구 침산동,부상신고사고,0,0,0,1,차대사람 - 기타,안전운전불이행,건조,맑음,기타 - 기타,기타불명,기타불명,미분류,기타불명,보행자,남,12세,부상신고
2023121300100474,2023년 12월 13일 18시,수요일,대구광역시 중구 계산동2가,경상사고,0,0,2,0,차대차 - 측면충돌,안전거리미확보,건조,맑음,교차로 - 교차로안,승용,여,62세,상해없음,승용,남,20세,경상
2023121300100475,2023년 12월 13일 18시,수요일,대구광역시 달서구 성당동,경상사고,0,0,1,0,차량단독 - 기타,안전운전불이행,건조,맑음,교차로 - 교차로부근,승용,남,60세,상해없음,,,,
2023121300100511,2023년 12월 13일 19시,수요일,대구광역시 서구 내당동,중상사고,0,1,0,0,차대차 - 기타,기타,건조,맑음,교차로 - 교차로안,승용,남,72세,상해없음,이륜,남,29세,중상
2023121300100566,2023년 12월 13일 21시,수요일,대구광역시 달성군 구지면,경상사고,0,0,1,0,차대차 - 기타,안전운전불이행,건조,맑음,기타 - 기타,승용,남,34세,상해없음,승용,여,34세,경상
2023121400100101,2023년 12월 14일 08시,목요일,대구광역시 남구 대명동,경상사고,0,0,1,0,차대차 - 기타,안전거리미확보,건조,맑음,교차로 - 교차로안,화물,남,63세,상해없음,승용,남,35세,경상
2023121400100102,2023년 12월 14일 08시,목요일,대구광역시 북구 칠성동2가,경상사고,0,0,1,0,차대차 - 기타,교차로운행방법위반,건조,맑음,교차로 - 교차로안,승용,남,70세,기타불명,화물,남,52세,경상
2023121400100103,2023년 12월 14일 08시,목요일,대구광역시 서구 이현동,경상사고,0,0,1,0,차대차 - 측면충돌,안전거리미확보,건조,맑음,교차로 - 교차로부근,승용,남,62세,상해없음,승용,남,32세,경상
2023121400100104,2023년 12월 14일 08시,목요일,대구광역시 달서구 장동,경상사고,0,0,1,0,차대차 - 측면충돌,직진우회전진행방해,건조,맑음,교차로 - 교차로안,승용,남,63세,상해없음,승용,남,40세,경상
2023121400100132,2023년 12월 14일 09시,목요일,대구광역시 북구 노원동1가,중상사고,0,2,1,0,차대차 - 측면충돌,불법유턴,건조,맑음,교차로 - 교차로부근,승용,남,67세,중상,승용,남,33세,경상
2023121400100161,2023년 12월 14일 10시,목요일,대구광역시 수성구 대흥동,경상사고,0,0,1,0,차대차 - 기타,안전운전불이행,건조,맑음,교차로 - 교차로안,승용,여,51세,상해없음,승용,남,62세,경상
2023121400100182,2023년 12월 14일 11시,목요일,대구광역시 수성구 노변동,경상사고,0,0,1,0,차대차 - 측면충돌,안전운전불이행,젖음/습기,흐림,기타 - 기타,승용,남,52세,상해없음,승용,남,56세,경상
2023121400100183,2023년 12월 14일 11시,목요일,대구광역시 서구 평리동,부상신고사고,0,0,0,1,차대차 - 기타,불법유턴,건조,맑음,교차로 - 교차로부근,기타불명,기타불명,미분류,기타불명,이륜,남,58세,부상신고