사고번호,사고일시,요일,시군구,사고내용,사망자수,중상자수,경상자수,부상신고자수,사고유형,법규위반,노면상태,기상상태,도로형태,가해운전자 차종,가해운전자 성별,가해운전자 연령,가해운전자 상해정도,피해운전자 차종,피해운전자 성별,피해운전자 연령,피해운전자 상해정도
2023121400100184,2023년 12월 14일 11시,목요일,대구광역시 서구 상리동,경상사고,0,0,2,0,차대차 - 추돌,안전운전불이행,젖음/습기,비,교차로 - 교차로부근,승용,남,23세,상해없음,승용,남,48세,경상
2023121400100204,2023년 12월 14일 12시,목요일,대구광역시 동구 부동,중상사고,0,1,0,0,차대차 - 추돌,안전운전불이행,건조,맑음,단일로 - 기타,승용,남,33세,상해없음,화물,남,65세,중상
2023121400100205,2023년 12월 14일 12시,목요일,대구광역시 서구 중리동,경상사고,0,0,1,0,차대차 - 추돌,안전운전불이행,건조,맑음,교차로 - 교차로부근,이륜,남,28세,상해없음,이륜,남,31세,경상
2023121400100233,2023년 12월 14일 13시,목요일,대구광역시 동구 방촌동,부상신고사고,0,0,0,1,차대차 - 기타,안전운전불이행,젖음/습기,비,단일로 - 지하차도(도로)내,승용,남,42세,상해없음,이륜,남,28세,부상신고
2023121400100263,2023년 12월 14일 14시,목요일,대구광역시 북구 동천동,경상사고,0,0,1,0,차대사람 - 기타,안전운전불이행,젖음/습기,비,단일로 - 기타,이륜,남,26세,상해없음,보행자,여,89세,경상
2023121400100264,2023년 12월 14일 14시,목요일,대구광역시 북구 매천동,경상사고,0,0,1,0,차대차 - 추돌,안전운전불이행,건조,맑음,기타 - 기타,이륜,남,32세,경상,승용,여,46세,상해없음
2023121400100295,2023년 12월 14일 15시,목요일,대구광역시 달서구 장동,중상사고,0,1,4,0,차대차 - 측면충돌,안전거리미확보,젖음/습기,비,단일로 - 기타,승용,여,37세,경상,승용,남,29세,경상
2023121400100296,2023년 12월 14일 15시,목요일,대구광역시 북구 태전동,부상신고사고,0,0,0,1,차대사람 - 기타,안전운전불이행,건조,맑음,기타 - 기타,승용,남,71세,상해없음,보행자,여,32세,부상신고
2023121400100333,2023년 12월 14일 16시,목요일,대구광역시 서구 평리동,경상사고,0,0,1,0,차대차 - 측면충돌,안전거리미확보,건조,맑음,단일로 - 기타,승용,남,67세,상해없음,승용,여,36세,경상
2023121400100386,2023년 12월 14일 17시,목요일,대구광역시 북구 대현동,경상사고,0,0,1,0,차량단독 - 기타,안전운전불이행,젖음/습기,비,단일로 - 기타,승합,남,53세,상해없음,,,,
2023121400100387,2023년 12월 14일 17시,목요일,대구광역시 달서구 장기동,중상사고,0,1,0,0,차대사람 - 횡단중,신호위반,젖음/습기,비,교차로 - 교차로횡단보도내,이륜,여,66세,상해없음,보행자,여,76세,중상
2023121400100388,2023년 12월 14일 17시,목요일,대구광역시 달서구 두류동,경상사고,0,0,1,0,차대사람 - 횡단중,보행자보호의무위반,젖음/습기,비,교차로 - 교차로횡단보도내,승용,남,51세,상해없음,보행자,여,47세,경상
2023121400100389,2023년 12월 14일 17시,목요일,대구광역시 북구 사수동,경상사고,0,0,2,0,차대차 - 측면충돌,안전운전불이행,젖음/습기,비,교차로 - 교차로부근,승용,남,61세,상해없음,승용,남,48세,경상
2023121400100477,2023년 12월 14일 18시,목요일,대구광역시 동구 신기동,경상사고,0,0,1,0,차대차 - 측면충돌,직진우회전진행방해,젖음/습기,비,교차로 - 교차로부근,승용,남,64세,상해없음,이륜,남,34세,경상
2023121400100478,2023년 12월 14일 18시,목요일,대구광역시 동구 신천동,경상사고,0,0,1,0,차대차 - 정면충돌,안전거리미확보,젖음/습기,비,교차로 - 교차로부근,승용,남,52세,기타불명,승용,남,65세,기타불명
2023121400100479,2023년 12월 14일 18시,목요일,대구광역시 동구 각산동,경상사고,0,0,1,0,차대차 - 정면충돌,직진우회전진행방해,젖음/습기,비,교차로 - 교차로안,승용,남,60세,상해없음,승용,남,29세,경상
2023121400100480,2023년 12월 14일 18시,목요일,대구광역시 북구 침산동,경상사고,0,0,1,1,차대사람 - 횡단중,신호위반,젖음/습기,비,단일로 - 기타,이륜,남,29세,경상,보행자,여,26세,부상신고
2023121400100481,2023년 12월 14일 18시,목요일,대구광역시 북구 대현동,경상사고,0,0,2,0,차대차 - 측면충돌,안전거리미확보,건조,맑음,단일로 - 기타,승용,여,38세,상해없음,승용,남,40세,경상
2023121400100482,2023년 12월 14일 18시,목요일,대구광역시 북구 산격동,경상사고,0,0,1,0,차대차 - 측면충돌,안전거리미확보,젖음/습기,비,단일로 - 기타,승용,여,52세,상해없음,승용,남,51세,경상
2023121400100483,2023년 12월 14일 18시,목요일,대구광역시 북구 태전동,경상사고,0,0,1,0,차대사람 - 차도통행중,안전운전불이행,건조,맑음,단일로 - 기타,승용,남,49세,상해없음,보행자,여,23세,경상
2023121400100548,2023년 12월 14일 19시,목요일,대구광역시 서구 평리동,중상사고,0,1,0,0,차대사람 - 횡단중,신호위반,젖음/습기,비,교차로 - 교차로횡단보도내,이륜,남,46세,상해없음,보행자,여,54세,중상
2023121400100596,2023년 12월 14일 20시,목요일,대구광역시 달서구 용산동,경상사고,0,0,1,0,차대사람 - 횡단중,보행자보호의무위반,젖음/습기,비,교차로 - 교차로횡단보도내,승용,남,28세,상해없음,보행자,남,59세,경상
2023121400100671,2023년 12월 14일 22시,목요일,대구광역시 북구 서변동,경상사고,0,0,1,0,차대차 - 측면충돌,기타,젖음/습기,비,단일로 - 기타,기타불명,기타불명,미분류,기타불명,승합,남,63세,경상
2023121500100038,2023년 12월 15일 02시,금요일,대구광역시 달서구 본동,경상사고,0,0,1,0,차대차 - 추돌,안전운전불이행,젖음/습기,흐림,기타 - 기타,승용,남,43세,상해없음,화물,남,63세,경상
2023121500100078,2023년 12월 15일 06시,금요일,대구광역시 수성구 만촌동,사망사고,1,0,0,0,차대사람 - 차도통행중,안전운전불이행,젖음/습기,비,단일로 - 기타,승용,남,66세,상해없음,보행자,남,73세,사망
2023121500100079,2023년 12월 15일 06시,금요일,대구광역시 수성구 지산동,경상사고,0,0,1,0,차대차 - 측면충돌,안전운전불이행,젖음/습기,비,교차로 - 교차로부근,승용,여,66세,기타불명,승용,여,26세,경상
2023121500100128,2023년 12월 15일 07시,금요일,대구광역시 달서구 대천동,경상사고,0,0,1,0,차대차 - 측면충돌,안전운전불이행,젖음/습기,비,단일로 - 기타,승용,여,34세,상해없음,승용,남,44세,경상
2023121500100129,2023년 12월 15일 07시,금요일,대구광역시 북구 대현동,경상사고,0,0,2,0,차대차 - 기타,안전운전불이행,젖음/습기,비,단일로 - 기타,승용,여,47세,상해없음,승용,남,52세,경상
2023121500100213,2023년 12월 15일 09시,금요일,대구광역시 달성군 가창면,경상사고,0,0,1,0,차대사람 - 기타,안전운전불이행,건조,맑음,기타 - 기타,승합,남,63세,기타불명,보행자,남,44세,경상
2023121500100214,2023년 12월 15일 09시,금요일,대구광역시 북구 침산동,경상사고,0,0,3,0,차대차 - 측면충돌,교차로운행방법위반,젖음/습기,비,교차로 - 교차로안,승용,남,26세,상해없음,승용,여,46세,경상
2023121500100247,2023년 12월 15일 10시,금요일,대구광역시 수성구 두산동,부상신고사고,0,0,0,1,차량단독 - 공작물충돌,안전운전불이행,젖음/습기,비,단일로 - 기타,승용,남,38세,부상신고,,,,
2023121500100283,2023년 12월 15일 11시,금요일,대구광역시 남구 봉덕동,경상사고,0,0,1,0,차대차 - 추돌,중앙선침범,젖음/습기,비,단일로 - 기타,화물,남,40세,상해없음,승용,남,60세,경상
2023121500100284,2023년 12월 15일 11시,금요일,대구광역시 동구 각산동,경상사고,0,0,1,0,차대차 - 측면충돌,안전거리미확보,건조,맑음,교차로 - 교차로안,승용,남,64세,상해없음,건설기계,남,40세,경상
2023121500100309,2023년 12월 15일 12시,금요일,대구광역시 남구 대명동,경상사고,0,0,1,0,차대차 - 추돌,교차로운행방법위반,건조,맑음,교차로 - 교차로안,승용,여,52세,상해없음,화물,남,35세,경상
2023121500100310,2023년 12월 15일 12시,금요일,대구광역시 북구 칠성동1가,경상사고,0,0,1,0,차대차 - 후진중충돌,불법유턴,젖음/습기,비,교차로 - 교차로안,승용,남,68세,상해없음,승용,남,62세,경상
2023121500100335,2023년 12월 15일 13시,금요일,대구광역시 수성구 황금동,경상사고,0,0,1,0,차대차 - 측면충돌,안전운전불이행,기타,기타,기타 - 기타,승용,여,53세,상해없음,승용,남,60세,경상
2023121500100336,2023년 12월 15일 13시,금요일,대구광역시 달성군 화원읍,경상사고,0,0,2,0,차대차 - 기타,안전운전불이행,건조,맑음,단일로 - 기타,화물,남,75세,상해없음,승용,남,26세,경상
2023121500100434,2023년 12월 15일 16시,금요일,대구광역시 동구 신암동,부상신고사고,0,0,0,1,차대차 - 기타,안전운전불이행,젖음/습기,비,단일로 - 기타,기타불명,기타불명,미분류,기타불명,이륜,남,62세,부상신고
2023121500100435,2023년 12월 15일 16시,금요일,대구광역시 서구 평리동,경상사고,0,0,1,0,차대차 - 추돌,안전운전불이행,건조,맑음,단일로 - 기타,승용,여,47세,상해없음,승용,여,65세,경상
2023121500100483,2023년 12월 15일 17시,금요일,대구광역시 동구 부동,경상사고,0,0,1,0,차대차 - 추돌,안전거리미확보,건조,맑음,단일로 - 기타,승용,여,28세,상해없음,승용,남,43세,경상
2023121500100484,2023년 12월 15일 17시,금요일,대구광역시 달성군 다사읍,경상사고,0,0,1,0,차대차 - 측면충돌,안전운전불이행,건조,맑음,교차로 - 교차로부근,승용,남,55세,상해없음,이륜,남,25세,경상
2023121500100485,2023년 12월 15일 17시,금요일,대구광역시 달성군 화원읍,경상사고,0,0,1,0,차대차 - 기타,안전운전불이행,건조,맑음,단일로 - 기타,승용,여,54세,상해없음,승용,여,35세,경상
2023121500100486,2023년 12월 15일 17시,금요일,대구광역시 서구 비산동,부상신고사고,0,0,0,1,차대차 - 측면충돌,안전운전불이행,건조,맑음,교차로 - 교차로안,승용,여,45세,상해없음,승용,남,66세,부상신고
2023121500100545,2023년 12월 15일 18시,금요일,대구광역시 달성군 유가읍,경상사고,0,0,2,0,차대차 - 기타,안전운전불이행,건조,맑음,단일로 - 터널,승용,여,50세,경상,승용,여,47세,경상
2023121500100546,2023년 12월 15일 18시,금요일,대구광역시 중구 대봉동,경상사고,0,0,2,1,차대차 - 측면충돌,안전운전불이행,건조,맑음,단일로 - 기타,승용,여,61세,부상신고,승용,남,39세,경상
2023121500100547,2023년 12월 15일 18시,금요일,대구광역시 북구 관음동,중상사고,0,1,0,0,차대차 - 측면충돌,신호위반,젖음/습기,비,교차로 - 교차로안,화물,남,55세,상해없음,이륜,남,58세,중상
2023121500100548,2023년 12월 15일 18시,금요일,대구광역시 북구 구암동,경상사고,0,0,1,0,차대사람 - 횡단중,보행자보호의무위반,건조,맑음,교차로 - 교차로횡단보도내,승용,남,59세,상해없음,보행자,남,9세,경상
2023121500100636,2023년 12월 15일 20시,금요일,대구광역시 동구 입석동,경상사고,0,0,2,0,차량단독 - 공작물충돌,안전운전불이행,젖음/습기,비,교차로 - 교차로부근,승용,남,65세,기타불명,,,,
2023121500100637,2023년 12월 15일 20시,금요일,대구광역시 동구 신서동,중상사고,0,1,3,1,차대차 - 추돌,안전운전불이행,젖음/습기,비,단일로 - 기타,승용,남,30세,부상신고,승용,여,63세,중상
2023121500100638,2023년 12월 15일 20시,금요일,대구광역시 북구 산격동,경상사고,0,0,1,0,차대차 - 기타,불법유턴,건조,맑음,단일로 - 기타,승용,남,64세,상해없음,이륜,남,33세,경상
2023121500100669,2023년 12월 15일 21시,금요일,대구광역시 달서구 월성동,부상신고사고,0,0,0,1,차대차 - 기타,안전운전불이행,젖음/습기,비,기타 - 기타,승용,여,43세,부상신고,화물,남,56세,상해없음
2023121500100670,2023년 12월 15일 21시,금요일,대구광역시 달서구 호산동,사망사고,1,0,0,0,차대사람 - 횡단중,안전운전불이행,젖음/습기,비,교차로 - 교차로안,승합,남,52세,상해없음,보행자,남,31세,사망
2023121500100671,2023년 12월 15일 21시,금요일,대구광역시 북구 구암동,경상사고,0,0,1,0,차대차 - 측면충돌,안전운전불이행,건조,맑음,교차로 - 교차로부근,이륜,남,50세,경상,이륜,남,39세,상해없음
2023121500100702,2023년 12월 15일 22시,금요일,대구광역시 달서구 용산동,경상사고,0,0,1,0,차대차 - 추돌,기타,건조,맑음,단일로 - 기타,승용,남,29세,상해없음,특수,남,36세,경상
2023121500100703,2023년 12월 15일 22시,금요일,대구광역시 달서구 감삼동,부상신고사고,0,0,0,1,차대사람 - 기타,안전운전불이행,건조,맑음,교차로 - 교차로안,이륜,남,35세,상해없음,보행자,남,55세,부상신고
2023121500100743,2023년 12월 15일 23시,금요일,대구광역시 달서구 유천동,경상사고,0,0,1,0,차대차 - 기타,안전운전불이행,젖음/습기,비,교차로 - 교차로부근,승용,남,26세,상해없음,승용,남,40세,경상
2023121500100744,2023년 12월 15일 23시,금요일,대구광역시 중구 문화동,경상사고,0,0,1,0,차대사람 - 차도통행중,안전운전불이행,젖음/습기,맑음,단일로 - 기타,승용,남,25세,상해없음,보행자,남,22세,경상
2023121500100745,2023년 12월 15일 23시,금요일,대구광역시 북구 태전동,경상사고,0,0,3,0,차대차 - 기타,교차로운행방법위반,젖음/습기,비,교차로 - 교차로안,승용,남,19세,경상,이륜,남,20세,경상
2023121600100014,2023년 12월 16일 00시,토요일,대구광역시 수성구 상동,경상사고,0,0,1,0,차대차 - 추돌,안전운전불이행,건조,맑음,교차로 - 교차로안,승용,남,45세,상해없음,승용,남,75세,경상
2023121600100031,2023년 12월 16일 01시,토요일,대구광역시 동구 신천동,경상사고,0,0,3,0,차대차 - 측면충돌,안전운전불이행,건조,맑음,단일로 - 기타,승용,남,35세,상해없음,승용,남,59세,경상
2023121600100041,2023년 12월 16일 02시,토요일,대구광역시 수성구 만촌동,경상사고,0,0,1,0,차대차 - 측면충돌,신호위반,건조,맑음,기타 - 기타,승용,여,42세,상해없음,승용,남,69세,경상
2023121600100042,2023년 12월 16일 02시,토요일,대구광역시 서구 상리동,중상사고,0,1,4,0,차대차 - 측면충돌,기타,건조,맑음,단일로 - 고가도로위,승용,남,72세,상해없음,승용,남,60세,경상
2023121600100066,2023년 12월 16일 04시,토요일,대구광역시 서구 이현동,중상사고,0,1,1,0,차대차 - 측면충돌,교차로운행방법위반,건조,맑음,교차로 - 교차로안,승용,남,40세,경상,승용,여,47세,중상
2023121600100089,2023년 12월 16일 06시,토요일,대구광역시 달서구 상인동,경상사고,0,0,2,0,차대차 - 기타,교차로운행방법위반,건조,맑음,교차로 - 교차로안,승용,남,26세,상해없음,승용,여,48세,경상
2023121600100090,2023년 12월 16일 06시,토요일,대구광역시 북구 태전동,경상사고,0,0,1,0,차대차 - 측면충돌,교차로운행방법위반,건조,맑음,교차로 - 교차로안,승용,여,56세,상해없음,승용,남,32세,경상
2023121600100116,2023년 12월 16일 08시,토요일,대구광역시 서구 내당동,경상사고,0,0,3,0,차대차 - 측면충돌,안전운전불이행,건조,맑음,교차로 - 교차로부근,승용,여,49세,경상,승용,남,65세,경상
2023121600100117,2023년 12월 16일 08시,토요일,대구광역시 중구 남산동,경상사고,0,0,1,0,차대차 - 측면충돌,안전거리미확보,건조,맑음,단일로 - 기타,승용,남,72세,상해없음,승용,여,50세,경상
2023121600100156,2023년 12월 16일 10시,토요일,대구광역시 동구 검사동,경상사고,0,0,1,0,차대차 - 측면충돌,안전거리미확보,건조,맑음,단일로 - 기타,승용,여,64세,상해없음,승합,남,62세,경상
2023121600100157,2023년 12월 16일 10시,토요일,대구광역시 수성구 상동,경상사고,0,0,1,0,차대사람 - 횡단중,안전운전불이행,건조,맑음,교차로 - 교차로부근,승용,남,27세,상해없음,보행자,여,38세,경상
2023121600100211,2023년 12월 16일 12시,토요일,대구광역시 북구 읍내동,경상사고,0,0,1,0,차대차 - 측면충돌,안전운전불이행,건조,맑음,단일로 - 터널,승용,여,30세,상해없음,승용,여,50세,경상
2023121600100246,2023년 12월 16일 13시,토요일,대구광역시 동구 율암동,경상사고,0,0,1,0,차대차 - 기타,안전운전불이행,건조,맑음,단일로 - 기타,이륜,남,48세,경상,승용,남,36세,상해없음
2023121600100247,2023년 12월 16일 13시,토요일,대구광역시 달서구 본리동,경상사고,0,0,1,0,차대차 - 측면충돌,안전운전불이행,건조,맑음,교차로 - 교차로부근,승용,남,30세,상해없음,승용,여,44세,경상
2023121600100248,2023년 12월 16일 13시,토요일,대구광역시 서구 비산동,경상사고,0,0,1,0,차대차 - 측면충돌,중앙선침범,건조,맑음,단일로 - 기타,자전거,남,10세,경상,승용,남,52세,상해없음
2023121600100249,2023년 12월 16일 13시,토요일,대구광역시 북구 태전동,중상사고,0,1,0,0,차대차 - 추돌,안전거리미확보,건조,맑음,단일로 - 기타,이륜,남,33세,상해없음,승용,남,29세,중상
2023121600100360,2023년 12월 16일 16시,토요일,대구광역시 동구 신암동,경상사고,0,0,2,0,차대차 - 추돌,안전거리미확보,건조,맑음,단일로 - 기타,승용,남,39세,상해없음,승용,남,28세,경상
2023121600100361,2023년 12월 16일 16시,토요일,대구광역시 달서구 대천동,경상사고,0,0,1,0,차대차 - 측면충돌,신호위반,건조,맑음,교차로 - 교차로안,승용,여,61세,상해없음,승용,여,51세,경상
2023121600100362,2023년 12월 16일 16시,토요일,대구광역시 북구 동천동,경상사고,0,0,1,0,차대차 - 정면충돌,안전운전불이행,건조,맑음,단일로 - 기타,승용,남,52세,상해없음,원동기,남,49세,경상
2023121600100405,2023년 12월 16일 17시,토요일,대구광역시 수성구 매호동,중상사고,0,1,1,0,차대차 - 정면충돌,안전운전불이행,건조,맑음,단일로 - 기타,화물,남,56세,상해없음,승용,남,39세,중상
2023121600100406,2023년 12월 16일 17시,토요일,대구광역시 서구 내당동,경상사고,0,0,1,0,차대차 - 측면충돌,신호위반,건조,맑음,교차로 - 교차로안,승용,여,80세,상해없음,승용,남,36세,경상
2023121600100466,2023년 12월 16일 18시,토요일,대구광역시 달성군 다사읍,경상사고,0,0,2,0,차대사람 - 기타,안전운전불이행,건조,맑음,기타 - 기타,승합,남,55세,경상,보행자,여,43세,경상
2023121600100467,2023년 12월 16일 18시,토요일,대구광역시 북구 산격동,경상사고,0,0,1,0,차대차 - 기타,안전거리미확보,건조,맑음,교차로 - 교차로안,승용,남,59세,상해없음,승용,여,22세,경상
2023121600100468,2023년 12월 16일 18시,토요일,대구광역시 중구 공평동,경상사고,0,0,1,0,차대사람 - 기타,안전운전불이행,건조,맑음,단일로 - 기타,승용,남,68세,상해없음,보행자,여,27세,경상
2023121600100506,2023년 12월 16일 19시,토요일,대구광역시 달성군 현풍읍,중상사고,0,1,0,0,차대차 - 측면충돌,신호위반,건조,맑음,교차로 - 교차로안,승용,남,58세,상해없음,이륜,남,44세,중상
2023121600100507,2023년 12월 16일 19시,토요일,대구광역시 서구 비산동,중상사고,0,1,0,0,차량단독 - 전도전복 - 전도,안전운전불이행,건조,맑음,교차로 - 교차로부근,이륜,남,49세,중상,,,,
2023121600100508,2023년 12월 16일 19시,토요일,대구광역시 북구 매천동,경상사고,0,0,1,0,차대사람 - 보도통행중,안전운전불이행,건조,맑음,단일로 - 기타,승용,여,62세,상해없음,보행자,남,40세,경상
2023121600100565,2023년 12월 16일 21시,토요일,대구광역시 수성구 만촌동,경상사고,0,0,1,0,차대차 - 측면충돌,안전운전불이행,건조,맑음,교차로 - 교차로부근,승용,여,36세,상해없음,승용,남,54세,경상
2023121600100566,2023년 12월 16일 21시,토요일,대구광역시 달서구 신당동,중상사고,0,1,0,0,차대차 - 정면충돌,안전운전불이행,건조,맑음,단일로 - 기타,이륜,남,26세,중상,승합,남,61세,기타불명
2023121600100588,2023년 12월 16일 22시,토요일,대구광역시 수성구 범어동,경상사고,0,0,1,0,차대차 - 추돌,안전운전불이행,건조,맑음,단일로 - 기타,승용,남,30세,기타불명,원동기,남,41세,경상
2023121600100603,2023년 12월 16일 23시,토요일,대구광역시 달서구 용산동,경상사고,0,0,2,0,차대차 - 기타,안전운전불이행,건조,맑음,교차로 - 교차로부근,승용,남,60세,상해없음,승용,남,28세,상해없음
2023121700100010,2023년 12월 17일 00시,일요일,대구광역시 달서구 용산동,경상사고,0,0,1,0,차대사람 - 기타,안전운전불이행,건조,맑음,기타 - 기타,승용,여,53세,상해없음,보행자,남,58세,경상
2023121700100029,2023년 12월 17일 01시,일요일,대구광역시 서구 내당동,경상사고,0,0,2,1,차대차 - 추돌,안전운전불이행,건조,맑음,교차로 - 교차로부근,승용,남,52세,부상신고,승용,남,64세,경상
2023121700100040,2023년 12월 17일 02시,일요일,대구광역시 중구 남산동,중상사고,0,1,1,0,차대차 - 추돌,안전운전불이행,건조,맑음,단일로 - 기타,승용,남,44세,상해없음,승용,남,67세,중상
2023121700100053,2023년 12월 17일 03시,일요일,대구광역시 중구 계산동2가,경상사고,0,0,2,0,차대차 - 측면충돌,안전운전불이행,건조,맑음,교차로 - 교차로부근,승용,남,43세,상해없음,승용,남,63세,경상
2023121700100098,2023년 12월 17일 09시,일요일,대구광역시 달서구 용산동,경상사고,0,0,2,0,차대차 - 측면충돌,차로위반,건조,맑음,단일로 - 기타,승용,남,72세,상해없음,승합,남,62세,상해없음
2023121700100159,2023년 12월 17일 12시,일요일,대구광역시 수성구 대흥동,중상사고,0,1,0,0,차대차 - 기타,교차로운행방법위반,건조,맑음,교차로 - 교차로안,승용,여,58세,상해없음,승용,여,28세,중상
2023121700100160,2023년 12월 17일 12시,일요일,대구광역시 북구 관음동,경상사고,0,0,1,0,차대차 - 측면충돌,직진우회전진행방해,건조,맑음,교차로 - 교차로안,승용,남,29세,기타불명,승용,여,26세,경상
2023121700100239,2023년 12월 17일 15시,일요일,대구광역시 군위군 산성면,경상사고,0,0,1,0,차대차 - 측면충돌,안전운전불이행,건조,맑음,주차장 - 주차장,승용,여,28세,상해없음,승용,남,25세,경상
2023121700100242,2023년 12월 17일 15시,일요일,대구광역시 동구 효목동,경상사고,0,0,3,0,차대차 - 측면충돌,안전거리미확보,건조,맑음,교차로 - 교차로안,승용,여,68세,상해없음,승용,남,57세,경상
2023121700100267,2023년 12월 17일 16시,일요일,대구광역시 달서구 진천동,경상사고,0,0,3,0,차대차 - 측면충돌,불법유턴,건조,맑음,단일로 - 기타,승용,남,25세,상해없음,승용,여,34세,경상
2023121700100268,2023년 12월 17일 16시,일요일,대구광역시 서구 내당동,경상사고,0,0,4,0,차대차 - 기타,안전거리미확보,건조,맑음,단일로 - 기타,승용,여,27세,상해없음,승용,여,23세,상해없음
2023121700100320,2023년 12월 17일 18시,일요일,대구광역시 달성군 현풍읍,중상사고,0,1,0,0,차대차 - 측면충돌,중앙선침범,건조,맑음,단일로 - 기타,승용,남,28세,상해없음,이륜,남,43세,중상
2023121700100343,2023년 12월 17일 19시,일요일,대구광역시 달서구 진천동,경상사고,0,0,2,0,차대차 - 기타,중앙선침범,건조,맑음,기타 - 기타,개인형이동수단(PM),남,50세,상해없음,승용,남,45세,경상
2023121700100363,2023년 12월 17일 20시,일요일,대구광역시 서구 비산동,중상사고,0,2,0,0,차대차 - 측면충돌,신호위반,건조,흐림,교차로 - 교차로안,화물,남,70세,상해없음,승용,남,49세,중상
2023121700100383,2023년 12월 17일 21시,일요일,대구광역시 수성구 만촌동,경상사고,0,0,1,0,차대차 - 측면충돌,안전거리미확보,건조,맑음,단일로 - 기타,승용,남,67세,상해없음,이륜,남,45세,경상
2023121700100384,2023년 12월 17일 21시,일요일,대구광역시 북구 태전동,중상사고,0,1,0,0,차대차 - 측면충돌,안전운전불이행,건조,맑음,교차로 - 교차로부근,승용,남,72세,상해없음,이륜,남,48세,중상
2023121700100395,2023년 12월 17일 22시,일요일,대구광역시 서구 이현동,경상사고,0,0,2,0,차대차 - 측면충돌,중앙선침범,건조,맑음,단일로 - 기타,승용,남,67세,경상,승용,남,36세,경상
2023121800100016,2023년 12월 18일 02시,월요일,대구광역시 달서구 상인동,사망사고,1,0,0,0,차량단독 - 전도전복 - 전도,안전운전불이행,기타,맑음,단일로 - 기타,이륜,남,42세,사망,,,,
2023121800100050,2023년 12월 18일 06시,월요일,대구광역시 동구 율하동,중상사고,0,1,0,0,차대사람 - 횡단중,안전운전불이행,건조,맑음,교차로 - 교차로횡단보도내,승용,남,20세,상해없음,보행자,여,75세,중상
2023121800100110,2023년 12월 18일 08시,월요일,대구광역시 수성구 대흥동,경상사고,0,0,1,0,차대차 - 추돌,신호위반,건조,맑음,교차로 - 교차로안,이륜,남,25세,기타불명,화물,남,61세,경상
2023121800100111,2023년 12월 18일 08시,월요일,대구광역시 수성구 수성동3가,경상사고,0,0,1,0,차대차 - 측면충돌,차로위반,건조,맑음,단일로 - 기타,승용,여,73세,상해없음,승용,여,35세,경상
2023121800100112,2023년 12월 18일 08시,월요일,대구광역시 수성구 두산동,경상사고,0,0,2,0,차대차 - 기타,직진우회전진행방해,건조,맑음,교차로 - 교차로안,승용,여,27세,경상,승용,남,29세,경상
2023121800100151,2023년 12월 18일 09시,월요일,대구광역시 달서구 상인동,중상사고,0,1,0,1,차대차 - 측면충돌,신호위반,건조,맑음,교차로 - 교차로안,승용,남,41세,상해없음,승용,남,68세,중상
2023121800100152,2023년 12월 18일 09시,월요일,대구광역시 달서구 두류동,중상사고,0,1,1,0,차대차 - 측면충돌,신호위반,건조,맑음,교차로 - 교차로안,승용,남,29세,상해없음,승용,남,42세,경상
2023121800100177,2023년 12월 18일 10시,월요일,대구광역시 북구 침산동,경상사고,0,0,1,0,차대차 - 측면충돌,신호위반,건조,맑음,교차로 - 교차로안,승용,여,63세,상해없음,화물,여,65세,경상
2023121800100178,2023년 12월 18일 10시,월요일,대구광역시 북구 동천동,경상사고,0,0,3,0,차대차 - 정면충돌,안전운전불이행,건조,맑음,교차로 - 교차로안,승용,여,43세,경상,승용,남,52세,상해없음
2023121800100206,2023년 12월 18일 11시,월요일,대구광역시 서구 비산동,중상사고,0,1,2,0,차대차 - 측면충돌,불법유턴,건조,맑음,교차로 - 교차로부근,승용,남,70세,상해없음,승합,남,56세,상해없음
2023121800100236,2023년 12월 18일 12시,월요일,대구광역시 달서구 대천동,중상사고,0,1,0,0,차대차 - 정면충돌,안전운전불이행,건조,맑음,교차로 - 교차로부근,승용,여,39세,상해없음,원동기,남,50세,중상
2023121800100237,2023년 12월 18일 12시,월요일,대구광역시 북구 산격동,경상사고,0,0,1,0,차대차 - 기타,안전운전불이행,건조,맑음,단일로 - 기타,이륜,남,24세,경상,승용,남,62세,기타불명
2023121800100269,2023년 12월 18일 13시,월요일,대구광역시 북구 칠성동2가,경상사고,0,0,1,0,차대차 - 추돌,안전운전불이행,건조,맑음,교차로 - 교차로안,승용,남,37세,상해없음,승용,여,62세,경상
2023121800100303,2023년 12월 18일 14시,월요일,대구광역시 동구 율하동,중상사고,0,1,1,0,차대차 - 측면충돌,기타,건조,맑음,교차로 - 교차로안,승용,여,51세,경상,이륜,남,33세,중상
2023121800100304,2023년 12월 18일 14시,월요일,대구광역시 달서구 유천동,부상신고사고,0,0,0,1,차대차 - 측면충돌,교차로운행방법위반,기타,맑음,기타 - 기타,승용,여,38세,상해없음,승용,남,40세,부상신고
2023121800100305,2023년 12월 18일 14시,월요일,대구광역시 달성군 논공읍,경상사고,0,0,1,0,차대사람 - 기타,보행자보호의무위반,건조,맑음,단일로 - 기타,승용,남,63세,상해없음,보행자,여,52세,경상
2023121800100306,2023년 12월 18일 14시,월요일,대구광역시 달서구 죽전동,경상사고,0,0,2,0,차대차 - 측면충돌,안전운전불이행,건조,맑음,기타 - 기타,승용,여,43세,경상,승용,남,27세,경상