사고번호,사고일시,요일,시군구,사고내용,사망자수,중상자수,경상자수,부상신고자수,사고유형,법규위반,노면상태,기상상태,도로형태,가해운전자 차종,가해운전자 성별,가해운전자 연령,가해운전자 상해정도,피해운전자 차종,피해운전자 성별,피해운전자 연령,피해운전자 상해정도
2023121800100332,2023년 12월 18일 15시,월요일,대구광역시 수성구 지산동,경상사고,0,0,1,0,차대차 - 추돌,안전운전불이행,건조,맑음,단일로 - 기타,승용,남,60세,상해없음,승용,남,48세,경상
2023121800100333,2023년 12월 18일 15시,월요일,대구광역시 북구 국우동,경상사고,0,0,1,0,차대차 - 추돌,안전운전불이행,건조,맑음,단일로 - 기타,승용,남,62세,상해없음,승용,여,64세,경상
2023121800100367,2023년 12월 18일 16시,월요일,대구광역시 달성군 유가읍,경상사고,0,0,1,0,차대차 - 측면충돌,안전운전불이행,건조,맑음,단일로 - 기타,화물,남,26세,경상,건설기계,남,60세,상해없음
2023121800100417,2023년 12월 18일 17시,월요일,대구광역시 남구 대명동,경상사고,0,0,1,0,차대차 - 기타,안전운전불이행,건조,맑음,단일로 - 기타,이륜,남,69세,경상,건설기계,남,71세,상해없음
2023121800100418,2023년 12월 18일 17시,월요일,대구광역시 수성구 만촌동,경상사고,0,0,1,0,차대사람 - 보도통행중,기타,건조,맑음,단일로 - 기타,기타불명,기타불명,미분류,기타불명,보행자,남,25세,경상
2023121800100462,2023년 12월 18일 18시,월요일,대구광역시 군위군 삼국유사면,경상사고,0,0,2,0,차대차 - 측면충돌,안전운전불이행,건조,맑음,단일로 - 기타,승용,남,44세,경상,승용,남,56세,경상
2023121800100470,2023년 12월 18일 18시,월요일,대구광역시 동구 각산동,경상사고,0,0,3,0,차대차 - 추돌,안전거리미확보,건조,맑음,단일로 - 기타,승용,남,25세,상해없음,승용,남,58세,경상
2023121800100471,2023년 12월 18일 18시,월요일,대구광역시 북구 복현동,부상신고사고,0,0,0,1,차대사람 - 보도통행중,기타,건조,맑음,기타 - 기타,기타불명,기타불명,미분류,기타불명,보행자,남,58세,부상신고
2023121800100472,2023년 12월 18일 18시,월요일,대구광역시 북구 산격동,경상사고,0,0,1,0,차량단독 - 기타,안전운전불이행,건조,맑음,단일로 - 고가도로위,승용,남,60세,상해없음,,,,
2023121800100496,2023년 12월 18일 19시,월요일,대구광역시 수성구 상동,경상사고,0,0,2,0,차대차 - 측면충돌,안전운전불이행,건조,맑음,단일로 - 기타,승용,여,48세,상해없음,승용,여,75세,경상
2023121800100497,2023년 12월 18일 19시,월요일,대구광역시 북구 산격동,경상사고,0,0,1,0,차대차 - 측면충돌,교차로운행방법위반,건조,맑음,교차로 - 교차로안,화물,남,72세,상해없음,원동기,남,43세,경상
2023121800100498,2023년 12월 18일 19시,월요일,대구광역시 서구 상리동,경상사고,0,0,1,0,차대차 - 추돌,안전운전불이행,건조,맑음,단일로 - 기타,화물,남,57세,상해없음,승용,여,32세,경상
2023121800100517,2023년 12월 18일 20시,월요일,대구광역시 동구 신암동,경상사고,0,0,1,0,차대차 - 측면충돌,안전운전불이행,건조,맑음,단일로 - 기타,승용,남,42세,상해없음,이륜,남,32세,경상
2023121800100540,2023년 12월 18일 21시,월요일,대구광역시 수성구 파동,중상사고,0,1,0,0,차대차 - 측면충돌,신호위반,건조,맑음,교차로 - 교차로부근,승용,남,25세,상해없음,이륜,남,30세,중상
2023121900100021,2023년 12월 19일 03시,화요일,대구광역시 달서구 상인동,경상사고,0,0,1,0,차대차 - 측면충돌,안전운전불이행,건조,맑음,교차로 - 교차로안,이륜,남,32세,경상,승용,남,44세,상해없음
2023121900100043,2023년 12월 19일 06시,화요일,대구광역시 서구 비산동,경상사고,0,0,2,0,차대차 - 추돌,안전운전불이행,건조,맑음,교차로 - 교차로부근,승용,남,62세,상해없음,승용,남,34세,경상
2023121900100072,2023년 12월 19일 07시,화요일,대구광역시 북구 읍내동,사망사고,1,0,0,0,차대사람 - 횡단중,안전운전불이행,건조,맑음,교차로 - 교차로부근,화물,남,58세,상해없음,보행자,남,88세,사망
2023121900100101,2023년 12월 19일 08시,화요일,대구광역시 동구 신천동,부상신고사고,0,0,0,1,차대차 - 측면충돌,안전운전불이행,건조,맑음,단일로 - 기타,승용,남,23세,상해없음,자전거,여,28세,부상신고
2023121900100142,2023년 12월 19일 10시,화요일,대구광역시 군위군 군위읍,경상사고,0,0,1,0,차대차 - 측면충돌,안전운전불이행,건조,맑음,교차로 - 교차로안,이륜,남,80세,경상,화물,남,73세,상해없음
2023121900100145,2023년 12월 19일 10시,화요일,대구광역시 수성구 범어동,경상사고,0,0,1,0,차대차 - 기타,안전운전불이행,건조,맑음,단일로 - 기타,승용,여,64세,상해없음,승용,남,23세,경상
2023121900100146,2023년 12월 19일 10시,화요일,대구광역시 북구 침산동,경상사고,0,0,1,0,차대사람 - 횡단중,신호위반,건조,맑음,교차로 - 교차로부근,승용,남,62세,상해없음,보행자,여,75세,경상
2023121900100203,2023년 12월 19일 12시,화요일,대구광역시 달성군 다사읍,경상사고,0,0,2,0,차대차 - 기타,안전운전불이행,건조,맑음,기타 - 기타,승용,남,74세,상해없음,승용,여,32세,경상
2023121900100204,2023년 12월 19일 12시,화요일,대구광역시 중구 태평로3가,중상사고,0,1,1,0,차대차 - 기타,신호위반,건조,맑음,교차로 - 교차로안,승용,여,39세,상해없음,이륜,남,42세,중상
2023121900100226,2023년 12월 19일 13시,화요일,대구광역시 북구 관음동,경상사고,0,0,1,0,차대차 - 측면충돌,신호위반,건조,맑음,단일로 - 터널,승용,여,47세,상해없음,이륜,남,54세,경상
2023121900100259,2023년 12월 19일 14시,화요일,대구광역시 달서구 죽전동,경상사고,0,0,1,0,차대차 - 추돌,안전운전불이행,건조,맑음,단일로 - 기타,승용,여,68세,기타불명,승용,여,35세,경상
2023121900100288,2023년 12월 19일 15시,화요일,대구광역시 수성구 신매동,경상사고,0,0,1,0,차대차 - 기타,안전운전불이행,건조,맑음,단일로 - 기타,승합,남,57세,상해없음,승용,남,48세,경상
2023121900100289,2023년 12월 19일 15시,화요일,대구광역시 달서구 상인동,중상사고,0,1,0,0,차대차 - 측면충돌,교차로운행방법위반,건조,맑음,교차로 - 교차로안,승용,여,59세,상해없음,승용,여,31세,중상
2023121900100290,2023년 12월 19일 15시,화요일,대구광역시 서구 이현동,경상사고,0,0,1,1,차대차 - 기타,신호위반,건조,맑음,교차로 - 교차로부근,승용,여,52세,상해없음,승용,남,60세,경상
2023121900100328,2023년 12월 19일 16시,화요일,대구광역시 수성구 범물동,경상사고,0,0,1,0,차대차 - 측면충돌,안전운전불이행,건조,맑음,교차로 - 교차로부근,승용,여,60세,상해없음,승용,남,28세,경상
2023121900100329,2023년 12월 19일 16시,화요일,대구광역시 달서구 용산동,경상사고,0,0,1,0,차대사람 - 기타,안전운전불이행,건조,맑음,주차장 - 주차장,승용,남,33세,상해없음,보행자,남,25세,경상
2023121900100368,2023년 12월 19일 17시,화요일,대구광역시 동구 율하동,경상사고,0,0,1,0,차대사람 - 횡단중,보행자보호의무위반,건조,맑음,교차로 - 교차로횡단보도내,승용,여,42세,상해없음,보행자,남,75세,경상
2023121900100371,2023년 12월 19일 17시,화요일,대구광역시 북구 침산동,부상신고사고,0,0,0,1,차대차 - 기타,차로위반,건조,맑음,교차로 - 교차로부근,승용,남,42세,기타불명,이륜,남,38세,부상신고
2023121900100430,2023년 12월 19일 18시,화요일,대구광역시 수성구 두산동,중상사고,0,1,0,0,차량단독 - 기타,안전운전불이행,건조,맑음,단일로 - 기타,이륜,남,26세,중상,,,,
2023121900100458,2023년 12월 19일 19시,화요일,대구광역시 달서구 진천동,경상사고,0,0,1,1,차대사람 - 횡단중,보행자보호의무위반,건조,맑음,교차로 - 교차로안,이륜,남,35세,부상신고,보행자,여,17세,경상
2023121900100459,2023년 12월 19일 19시,화요일,대구광역시 달서구 장기동,경상사고,0,0,1,0,차대차 - 측면충돌,안전거리미확보,건조,맑음,단일로 - 기타,승용,여,56세,상해없음,승합,남,41세,경상
2023121900100485,2023년 12월 19일 20시,화요일,대구광역시 북구 구암동,경상사고,0,0,1,0,차대사람 - 횡단중,안전운전불이행,건조,맑음,단일로 - 기타,승용,여,50세,상해없음,보행자,남,63세,경상
2023122000100043,2023년 12월 20일 05시,수요일,대구광역시 중구 삼덕동1가,경상사고,0,0,1,0,차대사람 - 길가장자리구역통행중,안전운전불이행,건조,맑음,단일로 - 기타,승용,남,29세,상해없음,보행자,남,21세,경상
2023122000100052,2023년 12월 20일 06시,수요일,대구광역시 수성구 신매동,경상사고,0,0,1,0,차대차 - 측면충돌,신호위반,젖음/습기,눈,교차로 - 교차로부근,화물,남,74세,상해없음,승용,여,64세,경상
2023122000100053,2023년 12월 20일 06시,수요일,대구광역시 달서구 호산동,중상사고,0,1,0,0,차대차 - 기타,신호위반,젖음/습기,눈,교차로 - 교차로안,화물,남,49세,상해없음,승용,남,43세,중상
2023122000100102,2023년 12월 20일 08시,수요일,대구광역시 동구 용계동,경상사고,0,0,1,0,차대차 - 측면충돌,안전운전불이행,건조,맑음,단일로 - 기타,화물,남,55세,상해없음,승용,남,28세,경상
2023122000100133,2023년 12월 20일 10시,수요일,대구광역시 북구 관음동,경상사고,0,0,1,0,차대차 - 추돌,안전거리미확보,건조,맑음,단일로 - 기타,화물,남,65세,상해없음,승용,남,43세,경상
2023122000100136,2023년 12월 20일 10시,수요일,대구광역시 달성군 다사읍,경상사고,0,0,1,0,차대차 - 기타,신호위반,건조,맑음,교차로 - 교차로부근,승용,남,59세,상해없음,화물,남,27세,경상
2023122000100158,2023년 12월 20일 11시,수요일,대구광역시 수성구 만촌동,중상사고,0,1,0,0,차대차 - 기타,직진우회전진행방해,건조,맑음,교차로 - 교차로안,승용,남,30세,상해없음,이륜,남,37세,중상
2023122000100184,2023년 12월 20일 12시,수요일,대구광역시 달성군 현풍읍,경상사고,0,0,1,0,차대사람 - 기타,안전운전불이행,건조,맑음,교차로 - 교차로부근,승용,여,37세,상해없음,보행자,여,86세,경상
2023122000100186,2023년 12월 20일 12시,수요일,대구광역시 북구 태전동,경상사고,0,0,2,0,차대차 - 측면충돌,안전운전불이행,건조,맑음,교차로 - 교차로부근,승용,여,44세,경상,이륜,남,53세,경상
2023122000100208,2023년 12월 20일 13시,수요일,대구광역시 서구 내당동,중상사고,0,1,0,0,차대차 - 측면충돌,안전거리미확보,건조,맑음,단일로 - 기타,승용,남,62세,상해없음,승합,남,63세,상해없음
2023122000100231,2023년 12월 20일 14시,수요일,대구광역시 남구 대명동,경상사고,0,0,1,0,차대사람 - 기타,안전운전불이행,건조,맑음,단일로 - 기타,기타불명,기타불명,미분류,기타불명,보행자,남,87세,경상
2023122000100232,2023년 12월 20일 14시,수요일,대구광역시 중구 계산동2가,경상사고,0,0,2,0,차대차 - 측면충돌,안전운전불이행,건조,맑음,단일로 - 기타,승용,남,53세,상해없음,승용,여,30세,경상
2023122000100268,2023년 12월 20일 15시,수요일,대구광역시 동구 효목동,경상사고,0,0,1,0,차대차 - 추돌,안전운전불이행,건조,맑음,단일로 - 교량,승용,남,68세,상해없음,승용,여,33세,경상
2023122000100269,2023년 12월 20일 15시,수요일,대구광역시 수성구 가천동,경상사고,0,0,1,0,차대차 - 추돌,안전운전불이행,건조,맑음,기타 - 기타,이륜,남,48세,경상,승용,여,48세,상해없음
2023122000100270,2023년 12월 20일 15시,수요일,대구광역시 북구 읍내동,경상사고,0,0,2,0,차대차 - 측면충돌,안전거리미확보,건조,맑음,단일로 - 기타,승용,남,48세,경상,이륜,남,17세,경상
2023122000100298,2023년 12월 20일 16시,수요일,대구광역시 군위군 군위읍,경상사고,0,0,1,0,차대사람 - 횡단중,안전운전불이행,건조,맑음,단일로 - 기타,승용,여,58세,상해없음,보행자,여,49세,경상
2023122000100302,2023년 12월 20일 16시,수요일,대구광역시 중구 수동,경상사고,0,0,1,0,차대차 - 추돌,안전운전불이행,건조,맑음,단일로 - 기타,승용,여,28세,상해없음,승용,남,42세,상해없음
2023122000100349,2023년 12월 20일 17시,수요일,대구광역시 수성구 수성동1가,경상사고,0,0,1,0,차대차 - 기타,차로위반,건조,맑음,단일로 - 기타,승용,여,65세,상해없음,승합,남,42세,상해없음
2023122000100350,2023년 12월 20일 17시,수요일,대구광역시 중구 봉산동,경상사고,0,0,2,0,차대차 - 기타,중앙선침범,건조,맑음,단일로 - 기타,승용,남,23세,상해없음,승용,남,67세,경상
2023122000100402,2023년 12월 20일 18시,수요일,대구광역시 동구 신천동,부상신고사고,0,0,0,1,차대차 - 측면충돌,차로위반,건조,맑음,교차로 - 교차로부근,이륜,남,71세,부상신고,승용,여,36세,상해없음
2023122000100403,2023년 12월 20일 18시,수요일,대구광역시 달서구 본동,경상사고,0,0,1,0,차대차 - 기타,신호위반,건조,맑음,단일로 - 기타,승용,남,41세,상해없음,이륜,남,26세,경상
2023122000100404,2023년 12월 20일 18시,수요일,대구광역시 북구 산격동,경상사고,0,0,1,0,차대사람 - 횡단중,보행자보호의무위반,건조,맑음,교차로 - 교차로횡단보도내,승용,여,35세,상해없음,보행자,여,27세,경상
2023122000100405,2023년 12월 20일 18시,수요일,대구광역시 중구 삼덕동1가,경상사고,0,0,2,0,차대차 - 측면충돌,차로위반,건조,맑음,단일로 - 기타,승용,남,55세,상해없음,승용,여,41세,경상
2023122000100453,2023년 12월 20일 19시,수요일,대구광역시 달성군 유가읍,경상사고,0,0,1,0,차대차 - 기타,안전운전불이행,건조,맑음,기타 - 기타,승용,여,62세,상해없음,승용,여,56세,경상
2023122000100454,2023년 12월 20일 19시,수요일,대구광역시 중구 남산동,중상사고,0,1,0,0,차대차 - 추돌,안전운전불이행,건조,맑음,교차로 - 교차로부근,승용,여,46세,상해없음,승용,남,41세,중상
2023122000100476,2023년 12월 20일 20시,수요일,대구광역시 북구 칠성동2가,경상사고,0,0,1,0,차대차 - 기타,신호위반,건조,맑음,교차로 - 교차로안,승용,남,64세,상해없음,이륜,여,63세,경상
2023122000100477,2023년 12월 20일 20시,수요일,대구광역시 중구 삼덕동3가,경상사고,0,0,1,1,차대차 - 측면충돌,안전운전불이행,건조,맑음,교차로 - 교차로부근,승용,여,27세,부상신고,승용,남,37세,경상
2023122000100508,2023년 12월 20일 21시,수요일,대구광역시 수성구 만촌동,경상사고,0,0,1,0,차대차 - 추돌,안전운전불이행,건조,기타,단일로 - 기타,이륜,남,24세,상해없음,이륜,남,35세,경상
2023122000100509,2023년 12월 20일 21시,수요일,대구광역시 북구 산격동,경상사고,0,0,1,0,차대차 - 기타,안전운전불이행,건조,맑음,단일로 - 기타,승용,남,31세,상해없음,승용,여,38세,경상
2023122100100019,2023년 12월 21일 02시,목요일,대구광역시 달서구 신당동,경상사고,0,0,2,0,차대차 - 측면충돌,안전운전불이행,건조,맑음,교차로 - 교차로안,승용,여,36세,경상,승용,남,35세,경상
2023122100100023,2023년 12월 21일 03시,목요일,대구광역시 수성구 수성동4가,경상사고,0,0,1,0,차대차 - 측면충돌,안전운전불이행,건조,맑음,단일로 - 기타,승용,남,28세,상해없음,승용,남,66세,경상
2023122100100053,2023년 12월 21일 06시,목요일,대구광역시 남구 대명동,중상사고,0,1,0,0,차대사람 - 기타,안전운전불이행,건조,맑음,기타 - 기타,승합,남,56세,상해없음,보행자,남,78세,중상
2023122100100054,2023년 12월 21일 06시,목요일,대구광역시 달성군 화원읍,중상사고,0,2,1,0,차대차 - 기타,안전운전불이행,건조,맑음,교차로 - 교차로안,승용,남,66세,중상,승용,남,68세,경상
2023122100100071,2023년 12월 21일 07시,목요일,대구광역시 서구 비산동,경상사고,0,0,1,1,차대차 - 추돌,안전거리미확보,건조,맑음,단일로 - 고가도로위,화물,남,67세,부상신고,화물,남,40세,경상
2023122100100116,2023년 12월 21일 08시,목요일,대구광역시 달서구 두류동,경상사고,0,0,2,0,차대차 - 추돌,신호위반,건조,맑음,교차로 - 교차로부근,화물,남,38세,상해없음,승용,여,32세,경상
2023122100100117,2023년 12월 21일 08시,목요일,대구광역시 북구 구암동,중상사고,0,1,0,0,차대사람 - 기타,보행자보호의무위반,건조,맑음,교차로 - 교차로부근,승용,여,44세,상해없음,보행자,남,15세,중상
2023122100100210,2023년 12월 21일 11시,목요일,대구광역시 서구 중리동,중상사고,0,1,0,0,차대차 - 기타,안전운전불이행,건조,맑음,교차로 - 교차로안,이륜,남,27세,중상,승용,남,62세,상해없음
2023122100100211,2023년 12월 21일 11시,목요일,대구광역시 북구 동천동,경상사고,0,0,1,0,차대차 - 측면충돌,안전운전불이행,건조,맑음,단일로 - 기타,승용,남,38세,상해없음,자전거,남,23세,경상
2023122100100246,2023년 12월 21일 12시,목요일,대구광역시 동구 신암동,경상사고,0,0,1,0,차대차 - 측면충돌,안전거리미확보,건조,맑음,단일로 - 기타,승용,남,54세,상해없음,승용,남,27세,경상
2023122100100276,2023년 12월 21일 13시,목요일,대구광역시 수성구 범어동,경상사고,0,0,1,0,차대차 - 추돌,교차로운행방법위반,건조,맑음,교차로 - 교차로안,승용,남,70세,기타불명,승용,남,64세,경상
2023122100100314,2023년 12월 21일 14시,목요일,대구광역시 수성구 파동,경상사고,0,0,1,0,차대차 - 측면충돌,안전운전불이행,건조,맑음,기타 - 기타,자전거,남,82세,경상,승용,여,71세,상해없음
2023122100100315,2023년 12월 21일 14시,목요일,대구광역시 달서구 호산동,중상사고,0,1,0,0,차대차 - 기타,안전운전불이행,건조,맑음,기타 - 기타,승용,여,53세,상해없음,이륜,남,53세,중상
2023122100100397,2023년 12월 21일 16시,목요일,대구광역시 동구 신암동,경상사고,0,0,3,0,차대차 - 기타,안전거리미확보,건조,맑음,단일로 - 기타,승용,여,61세,상해없음,승용,여,39세,경상
2023122100100399,2023년 12월 21일 16시,목요일,대구광역시 동구 방촌동,경상사고,0,0,1,0,차대사람 - 기타,안전운전불이행,건조,맑음,단일로 - 기타,승용,여,43세,상해없음,보행자,남,59세,경상
2023122100100400,2023년 12월 21일 16시,목요일,대구광역시 달성군 다사읍,중상사고,0,1,0,0,차대차 - 추돌,신호위반,건조,맑음,교차로 - 교차로안,승용,남,57세,상해없음,이륜,남,30세,중상
2023122100100447,2023년 12월 21일 17시,목요일,대구광역시 북구 복현동,부상신고사고,0,0,0,1,차대사람 - 차도통행중,안전운전불이행,건조,맑음,단일로 - 기타,기타불명,기타불명,미분류,기타불명,보행자,여,18세,부상신고
2023122100100496,2023년 12월 21일 18시,목요일,대구광역시 중구 남산동,부상신고사고,0,0,0,1,차대차 - 기타,안전운전불이행,건조,맑음,단일로 - 기타,화물,남,53세,상해없음,원동기,남,23세,부상신고
2023122100100548,2023년 12월 21일 19시,목요일,대구광역시 달서구 상인동,경상사고,0,0,1,0,차대차 - 기타,직진우회전진행방해,건조,맑음,교차로 - 교차로안,승용,여,52세,상해없음,이륜,남,45세,경상
2023122100100586,2023년 12월 21일 20시,목요일,대구광역시 달서구 신당동,경상사고,0,0,1,0,차대차 - 측면충돌,교차로운행방법위반,건조,맑음,교차로 - 교차로안,화물,여,58세,상해없음,이륜,남,64세,경상
2023122100100619,2023년 12월 21일 21시,목요일,대구광역시 달서구 송현동,중상사고,0,1,0,0,차대차 - 측면충돌,신호위반,건조,흐림,단일로 - 기타,이륜,남,26세,중상,승용,남,54세,상해없음
2023122100100620,2023년 12월 21일 21시,목요일,대구광역시 서구 평리동,경상사고,0,0,1,0,차대사람 - 횡단중,신호위반,건조,맑음,교차로 - 교차로횡단보도내,승용,남,22세,상해없음,보행자,여,57세,경상
2023122100100645,2023년 12월 21일 22시,목요일,대구광역시 달서구 신당동,경상사고,0,0,1,0,차대차 - 기타,안전운전불이행,건조,맑음,교차로 - 교차로안,승용,여,31세,상해없음,승용,남,39세,경상
2023122200100010,2023년 12월 22일 00시,금요일,대구광역시 북구 산격동,중상사고,0,1,0,0,차대차 - 정면충돌,직진우회전진행방해,건조,맑음,교차로 - 교차로안,자전거,남,34세,중상,승용,남,39세,상해없음
2023122200100083,2023년 12월 22일 07시,금요일,대구광역시 서구 평리동,중상사고,0,1,0,0,차대차 - 추돌,안전운전불이행,건조,맑음,단일로 - 기타,화물,남,52세,상해없음,특수,여,28세,상해없음
2023122200100116,2023년 12월 22일 08시,금요일,대구광역시 남구 이천동,경상사고,0,0,1,0,차대차 - 측면충돌,안전거리미확보,건조,맑음,단일로 - 고가도로위,승용,여,29세,상해없음,승용,남,28세,경상
2023122200100154,2023년 12월 22일 09시,금요일,대구광역시 북구 복현동,경상사고,0,0,1,0,차대사람 - 횡단중,보행자보호의무위반,건조,맑음,단일로 - 기타,승용,여,34세,상해없음,보행자,남,49세,경상
2023122200100182,2023년 12월 22일 10시,금요일,대구광역시 중구 대신동,부상신고사고,0,0,0,1,차대차 - 측면충돌,안전운전불이행,건조,맑음,단일로 - 기타,이륜,남,63세,상해없음,승용,남,29세,상해없음
2023122200100225,2023년 12월 22일 11시,금요일,대구광역시 달서구 대천동,경상사고,0,0,3,0,차대차 - 측면충돌,직진우회전진행방해,건조,맑음,교차로 - 교차로안,승용,남,47세,경상,화물,남,59세,경상
2023122200100226,2023년 12월 22일 11시,금요일,대구광역시 달서구 성당동,경상사고,0,0,1,0,차대차 - 기타,신호위반,건조,맑음,단일로 - 기타,승용,여,61세,상해없음,자전거,남,72세,경상
2023122200100227,2023년 12월 22일 11시,금요일,대구광역시 서구 비산동,중상사고,0,1,0,0,차대사람 - 보도통행중,보행자보호의무위반,건조,맑음,교차로 - 교차로횡단보도내,화물,남,37세,상해없음,보행자,여,68세,중상
2023122200100262,2023년 12월 22일 12시,금요일,대구광역시 동구 신천동,경상사고,0,0,2,0,차대차 - 후진중충돌,안전운전불이행,건조,맑음,기타 - 기타,승용,남,42세,상해없음,승용,남,36세,경상
2023122200100263,2023년 12월 22일 12시,금요일,대구광역시 달성군 현풍읍,경상사고,0,0,2,0,차대차 - 측면충돌,중앙선침범,건조,맑음,교차로 - 교차로부근,승용,여,54세,경상,화물,남,39세,경상
2023122200100307,2023년 12월 22일 13시,금요일,대구광역시 달서구 감삼동,경상사고,0,0,1,0,차대차 - 추돌,안전거리미확보,건조,맑음,단일로 - 기타,화물,남,49세,상해없음,이륜,남,22세,경상
2023122200100353,2023년 12월 22일 14시,금요일,대구광역시 북구 노원동2가,중상사고,0,1,0,0,차대차 - 기타,안전거리미확보,건조,맑음,단일로 - 기타,화물,남,71세,상해없음,승용,남,62세,상해없음
2023122200100354,2023년 12월 22일 14시,금요일,대구광역시 북구 서변동,중상사고,0,1,2,0,차대차 - 정면충돌,교차로운행방법위반,건조,맑음,교차로 - 교차로안,원동기,남,47세,중상,승용,여,39세,경상
2023122200100355,2023년 12월 22일 14시,금요일,대구광역시 북구 구암동,경상사고,0,0,1,0,차대차 - 측면충돌,안전운전불이행,건조,맑음,단일로 - 기타,승용,여,67세,상해없음,승용,여,46세,경상
2023122200100403,2023년 12월 22일 15시,금요일,대구광역시 달서구 성당동,경상사고,0,0,1,0,차대사람 - 횡단중,안전운전불이행,건조,맑음,교차로 - 교차로부근,승용,남,26세,상해없음,보행자,여,11세,경상
2023122200100446,2023년 12월 22일 16시,금요일,대구광역시 북구 대현동,경상사고,0,0,1,0,차대차 - 기타,안전거리미확보,건조,맑음,단일로 - 기타,승용,남,65세,상해없음,승용,남,73세,경상
2023122200100504,2023년 12월 22일 17시,금요일,대구광역시 동구 불로동,경상사고,0,0,1,0,차대차 - 추돌,불법유턴,건조,맑음,주차장 - 주차장,화물,남,49세,상해없음,승용,여,35세,경상
2023122200100505,2023년 12월 22일 17시,금요일,대구광역시 수성구 두산동,경상사고,0,0,1,0,차대차 - 추돌,안전운전불이행,건조,맑음,단일로 - 기타,승용,남,53세,상해없음,승용,여,66세,경상
2023122200100506,2023년 12월 22일 17시,금요일,대구광역시 달성군 현풍읍,경상사고,0,0,1,0,차대차 - 기타,안전운전불이행,건조,맑음,단일로 - 기타,승용,여,41세,상해없음,이륜,남,35세,경상
2023122200100584,2023년 12월 22일 18시,금요일,대구광역시 동구 신천동,경상사고,0,0,1,0,차대차 - 정면충돌,신호위반,건조,맑음,교차로 - 교차로안,승용,남,73세,상해없음,승용,여,56세,경상
2023122200100585,2023년 12월 22일 18시,금요일,대구광역시 수성구 범어동,경상사고,0,0,1,0,차대사람 - 횡단중,보행자보호의무위반,건조,맑음,단일로 - 기타,승용,남,45세,상해없음,보행자,여,39세,경상
2023122200100586,2023년 12월 22일 18시,금요일,대구광역시 달서구 송현동,경상사고,0,0,1,0,차대차 - 정면충돌,안전거리미확보,건조,맑음,단일로 - 기타,승용,남,61세,상해없음,승용,여,52세,경상
2023122200100587,2023년 12월 22일 18시,금요일,대구광역시 북구 칠성동2가,부상신고사고,0,0,0,1,차대차 - 측면충돌,안전운전불이행,건조,맑음,단일로 - 기타,자전거,남,66세,부상신고,승합,남,55세,상해없음
2023122200100588,2023년 12월 22일 18시,금요일,대구광역시 북구 칠성동2가,경상사고,0,0,1,0,차대차 - 기타,교차로운행방법위반,건조,맑음,교차로 - 교차로안,승용,여,44세,상해없음,승용,여,33세,경상
2023122200100589,2023년 12월 22일 18시,금요일,대구광역시 중구 남산동,경상사고,0,0,1,0,차대차 - 추돌,안전운전불이행,건조,맑음,단일로 - 기타,승용,남,29세,상해없음,승용,남,26세,경상
2023122200100590,2023년 12월 22일 18시,금요일,대구광역시 달서구 두류동,경상사고,0,0,1,0,차대차 - 추돌,안전운전불이행,건조,맑음,단일로 - 기타,승용,남,57세,상해없음,승용,남,44세,경상
2023122200100591,2023년 12월 22일 18시,금요일,대구광역시 북구 태전동,경상사고,0,0,3,0,차대차 - 기타,안전운전불이행,건조,맑음,단일로 - 기타,승용,남,82세,상해없음,승용,남,52세,경상
2023122200100642,2023년 12월 22일 19시,금요일,대구광역시 남구 대명동,중상사고,0,1,0,0,차대차 - 측면충돌,신호위반,건조,맑음,교차로 - 교차로안,승용,남,53세,상해없음,이륜,남,33세,중상
2023122200100643,2023년 12월 22일 19시,금요일,대구광역시 수성구 만촌동,중상사고,0,1,0,0,차대차 - 정면충돌,안전운전불이행,건조,맑음,단일로 - 기타,승용,여,58세,기타불명,이륜,남,30세,중상
2023122200100689,2023년 12월 22일 20시,금요일,대구광역시 달성군 화원읍,사망사고,1,1,0,0,차대차 - 추돌,안전운전불이행,건조,맑음,단일로 - 기타,승용,남,64세,상해없음,승용,남,69세,상해없음
2023122200100693,2023년 12월 22일 20시,금요일,대구광역시 달성군 다사읍,경상사고,0,0,1,0,차대차 - 기타,직진우회전진행방해,건조,맑음,교차로 - 교차로안,승용,여,59세,상해없음,승용,남,53세,경상
2023122200100730,2023년 12월 22일 21시,금요일,대구광역시 남구 봉덕동,경상사고,0,0,1,0,차대차 - 측면충돌,안전운전불이행,건조,맑음,기타 - 기타,개인형이동수단(PM),남,27세,경상,승용,남,48세,상해없음
2023122200100731,2023년 12월 22일 21시,금요일,대구광역시 수성구 사월동,경상사고,0,0,2,0,차대차 - 측면충돌,교차로운행방법위반,건조,맑음,교차로 - 교차로안,승용,여,52세,경상,이륜,남,24세,경상
2023122200100767,2023년 12월 22일 22시,금요일,대구광역시 동구 효목동,경상사고,0,0,1,0,차대차 - 추돌,안전운전불이행,건조,맑음,교차로 - 교차로부근,승용,남,32세,상해없음,승용,여,59세,경상
2023122200100768,2023년 12월 22일 22시,금요일,대구광역시 달서구 월암동,경상사고,0,0,1,0,차대차 - 추돌,안전운전불이행,건조,맑음,단일로 - 기타,승용,남,57세,상해없음,승용,남,36세,경상