사고번호,사고일시,요일,시군구,사고내용,사망자수,중상자수,경상자수,부상신고자수,사고유형,법규위반,노면상태,기상상태,도로형태,가해운전자 차종,가해운전자 성별,가해운전자 연령,가해운전자 상해정도,피해운전자 차종,피해운전자 성별,피해운전자 연령,피해운전자 상해정도
2023122300100019,2023년 12월 23일 00시,토요일,대구광역시 서구 내당동,경상사고,0,0,1,0,차대차 - 추돌,기타,건조,맑음,교차로 - 교차로부근,승용,남,30세,상해없음,승용,남,73세,경상
2023122300100020,2023년 12월 23일 00시,토요일,대구광역시 달서구 감삼동,중상사고,0,1,0,0,차대차 - 기타,신호위반,건조,맑음,단일로 - 기타,승용,여,39세,기타불명,이륜,남,39세,중상
2023122300100021,2023년 12월 23일 00시,토요일,대구광역시 달서구 두류동,중상사고,0,1,0,0,차대사람 - 기타,안전운전불이행,건조,맑음,단일로 - 기타,승용,남,61세,상해없음,보행자,여,30세,중상
2023122300100041,2023년 12월 23일 01시,토요일,대구광역시 수성구 두산동,경상사고,0,0,1,0,차대차 - 측면충돌,신호위반,건조,맑음,교차로 - 교차로부근,승용,남,21세,상해없음,승용,남,62세,경상
2023122300100056,2023년 12월 23일 02시,토요일,대구광역시 달서구 본리동,경상사고,0,0,1,0,차대차 - 추돌,안전운전불이행,건조,맑음,단일로 - 기타,승용,남,39세,상해없음,승용,남,56세,경상
2023122300100099,2023년 12월 23일 07시,토요일,대구광역시 수성구 범어동,중상사고,0,1,0,0,차대차 - 추돌,안전거리미확보,건조,맑음,단일로 - 기타,승용,남,66세,상해없음,이륜,남,37세,중상
2023122300100100,2023년 12월 23일 07시,토요일,대구광역시 달성군 가창면,경상사고,0,0,1,0,차량단독 - 공작물충돌,안전운전불이행,서리/결빙,눈,교차로 - 교차로부근,승용,남,26세,경상,,,,
2023122300100137,2023년 12월 23일 09시,토요일,대구광역시 달성군 구지면,경상사고,0,0,1,1,차대차 - 측면충돌,직진우회전진행방해,건조,맑음,교차로 - 교차로안,승용,남,33세,경상,화물,남,63세,부상신고
2023122300100208,2023년 12월 23일 11시,토요일,대구광역시 중구 대봉동,경상사고,0,0,2,0,차대차 - 기타,안전거리미확보,건조,맑음,단일로 - 기타,화물,남,29세,상해없음,승용,남,38세,경상
2023122300100252,2023년 12월 23일 12시,토요일,대구광역시 수성구 만촌동,중상사고,0,1,0,0,차대차 - 측면충돌,안전거리미확보,건조,맑음,단일로 - 기타,승용,남,68세,상해없음,이륜,남,35세,중상
2023122300100326,2023년 12월 23일 14시,토요일,대구광역시 북구 노원동3가,경상사고,0,0,1,0,차대차 - 측면충돌,신호위반,건조,맑음,단일로 - 기타,승용,남,33세,기타불명,승용,남,32세,경상
2023122300100327,2023년 12월 23일 14시,토요일,대구광역시 북구 칠성동1가,경상사고,0,0,2,0,차대차 - 기타,안전운전불이행,건조,맑음,교차로 - 교차로부근,승용,여,31세,상해없음,승용,여,40세,경상
2023122300100362,2023년 12월 23일 15시,토요일,대구광역시 달성군 화원읍,경상사고,0,0,1,0,차대차 - 측면충돌,안전거리미확보,건조,맑음,단일로 - 기타,승용,남,34세,경상,승용,남,26세,상해없음
2023122300100398,2023년 12월 23일 16시,토요일,대구광역시 달서구 상인동,중상사고,0,1,0,0,차대차 - 측면충돌,안전운전불이행,건조,맑음,교차로 - 교차로안,승용,여,60세,상해없음,승용,남,32세,중상
2023122300100399,2023년 12월 23일 16시,토요일,대구광역시 중구 봉산동,경상사고,0,0,1,0,차대사람 - 기타,기타,건조,맑음,기타 - 기타,승용,여,35세,상해없음,보행자,여,15세,경상
2023122300100448,2023년 12월 23일 17시,토요일,대구광역시 남구 대명동,경상사고,0,0,1,0,차대차 - 추돌,교차로운행방법위반,건조,맑음,교차로 - 교차로안,승용,남,59세,상해없음,이륜,남,49세,경상
2023122300100493,2023년 12월 23일 18시,토요일,대구광역시 동구 신천동,경상사고,0,0,2,0,차대차 - 추돌,안전운전불이행,건조,맑음,단일로 - 기타,승용,남,56세,상해없음,승용,남,58세,경상
2023122300100494,2023년 12월 23일 18시,토요일,대구광역시 수성구 황금동,경상사고,0,0,1,0,차대차 - 기타,안전운전불이행,건조,맑음,단일로 - 기타,승용,여,52세,상해없음,이륜,남,56세,경상
2023122300100495,2023년 12월 23일 18시,토요일,대구광역시 수성구 연호동,경상사고,0,0,1,0,차대차 - 측면충돌,안전운전불이행,건조,맑음,기타 - 기타,승용,남,27세,상해없음,승용,남,51세,경상
2023122300100496,2023년 12월 23일 18시,토요일,대구광역시 달서구 송현동,경상사고,0,0,1,0,차대차 - 측면충돌,안전거리미확보,건조,맑음,단일로 - 기타,승용,여,49세,상해없음,이륜,남,24세,경상
2023122300100527,2023년 12월 23일 19시,토요일,대구광역시 수성구 황금동,경상사고,0,0,1,0,차대차 - 기타,안전운전불이행,건조,맑음,단일로 - 기타,승용,여,43세,상해없음,이륜,남,64세,경상
2023122300100528,2023년 12월 23일 19시,토요일,대구광역시 북구 산격동,경상사고,0,0,2,0,차대차 - 측면충돌,안전거리미확보,건조,맑음,단일로 - 기타,승용,남,32세,상해없음,화물,남,50세,경상
2023122300100552,2023년 12월 23일 20시,토요일,대구광역시 동구 도동,경상사고,0,0,1,0,차대차 - 측면충돌,안전운전불이행,건조,맑음,단일로 - 기타,승용,남,58세,상해없음,승용,남,32세,경상
2023122300100601,2023년 12월 23일 22시,토요일,대구광역시 동구 율하동,경상사고,0,0,1,0,차대사람 - 차도통행중,안전운전불이행,건조,맑음,단일로 - 기타,승용,여,67세,상해없음,보행자,남,30세,경상
2023122300100602,2023년 12월 23일 22시,토요일,대구광역시 북구 산격동,중상사고,0,1,0,1,차대차 - 측면충돌,안전운전불이행,건조,맑음,교차로 - 교차로부근,이륜,남,27세,부상신고,승용,남,62세,중상
2023122300100623,2023년 12월 23일 23시,토요일,대구광역시 달서구 호산동,경상사고,0,0,2,0,차대차 - 추돌,안전운전불이행,건조,맑음,교차로 - 교차로부근,승용,남,52세,상해없음,승용,여,38세,경상
2023122400100021,2023년 12월 24일 01시,일요일,대구광역시 동구 검사동,경상사고,0,0,1,0,차대사람 - 기타,안전운전불이행,건조,맑음,교차로 - 교차로부근,승용,남,68세,상해없음,보행자,여,32세,경상
2023122400100041,2023년 12월 24일 05시,일요일,대구광역시 수성구 두산동,중상사고,0,1,2,0,차량단독 - 공작물충돌,안전운전불이행,건조,맑음,단일로 - 기타,승용,남,55세,상해없음,,,,
2023122400100074,2023년 12월 24일 09시,일요일,대구광역시 동구 동호동,경상사고,0,0,1,0,차대차 - 측면충돌,직진우회전진행방해,건조,맑음,교차로 - 교차로안,승용,남,73세,상해없음,자전거,남,15세,경상
2023122400100075,2023년 12월 24일 09시,일요일,대구광역시 북구 구암동,경상사고,0,0,1,0,차대차 - 기타,안전운전불이행,건조,맑음,단일로 - 기타,이륜,남,51세,경상,승합,남,26세,상해없음
2023122400100174,2023년 12월 24일 14시,일요일,대구광역시 동구 신천동,경상사고,0,0,3,0,차대차 - 측면충돌,안전운전불이행,건조,맑음,단일로 - 지하차도(도로)내,승용,남,44세,기타불명,승용,남,68세,경상
2023122400100193,2023년 12월 24일 15시,일요일,대구광역시 중구 공평동,경상사고,0,0,2,0,차대차 - 기타,안전운전불이행,건조,맑음,단일로 - 기타,승용,남,55세,상해없음,승용,남,42세,경상
2023122400100212,2023년 12월 24일 16시,일요일,대구광역시 남구 대명동,경상사고,0,0,1,0,차대차 - 측면충돌,신호위반,건조,맑음,단일로 - 기타,승용,남,45세,상해없음,이륜,남,54세,경상
2023122400100213,2023년 12월 24일 16시,일요일,대구광역시 서구 이현동,경상사고,0,0,1,1,차대차 - 측면충돌,안전운전불이행,건조,맑음,교차로 - 교차로안,승용,여,67세,부상신고,승용,남,51세,경상
2023122400100214,2023년 12월 24일 16시,일요일,대구광역시 중구 동인동4가,경상사고,0,0,1,2,차대차 - 기타,안전거리미확보,건조,맑음,교차로 - 교차로부근,승용,여,44세,부상신고,승용,남,39세,경상
2023122400100272,2023년 12월 24일 18시,일요일,대구광역시 수성구 두산동,경상사고,0,0,2,0,차대차 - 추돌,안전거리미확보,건조,맑음,기타 - 기타,승용,여,27세,상해없음,승용,남,32세,경상
2023122400100273,2023년 12월 24일 18시,일요일,대구광역시 서구 비산동,경상사고,0,0,1,0,차대차 - 측면충돌,안전운전불이행,건조,맑음,단일로 - 기타,승용,여,68세,상해없음,자전거,남,64세,경상
2023122400100274,2023년 12월 24일 18시,일요일,대구광역시 서구 내당동,중상사고,0,1,1,0,차대차 - 측면충돌,신호위반,건조,맑음,교차로 - 교차로안,승용,여,59세,상해없음,승용,남,29세,중상
2023122400100275,2023년 12월 24일 18시,일요일,대구광역시 중구 삼덕동2가,경상사고,0,0,2,0,차대차 - 기타,신호위반,건조,맑음,교차로 - 교차로안,승용,남,28세,상해없음,승용,남,48세,상해없음
2023122400100299,2023년 12월 24일 19시,일요일,대구광역시 동구 신암동,경상사고,0,0,1,0,차대차 - 측면충돌,안전거리미확보,건조,맑음,단일로 - 기타,승용,여,59세,기타불명,승용,남,60세,경상
2023122400100300,2023년 12월 24일 19시,일요일,대구광역시 수성구 두산동,경상사고,0,0,1,0,차대차 - 측면충돌,안전운전불이행,건조,맑음,교차로 - 교차로부근,승용,남,32세,상해없음,이륜,남,58세,경상
2023122400100301,2023년 12월 24일 19시,일요일,대구광역시 달서구 용산동,중상사고,0,1,0,0,차대차 - 정면충돌,안전운전불이행,건조,맑음,기타 - 기타,자전거,여,62세,중상,이륜,남,52세,상해없음
2023122400100336,2023년 12월 24일 21시,일요일,대구광역시 동구 신암동,경상사고,0,0,5,0,차대차 - 측면충돌,신호위반,건조,맑음,교차로 - 교차로안,승용,남,34세,기타불명,승용,남,39세,경상
2023122400100348,2023년 12월 24일 22시,일요일,대구광역시 동구 효목동,중상사고,0,4,1,0,차대차 - 측면충돌,안전거리미확보,건조,맑음,교차로 - 교차로안,승용,여,62세,경상,승용,남,24세,중상
2023122400100349,2023년 12월 24일 22시,일요일,대구광역시 북구 침산동,경상사고,0,0,1,0,차대차 - 기타,차로위반,건조,맑음,교차로 - 교차로부근,승용,여,59세,상해없음,승용,남,60세,경상
2023122400100356,2023년 12월 24일 23시,일요일,대구광역시 서구 중리동,경상사고,0,0,2,0,차대차 - 측면충돌,직진우회전진행방해,건조,맑음,교차로 - 교차로안,이륜,남,57세,경상,이륜,남,27세,경상
2023122400100357,2023년 12월 24일 23시,일요일,대구광역시 달서구 본리동,경상사고,0,0,2,0,차대차 - 기타,신호위반,건조,맑음,교차로 - 교차로안,승용,남,57세,기타불명,승용,남,62세,경상
2023122500100014,2023년 12월 25일 01시,월요일,대구광역시 중구 공평동,부상신고사고,0,0,0,1,차대사람 - 차도통행중,안전운전불이행,건조,맑음,교차로 - 교차로안,승용,남,18세,기타불명,보행자,여,25세,부상신고
2023122500100021,2023년 12월 25일 02시,월요일,대구광역시 수성구 만촌동,경상사고,0,0,3,0,차대차 - 추돌,안전운전불이행,건조,맑음,단일로 - 기타,승용,남,26세,상해없음,승용,남,29세,경상
2023122500100047,2023년 12월 25일 06시,월요일,대구광역시 달서구 월암동,중상사고,0,1,1,0,차대차 - 정면충돌,신호위반,건조,흐림,교차로 - 교차로안,승용,여,50세,경상,화물,남,64세,중상
2023122500100053,2023년 12월 25일 07시,월요일,대구광역시 서구 원대동3가,중상사고,0,1,0,0,차대차 - 기타,신호위반,건조,맑음,단일로 - 기타,승용,남,46세,상해없음,자전거,남,61세,중상
2023122500100108,2023년 12월 25일 11시,월요일,대구광역시 달서구 송현동,중상사고,0,1,1,0,차대차 - 추돌,안전운전불이행,건조,맑음,단일로 - 기타,특수,남,41세,상해없음,승용,여,77세,중상
2023122500100134,2023년 12월 25일 12시,월요일,대구광역시 수성구 지산동,부상신고사고,0,0,0,1,차대사람 - 길가장자리구역통행중,안전운전불이행,건조,맑음,단일로 - 기타,승용,남,44세,상해없음,보행자,남,18세,부상신고
2023122500100135,2023년 12월 25일 12시,월요일,대구광역시 수성구 신매동,경상사고,0,0,1,0,차대차 - 측면충돌,차로위반,건조,맑음,단일로 - 기타,승용,여,39세,상해없음,승용,남,68세,경상
2023122500100159,2023년 12월 25일 13시,월요일,대구광역시 중구 동인동1가,경상사고,0,0,1,0,차대차 - 측면충돌,교차로운행방법위반,건조,맑음,교차로 - 교차로안,원동기,남,24세,상해없음,승용,남,31세,경상
2023122500100200,2023년 12월 25일 15시,월요일,대구광역시 중구 공평동,경상사고,0,0,1,0,차대사람 - 횡단중,보행자보호의무위반,건조,맑음,단일로 - 기타,승용,남,27세,상해없음,보행자,여,14세,경상
2023122500100201,2023년 12월 25일 15시,월요일,대구광역시 중구 삼덕동1가,경상사고,0,0,2,0,차대차 - 추돌,안전운전불이행,건조,맑음,단일로 - 기타,승용,남,35세,기타불명,승용,남,41세,경상
2023122500100221,2023년 12월 25일 16시,월요일,대구광역시 달서구 성당동,경상사고,0,0,1,0,차대차 - 측면충돌,안전운전불이행,건조,맑음,교차로 - 교차로부근,승용,남,32세,상해없음,승용,남,37세,경상
2023122500100222,2023년 12월 25일 16시,월요일,대구광역시 북구 태전동,경상사고,0,0,1,0,차대차 - 측면충돌,안전운전불이행,건조,맑음,교차로 - 교차로부근,승용,남,63세,상해없음,승용,여,57세,경상
2023122500100242,2023년 12월 25일 17시,월요일,대구광역시 수성구 만촌동,경상사고,0,0,1,0,차대차 - 기타,안전거리미확보,건조,맑음,단일로 - 기타,승용,남,62세,상해없음,이륜,남,20세,경상
2023122500100271,2023년 12월 25일 18시,월요일,대구광역시 동구 신암동,경상사고,0,0,2,0,차대차 - 기타,안전거리미확보,건조,맑음,단일로 - 기타,승용,남,72세,상해없음,승용,남,34세,경상
2023122500100272,2023년 12월 25일 18시,월요일,대구광역시 수성구 수성동2가,경상사고,0,0,1,0,차대차 - 후진중충돌,안전운전불이행,건조,맑음,단일로 - 기타,승용,남,56세,기타불명,원동기,남,30세,경상
2023122500100295,2023년 12월 25일 19시,월요일,대구광역시 수성구 연호동,경상사고,0,0,1,0,차대차 - 측면충돌,신호위반,건조,맑음,교차로 - 교차로안,승용,여,49세,상해없음,승용,남,41세,경상
2023122500100296,2023년 12월 25일 19시,월요일,대구광역시 달서구 본동,경상사고,0,0,3,0,차대차 - 측면충돌,신호위반,건조,맑음,교차로 - 교차로안,화물,남,48세,상해없음,승용,남,57세,경상
2023122500100319,2023년 12월 25일 20시,월요일,대구광역시 남구 대명동,경상사고,0,0,1,0,차대차 - 측면충돌,안전운전불이행,건조,맑음,단일로 - 기타,승용,여,53세,상해없음,이륜,남,39세,경상
2023122500100320,2023년 12월 25일 20시,월요일,대구광역시 중구 동인동2가,중상사고,0,1,0,1,차대차 - 기타,중앙선침범,건조,맑음,단일로 - 기타,자전거,여,73세,부상신고,이륜,여,54세,중상
2023122500100333,2023년 12월 25일 21시,월요일,대구광역시 수성구 만촌동,중상사고,0,1,0,0,차대사람 - 횡단중,보행자보호의무위반,건조,맑음,교차로 - 교차로횡단보도내,승용,남,30세,상해없음,보행자,여,21세,중상
2023122500100343,2023년 12월 25일 22시,월요일,대구광역시 동구 신암동,경상사고,0,0,5,0,차대차 - 측면충돌,안전운전불이행,건조,맑음,단일로 - 기타,승용,남,42세,경상,승용,남,69세,경상
2023122500100344,2023년 12월 25일 22시,월요일,대구광역시 달서구 감삼동,경상사고,0,0,1,0,차대차 - 측면충돌,안전운전불이행,건조,맑음,단일로 - 기타,승용,남,35세,상해없음,승용,남,47세,경상
2023122500100345,2023년 12월 25일 22시,월요일,대구광역시 북구 동천동,경상사고,0,0,1,0,차대차 - 기타,신호위반,건조,맑음,교차로 - 교차로안,이륜,남,22세,경상,이륜,남,54세,상해없음
2023122500100356,2023년 12월 25일 23시,월요일,대구광역시 동구 신암동,경상사고,0,0,1,0,차대차 - 측면충돌,안전운전불이행,건조,맑음,단일로 - 기타,승용,남,57세,상해없음,승용,남,66세,경상
2023122600100009,2023년 12월 26일 00시,화요일,대구광역시 달서구 신당동,경상사고,0,0,1,0,차대차 - 측면충돌,신호위반,건조,맑음,교차로 - 교차로안,승용,남,54세,상해없음,승용,남,40세,경상
2023122600100031,2023년 12월 26일 05시,화요일,대구광역시 달서구 진천동,경상사고,0,0,1,0,차대차 - 측면충돌,안전운전불이행,건조,맑음,교차로 - 교차로부근,승용,여,67세,상해없음,승용,여,52세,경상
2023122600100067,2023년 12월 26일 07시,화요일,대구광역시 달서구 죽전동,경상사고,0,0,1,0,차대차 - 측면충돌,안전운전불이행,건조,맑음,교차로 - 교차로부근,승용,남,63세,기타불명,승용,남,60세,경상
2023122600100141,2023년 12월 26일 09시,화요일,대구광역시 중구 남산동,경상사고,0,0,1,0,차대차 - 측면충돌,신호위반,건조,맑음,단일로 - 기타,승용,남,69세,상해없음,승용,남,41세,경상
2023122600100142,2023년 12월 26일 09시,화요일,대구광역시 달서구 성당동,경상사고,0,0,1,0,차대사람 - 보도통행중,기타,건조,맑음,단일로 - 기타,개인형이동수단(PM),여,14세,상해없음,보행자,여,48세,경상
2023122600100169,2023년 12월 26일 10시,화요일,대구광역시 서구 내당동,경상사고,0,0,3,0,차대차 - 측면충돌,안전거리미확보,건조,맑음,단일로 - 기타,승용,남,47세,경상,승용,여,59세,경상
2023122600100224,2023년 12월 26일 12시,화요일,대구광역시 달성군 유가읍,경상사고,0,0,1,0,차대차 - 추돌,안전거리미확보,건조,맑음,단일로 - 기타,승용,남,47세,상해없음,승용,남,60세,경상
2023122600100225,2023년 12월 26일 12시,화요일,대구광역시 북구 칠성동2가,경상사고,0,0,2,0,차대차 - 측면충돌,안전운전불이행,건조,맑음,기타 - 기타,승용,남,47세,상해없음,승용,남,35세,경상
2023122600100226,2023년 12월 26일 12시,화요일,대구광역시 서구 비산동,부상신고사고,0,0,0,1,차대사람 - 기타,안전운전불이행,건조,맑음,단일로 - 기타,기타불명,기타불명,미분류,기타불명,보행자,여,82세,부상신고
2023122600100260,2023년 12월 26일 13시,화요일,대구광역시 북구 팔달동,경상사고,0,0,1,0,차대차 - 기타,차로위반,건조,맑음,단일로 - 기타,승용,남,72세,상해없음,승용,남,48세,경상
2023122600100262,2023년 12월 26일 13시,화요일,대구광역시 수성구 황금동,중상사고,0,1,0,0,차대차 - 측면충돌,안전운전불이행,건조,맑음,단일로 - 기타,승용,남,52세,상해없음,이륜,남,43세,중상
2023122600100263,2023년 12월 26일 13시,화요일,대구광역시 달성군 구지면,경상사고,0,0,1,0,차대차 - 기타,안전운전불이행,건조,맑음,교차로 - 교차로부근,승용,남,47세,상해없음,승용,남,34세,경상
2023122600100334,2023년 12월 26일 15시,화요일,대구광역시 동구 신천동,경상사고,0,0,1,0,차대사람 - 횡단중,보행자보호의무위반,건조,맑음,교차로 - 교차로횡단보도내,승용,남,34세,상해없음,보행자,남,7세,경상
2023122600100335,2023년 12월 26일 15시,화요일,대구광역시 달서구 용산동,경상사고,0,0,1,0,차대차 - 측면충돌,안전운전불이행,건조,맑음,단일로 - 기타,승용,여,27세,상해없음,화물,남,57세,경상
2023122600100336,2023년 12월 26일 15시,화요일,대구광역시 북구 관음동,사망사고,1,0,1,0,차대차 - 측면충돌,안전운전불이행,건조,맑음,단일로 - 기타,승용,남,42세,경상,화물,남,63세,상해없음
2023122600100376,2023년 12월 26일 16시,화요일,대구광역시 달서구 송현동,경상사고,0,0,2,0,차대차 - 정면충돌,중앙선침범,건조,맑음,교차로 - 교차로부근,승용,여,50세,상해없음,승용,여,62세,상해없음
2023122600100377,2023년 12월 26일 16시,화요일,대구광역시 달성군 화원읍,경상사고,0,0,1,0,차대차 - 기타,신호위반,건조,맑음,교차로 - 교차로안,승용,남,76세,상해없음,승용,남,42세,경상
2023122600100423,2023년 12월 26일 17시,화요일,대구광역시 달서구 대천동,중상사고,0,1,0,0,차대차 - 측면충돌,교차로운행방법위반,건조,맑음,교차로 - 교차로횡단보도내,화물,남,47세,상해없음,자전거,남,20세,중상
2023122600100424,2023년 12월 26일 17시,화요일,대구광역시 달서구 대천동,경상사고,0,0,1,0,차대차 - 추돌,안전운전불이행,건조,맑음,단일로 - 기타,화물,남,37세,상해없음,승용,남,64세,경상
2023122600100425,2023년 12월 26일 17시,화요일,대구광역시 북구 팔달동,경상사고,0,0,1,0,차대사람 - 기타,안전운전불이행,건조,맑음,기타 - 기타,화물,남,37세,상해없음,보행자,여,95세,경상
2023122600100493,2023년 12월 26일 18시,화요일,대구광역시 동구 율하동,경상사고,0,0,1,0,차대사람 - 횡단중,보행자보호의무위반,건조,맑음,교차로 - 교차로부근,승용,여,60세,상해없음,보행자,여,10세,경상
2023122600100494,2023년 12월 26일 18시,화요일,대구광역시 동구 효목동,경상사고,0,0,2,0,차대차 - 추돌,안전운전불이행,건조,맑음,단일로 - 지하차도(도로)내,승용,남,23세,상해없음,승용,남,60세,경상
2023122600100495,2023년 12월 26일 18시,화요일,대구광역시 수성구 수성동2가,경상사고,0,0,1,0,차대차 - 측면충돌,안전운전불이행,건조,맑음,교차로 - 교차로안,승용,남,54세,상해없음,승용,여,47세,경상
2023122600100496,2023년 12월 26일 18시,화요일,대구광역시 서구 평리동,경상사고,0,0,1,0,차대차 - 정면충돌,신호위반,건조,맑음,교차로 - 교차로안,이륜,남,48세,경상,승용,남,43세,상해없음
2023122600100497,2023년 12월 26일 18시,화요일,대구광역시 달서구 호산동,경상사고,0,0,1,0,차대차 - 측면충돌,교차로운행방법위반,건조,맑음,교차로 - 교차로안,승용,남,36세,상해없음,승용,남,65세,경상
2023122600100498,2023년 12월 26일 18시,화요일,대구광역시 달서구 성당동,중상사고,0,1,0,0,차대사람 - 차도통행중,기타,건조,맑음,교차로 - 교차로부근,승용,여,45세,상해없음,보행자,여,47세,중상
2023122600100499,2023년 12월 26일 18시,화요일,대구광역시 북구 태전동,중상사고,0,1,0,0,차대차 - 측면충돌,신호위반,건조,맑음,교차로 - 교차로안,승용,여,50세,상해없음,승용,남,37세,중상
2023122600100536,2023년 12월 26일 19시,화요일,대구광역시 달서구 호림동,경상사고,0,0,1,0,차량단독 - 기타,안전거리미확보,건조,맑음,기타 - 기타,승용,남,52세,상해없음,,,,
2023122600100566,2023년 12월 26일 20시,화요일,대구광역시 동구 대림동,경상사고,0,0,1,0,차대차 - 측면충돌,안전운전불이행,건조,맑음,교차로 - 교차로안,승용,남,37세,상해없음,이륜,남,42세,경상
2023122600100595,2023년 12월 26일 22시,화요일,대구광역시 수성구 범어동,중상사고,0,1,2,0,차대차 - 추돌,안전운전불이행,건조,맑음,교차로 - 교차로부근,승용,남,38세,상해없음,승용,남,46세,중상
2023122600100610,2023년 12월 26일 23시,화요일,대구광역시 수성구 수성동2가,중상사고,0,1,0,0,차대차 - 측면충돌,안전거리미확보,건조,맑음,교차로 - 교차로안,승용,남,71세,상해없음,이륜,남,36세,중상
2023122700100006,2023년 12월 27일 00시,수요일,대구광역시 수성구 수성동3가,경상사고,0,0,2,1,차대차 - 측면충돌,안전운전불이행,건조,맑음,교차로 - 교차로부근,승용,남,56세,부상신고,승용,남,24세,경상
2023122700100007,2023년 12월 27일 00시,수요일,대구광역시 수성구 가천동,경상사고,0,0,1,0,차대차 - 측면충돌,안전운전불이행,건조,맑음,교차로 - 교차로부근,승용,남,54세,상해없음,승용,여,43세,경상
2023122700100015,2023년 12월 27일 01시,수요일,대구광역시 달서구 두류동,부상신고사고,0,0,0,1,차량단독 - 기타,안전운전불이행,건조,맑음,교차로 - 교차로부근,승용,남,67세,상해없음,,,,
2023122700100047,2023년 12월 27일 06시,수요일,대구광역시 달서구 상인동,경상사고,0,0,1,0,차대차 - 추돌,안전운전불이행,건조,맑음,교차로 - 교차로부근,화물,남,69세,상해없음,승용,남,30세,경상
2023122700100069,2023년 12월 27일 07시,수요일,대구광역시 서구 비산동,중상사고,0,1,0,0,차대사람 - 기타,안전운전불이행,건조,맑음,교차로 - 교차로부근,화물,남,61세,상해없음,보행자,여,63세,중상
2023122700100070,2023년 12월 27일 07시,수요일,대구광역시 서구 평리동,중상사고,0,1,0,0,차대차 - 측면충돌,안전거리미확보,건조,맑음,단일로 - 기타,화물,남,51세,상해없음,승용,여,36세,중상
2023122700100116,2023년 12월 27일 08시,수요일,대구광역시 남구 대명동,경상사고,0,0,1,0,차대차 - 기타,차로위반,건조,맑음,단일로 - 기타,승용,여,25세,상해없음,승용,남,32세,경상
2023122700100117,2023년 12월 27일 08시,수요일,대구광역시 달성군 현풍읍,경상사고,0,0,1,0,차대차 - 기타,신호위반,건조,맑음,교차로 - 교차로안,승용,여,64세,상해없음,승용,남,29세,경상
2023122700100196,2023년 12월 27일 10시,수요일,대구광역시 달서구 송현동,경상사고,0,0,1,0,차대사람 - 기타,안전운전불이행,건조,맑음,단일로 - 기타,승용,여,64세,상해없음,보행자,남,33세,경상
2023122700100197,2023년 12월 27일 10시,수요일,대구광역시 북구 복현동,경상사고,0,0,1,0,차대사람 - 기타,안전운전불이행,건조,맑음,주차장 - 주차장,승용,여,71세,상해없음,보행자,남,26세,경상
2023122700100264,2023년 12월 27일 12시,수요일,대구광역시 수성구 황금동,경상사고,0,0,1,0,차대차 - 측면충돌,안전운전불이행,건조,기타,기타 - 기타,승용,여,35세,상해없음,자전거,여,28세,경상
2023122700100265,2023년 12월 27일 12시,수요일,대구광역시 수성구 지산동,경상사고,0,0,1,0,차대차 - 기타,안전운전불이행,건조,맑음,교차로 - 교차로횡단보도내,승용,여,66세,상해없음,자전거,여,65세,경상
2023122700100296,2023년 12월 27일 13시,수요일,대구광역시 군위군 효령면,경상사고,0,0,1,1,차대차 - 기타,차로위반,건조,맑음,단일로 - 기타,승용,남,27세,부상신고,화물,남,31세,경상
2023122700100300,2023년 12월 27일 13시,수요일,대구광역시 동구 신기동,경상사고,0,0,1,0,차대차 - 측면충돌,안전운전불이행,건조,맑음,단일로 - 기타,화물,남,75세,상해없음,승용,남,24세,경상
2023122700100326,2023년 12월 27일 14시,수요일,대구광역시 서구 비산동,경상사고,0,0,1,0,차대차 - 기타,안전거리미확보,건조,맑음,단일로 - 기타,승용,남,73세,상해없음,승용,남,64세,상해없음
2023122700100327,2023년 12월 27일 14시,수요일,대구광역시 북구 서변동,부상신고사고,0,0,0,1,차대차 - 기타,교차로운행방법위반,건조,맑음,교차로 - 교차로안,승용,여,54세,부상신고,승합,남,52세,기타불명
2023122700100361,2023년 12월 27일 15시,수요일,대구광역시 달성군 구지면,경상사고,0,0,1,0,차대차 - 추돌,안전운전불이행,건조,맑음,교차로 - 교차로부근,승용,남,72세,상해없음,승용,여,45세,경상
2023122700100401,2023년 12월 27일 16시,수요일,대구광역시 동구 신천동,경상사고,0,0,1,0,차대차 - 추돌,안전운전불이행,건조,맑음,단일로 - 지하차도(도로)내,승용,남,68세,상해없음,승용,여,63세,경상
2023122700100402,2023년 12월 27일 16시,수요일,대구광역시 달서구 도원동,경상사고,0,0,1,0,차대차 - 측면충돌,교차로운행방법위반,건조,맑음,교차로 - 교차로부근,승용,남,45세,상해없음,승용,남,59세,경상
2023122700100403,2023년 12월 27일 16시,수요일,대구광역시 북구 서변동,경상사고,0,0,1,0,차대차 - 측면충돌,안전운전불이행,건조,맑음,단일로 - 기타,건설기계,남,56세,상해없음,승용,남,28세,경상
2023122700100450,2023년 12월 27일 17시,수요일,대구광역시 달성군 다사읍,경상사고,0,0,1,0,차대차 - 기타,안전운전불이행,건조,맑음,단일로 - 기타,자전거,남,12세,경상,승용,여,31세,상해없음